Benchmark,ObjectiveMetric,ExtraMetric,tau,unlabeled_noise,feature_drop_prob,feature_mix_prob,pseudo_weight,agreement_weight,weight_power,hard_weight_threshold,SupervisedObjective,ConfidenceObjective,SAGEObjective,SAGEMinusSupervised,ConfidenceMinusSupervised,SupervisedExtra,SAGEExtra,ConfidenceExtra,SAGEMeanWeight,SAGEMeanDisagreement
year,NLL,Cov90,0.12,0.02,0.0,0.0,0.4,0.25,1.0,-1.0,1.3018505573272705,1.980907678604126,1.7713454961776733,0.46949493885040283,0.6790571212768555,0.860382080078125,0.785797119140625,0.703216552734375,0.9878219366073608,0.0014823455130681396
year,NLL,Cov90,0.12,0.02,0.0,0.0,0.4,0.25,1.0,0.85,1.3018505573272705,1.980907678604126,1.7807340621948242,0.4788835048675537,0.6790571212768555,0.860382080078125,0.786651611328125,0.703216552734375,0.9877790212631226,0.0014875566121190786
year,NLL,Cov90,0.12,0.02,0.0,0.0,0.4,0.25,2.0,-1.0,1.3018505573272705,1.980907678604126,1.7861897945404053,0.48433923721313477,0.6790571212768555,0.860382080078125,0.786834716796875,0.703216552734375,0.9758462905883789,0.0014899709494784474
year,NLL,Cov90,0.12,0.02,0.0,0.0,0.4,0.25,2.0,0.85,1.3018505573272705,1.980907678604126,1.803673267364502,0.5018227100372314,0.6790571212768555,0.860382080078125,0.784027099609375,0.703216552734375,0.9688644409179688,0.0015269009163603187
year,NLL,Cov90,0.12,0.02,0.0,0.0,0.4,0.5,1.0,-1.0,1.3018505573272705,1.980907678604126,1.533530831336975,0.2316802740097046,0.6790571212768555,0.860382080078125,0.810546875,0.703216552734375,0.9891052842140198,0.0013244184665381908
year,NLL,Cov90,0.12,0.02,0.0,0.0,0.4,0.5,1.0,0.85,1.3018505573272705,1.980907678604126,1.5228838920593262,0.22103333473205566,0.6790571212768555,0.860382080078125,0.8116455078125,0.703216552734375,0.9891481995582581,0.0013193573104217649
year,NLL,Cov90,0.12,0.02,0.0,0.0,0.4,0.5,2.0,-1.0,1.3018505573272705,1.980907678604126,1.5196154117584229,0.21776485443115234,0.6790571212768555,0.860382080078125,0.81121826171875,0.703216552734375,0.9786017537117004,0.0013172808103263378
year,NLL,Cov90,0.12,0.02,0.0,0.0,0.4,0.5,2.0,0.85,1.3018505573272705,1.980907678604126,1.5140957832336426,0.21224522590637207,0.6790571212768555,0.860382080078125,0.81158447265625,0.703216552734375,0.9751526713371277,0.0013326727785170078
year,NLL,Cov90,0.12,0.02,0.0,0.1,0.4,0.25,1.0,-1.0,1.3018505573272705,1.980907678604126,1.939921498298645,0.6380709409713745,0.6790571212768555,0.860382080078125,0.791900634765625,0.703216552734375,0.22921715676784515,0.6734580993652344
year,NLL,Cov90,0.12,0.02,0.0,0.1,0.4,0.25,1.0,0.85,1.3018505573272705,1.980907678604126,2.36946177482605,1.0676112174987793,0.6790571212768555,0.860382080078125,0.778533935546875,0.703216552734375,0.03353496268391609,0.6641905903816223
year,NLL,Cov90,0.12,0.02,0.0,0.1,0.4,0.25,2.0,-1.0,1.3018505573272705,1.980907678604126,2.045827865600586,0.7439773082733154,0.6790571212768555,0.860382080078125,0.788665771484375,0.703216552734375,0.12395896762609482,0.6842365264892578
year,NLL,Cov90,0.12,0.02,0.0,0.1,0.4,0.25,2.0,0.85,1.3018505573272705,1.980907678604126,2.267192840576172,0.9653422832489014,0.6790571212768555,0.860382080078125,0.79302978515625,0.703216552734375,0.007042244542390108,0.6462464332580566
year,NLL,Cov90,0.12,0.02,0.0,0.1,0.4,0.5,1.0,-1.0,1.3018505573272705,1.980907678604126,1.7641865015029907,0.4623359441757202,0.6790571212768555,0.860382080078125,0.808746337890625,0.703216552734375,0.2588517367839813,0.5928835868835449
year,NLL,Cov90,0.12,0.02,0.0,0.1,0.4,0.5,1.0,0.85,1.3018505573272705,1.980907678604126,1.8566515445709229,0.5548009872436523,0.6790571212768555,0.860382080078125,0.80206298828125,0.703216552734375,0.04099595919251442,0.5856466293334961
year,NLL,Cov90,0.12,0.02,0.0,0.1,0.4,0.5,2.0,-1.0,1.3018505573272705,1.980907678604126,1.808478832244873,0.5066282749176025,0.6790571212768555,0.860382080078125,0.807861328125,0.703216552734375,0.14476554095745087,0.6027732491493225
year,NLL,Cov90,0.12,0.02,0.0,0.1,0.4,0.5,2.0,0.85,1.3018505573272705,1.980907678604126,2.022296667098999,0.7204461097717285,0.6790571212768555,0.860382080078125,0.812255859375,0.703216552734375,0.010536697693169117,0.5874459743499756
year,NLL,Cov90,0.12,0.02,0.0,0.2,0.4,0.25,1.0,-1.0,1.3018505573272705,1.980907678604126,1.8522570133209229,0.5504064559936523,0.6790571212768555,0.860382080078125,0.805511474609375,0.703216552734375,0.11045585572719574,1.0734400749206543
year,NLL,Cov90,0.12,0.02,0.0,0.2,0.4,0.25,1.0,0.85,1.3018505573272705,1.980907678604126,1.9385037422180176,0.6366531848907471,0.6790571212768555,0.860382080078125,0.807373046875,0.703216552734375,0.014236601069569588,1.0333529710769653
year,NLL,Cov90,0.12,0.02,0.0,0.2,0.4,0.25,2.0,-1.0,1.3018505573272705,1.980907678604126,2.068070650100708,0.7662200927734375,0.6790571212768555,0.860382080078125,0.793975830078125,0.703216552734375,0.05157051235437393,1.0935457944869995
year,NLL,Cov90,0.12,0.02,0.0,0.2,0.4,0.25,2.0,0.85,1.3018505573272705,1.980907678604126,1.7166144847869873,0.4147639274597168,0.6790571212768555,0.860382080078125,0.8089599609375,0.703216552734375,0.0,1.062143087387085
year,NLL,Cov90,0.12,0.02,0.0,0.2,0.4,0.5,1.0,-1.0,1.3018505573272705,1.980907678604126,1.6308457851409912,0.3289952278137207,0.6790571212768555,0.860382080078125,0.82574462890625,0.703216552734375,0.13403679430484772,0.9315755367279053
year,NLL,Cov90,0.12,0.02,0.0,0.2,0.4,0.5,1.0,0.85,1.3018505573272705,1.980907678604126,1.6622854471206665,0.360434889793396,0.6790571212768555,0.860382080078125,0.833740234375,0.703216552734375,0.02097332291305065,0.9356591105461121
year,NLL,Cov90,0.12,0.02,0.0,0.2,0.4,0.5,2.0,-1.0,1.3018505573272705,1.980907678604126,1.7281872034072876,0.4263366460800171,0.6790571212768555,0.860382080078125,0.818389892578125,0.703216552734375,0.06552748382091522,0.9576516151428223
year,NLL,Cov90,0.12,0.02,0.0,0.2,0.4,0.5,2.0,0.85,1.3018505573272705,1.980907678604126,2.0265445709228516,0.724694013595581,0.6790571212768555,0.860382080078125,0.826080322265625,0.703216552734375,0.0,0.995980978012085
year,NLL,Cov90,0.12,0.02,0.1,0.0,0.4,0.25,1.0,-1.0,1.3018505573272705,1.980907678604126,1.8321778774261475,0.530327320098877,0.6790571212768555,0.860382080078125,0.78546142578125,0.703216552734375,0.39350616931915283,0.29866164922714233
year,NLL,Cov90,0.12,0.02,0.1,0.0,0.4,0.25,1.0,0.85,1.3018505573272705,1.980907678604126,1.786948561668396,0.4850980043411255,0.6790571212768555,0.860382080078125,0.795379638671875,0.703216552734375,0.08448973298072815,0.2952493131160736
year,NLL,Cov90,0.12,0.02,0.1,0.0,0.4,0.25,2.0,-1.0,1.3018505573272705,1.980907678604126,1.9234429597854614,0.6215924024581909,0.6790571212768555,0.860382080078125,0.780792236328125,0.703216552734375,0.25340843200683594,0.3027310073375702
year,NLL,Cov90,0.12,0.02,0.1,0.0,0.4,0.25,2.0,0.85,1.3018505573272705,1.980907678604126,1.7708462476730347,0.46899569034576416,0.6790571212768555,0.860382080078125,0.81109619140625,0.703216552734375,0.03045724518597126,0.3065145015716553
year,NLL,Cov90,0.12,0.02,0.1,0.0,0.4,0.5,1.0,-1.0,1.3018505573272705,1.980907678604126,1.6391403675079346,0.33728981018066406,0.6790571212768555,0.860382080078125,0.80841064453125,0.703216552734375,0.42384690046310425,0.25818198919296265
year,NLL,Cov90,0.12,0.02,0.1,0.0,0.4,0.5,1.0,0.85,1.3018505573272705,1.980907678604126,1.6729379892349243,0.3710874319076538,0.6790571212768555,0.860382080078125,0.823028564453125,0.703216552734375,0.08809488266706467,0.2755654454231262
year,NLL,Cov90,0.12,0.02,0.1,0.0,0.4,0.5,2.0,-1.0,1.3018505573272705,1.980907678604126,1.7007696628570557,0.39891910552978516,0.6790571212768555,0.860382080078125,0.80352783203125,0.703216552734375,0.2763545513153076,0.269333153963089
year,NLL,Cov90,0.12,0.02,0.1,0.0,0.4,0.5,2.0,0.85,1.3018505573272705,1.980907678604126,1.7144455909729004,0.4125950336456299,0.6790571212768555,0.860382080078125,0.812652587890625,0.703216552734375,0.04124157875776291,0.2634164094924927
year,NLL,Cov90,0.12,0.02,0.1,0.1,0.4,0.25,1.0,-1.0,1.3018505573272705,1.980907678604126,1.8467530012130737,0.5449024438858032,0.6790571212768555,0.860382080078125,0.7965087890625,0.703216552734375,0.17864298820495605,0.679598331451416
year,NLL,Cov90,0.12,0.02,0.1,0.1,0.4,0.25,1.0,0.85,1.3018505573272705,1.980907678604126,2.0330450534820557,0.7311944961547852,0.6790571212768555,0.860382080078125,0.788909912109375,0.703216552734375,0.015823200345039368,0.6930869817733765
year,NLL,Cov90,0.12,0.02,0.1,0.1,0.4,0.25,2.0,-1.0,1.3018505573272705,1.980907678604126,1.854694128036499,0.5528435707092285,0.6790571212768555,0.860382080078125,0.80059814453125,0.703216552734375,0.08714458346366882,0.6792440414428711
year,NLL,Cov90,0.12,0.02,0.1,0.1,0.4,0.25,2.0,0.85,1.3018505573272705,1.980907678604126,1.8575024604797363,0.5556519031524658,0.6790571212768555,0.860382080078125,0.8062744140625,0.703216552734375,0.005099541042000055,0.6784767508506775
year,NLL,Cov90,0.12,0.02,0.1,0.1,0.4,0.5,1.0,-1.0,1.3018505573272705,1.980907678604126,1.5967185497283936,0.29486799240112305,0.6790571212768555,0.860382080078125,0.818084716796875,0.703216552734375,0.20514467358589172,0.5889752507209778
year,NLL,Cov90,0.12,0.02,0.1,0.1,0.4,0.5,1.0,0.85,1.3018505573272705,1.980907678604126,1.7442914247512817,0.44244086742401123,0.6790571212768555,0.860382080078125,0.814208984375,0.703216552734375,0.014277040958404541,0.6251541376113892
year,NLL,Cov90,0.12,0.02,0.1,0.1,0.4,0.5,2.0,-1.0,1.3018505573272705,1.980907678604126,1.683422327041626,0.38157176971435547,0.6790571212768555,0.860382080078125,0.812347412109375,0.703216552734375,0.10005747526884079,0.616561770439148
year,NLL,Cov90,0.12,0.02,0.1,0.1,0.4,0.5,2.0,0.85,1.3018505573272705,1.980907678604126,1.7642526626586914,0.4624021053314209,0.6790571212768555,0.860382080078125,0.826141357421875,0.703216552734375,0.007117859087884426,0.5901191234588623
year,NLL,Cov90,0.12,0.02,0.1,0.2,0.4,0.25,1.0,-1.0,1.3018505573272705,1.980907678604126,1.8046681880950928,0.5028176307678223,0.6790571212768555,0.860382080078125,0.802703857421875,0.703216552734375,0.10694600641727448,0.9661219120025635
year,NLL,Cov90,0.12,0.02,0.1,0.2,0.4,0.25,1.0,0.85,1.3018505573272705,1.980907678604126,1.7042899131774902,0.4024393558502197,0.6790571212768555,0.860382080078125,0.810760498046875,0.703216552734375,0.005161457695066929,1.0008028745651245
year,NLL,Cov90,0.12,0.02,0.1,0.2,0.4,0.25,2.0,-1.0,1.3018505573272705,1.980907678604126,1.8565406799316406,0.5546901226043701,0.6790571212768555,0.860382080078125,0.7899169921875,0.703216552734375,0.04516513645648956,1.0293114185333252
year,NLL,Cov90,0.12,0.02,0.1,0.2,0.4,0.25,2.0,0.85,1.3018505573272705,1.980907678604126,1.962834358215332,0.6609838008880615,0.6790571212768555,0.860382080078125,0.786773681640625,0.703216552734375,0.0,1.0399396419525146
year,NLL,Cov90,0.12,0.02,0.1,0.2,0.4,0.5,1.0,-1.0,1.3018505573272705,1.980907678604126,1.589998483657837,0.2881479263305664,0.6790571212768555,0.860382080078125,0.823455810546875,0.703216552734375,0.12236952781677246,0.8588147163391113
year,NLL,Cov90,0.12,0.02,0.1,0.2,0.4,0.5,1.0,0.85,1.3018505573272705,1.980907678604126,1.7803630828857422,0.4785125255584717,0.6790571212768555,0.860382080078125,0.817047119140625,0.703216552734375,0.00858006440103054,0.9050801396369934
year,NLL,Cov90,0.12,0.02,0.1,0.2,0.4,0.5,2.0,-1.0,1.3018505573272705,1.980907678604126,1.6908587217330933,0.38900816440582275,0.6790571212768555,0.860382080078125,0.816650390625,0.703216552734375,0.05751103162765503,0.8966472148895264
year,NLL,Cov90,0.12,0.02,0.1,0.2,0.4,0.5,2.0,0.85,1.3018505573272705,1.980907678604126,1.9756630659103394,0.6738125085830688,0.6790571212768555,0.860382080078125,0.800537109375,0.703216552734375,0.0,0.9646036624908447
year,NLL,Cov90,0.12,0.02,0.2,0.0,0.4,0.25,1.0,-1.0,1.3018505573272705,1.980907678604126,1.8334342241287231,0.5315836668014526,0.6790571212768555,0.860382080078125,0.7862548828125,0.703216552734375,0.245536670088768,0.5013598799705505
year,NLL,Cov90,0.12,0.02,0.2,0.0,0.4,0.25,1.0,0.85,1.3018505573272705,1.980907678604126,1.9543970823287964,0.6525465250015259,0.6790571212768555,0.860382080078125,0.78790283203125,0.703216552734375,0.02284521423280239,0.49880123138427734
year,NLL,Cov90,0.12,0.02,0.2,0.0,0.4,0.25,2.0,-1.0,1.3018505573272705,1.980907678604126,1.7994838953018188,0.49763333797454834,0.6790571212768555,0.860382080078125,0.787261962890625,0.703216552734375,0.13644540309906006,0.5057496428489685
year,NLL,Cov90,0.12,0.02,0.2,0.0,0.4,0.25,2.0,0.85,1.3018505573272705,1.980907678604126,1.8194475173950195,0.517596960067749,0.6790571212768555,0.860382080078125,0.78912353515625,0.703216552734375,0.005208274349570274,0.5108898282051086
year,NLL,Cov90,0.12,0.02,0.2,0.0,0.4,0.5,1.0,-1.0,1.3018505573272705,1.980907678604126,1.5671041011810303,0.26525354385375977,0.6790571212768555,0.860382080078125,0.82025146484375,0.703216552734375,0.2729682922363281,0.44414955377578735
year,NLL,Cov90,0.12,0.02,0.2,0.0,0.4,0.5,1.0,0.85,1.3018505573272705,1.980907678604126,1.670088529586792,0.3682379722595215,0.6790571212768555,0.860382080078125,0.821441650390625,0.703216552734375,0.03659706190228462,0.45486778020858765
year,NLL,Cov90,0.12,0.02,0.2,0.0,0.4,0.5,2.0,-1.0,1.3018505573272705,1.980907678604126,1.6219637393951416,0.3201131820678711,0.6790571212768555,0.860382080078125,0.81842041015625,0.703216552734375,0.15557092428207397,0.45404529571533203
year,NLL,Cov90,0.12,0.02,0.2,0.0,0.4,0.5,2.0,0.85,1.3018505573272705,1.980907678604126,1.6029186248779297,0.3010680675506592,0.6790571212768555,0.860382080078125,0.819549560546875,0.703216552734375,0.00704544223845005,0.4171455502510071
year,NLL,Cov90,0.12,0.02,0.2,0.1,0.4,0.25,1.0,-1.0,1.3018505573272705,1.980907678604126,1.7926992177963257,0.4908486604690552,0.6790571212768555,0.860382080078125,0.798248291015625,0.703216552734375,0.1415981948375702,0.7871261835098267
year,NLL,Cov90,0.12,0.02,0.2,0.1,0.4,0.25,1.0,0.85,1.3018505573272705,1.980907678604126,1.9846017360687256,0.6827511787414551,0.6790571212768555,0.860382080078125,0.795318603515625,0.703216552734375,0.0069398838095366955,0.8014993667602539
year,NLL,Cov90,0.12,0.02,0.2,0.1,0.4,0.25,2.0,-1.0,1.3018505573272705,1.980907678604126,1.9202486276626587,0.6183980703353882,0.6790571212768555,0.860382080078125,0.785888671875,0.703216552734375,0.05909918621182442,0.8436676263809204
year,NLL,Cov90,0.12,0.02,0.2,0.1,0.4,0.25,2.0,0.85,1.3018505573272705,1.980907678604126,2.0092074871063232,0.7073569297790527,0.6790571212768555,0.860382080078125,0.80438232421875,0.703216552734375,0.0,0.8145372867584229
year,NLL,Cov90,0.12,0.02,0.2,0.1,0.4,0.5,1.0,-1.0,1.3018505573272705,1.980907678604126,1.5963740348815918,0.2945234775543213,0.6790571212768555,0.860382080078125,0.820098876953125,0.703216552734375,0.16451480984687805,0.6966962814331055
year,NLL,Cov90,0.12,0.02,0.2,0.1,0.4,0.5,1.0,0.85,1.3018505573272705,1.980907678604126,2.0219855308532715,0.720134973526001,0.6790571212768555,0.860382080078125,0.812774658203125,0.703216552734375,0.0069282627664506435,0.7066667079925537
year,NLL,Cov90,0.12,0.02,0.2,0.1,0.4,0.5,2.0,-1.0,1.3018505573272705,1.980907678604126,1.7124940156936646,0.41064345836639404,0.6790571212768555,0.860382080078125,0.80780029296875,0.703216552734375,0.07611359655857086,0.7400689125061035
year,NLL,Cov90,0.12,0.02,0.2,0.1,0.4,0.5,2.0,0.85,1.3018505573272705,1.980907678604126,1.9099395275115967,0.6080889701843262,0.6790571212768555,0.860382080078125,0.8111572265625,0.703216552734375,0.0,0.7646570801734924
year,NLL,Cov90,0.12,0.02,0.2,0.2,0.4,0.25,1.0,-1.0,1.3018505573272705,1.980907678604126,1.7919695377349854,0.49011898040771484,0.6790571212768555,0.860382080078125,0.797149658203125,0.703216552734375,0.08937060087919235,1.042534351348877
year,NLL,Cov90,0.12,0.02,0.2,0.2,0.4,0.25,1.0,0.85,1.3018505573272705,1.980907678604126,1.7956032752990723,0.49375271797180176,0.6790571212768555,0.860382080078125,0.814453125,0.703216552734375,0.0017708158120512962,1.078033685684204
year,NLL,Cov90,0.12,0.02,0.2,0.2,0.4,0.25,2.0,-1.0,1.3018505573272705,1.980907678604126,1.9206275939941406,0.6187770366668701,0.6790571212768555,0.860382080078125,0.79449462890625,0.703216552734375,0.037125132977962494,1.0496965646743774
year,NLL,Cov90,0.12,0.02,0.2,0.2,0.4,0.25,2.0,0.85,1.3018505573272705,1.980907678604126,2.079092025756836,0.7772414684295654,0.6790571212768555,0.860382080078125,0.783905029296875,0.703216552734375,0.0,1.178173303604126
year,NLL,Cov90,0.12,0.02,0.2,0.2,0.4,0.5,1.0,-1.0,1.3018505573272705,1.980907678604126,1.5257827043533325,0.223932147026062,0.6790571212768555,0.860382080078125,0.82684326171875,0.703216552734375,0.11087934672832489,0.9028497934341431
year,NLL,Cov90,0.12,0.02,0.2,0.2,0.4,0.5,1.0,0.85,1.3018505573272705,1.980907678604126,1.78340744972229,0.48155689239501953,0.6790571212768555,0.860382080078125,0.83282470703125,0.703216552734375,0.005135859362781048,0.9312639236450195
year,NLL,Cov90,0.12,0.02,0.2,0.2,0.4,0.5,2.0,-1.0,1.3018505573272705,1.980907678604126,1.7081809043884277,0.4063303470611572,0.6790571212768555,0.860382080078125,0.81646728515625,0.703216552734375,0.045188937336206436,0.9752849340438843
year,NLL,Cov90,0.12,0.02,0.2,0.2,0.4,0.5,2.0,0.85,1.3018505573272705,1.980907678604126,2.0274972915649414,0.7256467342376709,0.6790571212768555,0.860382080078125,0.802734375,0.703216552734375,0.0,1.142398476600647
year,NLL,Cov90,0.12,0.05,0.0,0.0,0.4,0.25,1.0,-1.0,1.3018505573272705,1.980907678604126,1.8213560581207275,0.519505500793457,0.6790571212768555,0.860382080078125,0.785247802734375,0.703216552734375,0.928370475769043,0.00937260128557682
year,NLL,Cov90,0.12,0.05,0.0,0.0,0.4,0.25,1.0,0.85,1.3018505573272705,1.980907678604126,1.7726283073425293,0.4707777500152588,0.6790571212768555,0.860382080078125,0.79412841796875,0.703216552734375,0.8269671201705933,0.009480560198426247
year,NLL,Cov90,0.12,0.05,0.0,0.0,0.4,0.25,2.0,-1.0,1.3018505573272705,1.980907678604126,1.8482556343078613,0.5464050769805908,0.6790571212768555,0.860382080078125,0.784759521484375,0.703216552734375,0.866419792175293,0.009438643231987953
year,NLL,Cov90,0.12,0.05,0.0,0.0,0.4,0.25,2.0,0.85,1.3018505573272705,1.980907678604126,1.8581840991973877,0.5563335418701172,0.6790571212768555,0.860382080078125,0.78326416015625,0.703216552734375,0.6348304152488708,0.009543626569211483
year,NLL,Cov90,0.12,0.05,0.0,0.0,0.4,0.5,1.0,-1.0,1.3018505573272705,1.980907678604126,1.5475127696990967,0.24566221237182617,0.6790571212768555,0.860382080078125,0.812774658203125,0.703216552734375,0.9370260238647461,0.00816311314702034
year,NLL,Cov90,0.12,0.05,0.0,0.0,0.4,0.5,1.0,0.85,1.3018505573272705,1.980907678604126,1.5807714462280273,0.27892088890075684,0.6790571212768555,0.860382080078125,0.812835693359375,0.703216552734375,0.8569465279579163,0.008394958451390266
year,NLL,Cov90,0.12,0.05,0.0,0.0,0.4,0.5,2.0,-1.0,1.3018505573272705,1.980907678604126,1.5488765239715576,0.2470259666442871,0.6790571212768555,0.860382080078125,0.813507080078125,0.703216552734375,0.883330225944519,0.008109256625175476
year,NLL,Cov90,0.12,0.05,0.0,0.0,0.4,0.5,2.0,0.85,1.3018505573272705,1.980907678604126,1.595888376235962,0.2940378189086914,0.6790571212768555,0.860382080078125,0.80682373046875,0.703216552734375,0.6741197109222412,0.008367540314793587
year,NLL,Cov90,0.12,0.05,0.0,0.1,0.4,0.25,1.0,-1.0,1.3018505573272705,1.980907678604126,1.9417297840118408,0.6398792266845703,0.6790571212768555,0.860382080078125,0.79241943359375,0.703216552734375,0.22164925932884216,0.6806126832962036
year,NLL,Cov90,0.12,0.05,0.0,0.1,0.4,0.25,1.0,0.85,1.3018505573272705,1.980907678604126,2.3462581634521484,1.044407606124878,0.6790571212768555,0.860382080078125,0.78057861328125,0.703216552734375,0.019413210451602936,0.6548559069633484
year,NLL,Cov90,0.12,0.05,0.0,0.1,0.4,0.25,2.0,-1.0,1.3018505573272705,1.980907678604126,2.048480749130249,0.7466301918029785,0.6790571212768555,0.860382080078125,0.78924560546875,0.703216552734375,0.11922383308410645,0.6885221004486084
year,NLL,Cov90,0.12,0.05,0.0,0.1,0.4,0.25,2.0,0.85,1.3018505573272705,1.980907678604126,1.9324383735656738,0.6305878162384033,0.6790571212768555,0.860382080078125,0.791259765625,0.703216552734375,0.012339305132627487,0.6346079111099243
year,NLL,Cov90,0.12,0.05,0.0,0.1,0.4,0.5,1.0,-1.0,1.3018505573272705,1.980907678604126,1.7206168174743652,0.4187662601470947,0.6790571212768555,0.860382080078125,0.812164306640625,0.703216552734375,0.2529371380805969,0.6028929948806763
year,NLL,Cov90,0.12,0.05,0.0,0.1,0.4,0.5,1.0,0.85,1.3018505573272705,1.980907678604126,1.984068512916565,0.6822179555892944,0.6790571212768555,0.860382080078125,0.799285888671875,0.703216552734375,0.033747222274541855,0.5928323268890381
year,NLL,Cov90,0.12,0.05,0.0,0.1,0.4,0.5,2.0,-1.0,1.3018505573272705,1.980907678604126,1.8035790920257568,0.5017285346984863,0.6790571212768555,0.860382080078125,0.808074951171875,0.703216552734375,0.13938432931900024,0.615714430809021
year,NLL,Cov90,0.12,0.05,0.0,0.1,0.4,0.5,2.0,0.85,1.3018505573272705,1.980907678604126,1.728226661682129,0.4263761043548584,0.6790571212768555,0.860382080078125,0.828857421875,0.703216552734375,0.014149148017168045,0.5208418965339661
year,NLL,Cov90,0.12,0.05,0.0,0.2,0.4,0.25,1.0,-1.0,1.3018505573272705,1.980907678604126,1.936255931854248,0.6344053745269775,0.6790571212768555,0.860382080078125,0.802520751953125,0.703216552734375,0.10855560004711151,1.076326847076416
year,NLL,Cov90,0.12,0.05,0.0,0.2,0.4,0.25,1.0,0.85,1.3018505573272705,1.980907678604126,1.974048137664795,0.6721975803375244,0.6790571212768555,0.860382080078125,0.799224853515625,0.703216552734375,0.008636538870632648,1.0484843254089355
year,NLL,Cov90,0.12,0.05,0.0,0.2,0.4,0.25,2.0,-1.0,1.3018505573272705,1.980907678604126,2.117572784423828,0.8157222270965576,0.6790571212768555,0.860382080078125,0.79632568359375,0.703216552734375,0.04952859878540039,1.1060158014297485
year,NLL,Cov90,0.12,0.05,0.0,0.0,0.4,0.5,2.0,0.85,1.3018505573272705,1.980907678604126,1.595888376235962,0.2940378189086914,0.6790571212768555,0.860382080078125,0.80682373046875,0.703216552734375,0.6741197109222412,0.008367540314793587
year,NLL,Cov90,0.12,0.05,0.0,0.2,0.4,0.25,2.0,0.85,1.3018505573272705,1.980907678604126,2.1940605640411377,0.8922100067138672,0.6790571212768555,0.860382080078125,0.791351318359375,0.703216552734375,0.001681156107224524,1.0848865509033203
year,NLL,Cov90,0.12,0.05,0.0,0.1,0.4,0.25,1.0,-1.0,1.3018505573272705,1.980907678604126,1.9417297840118408,0.6398792266845703,0.6790571212768555,0.860382080078125,0.79241943359375,0.703216552734375,0.22164925932884216,0.6806126832962036
year,NLL,Cov90,0.12,0.05,0.0,0.2,0.4,0.5,1.0,-1.0,1.3018505573272705,1.980907678604126,1.6395740509033203,0.3377234935760498,0.6790571212768555,0.860382080078125,0.82550048828125,0.703216552734375,0.13269305229187012,0.9437258839607239
year,NLL,Cov90,0.12,0.05,0.0,0.1,0.4,0.25,1.0,0.85,1.3018505573272705,1.980907678604126,2.3462581634521484,1.044407606124878,0.6790571212768555,0.860382080078125,0.78057861328125,0.703216552734375,0.019413210451602936,0.6548559069633484
year,NLL,Cov90,0.12,0.05,0.0,0.2,0.4,0.5,1.0,0.85,1.3018505573272705,1.980907678604126,1.5206903219223022,0.21883976459503174,0.6790571212768555,0.860382080078125,0.822906494140625,0.703216552734375,0.014046027325093746,0.8907966613769531
year,NLL,Cov90,0.12,0.05,0.0,0.1,0.4,0.25,2.0,-1.0,1.3018505573272705,1.980907678604126,2.048480749130249,0.7466301918029785,0.6790571212768555,0.860382080078125,0.78924560546875,0.703216552734375,0.11922383308410645,0.6885221004486084
year,NLL,Cov90,0.12,0.05,0.0,0.2,0.4,0.5,2.0,-1.0,1.3018505573272705,1.980907678604126,1.7512555122375488,0.4494049549102783,0.6790571212768555,0.860382080078125,0.818023681640625,0.703216552734375,0.06410777568817139,0.9736583232879639
year,NLL,Cov90,0.12,0.05,0.0,0.1,0.4,0.25,2.0,0.85,1.3018505573272705,1.980907678604126,1.9324383735656738,0.6305878162384033,0.6790571212768555,0.860382080078125,0.791259765625,0.703216552734375,0.012339305132627487,0.6346079111099243
year,NLL,Cov90,0.12,0.05,0.0,0.2,0.4,0.5,2.0,0.85,1.3018505573272705,1.980907678604126,1.8139729499816895,0.512122392654419,0.6790571212768555,0.860382080078125,0.823028564453125,0.703216552734375,0.003444878850132227,0.9165420532226562
year,NLL,Cov90,0.12,0.05,0.0,0.1,0.4,0.5,1.0,-1.0,1.3018505573272705,1.980907678604126,1.7206168174743652,0.4187662601470947,0.6790571212768555,0.860382080078125,0.812164306640625,0.703216552734375,0.2529371380805969,0.6028929948806763
year,NLL,Cov90,0.12,0.05,0.1,0.0,0.4,0.25,1.0,-1.0,1.3018505573272705,1.980907678604126,1.7838499546051025,0.48199939727783203,0.6790571212768555,0.860382080078125,0.788848876953125,0.703216552734375,0.38446497917175293,0.2985428273677826
year,NLL,Cov90,0.12,0.05,0.0,0.1,0.4,0.5,1.0,0.85,1.3018505573272705,1.980907678604126,1.984068512916565,0.6822179555892944,0.6790571212768555,0.860382080078125,0.799285888671875,0.703216552734375,0.033747222274541855,0.5928323268890381
year,NLL,Cov90,0.12,0.05,0.1,0.0,0.4,0.25,1.0,0.85,1.3018505573272705,1.980907678604126,1.8718459606170654,0.5699954032897949,0.6790571212768555,0.860382080078125,0.7916259765625,0.703216552734375,0.08050179481506348,0.2966032028198242
year,NLL,Cov90,0.12,0.05,0.0,0.1,0.4,0.5,2.0,-1.0,1.3018505573272705,1.980907678604126,1.8035790920257568,0.5017285346984863,0.6790571212768555,0.860382080078125,0.808074951171875,0.703216552734375,0.13938432931900024,0.615714430809021
year,NLL,Cov90,0.12,0.05,0.1,0.0,0.4,0.25,2.0,-1.0,1.3018505573272705,1.980907678604126,1.9164522886276245,0.614601731300354,0.6790571212768555,0.860382080078125,0.78265380859375,0.703216552734375,0.24319857358932495,0.3053080439567566
year,NLL,Cov90,0.12,0.05,0.0,0.1,0.4,0.5,2.0,0.85,1.3018505573272705,1.980907678604126,1.728226661682129,0.4263761043548584,0.6790571212768555,0.860382080078125,0.828857421875,0.703216552734375,0.014149148017168045,0.5208418965339661
year,NLL,Cov90,0.12,0.05,0.1,0.0,0.4,0.25,2.0,0.85,1.3018505573272705,1.980907678604126,1.876668930053711,0.5748183727264404,0.6790571212768555,0.860382080078125,0.793548583984375,0.703216552734375,0.03520284965634346,0.29130399227142334
year,NLL,Cov90,0.12,0.05,0.0,0.2,0.4,0.25,1.0,-1.0,1.3018505573272705,1.980907678604126,1.936255931854248,0.6344053745269775,0.6790571212768555,0.860382080078125,0.802520751953125,0.703216552734375,0.10855560004711151,1.076326847076416
year,NLL,Cov90,0.12,0.05,0.1,0.0,0.4,0.5,1.0,-1.0,1.3018505573272705,1.980907678604126,1.6435199975967407,0.3416694402694702,0.6790571212768555,0.860382080078125,0.807281494140625,0.703216552734375,0.4103795289993286,0.26630014181137085
year,NLL,Cov90,0.12,0.05,0.0,0.2,0.4,0.25,1.0,0.85,1.3018505573272705,1.980907678604126,1.974048137664795,0.6721975803375244,0.6790571212768555,0.860382080078125,0.799224853515625,0.703216552734375,0.008636538870632648,1.0484843254089355
year,NLL,Cov90,0.12,0.05,0.1,0.0,0.4,0.5,1.0,0.85,1.3018505573272705,1.980907678604126,1.6704204082489014,0.36856985092163086,0.6790571212768555,0.860382080078125,0.82147216796875,0.703216552734375,0.08923026919364929,0.26486265659332275
year,NLL,Cov90,0.12,0.05,0.0,0.2,0.4,0.25,2.0,-1.0,1.3018505573272705,1.980907678604126,2.117572784423828,0.8157222270965576,0.6790571212768555,0.860382080078125,0.79632568359375,0.703216552734375,0.04952859878540039,1.1060158014297485
year,NLL,Cov90,0.12,0.05,0.1,0.0,0.4,0.5,2.0,-1.0,1.3018505573272705,1.980907678604126,1.702928900718689,0.40107834339141846,0.6790571212768555,0.860382080078125,0.8055419921875,0.703216552734375,0.26775625348091125,0.2726196050643921
year,NLL,Cov90,0.12,0.05,0.0,0.2,0.4,0.25,2.0,0.85,1.3018505573272705,1.980907678604126,2.1940605640411377,0.8922100067138672,0.6790571212768555,0.860382080078125,0.791351318359375,0.703216552734375,0.001681156107224524,1.0848865509033203
year,NLL,Cov90,0.12,0.05,0.1,0.0,0.4,0.5,2.0,0.85,1.3018505573272705,1.980907678604126,1.7151093482971191,0.41325879096984863,0.6790571212768555,0.860382080078125,0.810546875,0.703216552734375,0.03559373691678047,0.2593952715396881
year,NLL,Cov90,0.12,0.05,0.0,0.2,0.4,0.5,1.0,-1.0,1.3018505573272705,1.980907678604126,1.6395740509033203,0.3377234935760498,0.6790571212768555,0.860382080078125,0.82550048828125,0.703216552734375,0.13269305229187012,0.9437258839607239
year,NLL,Cov90,0.12,0.05,0.1,0.1,0.4,0.25,1.0,-1.0,1.3018505573272705,1.980907678604126,1.8359649181365967,0.5341143608093262,0.6790571212768555,0.860382080078125,0.797149658203125,0.703216552734375,0.17495785653591156,0.6869831681251526
year,NLL,Cov90,0.12,0.05,0.0,0.2,0.4,0.5,1.0,0.85,1.3018505573272705,1.980907678604126,1.5206903219223022,0.21883976459503174,0.6790571212768555,0.860382080078125,0.822906494140625,0.703216552734375,0.014046027325093746,0.8907966613769531
year,NLL,Cov90,0.12,0.05,0.1,0.1,0.4,0.25,1.0,0.85,1.3018505573272705,1.980907678604126,1.6807488203048706,0.3788982629776001,0.6790571212768555,0.860382080078125,0.8167724609375,0.703216552734375,0.017639832571148872,0.6639441847801208
year,NLL,Cov90,0.12,0.05,0.0,0.2,0.4,0.5,2.0,-1.0,1.3018505573272705,1.980907678604126,1.7512555122375488,0.4494049549102783,0.6790571212768555,0.860382080078125,0.818023681640625,0.703216552734375,0.06410777568817139,0.9736583232879639
year,NLL,Cov90,0.12,0.05,0.1,0.1,0.4,0.25,2.0,-1.0,1.3018505573272705,1.980907678604126,1.9219927787780762,0.6201422214508057,0.6790571212768555,0.860382080078125,0.796295166015625,0.703216552734375,0.08467172831296921,0.6955643892288208
year,NLL,Cov90,0.12,0.05,0.0,0.2,0.4,0.5,2.0,0.85,1.3018505573272705,1.980907678604126,1.8139729499816895,0.512122392654419,0.6790571212768555,0.860382080078125,0.823028564453125,0.703216552734375,0.003444878850132227,0.9165420532226562
year,NLL,Cov90,0.12,0.05,0.1,0.1,0.4,0.25,2.0,0.85,1.3018505573272705,1.980907678604126,1.6767523288726807,0.37490177154541016,0.6790571212768555,0.860382080078125,0.81121826171875,0.703216552734375,0.0035412870347499847,0.6893603801727295
year,NLL,Cov90,0.12,0.05,0.1,0.0,0.4,0.25,1.0,-1.0,1.3018505573272705,1.980907678604126,1.7838499546051025,0.48199939727783203,0.6790571212768555,0.860382080078125,0.788848876953125,0.703216552734375,0.38446497917175293,0.2985428273677826
year,NLL,Cov90,0.12,0.05,0.1,0.1,0.4,0.5,1.0,-1.0,1.3018505573272705,1.980907678604126,1.57135009765625,0.2694995403289795,0.6790571212768555,0.860382080078125,0.817779541015625,0.703216552734375,0.20340514183044434,0.5911650061607361
year,NLL,Cov90,0.12,0.05,0.1,0.0,0.4,0.25,1.0,0.85,1.3018505573272705,1.980907678604126,1.8718459606170654,0.5699954032897949,0.6790571212768555,0.860382080078125,0.7916259765625,0.703216552734375,0.08050179481506348,0.2966032028198242
year,NLL,Cov90,0.12,0.05,0.1,0.1,0.4,0.5,1.0,0.85,1.3018505573272705,1.980907678604126,1.656632661819458,0.3547821044921875,0.6790571212768555,0.860382080078125,0.813140869140625,0.703216552734375,0.01390776690095663,0.6225631237030029
year,NLL,Cov90,0.12,0.05,0.1,0.0,0.4,0.25,2.0,-1.0,1.3018505573272705,1.980907678604126,1.9164522886276245,0.614601731300354,0.6790571212768555,0.860382080078125,0.78265380859375,0.703216552734375,0.24319857358932495,0.3053080439567566
year,NLL,Cov90,0.12,0.05,0.1,0.1,0.4,0.5,2.0,-1.0,1.3018505573272705,1.980907678604126,1.6453430652618408,0.3434925079345703,0.6790571212768555,0.860382080078125,0.81646728515625,0.703216552734375,0.0997735932469368,0.612419605255127
year,NLL,Cov90,0.12,0.05,0.1,0.0,0.4,0.25,2.0,0.85,1.3018505573272705,1.980907678604126,1.876668930053711,0.5748183727264404,0.6790571212768555,0.860382080078125,0.793548583984375,0.703216552734375,0.03520284965634346,0.29130399227142334
year,NLL,Cov90,0.12,0.05,0.1,0.1,0.4,0.5,2.0,0.85,1.3018505573272705,1.980907678604126,1.6353930234909058,0.33354246616363525,0.6790571212768555,0.860382080078125,0.84381103515625,0.703216552734375,0.008735024370253086,0.572442352771759
year,NLL,Cov90,0.12,0.05,0.1,0.0,0.4,0.5,1.0,-1.0,1.3018505573272705,1.980907678604126,1.6435199975967407,0.3416694402694702,0.6790571212768555,0.860382080078125,0.807281494140625,0.703216552734375,0.4103795289993286,0.26630014181137085
year,NLL,Cov90,0.12,0.05,0.1,0.2,0.4,0.25,1.0,-1.0,1.3018505573272705,1.980907678604126,1.7879345417022705,0.486083984375,0.6790571212768555,0.860382080078125,0.800018310546875,0.703216552734375,0.09960629045963287,1.0095170736312866
year,NLL,Cov90,0.12,0.05,0.1,0.0,0.4,0.5,1.0,0.85,1.3018505573272705,1.980907678604126,1.6704204082489014,0.36856985092163086,0.6790571212768555,0.860382080078125,0.82147216796875,0.703216552734375,0.08923026919364929,0.26486265659332275
year,NLL,Cov90,0.12,0.05,0.1,0.2,0.4,0.25,1.0,0.85,1.3018505573272705,1.980907678604126,1.8389918804168701,0.5371413230895996,0.6790571212768555,0.860382080078125,0.8057861328125,0.703216552734375,0.0016694196965545416,0.9965437650680542
year,NLL,Cov90,0.12,0.05,0.1,0.0,0.4,0.5,2.0,-1.0,1.3018505573272705,1.980907678604126,1.702928900718689,0.40107834339141846,0.6790571212768555,0.860382080078125,0.8055419921875,0.703216552734375,0.26775625348091125,0.2726196050643921
year,NLL,Cov90,0.12,0.05,0.1,0.2,0.4,0.25,2.0,-1.0,1.3018505573272705,1.980907678604126,1.915567398071289,0.6137168407440186,0.6790571212768555,0.860382080078125,0.788238525390625,0.703216552734375,0.04359298199415207,1.0465723276138306
year,NLL,Cov90,0.12,0.05,0.1,0.0,0.4,0.5,2.0,0.85,1.3018505573272705,1.980907678604126,1.7151093482971191,0.41325879096984863,0.6790571212768555,0.860382080078125,0.810546875,0.703216552734375,0.03559373691678047,0.2593952715396881
year,NLL,Cov90,0.12,0.05,0.1,0.2,0.4,0.25,2.0,0.85,1.3018505573272705,1.980907678604126,2.1544504165649414,0.8525998592376709,0.6790571212768555,0.860382080078125,0.785430908203125,0.703216552734375,0.0,1.0621662139892578
year,NLL,Cov90,0.12,0.05,0.1,0.1,0.4,0.25,1.0,-1.0,1.3018505573272705,1.980907678604126,1.8359649181365967,0.5341143608093262,0.6790571212768555,0.860382080078125,0.797149658203125,0.703216552734375,0.17495785653591156,0.6869831681251526
year,NLL,Cov90,0.12,0.05,0.1,0.2,0.4,0.5,1.0,-1.0,1.3018505573272705,1.980907678604126,1.593137264251709,0.2912867069244385,0.6790571212768555,0.860382080078125,0.8253173828125,0.703216552734375,0.12181928753852844,0.8591055274009705
year,NLL,Cov90,0.12,0.05,0.1,0.1,0.4,0.25,1.0,0.85,1.3018505573272705,1.980907678604126,1.6807488203048706,0.3788982629776001,0.6790571212768555,0.860382080078125,0.8167724609375,0.703216552734375,0.017639832571148872,0.6639441847801208
year,NLL,Cov90,0.12,0.05,0.1,0.2,0.4,0.5,1.0,0.85,1.3018505573272705,1.980907678604126,1.546902060508728,0.24505150318145752,0.6790571212768555,0.860382080078125,0.850250244140625,0.703216552734375,0.0034165200777351856,0.8956553936004639
year,NLL,Cov90,0.12,0.05,0.1,0.1,0.4,0.25,2.0,-1.0,1.3018505573272705,1.980907678604126,1.9219927787780762,0.6201422214508057,0.6790571212768555,0.860382080078125,0.796295166015625,0.703216552734375,0.08467172831296921,0.6955643892288208
year,NLL,Cov90,0.12,0.05,0.1,0.2,0.4,0.5,2.0,-1.0,1.3018505573272705,1.980907678604126,1.6934748888015747,0.3916243314743042,0.6790571212768555,0.860382080078125,0.8150634765625,0.703216552734375,0.056452736258506775,0.9110234975814819
year,NLL,Cov90,0.12,0.05,0.1,0.1,0.4,0.25,2.0,0.85,1.3018505573272705,1.980907678604126,1.6767523288726807,0.37490177154541016,0.6790571212768555,0.860382080078125,0.81121826171875,0.703216552734375,0.0035412870347499847,0.6893603801727295
year,NLL,Cov90,0.12,0.05,0.1,0.2,0.4,0.5,2.0,0.85,1.3018505573272705,1.980907678604126,1.7874739170074463,0.4856233596801758,0.6790571212768555,0.860382080078125,0.8179931640625,0.703216552734375,0.0,1.004633903503418
year,NLL,Cov90,0.12,0.05,0.1,0.1,0.4,0.5,1.0,-1.0,1.3018505573272705,1.980907678604126,1.57135009765625,0.2694995403289795,0.6790571212768555,0.860382080078125,0.817779541015625,0.703216552734375,0.20340514183044434,0.5911650061607361
year,NLL,Cov90,0.12,0.05,0.2,0.0,0.4,0.25,1.0,-1.0,1.3018505573272705,1.980907678604126,1.7778520584106445,0.476001501083374,0.6790571212768555,0.860382080078125,0.79132080078125,0.703216552734375,0.24478206038475037,0.4929824471473694
year,NLL,Cov90,0.12,0.05,0.1,0.1,0.4,0.5,1.0,0.85,1.3018505573272705,1.980907678604126,1.656632661819458,0.3547821044921875,0.6790571212768555,0.860382080078125,0.813140869140625,0.703216552734375,0.01390776690095663,0.6225631237030029
year,NLL,Cov90,0.12,0.05,0.2,0.0,0.4,0.25,1.0,0.85,1.3018505573272705,1.980907678604126,1.8553489446640015,0.553498387336731,0.6790571212768555,0.860382080078125,0.795928955078125,0.703216552734375,0.023236829787492752,0.48649054765701294
year,NLL,Cov90,0.12,0.05,0.1,0.1,0.4,0.5,2.0,-1.0,1.3018505573272705,1.980907678604126,1.6453430652618408,0.3434925079345703,0.6790571212768555,0.860382080078125,0.81646728515625,0.703216552734375,0.0997735932469368,0.612419605255127
year,NLL,Cov90,0.12,0.05,0.2,0.0,0.4,0.25,2.0,-1.0,1.3018505573272705,1.980907678604126,1.8201591968536377,0.5183086395263672,0.6790571212768555,0.860382080078125,0.784576416015625,0.703216552734375,0.13501249253749847,0.5062713027000427
year,NLL,Cov90,0.12,0.05,0.1,0.1,0.4,0.5,2.0,0.85,1.3018505573272705,1.980907678604126,1.6353930234909058,0.33354246616363525,0.6790571212768555,0.860382080078125,0.84381103515625,0.703216552734375,0.008735024370253086,0.572442352771759
year,NLL,Cov90,0.12,0.05,0.2,0.0,0.4,0.25,2.0,0.85,1.3018505573272705,1.980907678604126,1.7783992290496826,0.4765486717224121,0.6790571212768555,0.860382080078125,0.806854248046875,0.703216552734375,0.010388492606580257,0.456146240234375
year,NLL,Cov90,0.12,0.05,0.1,0.2,0.4,0.25,1.0,-1.0,1.3018505573272705,1.980907678604126,1.7879345417022705,0.486083984375,0.6790571212768555,0.860382080078125,0.800018310546875,0.703216552734375,0.09960629045963287,1.0095170736312866
year,NLL,Cov90,0.12,0.05,0.2,0.0,0.4,0.5,1.0,-1.0,1.3018505573272705,1.980907678604126,1.5299841165542603,0.22813355922698975,0.6790571212768555,0.860382080078125,0.826751708984375,0.703216552734375,0.27351292967796326,0.4394415318965912
year,NLL,Cov90,0.12,0.05,0.2,0.0,0.4,0.5,1.0,0.85,1.3018505573272705,1.980907678604126,1.663630723953247,0.36178016662597656,0.6790571212768555,0.860382080078125,0.82373046875,0.703216552734375,0.030001947656273842,0.4721892178058624
year,NLL,Cov90,0.12,0.05,0.1,0.2,0.4,0.25,1.0,0.85,1.3018505573272705,1.980907678604126,1.8389918804168701,0.5371413230895996,0.6790571212768555,0.860382080078125,0.8057861328125,0.703216552734375,0.0016694196965545416,0.9965437650680542
year,NLL,Cov90,0.12,0.05,0.2,0.0,0.4,0.5,2.0,-1.0,1.3018505573272705,1.980907678604126,1.538365125656128,0.23651456832885742,0.6790571212768555,0.860382080078125,0.82232666015625,0.703216552734375,0.1563224196434021,0.44925177097320557
year,NLL,Cov90,0.12,0.05,0.1,0.2,0.4,0.25,2.0,-1.0,1.3018505573272705,1.980907678604126,1.915567398071289,0.6137168407440186,0.6790571212768555,0.860382080078125,0.788238525390625,0.703216552734375,0.04359298199415207,1.0465723276138306
year,NLL,Cov90,0.12,0.05,0.2,0.0,0.4,0.5,2.0,0.85,1.3018505573272705,1.980907678604126,1.804630994796753,0.5027804374694824,0.6790571212768555,0.860382080078125,0.8248291015625,0.703216552734375,0.010706951841711998,0.3814241886138916
year,NLL,Cov90,0.12,0.05,0.1,0.2,0.4,0.25,2.0,0.85,1.3018505573272705,1.980907678604126,2.1544504165649414,0.8525998592376709,0.6790571212768555,0.860382080078125,0.785430908203125,0.703216552734375,0.0,1.0621662139892578
year,NLL,Cov90,0.12,0.05,0.2,0.1,0.4,0.25,1.0,-1.0,1.3018505573272705,1.980907678604126,1.8507813215255737,0.5489307641983032,0.6790571212768555,0.860382080078125,0.79632568359375,0.703216552734375,0.1360560655593872,0.8192610740661621
year,NLL,Cov90,0.12,0.05,0.1,0.2,0.4,0.5,1.0,-1.0,1.3018505573272705,1.980907678604126,1.593137264251709,0.2912867069244385,0.6790571212768555,0.860382080078125,0.8253173828125,0.703216552734375,0.12181928753852844,0.8591055274009705
year,NLL,Cov90,0.12,0.05,0.2,0.1,0.4,0.25,1.0,0.85,1.3018505573272705,1.980907678604126,2.016631603240967,0.7147810459136963,0.6790571212768555,0.860382080078125,0.79473876953125,0.703216552734375,0.008635494858026505,0.8566927909851074
year,NLL,Cov90,0.12,0.05,0.1,0.2,0.4,0.5,1.0,0.85,1.3018505573272705,1.980907678604126,1.546902060508728,0.24505150318145752,0.6790571212768555,0.860382080078125,0.850250244140625,0.703216552734375,0.0034165200777351856,0.8956553936004639
year,NLL,Cov90,0.12,0.05,0.2,0.1,0.4,0.25,2.0,-1.0,1.3018505573272705,1.980907678604126,1.8648587465286255,0.563008189201355,0.6790571212768555,0.860382080078125,0.78887939453125,0.703216552734375,0.059905849397182465,0.8360020518302917
year,NLL,Cov90,0.12,0.05,0.1,0.2,0.4,0.5,2.0,-1.0,1.3018505573272705,1.980907678604126,1.6934748888015747,0.3916243314743042,0.6790571212768555,0.860382080078125,0.8150634765625,0.703216552734375,0.056452736258506775,0.9110234975814819
year,NLL,Cov90,0.12,0.05,0.2,0.1,0.4,0.25,2.0,0.85,1.3018505573272705,1.980907678604126,1.917949914932251,0.6160993576049805,0.6790571212768555,0.860382080078125,0.79779052734375,0.703216552734375,0.0,0.8493514657020569
year,NLL,Cov90,0.12,0.05,0.1,0.2,0.4,0.5,2.0,0.85,1.3018505573272705,1.980907678604126,1.7874739170074463,0.4856233596801758,0.6790571212768555,0.860382080078125,0.8179931640625,0.703216552734375,0.0,1.004633903503418
year,NLL,Cov90,0.12,0.05,0.2,0.1,0.4,0.5,1.0,-1.0,1.3018505573272705,1.980907678604126,1.6020698547363281,0.3002192974090576,0.6790571212768555,0.860382080078125,0.821624755859375,0.703216552734375,0.16272249817848206,0.6980140209197998
year,NLL,Cov90,0.12,0.05,0.2,0.0,0.4,0.25,1.0,-1.0,1.3018505573272705,1.980907678604126,1.7778520584106445,0.476001501083374,0.6790571212768555,0.860382080078125,0.79132080078125,0.703216552734375,0.24478206038475037,0.4929824471473694
year,NLL,Cov90,0.12,0.05,0.2,0.1,0.4,0.5,1.0,0.85,1.3018505573272705,1.980907678604126,1.7399160861968994,0.4380655288696289,0.6790571212768555,0.860382080078125,0.8218994140625,0.703216552734375,0.011978750117123127,0.7219817638397217
year,NLL,Cov90,0.12,0.05,0.2,0.0,0.4,0.25,1.0,0.85,1.3018505573272705,1.980907678604126,1.8553489446640015,0.553498387336731,0.6790571212768555,0.860382080078125,0.795928955078125,0.703216552734375,0.023236829787492752,0.48649054765701294
year,NLL,Cov90,0.12,0.05,0.2,0.1,0.4,0.5,2.0,-1.0,1.3018505573272705,1.980907678604126,1.7154778242111206,0.4136272668838501,0.6790571212768555,0.860382080078125,0.8087158203125,0.703216552734375,0.07661653310060501,0.7435453534126282
year,NLL,Cov90,0.12,0.05,0.2,0.0,0.4,0.25,2.0,-1.0,1.3018505573272705,1.980907678604126,1.8201591968536377,0.5183086395263672,0.6790571212768555,0.860382080078125,0.784576416015625,0.703216552734375,0.13501249253749847,0.5062713027000427
year,NLL,Cov90,0.12,0.05,0.2,0.1,0.4,0.5,2.0,0.85,1.3018505573272705,1.980907678604126,1.5312061309814453,0.2293555736541748,0.6790571212768555,0.860382080078125,0.8372802734375,0.703216552734375,0.005155656021088362,0.6660284996032715
year,NLL,Cov90,0.12,0.05,0.2,0.0,0.4,0.25,2.0,0.85,1.3018505573272705,1.980907678604126,1.7783992290496826,0.4765486717224121,0.6790571212768555,0.860382080078125,0.806854248046875,0.703216552734375,0.010388492606580257,0.456146240234375
year,NLL,Cov90,0.12,0.05,0.2,0.0,0.4,0.5,1.0,-1.0,1.3018505573272705,1.980907678604126,1.5299841165542603,0.22813355922698975,0.6790571212768555,0.860382080078125,0.826751708984375,0.703216552734375,0.27351292967796326,0.4394415318965912
year,NLL,Cov90,0.12,0.05,0.2,0.2,0.4,0.25,1.0,-1.0,1.3018505573272705,1.980907678604126,1.816417932510376,0.5145673751831055,0.6790571212768555,0.860382080078125,0.797943115234375,0.703216552734375,0.08601561933755875,1.056910753250122
year,NLL,Cov90,0.12,0.05,0.2,0.0,0.4,0.5,1.0,0.85,1.3018505573272705,1.980907678604126,1.663630723953247,0.36178016662597656,0.6790571212768555,0.860382080078125,0.82373046875,0.703216552734375,0.030001947656273842,0.4721892178058624
year,NLL,Cov90,0.12,0.05,0.2,0.2,0.4,0.25,1.0,0.85,1.3018505573272705,1.980907678604126,1.839530348777771,0.5376797914505005,0.6790571212768555,0.860382080078125,0.822601318359375,0.703216552734375,0.0017292635748162866,1.0555000305175781
year,NLL,Cov90,0.12,0.05,0.2,0.0,0.4,0.5,2.0,-1.0,1.3018505573272705,1.980907678604126,1.538365125656128,0.23651456832885742,0.6790571212768555,0.860382080078125,0.82232666015625,0.703216552734375,0.1563224196434021,0.44925177097320557
year,NLL,Cov90,0.12,0.05,0.2,0.2,0.4,0.25,2.0,-1.0,1.3018505573272705,1.980907678604126,1.8190243244171143,0.5171737670898438,0.6790571212768555,0.860382080078125,0.801727294921875,0.703216552734375,0.03663567081093788,1.057813048362732
year,NLL,Cov90,0.12,0.05,0.2,0.0,0.4,0.5,2.0,0.85,1.3018505573272705,1.980907678604126,1.804630994796753,0.5027804374694824,0.6790571212768555,0.860382080078125,0.8248291015625,0.703216552734375,0.010706951841711998,0.3814241886138916
year,NLL,Cov90,0.12,0.05,0.2,0.2,0.4,0.25,2.0,0.85,1.3018505573272705,1.980907678604126,2.309948444366455,1.0080978870391846,0.6790571212768555,0.860382080078125,0.776092529296875,0.703216552734375,0.0,1.2222404479980469
year,NLL,Cov90,0.12,0.05,0.2,0.1,0.4,0.25,1.0,-1.0,1.3018505573272705,1.980907678604126,1.8507813215255737,0.5489307641983032,0.6790571212768555,0.860382080078125,0.79632568359375,0.703216552734375,0.1360560655593872,0.8192610740661621
year,NLL,Cov90,0.12,0.05,0.2,0.2,0.4,0.5,1.0,-1.0,1.3018505573272705,1.980907678604126,1.5317950248718262,0.22994446754455566,0.6790571212768555,0.860382080078125,0.82366943359375,0.703216552734375,0.10797195136547089,0.9174043536186218
year,NLL,Cov90,0.12,0.05,0.2,0.1,0.4,0.25,1.0,0.85,1.3018505573272705,1.980907678604126,2.016631603240967,0.7147810459136963,0.6790571212768555,0.860382080078125,0.79473876953125,0.703216552734375,0.008635494858026505,0.8566927909851074
year,NLL,Cov90,0.12,0.05,0.2,0.2,0.4,0.5,1.0,0.85,1.3018505573272705,1.980907678604126,1.857928991317749,0.5560784339904785,0.6790571212768555,0.860382080078125,0.8138427734375,0.703216552734375,0.005135885905474424,0.984063446521759
year,NLL,Cov90,0.12,0.05,0.2,0.1,0.4,0.25,2.0,-1.0,1.3018505573272705,1.980907678604126,1.8648587465286255,0.563008189201355,0.6790571212768555,0.860382080078125,0.78887939453125,0.703216552734375,0.059905849397182465,0.8360020518302917
year,NLL,Cov90,0.12,0.05,0.2,0.2,0.4,0.5,2.0,-1.0,1.3018505573272705,1.980907678604126,1.7037630081176758,0.4019124507904053,0.6790571212768555,0.860382080078125,0.81646728515625,0.703216552734375,0.044697389006614685,0.9690667390823364
year,NLL,Cov90,0.12,0.05,0.2,0.1,0.4,0.25,2.0,0.85,1.3018505573272705,1.980907678604126,1.917949914932251,0.6160993576049805,0.6790571212768555,0.860382080078125,0.79779052734375,0.703216552734375,0.0,0.8493514657020569
year,NLL,Cov90,0.12,0.05,0.2,0.2,0.4,0.5,2.0,0.85,1.3018505573272705,1.980907678604126,1.9964888095855713,0.6946382522583008,0.6790571212768555,0.860382080078125,0.80145263671875,0.703216552734375,0.0,1.1491813659667969
year,NLL,Cov90,0.12,0.05,0.2,0.1,0.4,0.5,1.0,-1.0,1.3018505573272705,1.980907678604126,1.6020698547363281,0.3002192974090576,0.6790571212768555,0.860382080078125,0.821624755859375,0.703216552734375,0.16272249817848206,0.6980140209197998
year,NLL,Cov90,0.12,0.1,0.0,0.0,0.4,0.25,1.0,-1.0,1.3018505573272705,1.980907678604126,1.8136709928512573,0.5118204355239868,0.6790571212768555,0.860382080078125,0.78924560546875,0.703216552734375,0.7681001424789429,0.03789383918046951
year,NLL,Cov90,0.12,0.1,0.0,0.0,0.4,0.25,1.0,0.85,1.3018505573272705,1.980907678604126,1.8678656816482544,0.5660151243209839,0.6790571212768555,0.860382080078125,0.786407470703125,0.703216552734375,0.43943214416503906,0.037976235151290894
year,NLL,Cov90,0.12,0.05,0.2,0.1,0.4,0.5,1.0,0.85,1.3018505573272705,1.980907678604126,1.7399160861968994,0.4380655288696289,0.6790571212768555,0.860382080078125,0.8218994140625,0.703216552734375,0.011978750117123127,0.7219817638397217
year,NLL,Cov90,0.12,0.1,0.0,0.0,0.4,0.25,2.0,-1.0,1.3018505573272705,1.980907678604126,1.8014891147613525,0.49963855743408203,0.6790571212768555,0.860382080078125,0.79083251953125,0.703216552734375,0.6285873651504517,0.0381225124001503
year,NLL,Cov90,0.12,0.05,0.2,0.1,0.4,0.5,2.0,-1.0,1.3018505573272705,1.980907678604126,1.7154778242111206,0.4136272668838501,0.6790571212768555,0.860382080078125,0.8087158203125,0.703216552734375,0.07661653310060501,0.7435453534126282
year,NLL,Cov90,0.12,0.1,0.0,0.0,0.4,0.25,2.0,0.85,1.3018505573272705,1.980907678604126,1.6765469312667847,0.37469637393951416,0.6790571212768555,0.860382080078125,0.79913330078125,0.703216552734375,0.23591578006744385,0.037691108882427216
year,NLL,Cov90,0.12,0.05,0.2,0.1,0.4,0.5,2.0,0.85,1.3018505573272705,1.980907678604126,1.5312061309814453,0.2293555736541748,0.6790571212768555,0.860382080078125,0.8372802734375,0.703216552734375,0.005155656021088362,0.6660284996032715
year,NLL,Cov90,0.12,0.1,0.0,0.0,0.4,0.5,1.0,-1.0,1.3018505573272705,1.980907678604126,1.5206923484802246,0.2188417911529541,0.6790571212768555,0.860382080078125,0.818115234375,0.703216552734375,0.7967897057533264,0.03203403949737549
year,NLL,Cov90,0.12,0.05,0.2,0.2,0.4,0.25,1.0,-1.0,1.3018505573272705,1.980907678604126,1.816417932510376,0.5145673751831055,0.6790571212768555,0.860382080078125,0.797943115234375,0.703216552734375,0.08601561933755875,1.056910753250122
year,NLL,Cov90,0.12,0.1,0.0,0.0,0.4,0.5,1.0,0.85,1.3018505573272705,1.980907678604126,1.591601848602295,0.2897512912750244,0.6790571212768555,0.860382080078125,0.808319091796875,0.703216552734375,0.4670885503292084,0.03458906710147858
year,NLL,Cov90,0.12,0.05,0.2,0.2,0.4,0.25,1.0,0.85,1.3018505573272705,1.980907678604126,1.839530348777771,0.5376797914505005,0.6790571212768555,0.860382080078125,0.822601318359375,0.703216552734375,0.0017292635748162866,1.0555000305175781
year,NLL,Cov90,0.12,0.1,0.0,0.0,0.4,0.5,2.0,-1.0,1.3018505573272705,1.980907678604126,1.5859980583190918,0.2841475009918213,0.6790571212768555,0.860382080078125,0.809783935546875,0.703216552734375,0.65934157371521,0.033518943935632706
year,NLL,Cov90,0.12,0.05,0.2,0.2,0.4,0.25,2.0,-1.0,1.3018505573272705,1.980907678604126,1.8190243244171143,0.5171737670898438,0.6790571212768555,0.860382080078125,0.801727294921875,0.703216552734375,0.03663567081093788,1.057813048362732
year,NLL,Cov90,0.12,0.1,0.0,0.0,0.4,0.5,2.0,0.85,1.3018505573272705,1.980907678604126,1.5295406579971313,0.22769010066986084,0.6790571212768555,0.860382080078125,0.81854248046875,0.703216552734375,0.2965984642505646,0.032713551074266434
year,NLL,Cov90,0.12,0.05,0.2,0.2,0.4,0.25,2.0,0.85,1.3018505573272705,1.980907678604126,2.309948444366455,1.0080978870391846,0.6790571212768555,0.860382080078125,0.776092529296875,0.703216552734375,0.0,1.2222404479980469
year,NLL,Cov90,0.12,0.1,0.0,0.1,0.4,0.25,1.0,-1.0,1.3018505573272705,1.980907678604126,1.9688820838928223,0.6670315265655518,0.6790571212768555,0.860382080078125,0.788330078125,0.703216552734375,0.20582634210586548,0.7067946195602417
year,NLL,Cov90,0.12,0.05,0.2,0.2,0.4,0.5,1.0,-1.0,1.3018505573272705,1.980907678604126,1.5317950248718262,0.22994446754455566,0.6790571212768555,0.860382080078125,0.82366943359375,0.703216552734375,0.10797195136547089,0.9174043536186218
year,NLL,Cov90,0.12,0.1,0.0,0.1,0.4,0.25,1.0,0.85,1.3018505573272705,1.980907678604126,2.1368439197540283,0.8349933624267578,0.6790571212768555,0.860382080078125,0.787384033203125,0.703216552734375,0.017989173531532288,0.6934962272644043
year,NLL,Cov90,0.12,0.05,0.2,0.2,0.4,0.5,1.0,0.85,1.3018505573272705,1.980907678604126,1.857928991317749,0.5560784339904785,0.6790571212768555,0.860382080078125,0.8138427734375,0.703216552734375,0.005135885905474424,0.984063446521759
year,NLL,Cov90,0.12,0.1,0.0,0.1,0.4,0.25,2.0,-1.0,1.3018505573272705,1.980907678604126,2.0944557189941406,0.7926051616668701,0.6790571212768555,0.860382080078125,0.782012939453125,0.703216552734375,0.10448844730854034,0.7175413966178894
year,NLL,Cov90,0.12,0.05,0.2,0.2,0.4,0.5,2.0,-1.0,1.3018505573272705,1.980907678604126,1.7037630081176758,0.4019124507904053,0.6790571212768555,0.860382080078125,0.81646728515625,0.703216552734375,0.044697389006614685,0.9690667390823364
year,NLL,Cov90,0.12,0.1,0.0,0.1,0.4,0.25,2.0,0.85,1.3018505573272705,1.980907678604126,2.172762155532837,0.8709115982055664,0.6790571212768555,0.860382080078125,0.785247802734375,0.703216552734375,0.0053526293486356735,0.6935504674911499
year,NLL,Cov90,0.12,0.05,0.2,0.2,0.4,0.5,2.0,0.85,1.3018505573272705,1.980907678604126,1.9964888095855713,0.6946382522583008,0.6790571212768555,0.860382080078125,0.80145263671875,0.703216552734375,0.0,1.1491813659667969
year,NLL,Cov90,0.12,0.1,0.0,0.1,0.4,0.5,1.0,-1.0,1.3018505573272705,1.980907678604126,1.7139424085617065,0.41209185123443604,0.6790571212768555,0.860382080078125,0.8109130859375,0.703216552734375,0.23637808859348297,0.623877763748169
year,NLL,Cov90,0.12,0.1,0.0,0.0,0.4,0.25,1.0,-1.0,1.3018505573272705,1.980907678604126,1.8136709928512573,0.5118204355239868,0.6790571212768555,0.860382080078125,0.78924560546875,0.703216552734375,0.7681001424789429,0.03789383918046951
year,NLL,Cov90,0.12,0.1,0.0,0.1,0.4,0.5,1.0,0.85,1.3018505573272705,1.980907678604126,1.7413679361343384,0.43951737880706787,0.6790571212768555,0.860382080078125,0.817047119140625,0.703216552734375,0.02666153758764267,0.6050652265548706
year,NLL,Cov90,0.12,0.1,0.0,0.0,0.4,0.25,1.0,0.85,1.3018505573272705,1.980907678604126,1.8678656816482544,0.5660151243209839,0.6790571212768555,0.860382080078125,0.786407470703125,0.703216552734375,0.43943214416503906,0.037976235151290894
year,NLL,Cov90,0.12,0.1,0.0,0.1,0.4,0.5,2.0,-1.0,1.3018505573272705,1.980907678604126,1.7713193893432617,0.4694688320159912,0.6790571212768555,0.860382080078125,0.80712890625,0.703216552734375,0.1254652440547943,0.640882134437561
year,NLL,Cov90,0.12,0.1,0.0,0.0,0.4,0.25,2.0,-1.0,1.3018505573272705,1.980907678604126,1.8014891147613525,0.49963855743408203,0.6790571212768555,0.860382080078125,0.79083251953125,0.703216552734375,0.6285873651504517,0.0381225124001503
year,NLL,Cov90,0.12,0.1,0.0,0.1,0.4,0.5,2.0,0.85,1.3018505573272705,1.980907678604126,1.7782785892486572,0.4764280319213867,0.6790571212768555,0.860382080078125,0.808624267578125,0.703216552734375,0.008967102505266666,0.6079621911048889
year,NLL,Cov90,0.12,0.1,0.0,0.0,0.4,0.25,2.0,0.85,1.3018505573272705,1.980907678604126,1.6765469312667847,0.37469637393951416,0.6790571212768555,0.860382080078125,0.79913330078125,0.703216552734375,0.23591578006744385,0.037691108882427216
year,NLL,Cov90,0.12,0.1,0.0,0.2,0.4,0.25,1.0,-1.0,1.3018505573272705,1.980907678604126,1.8575786352157593,0.5557280778884888,0.6790571212768555,0.860382080078125,0.805206298828125,0.703216552734375,0.10261115431785583,1.103169560432434
year,NLL,Cov90,0.12,0.1,0.0,0.0,0.4,0.5,1.0,-1.0,1.3018505573272705,1.980907678604126,1.5206923484802246,0.2188417911529541,0.6790571212768555,0.860382080078125,0.818115234375,0.703216552734375,0.7967897057533264,0.03203403949737549
year,NLL,Cov90,0.12,0.1,0.0,0.2,0.4,0.25,1.0,0.85,1.3018505573272705,1.980907678604126,2.2093403339385986,0.9074897766113281,0.6790571212768555,0.860382080078125,0.784942626953125,0.703216552734375,0.0068020266480743885,1.091271996498108
year,NLL,Cov90,0.12,0.1,0.0,0.0,0.4,0.5,1.0,0.85,1.3018505573272705,1.980907678604126,1.591601848602295,0.2897512912750244,0.6790571212768555,0.860382080078125,0.808319091796875,0.703216552734375,0.4670885503292084,0.03458906710147858
year,NLL,Cov90,0.12,0.1,0.0,0.2,0.4,0.25,2.0,-1.0,1.3018505573272705,1.980907678604126,2.021519184112549,0.7196686267852783,0.6790571212768555,0.860382080078125,0.79833984375,0.703216552734375,0.04583558812737465,1.1276564598083496
year,NLL,Cov90,0.12,0.1,0.0,0.0,0.4,0.5,2.0,-1.0,1.3018505573272705,1.980907678604126,1.5859980583190918,0.2841475009918213,0.6790571212768555,0.860382080078125,0.809783935546875,0.703216552734375,0.65934157371521,0.033518943935632706
year,NLL,Cov90,0.12,0.1,0.0,0.2,0.4,0.25,2.0,0.85,1.3018505573272705,1.980907678604126,2.2026867866516113,0.9008362293243408,0.6790571212768555,0.860382080078125,0.776519775390625,0.703216552734375,0.0,1.0975184440612793
year,NLL,Cov90,0.12,0.1,0.0,0.0,0.4,0.5,2.0,0.85,1.3018505573272705,1.980907678604126,1.5295406579971313,0.22769010066986084,0.6790571212768555,0.860382080078125,0.81854248046875,0.703216552734375,0.2965984642505646,0.032713551074266434
year,NLL,Cov90,0.12,0.1,0.0,0.2,0.4,0.5,1.0,-1.0,1.3018505573272705,1.980907678604126,1.6580557823181152,0.3562052249908447,0.6790571212768555,0.860382080078125,0.825042724609375,0.703216552734375,0.12559103965759277,0.9706785678863525
year,NLL,Cov90,0.12,0.1,0.0,0.1,0.4,0.25,1.0,-1.0,1.3018505573272705,1.980907678604126,1.9688820838928223,0.6670315265655518,0.6790571212768555,0.860382080078125,0.788330078125,0.703216552734375,0.20582634210586548,0.7067946195602417
year,NLL,Cov90,0.12,0.1,0.0,0.2,0.4,0.5,1.0,0.85,1.3018505573272705,1.980907678604126,1.7822624444961548,0.4804118871688843,0.6790571212768555,0.860382080078125,0.8236083984375,0.703216552734375,0.007107213139533997,0.9587754011154175
year,NLL,Cov90,0.12,0.1,0.0,0.1,0.4,0.25,1.0,0.85,1.3018505573272705,1.980907678604126,2.1368439197540283,0.8349933624267578,0.6790571212768555,0.860382080078125,0.787384033203125,0.703216552734375,0.017989173531532288,0.6934962272644043
year,NLL,Cov90,0.12,0.1,0.0,0.2,0.4,0.5,2.0,-1.0,1.3018505573272705,1.980907678604126,1.7655024528503418,0.4636518955230713,0.6790571212768555,0.860382080078125,0.8179931640625,0.703216552734375,0.05970592796802521,1.0038570165634155
year,NLL,Cov90,0.12,0.1,0.0,0.1,0.4,0.25,2.0,-1.0,1.3018505573272705,1.980907678604126,2.0944557189941406,0.7926051616668701,0.6790571212768555,0.860382080078125,0.782012939453125,0.703216552734375,0.10448844730854034,0.7175413966178894
year,NLL,Cov90,0.12,0.1,0.0,0.2,0.4,0.5,2.0,0.85,1.3018505573272705,1.980907678604126,1.9619141817092896,0.660063624382019,0.6790571212768555,0.860382080078125,0.805908203125,0.703216552734375,0.0,0.9810680150985718
year,NLL,Cov90,0.12,0.1,0.0,0.1,0.4,0.25,2.0,0.85,1.3018505573272705,1.980907678604126,2.172762155532837,0.8709115982055664,0.6790571212768555,0.860382080078125,0.785247802734375,0.703216552734375,0.0053526293486356735,0.6935504674911499
year,NLL,Cov90,0.12,0.1,0.1,0.0,0.4,0.25,1.0,-1.0,1.3018505573272705,1.980907678604126,1.8057384490966797,0.5038878917694092,0.6790571212768555,0.860382080078125,0.78607177734375,0.703216552734375,0.34687739610671997,0.32151496410369873
year,NLL,Cov90,0.12,0.1,0.0,0.1,0.4,0.5,1.0,-1.0,1.3018505573272705,1.980907678604126,1.7139424085617065,0.41209185123443604,0.6790571212768555,0.860382080078125,0.8109130859375,0.703216552734375,0.23637808859348297,0.623877763748169
year,NLL,Cov90,0.12,0.1,0.1,0.0,0.4,0.25,1.0,0.85,1.3018505573272705,1.980907678604126,1.7283233404159546,0.4264727830886841,0.6790571212768555,0.860382080078125,0.80535888671875,0.703216552734375,0.04786122962832451,0.32359635829925537
year,NLL,Cov90,0.12,0.1,0.0,0.1,0.4,0.5,1.0,0.85,1.3018505573272705,1.980907678604126,1.7413679361343384,0.43951737880706787,0.6790571212768555,0.860382080078125,0.817047119140625,0.703216552734375,0.02666153758764267,0.6050652265548706
year,NLL,Cov90,0.12,0.1,0.1,0.0,0.4,0.25,2.0,-1.0,1.3018505573272705,1.980907678604126,1.850965976715088,0.5491154193878174,0.6790571212768555,0.860382080078125,0.785614013671875,0.703216552734375,0.20958329737186432,0.32124263048171997
year,NLL,Cov90,0.12,0.1,0.0,0.1,0.4,0.5,2.0,-1.0,1.3018505573272705,1.980907678604126,1.7713193893432617,0.4694688320159912,0.6790571212768555,0.860382080078125,0.80712890625,0.703216552734375,0.1254652440547943,0.640882134437561
year,NLL,Cov90,0.12,0.1,0.1,0.0,0.4,0.25,2.0,0.85,1.3018505573272705,1.980907678604126,2.0596346855163574,0.7577841281890869,0.6790571212768555,0.860382080078125,0.78497314453125,0.703216552734375,0.017386235296726227,0.3250289261341095
year,NLL,Cov90,0.12,0.1,0.0,0.1,0.4,0.5,2.0,0.85,1.3018505573272705,1.980907678604126,1.7782785892486572,0.4764280319213867,0.6790571212768555,0.860382080078125,0.808624267578125,0.703216552734375,0.008967102505266666,0.6079621911048889
year,NLL,Cov90,0.12,0.1,0.1,0.0,0.4,0.5,1.0,-1.0,1.3018505573272705,1.980907678604126,1.6409368515014648,0.33908629417419434,0.6790571212768555,0.860382080078125,0.809051513671875,0.703216552734375,0.37868252396583557,0.28043133020401
year,NLL,Cov90,0.12,0.1,0.0,0.2,0.4,0.25,1.0,-1.0,1.3018505573272705,1.980907678604126,1.8575786352157593,0.5557280778884888,0.6790571212768555,0.860382080078125,0.805206298828125,0.703216552734375,0.10261115431785583,1.103169560432434
year,NLL,Cov90,0.12,0.1,0.1,0.0,0.4,0.5,1.0,0.85,1.3018505573272705,1.980907678604126,1.625430703163147,0.32358014583587646,0.6790571212768555,0.860382080078125,0.825836181640625,0.703216552734375,0.06406641006469727,0.28913065791130066
year,NLL,Cov90,0.12,0.1,0.0,0.2,0.4,0.25,1.0,0.85,1.3018505573272705,1.980907678604126,2.2093403339385986,0.9074897766113281,0.6790571212768555,0.860382080078125,0.784942626953125,0.703216552734375,0.0068020266480743885,1.091271996498108
year,NLL,Cov90,0.12,0.1,0.1,0.0,0.4,0.5,2.0,-1.0,1.3018505573272705,1.980907678604126,1.7161140441894531,0.4142634868621826,0.6790571212768555,0.860382080078125,0.80291748046875,0.703216552734375,0.23399120569229126,0.2864503860473633
year,NLL,Cov90,0.12,0.1,0.0,0.2,0.4,0.25,2.0,-1.0,1.3018505573272705,1.980907678604126,2.021519184112549,0.7196686267852783,0.6790571212768555,0.860382080078125,0.79833984375,0.703216552734375,0.04583558812737465,1.1276564598083496
year,NLL,Cov90,0.12,0.1,0.1,0.0,0.4,0.5,2.0,0.85,1.3018505573272705,1.980907678604126,1.8352910280227661,0.5334404706954956,0.6790571212768555,0.860382080078125,0.803680419921875,0.703216552734375,0.023183152079582214,0.2932107448577881
year,NLL,Cov90,0.12,0.1,0.0,0.2,0.4,0.25,2.0,0.85,1.3018505573272705,1.980907678604126,2.2026867866516113,0.9008362293243408,0.6790571212768555,0.860382080078125,0.776519775390625,0.703216552734375,0.0,1.0975184440612793
year,NLL,Cov90,0.12,0.1,0.1,0.1,0.4,0.25,1.0,-1.0,1.3018505573272705,1.980907678604126,1.815330982208252,0.5134804248809814,0.6790571212768555,0.860382080078125,0.798736572265625,0.703216552734375,0.16613437235355377,0.6978416442871094
year,NLL,Cov90,0.12,0.1,0.0,0.2,0.4,0.5,1.0,-1.0,1.3018505573272705,1.980907678604126,1.6580557823181152,0.3562052249908447,0.6790571212768555,0.860382080078125,0.825042724609375,0.703216552734375,0.12559103965759277,0.9706785678863525
year,NLL,Cov90,0.12,0.1,0.1,0.1,0.4,0.25,1.0,0.85,1.3018505573272705,1.980907678604126,1.7125353813171387,0.41068482398986816,0.6790571212768555,0.860382080078125,0.8067626953125,0.703216552734375,0.013954373076558113,0.6942072510719299
year,NLL,Cov90,0.12,0.1,0.0,0.2,0.4,0.5,1.0,0.85,1.3018505573272705,1.980907678604126,1.7822624444961548,0.4804118871688843,0.6790571212768555,0.860382080078125,0.8236083984375,0.703216552734375,0.007107213139533997,0.9587754011154175
year,NLL,Cov90,0.12,0.1,0.1,0.1,0.4,0.25,2.0,-1.0,1.3018505573272705,1.980907678604126,1.9019864797592163,0.6001359224319458,0.6790571212768555,0.860382080078125,0.792877197265625,0.703216552734375,0.07770994305610657,0.7123424410820007
year,NLL,Cov90,0.12,0.1,0.0,0.2,0.4,0.5,2.0,-1.0,1.3018505573272705,1.980907678604126,1.7655024528503418,0.4636518955230713,0.6790571212768555,0.860382080078125,0.8179931640625,0.703216552734375,0.05970592796802521,1.0038570165634155
year,NLL,Cov90,0.12,0.1,0.1,0.1,0.4,0.25,2.0,0.85,1.3018505573272705,1.980907678604126,1.7716917991638184,0.46984124183654785,0.6790571212768555,0.860382080078125,0.824676513671875,0.703216552734375,0.005172123666852713,0.665314257144928
year,NLL,Cov90,0.12,0.1,0.0,0.2,0.4,0.5,2.0,0.85,1.3018505573272705,1.980907678604126,1.9619141817092896,0.660063624382019,0.6790571212768555,0.860382080078125,0.805908203125,0.703216552734375,0.0,0.9810680150985718
year,NLL,Cov90,0.12,0.1,0.1,0.1,0.4,0.5,1.0,-1.0,1.3018505573272705,1.980907678604126,1.604690670967102,0.30284011363983154,0.6790571212768555,0.860382080078125,0.815704345703125,0.703216552734375,0.193106010556221,0.6100414395332336
year,NLL,Cov90,0.12,0.1,0.1,0.0,0.4,0.25,1.0,-1.0,1.3018505573272705,1.980907678604126,1.8057384490966797,0.5038878917694092,0.6790571212768555,0.860382080078125,0.78607177734375,0.703216552734375,0.34687739610671997,0.32151496410369873
year,NLL,Cov90,0.12,0.1,0.1,0.1,0.4,0.5,1.0,0.85,1.3018505573272705,1.980907678604126,1.5300288200378418,0.2281782627105713,0.6790571212768555,0.860382080078125,0.826507568359375,0.703216552734375,0.019117051735520363,0.6370927095413208
year,NLL,Cov90,0.12,0.1,0.1,0.0,0.4,0.25,1.0,0.85,1.3018505573272705,1.980907678604126,1.7283233404159546,0.4264727830886841,0.6790571212768555,0.860382080078125,0.80535888671875,0.703216552734375,0.04786122962832451,0.32359635829925537
year,NLL,Cov90,0.12,0.1,0.1,0.1,0.4,0.5,2.0,-1.0,1.3018505573272705,1.980907678604126,1.6601858139038086,0.3583352565765381,0.6790571212768555,0.860382080078125,0.812255859375,0.703216552734375,0.09528224170207977,0.6321542859077454
year,NLL,Cov90,0.12,0.1,0.1,0.0,0.4,0.25,2.0,-1.0,1.3018505573272705,1.980907678604126,1.850965976715088,0.5491154193878174,0.6790571212768555,0.860382080078125,0.785614013671875,0.703216552734375,0.20958329737186432,0.32124263048171997
year,NLL,Cov90,0.12,0.1,0.1,0.1,0.4,0.5,2.0,0.85,1.3018505573272705,1.980907678604126,1.5711255073547363,0.2692749500274658,0.6790571212768555,0.860382080078125,0.835235595703125,0.703216552734375,0.003616191213950515,0.6058926582336426
year,NLL,Cov90,0.12,0.1,0.1,0.0,0.4,0.25,2.0,0.85,1.3018505573272705,1.980907678604126,2.0596346855163574,0.7577841281890869,0.6790571212768555,0.860382080078125,0.78497314453125,0.703216552734375,0.017386235296726227,0.3250289261341095
year,NLL,Cov90,0.12,0.1,0.1,0.2,0.4,0.25,1.0,-1.0,1.3018505573272705,1.980907678604126,1.8110771179199219,0.5092265605926514,0.6790571212768555,0.860382080078125,0.802276611328125,0.703216552734375,0.09791374951601028,1.0117573738098145
year,NLL,Cov90,0.12,0.1,0.1,0.0,0.4,0.5,1.0,-1.0,1.3018505573272705,1.980907678604126,1.6409368515014648,0.33908629417419434,0.6790571212768555,0.860382080078125,0.809051513671875,0.703216552734375,0.37868252396583557,0.28043133020401
year,NLL,Cov90,0.12,0.1,0.1,0.2,0.4,0.25,1.0,0.85,1.3018505573272705,1.980907678604126,1.869534969329834,0.5676844120025635,0.6790571212768555,0.860382080078125,0.81488037109375,0.703216552734375,0.005099218338727951,1.0198311805725098
year,NLL,Cov90,0.12,0.1,0.1,0.0,0.4,0.5,1.0,0.85,1.3018505573272705,1.980907678604126,1.625430703163147,0.32358014583587646,0.6790571212768555,0.860382080078125,0.825836181640625,0.703216552734375,0.06406641006469727,0.28913065791130066
year,NLL,Cov90,0.12,0.1,0.1,0.2,0.4,0.25,2.0,-1.0,1.3018505573272705,1.980907678604126,1.888274073600769,0.5864235162734985,0.6790571212768555,0.860382080078125,0.798095703125,0.703216552734375,0.04211331531405449,1.0434054136276245
year,NLL,Cov90,0.12,0.1,0.1,0.0,0.4,0.5,2.0,-1.0,1.3018505573272705,1.980907678604126,1.7161140441894531,0.4142634868621826,0.6790571212768555,0.860382080078125,0.80291748046875,0.703216552734375,0.23399120569229126,0.2864503860473633
year,NLL,Cov90,0.12,0.1,0.1,0.2,0.4,0.25,2.0,0.85,1.3018505573272705,1.980907678604126,2.3559134006500244,1.054062843322754,0.6790571212768555,0.860382080078125,0.76800537109375,0.703216552734375,0.0,1.068222165107727
year,NLL,Cov90,0.12,0.1,0.1,0.0,0.4,0.5,2.0,0.85,1.3018505573272705,1.980907678604126,1.8352910280227661,0.5334404706954956,0.6790571212768555,0.860382080078125,0.803680419921875,0.703216552734375,0.023183152079582214,0.2932107448577881
year,NLL,Cov90,0.12,0.1,0.1,0.2,0.4,0.5,1.0,-1.0,1.3018505573272705,1.980907678604126,1.5713095664978027,0.2694590091705322,0.6790571212768555,0.860382080078125,0.82666015625,0.703216552734375,0.1155875027179718,0.8804631233215332
year,NLL,Cov90,0.12,0.1,0.1,0.1,0.4,0.25,1.0,-1.0,1.3018505573272705,1.980907678604126,1.815330982208252,0.5134804248809814,0.6790571212768555,0.860382080078125,0.798736572265625,0.703216552734375,0.16613437235355377,0.6978416442871094
year,NLL,Cov90,0.12,0.1,0.1,0.2,0.4,0.5,1.0,0.85,1.3018505573272705,1.980907678604126,1.652327537536621,0.3504769802093506,0.6790571212768555,0.860382080078125,0.8370361328125,0.703216552734375,0.001774579519405961,0.9393132925033569
year,NLL,Cov90,0.12,0.1,0.1,0.1,0.4,0.25,1.0,0.85,1.3018505573272705,1.980907678604126,1.7125353813171387,0.41068482398986816,0.6790571212768555,0.860382080078125,0.8067626953125,0.703216552734375,0.013954373076558113,0.6942072510719299
year,NLL,Cov90,0.12,0.1,0.1,0.2,0.4,0.5,2.0,-1.0,1.3018505573272705,1.980907678604126,1.701484203338623,0.39963364601135254,0.6790571212768555,0.860382080078125,0.819183349609375,0.703216552734375,0.052123647183179855,0.9274198412895203
year,NLL,Cov90,0.12,0.1,0.1,0.1,0.4,0.25,2.0,-1.0,1.3018505573272705,1.980907678604126,1.9019864797592163,0.6001359224319458,0.6790571212768555,0.860382080078125,0.792877197265625,0.703216552734375,0.07770994305610657,0.7123424410820007
year,NLL,Cov90,0.12,0.1,0.1,0.2,0.4,0.5,2.0,0.85,1.3018505573272705,1.980907678604126,2.1169421672821045,0.815091609954834,0.6790571212768555,0.860382080078125,0.80322265625,0.703216552734375,0.0,0.9724407196044922
year,NLL,Cov90,0.12,0.1,0.1,0.1,0.4,0.25,2.0,0.85,1.3018505573272705,1.980907678604126,1.7716917991638184,0.46984124183654785,0.6790571212768555,0.860382080078125,0.824676513671875,0.703216552734375,0.005172123666852713,0.665314257144928
year,NLL,Cov90,0.12,0.1,0.2,0.0,0.4,0.25,1.0,-1.0,1.3018505573272705,1.980907678604126,1.8361061811447144,0.5342556238174438,0.6790571212768555,0.860382080078125,0.784393310546875,0.703216552734375,0.23030981421470642,0.5173265933990479
year,NLL,Cov90,0.12,0.1,0.1,0.1,0.4,0.5,1.0,-1.0,1.3018505573272705,1.980907678604126,1.604690670967102,0.30284011363983154,0.6790571212768555,0.860382080078125,0.815704345703125,0.703216552734375,0.193106010556221,0.6100414395332336
year,NLL,Cov90,0.12,0.1,0.2,0.0,0.4,0.25,1.0,0.85,1.3018505573272705,1.980907678604126,1.917863130569458,0.6160125732421875,0.6790571212768555,0.860382080078125,0.79412841796875,0.703216552734375,0.026035046204924583,0.5368101596832275
year,NLL,Cov90,0.12,0.1,0.1,0.1,0.4,0.5,1.0,0.85,1.3018505573272705,1.980907678604126,1.5300288200378418,0.2281782627105713,0.6790571212768555,0.860382080078125,0.826507568359375,0.703216552734375,0.019117051735520363,0.6370927095413208
year,NLL,Cov90,0.12,0.1,0.2,0.0,0.4,0.25,2.0,-1.0,1.3018505573272705,1.980907678604126,1.84079909324646,0.5389485359191895,0.6790571212768555,0.860382080078125,0.7862548828125,0.703216552734375,0.12585794925689697,0.5257292985916138
year,NLL,Cov90,0.12,0.1,0.1,0.1,0.4,0.5,2.0,-1.0,1.3018505573272705,1.980907678604126,1.6601858139038086,0.3583352565765381,0.6790571212768555,0.860382080078125,0.812255859375,0.703216552734375,0.09528224170207977,0.6321542859077454
year,NLL,Cov90,0.12,0.1,0.2,0.0,0.4,0.25,2.0,0.85,1.3018505573272705,1.980907678604126,2.0526747703552246,0.7508242130279541,0.6790571212768555,0.860382080078125,0.77862548828125,0.703216552734375,0.0070005152374506,0.5238522887229919
year,NLL,Cov90,0.12,0.1,0.1,0.1,0.4,0.5,2.0,0.85,1.3018505573272705,1.980907678604126,1.5711255073547363,0.2692749500274658,0.6790571212768555,0.860382080078125,0.835235595703125,0.703216552734375,0.003616191213950515,0.6058926582336426
year,NLL,Cov90,0.12,0.1,0.2,0.0,0.4,0.5,1.0,-1.0,1.3018505573272705,1.980907678604126,1.5304596424102783,0.2286090850830078,0.6790571212768555,0.860382080078125,0.825897216796875,0.703216552734375,0.26144978404045105,0.44958025217056274
year,NLL,Cov90,0.12,0.1,0.1,0.2,0.4,0.25,1.0,-1.0,1.3018505573272705,1.980907678604126,1.8110771179199219,0.5092265605926514,0.6790571212768555,0.860382080078125,0.802276611328125,0.703216552734375,0.09791374951601028,1.0117573738098145
year,NLL,Cov90,0.12,0.1,0.2,0.0,0.4,0.5,1.0,0.85,1.3018505573272705,1.980907678604126,1.5085570812225342,0.20670652389526367,0.6790571212768555,0.860382080078125,0.839691162109375,0.703216552734375,0.037222810089588165,0.46850207448005676
year,NLL,Cov90,0.12,0.1,0.1,0.2,0.4,0.25,1.0,0.85,1.3018505573272705,1.980907678604126,1.869534969329834,0.5676844120025635,0.6790571212768555,0.860382080078125,0.81488037109375,0.703216552734375,0.005099218338727951,1.0198311805725098
year,NLL,Cov90,0.12,0.1,0.2,0.0,0.4,0.5,2.0,-1.0,1.3018505573272705,1.980907678604126,1.503023624420166,0.2011730670928955,0.6790571212768555,0.860382080078125,0.83038330078125,0.703216552734375,0.14653903245925903,0.46762698888778687
year,NLL,Cov90,0.12,0.1,0.1,0.2,0.4,0.25,2.0,-1.0,1.3018505573272705,1.980907678604126,1.888274073600769,0.5864235162734985,0.6790571212768555,0.860382080078125,0.798095703125,0.703216552734375,0.04211331531405449,1.0434054136276245
year,NLL,Cov90,0.12,0.1,0.2,0.0,0.4,0.5,2.0,0.85,1.3018505573272705,1.980907678604126,1.7720311880111694,0.4701806306838989,0.6790571212768555,0.860382080078125,0.820281982421875,0.703216552734375,0.008748816326260567,0.46188777685165405
year,NLL,Cov90,0.12,0.1,0.1,0.2,0.4,0.25,2.0,0.85,1.3018505573272705,1.980907678604126,2.3559134006500244,1.054062843322754,0.6790571212768555,0.860382080078125,0.76800537109375,0.703216552734375,0.0,1.068222165107727
year,NLL,Cov90,0.12,0.1,0.2,0.1,0.4,0.25,1.0,-1.0,1.3018505573272705,1.980907678604126,1.763702392578125,0.4618518352508545,0.6790571212768555,0.860382080078125,0.798095703125,0.703216552734375,0.12975184619426727,0.8240017890930176
year,NLL,Cov90,0.12,0.1,0.1,0.2,0.4,0.5,1.0,-1.0,1.3018505573272705,1.980907678604126,1.5713095664978027,0.2694590091705322,0.6790571212768555,0.860382080078125,0.82666015625,0.703216552734375,0.1155875027179718,0.8804631233215332
year,NLL,Cov90,0.12,0.1,0.2,0.1,0.4,0.25,1.0,0.85,1.3018505573272705,1.980907678604126,1.876380205154419,0.5745296478271484,0.6790571212768555,0.860382080078125,0.802764892578125,0.703216552734375,0.0036269687116146088,0.8957095146179199
year,NLL,Cov90,0.12,0.1,0.1,0.2,0.4,0.5,1.0,0.85,1.3018505573272705,1.980907678604126,1.652327537536621,0.3504769802093506,0.6790571212768555,0.860382080078125,0.8370361328125,0.703216552734375,0.001774579519405961,0.9393132925033569
year,NLL,Cov90,0.12,0.1,0.2,0.1,0.4,0.25,2.0,-1.0,1.3018505573272705,1.980907678604126,1.8966504335403442,0.5947998762130737,0.6790571212768555,0.860382080078125,0.785675048828125,0.703216552734375,0.05662522464990616,0.8876550197601318
year,NLL,Cov90,0.12,0.1,0.1,0.2,0.4,0.5,2.0,-1.0,1.3018505573272705,1.980907678604126,1.701484203338623,0.39963364601135254,0.6790571212768555,0.860382080078125,0.819183349609375,0.703216552734375,0.052123647183179855,0.9274198412895203
year,NLL,Cov90,0.12,0.1,0.2,0.1,0.4,0.25,2.0,0.85,1.3018505573272705,1.980907678604126,1.8589539527893066,0.5571033954620361,0.6790571212768555,0.860382080078125,0.792877197265625,0.703216552734375,0.0016622476978227496,0.873949408531189
year,NLL,Cov90,0.12,0.1,0.1,0.2,0.4,0.5,2.0,0.85,1.3018505573272705,1.980907678604126,2.1169421672821045,0.815091609954834,0.6790571212768555,0.860382080078125,0.80322265625,0.703216552734375,0.0,0.9724407196044922
year,NLL,Cov90,0.12,0.1,0.2,0.1,0.4,0.5,1.0,-1.0,1.3018505573272705,1.980907678604126,1.6045987606048584,0.3027482032775879,0.6790571212768555,0.860382080078125,0.817626953125,0.703216552734375,0.15341272950172424,0.7238260507583618
year,NLL,Cov90,0.12,0.1,0.2,0.0,0.4,0.25,1.0,-1.0,1.3018505573272705,1.980907678604126,1.8361061811447144,0.5342556238174438,0.6790571212768555,0.860382080078125,0.784393310546875,0.703216552734375,0.23030981421470642,0.5173265933990479
year,NLL,Cov90,0.12,0.1,0.2,0.1,0.4,0.5,1.0,0.85,1.3018505573272705,1.980907678604126,1.8987534046173096,0.5969028472900391,0.6790571212768555,0.860382080078125,0.813323974609375,0.703216552734375,0.00864119827747345,0.7438339591026306
year,NLL,Cov90,0.12,0.1,0.2,0.0,0.4,0.25,1.0,0.85,1.3018505573272705,1.980907678604126,1.917863130569458,0.6160125732421875,0.6790571212768555,0.860382080078125,0.79412841796875,0.703216552734375,0.026035046204924583,0.5368101596832275
year,NLL,Cov90,0.12,0.1,0.2,0.1,0.4,0.5,2.0,-1.0,1.3018505573272705,1.980907678604126,1.7061700820922852,0.40431952476501465,0.6790571212768555,0.860382080078125,0.80364990234375,0.703216552734375,0.07211616635322571,0.7764570713043213
year,NLL,Cov90,0.12,0.1,0.2,0.0,0.4,0.25,2.0,-1.0,1.3018505573272705,1.980907678604126,1.84079909324646,0.5389485359191895,0.6790571212768555,0.860382080078125,0.7862548828125,0.703216552734375,0.12585794925689697,0.5257292985916138
year,NLL,Cov90,0.12,0.1,0.2,0.1,0.4,0.5,2.0,0.85,1.3018505573272705,1.980907678604126,1.6344428062438965,0.332592248916626,0.6790571212768555,0.860382080078125,0.827789306640625,0.703216552734375,0.001711084390990436,0.720345139503479
year,NLL,Cov90,0.12,0.1,0.2,0.0,0.4,0.25,2.0,0.85,1.3018505573272705,1.980907678604126,2.0526747703552246,0.7508242130279541,0.6790571212768555,0.860382080078125,0.77862548828125,0.703216552734375,0.0070005152374506,0.5238522887229919
year,NLL,Cov90,0.12,0.1,0.2,0.2,0.4,0.25,1.0,-1.0,1.3018505573272705,1.980907678604126,1.790334939956665,0.48848438262939453,0.6790571212768555,0.860382080078125,0.80255126953125,0.703216552734375,0.08536873757839203,1.0480623245239258
year,NLL,Cov90,0.12,0.1,0.2,0.0,0.4,0.5,1.0,-1.0,1.3018505573272705,1.980907678604126,1.5304596424102783,0.2286090850830078,0.6790571212768555,0.860382080078125,0.825897216796875,0.703216552734375,0.26144978404045105,0.44958025217056274
year,NLL,Cov90,0.12,0.1,0.2,0.2,0.4,0.25,1.0,0.85,1.3018505573272705,1.980907678604126,1.9295406341552734,0.6276900768280029,0.6790571212768555,0.860382080078125,0.8009033203125,0.703216552734375,0.0017743982607498765,1.1283031702041626
year,NLL,Cov90,0.12,0.1,0.2,0.0,0.4,0.5,1.0,0.85,1.3018505573272705,1.980907678604126,1.5085570812225342,0.20670652389526367,0.6790571212768555,0.860382080078125,0.839691162109375,0.703216552734375,0.037222810089588165,0.46850207448005676
year,NLL,Cov90,0.12,0.1,0.2,0.2,0.4,0.25,2.0,-1.0,1.3018505573272705,1.980907678604126,1.8315542936325073,0.5297037363052368,0.6790571212768555,0.860382080078125,0.801971435546875,0.703216552734375,0.03517588600516319,1.0632418394088745
year,NLL,Cov90,0.12,0.1,0.2,0.0,0.4,0.5,2.0,-1.0,1.3018505573272705,1.980907678604126,1.503023624420166,0.2011730670928955,0.6790571212768555,0.860382080078125,0.83038330078125,0.703216552734375,0.14653903245925903,0.46762698888778687
year,NLL,Cov90,0.12,0.1,0.2,0.2,0.4,0.25,2.0,0.85,1.3018505573272705,1.980907678604126,1.9300717115402222,0.6282211542129517,0.6790571212768555,0.860382080078125,0.78839111328125,0.703216552734375,0.0,1.192557454109192
year,NLL,Cov90,0.12,0.1,0.2,0.0,0.4,0.5,2.0,0.85,1.3018505573272705,1.980907678604126,1.7720311880111694,0.4701806306838989,0.6790571212768555,0.860382080078125,0.820281982421875,0.703216552734375,0.008748816326260567,0.46188777685165405
year,NLL,Cov90,0.12,0.1,0.2,0.2,0.4,0.5,1.0,-1.0,1.3018505573272705,1.980907678604126,1.5219523906707764,0.22010183334350586,0.6790571212768555,0.860382080078125,0.827972412109375,0.703216552734375,0.1050323098897934,0.9308062791824341
year,NLL,Cov90,0.12,0.1,0.2,0.1,0.4,0.25,1.0,-1.0,1.3018505573272705,1.980907678604126,1.763702392578125,0.4618518352508545,0.6790571212768555,0.860382080078125,0.798095703125,0.703216552734375,0.12975184619426727,0.8240017890930176
year,NLL,Cov90,0.12,0.1,0.2,0.2,0.4,0.5,1.0,0.85,1.3018505573272705,1.980907678604126,1.7029143571853638,0.40106379985809326,0.6790571212768555,0.860382080078125,0.83343505859375,0.703216552734375,0.0,1.00376296043396
year,NLL,Cov90,0.12,0.1,0.2,0.1,0.4,0.25,1.0,0.85,1.3018505573272705,1.980907678604126,1.876380205154419,0.5745296478271484,0.6790571212768555,0.860382080078125,0.802764892578125,0.703216552734375,0.0036269687116146088,0.8957095146179199
year,NLL,Cov90,0.12,0.1,0.2,0.2,0.4,0.5,2.0,-1.0,1.3018505573272705,1.980907678604126,1.6463671922683716,0.3445166349411011,0.6790571212768555,0.860382080078125,0.826202392578125,0.703216552734375,0.04462266340851784,0.9719513654708862
year,NLL,Cov90,0.12,0.1,0.2,0.1,0.4,0.25,2.0,-1.0,1.3018505573272705,1.980907678604126,1.8966504335403442,0.5947998762130737,0.6790571212768555,0.860382080078125,0.785675048828125,0.703216552734375,0.05662522464990616,0.8876550197601318
year,NLL,Cov90,0.12,0.1,0.2,0.2,0.4,0.5,2.0,0.85,1.3018505573272705,1.980907678604126,2.244931221008301,0.9430806636810303,0.6790571212768555,0.860382080078125,0.795166015625,0.703216552734375,0.0,1.1513609886169434
year,NLL,Cov90,0.12,0.1,0.2,0.1,0.4,0.25,2.0,0.85,1.3018505573272705,1.980907678604126,1.8589539527893066,0.5571033954620361,0.6790571212768555,0.860382080078125,0.792877197265625,0.703216552734375,0.0016622476978227496,0.873949408531189
year,NLL,Cov90,0.18,0.02,0.0,0.0,0.4,0.25,1.0,-1.0,1.3018505573272705,1.980907678604126,1.7748035192489624,0.4729529619216919,0.6790571212768555,0.860382080078125,0.78717041015625,0.703216552734375,0.9917882084846497,0.0014921636320650578
year,NLL,Cov90,0.12,0.1,0.2,0.1,0.4,0.5,1.0,-1.0,1.3018505573272705,1.980907678604126,1.6045987606048584,0.3027482032775879,0.6790571212768555,0.860382080078125,0.817626953125,0.703216552734375,0.15341272950172424,0.7238260507583618
year,NLL,Cov90,0.18,0.02,0.0,0.0,0.4,0.25,1.0,0.85,1.3018505573272705,1.980907678604126,1.7692875862121582,0.4674370288848877,0.6790571212768555,0.860382080078125,0.78851318359375,0.703216552734375,0.9918009042739868,0.0014898856170475483
year,NLL,Cov90,0.12,0.1,0.2,0.1,0.4,0.5,1.0,0.85,1.3018505573272705,1.980907678604126,1.8987534046173096,0.5969028472900391,0.6790571212768555,0.860382080078125,0.813323974609375,0.703216552734375,0.00864119827747345,0.7438339591026306
year,NLL,Cov90,0.18,0.02,0.0,0.0,0.4,0.25,2.0,-1.0,1.3018505573272705,1.980907678604126,1.7617417573928833,0.4598912000656128,0.6790571212768555,0.860382080078125,0.7880859375,0.703216552734375,0.9838905334472656,0.001477106474339962
year,NLL,Cov90,0.18,0.02,0.0,0.0,0.4,0.25,2.0,0.85,1.3018505573272705,1.980907678604126,1.7511076927185059,0.44925713539123535,0.6790571212768555,0.860382080078125,0.789825439453125,0.703216552734375,0.9837354421615601,0.0014916466316208243
year,NLL,Cov90,0.12,0.1,0.2,0.1,0.4,0.5,2.0,-1.0,1.3018505573272705,1.980907678604126,1.7061700820922852,0.40431952476501465,0.6790571212768555,0.860382080078125,0.80364990234375,0.703216552734375,0.07211616635322571,0.7764570713043213
year,NLL,Cov90,0.18,0.02,0.0,0.0,0.4,0.5,1.0,-1.0,1.3018505573272705,1.980907678604126,1.5177454948425293,0.2158949375152588,0.6790571212768555,0.860382080078125,0.811065673828125,0.703216552734375,0.9927786588668823,0.0013111624866724014
year,NLL,Cov90,0.12,0.1,0.2,0.1,0.4,0.5,2.0,0.85,1.3018505573272705,1.980907678604126,1.6344428062438965,0.332592248916626,0.6790571212768555,0.860382080078125,0.827789306640625,0.703216552734375,0.001711084390990436,0.720345139503479
year,NLL,Cov90,0.18,0.02,0.0,0.0,0.4,0.5,1.0,0.85,1.3018505573272705,1.980907678604126,1.4781546592712402,0.17630410194396973,0.6790571212768555,0.860382080078125,0.8170166015625,0.703216552734375,0.9927833080291748,0.0013103375677019358
year,NLL,Cov90,0.12,0.1,0.2,0.2,0.4,0.25,1.0,-1.0,1.3018505573272705,1.980907678604126,1.790334939956665,0.48848438262939453,0.6790571212768555,0.860382080078125,0.80255126953125,0.703216552734375,0.08536873757839203,1.0480623245239258
year,NLL,Cov90,0.18,0.02,0.0,0.0,0.4,0.5,2.0,-1.0,1.3018505573272705,1.980907678604126,1.509723424911499,0.20787286758422852,0.6790571212768555,0.860382080078125,0.81597900390625,0.703216552734375,0.9856396913528442,0.001314704306423664
year,NLL,Cov90,0.12,0.1,0.2,0.2,0.4,0.25,1.0,0.85,1.3018505573272705,1.980907678604126,1.9295406341552734,0.6276900768280029,0.6790571212768555,0.860382080078125,0.8009033203125,0.703216552734375,0.0017743982607498765,1.1283031702041626
year,NLL,Cov90,0.18,0.02,0.0,0.0,0.4,0.5,2.0,0.85,1.3018505573272705,1.980907678604126,1.4929616451263428,0.19111108779907227,0.6790571212768555,0.860382080078125,0.8170166015625,0.703216552734375,0.9856619238853455,0.001312570064328611
year,NLL,Cov90,0.12,0.1,0.2,0.2,0.4,0.25,2.0,-1.0,1.3018505573272705,1.980907678604126,1.8315542936325073,0.5297037363052368,0.6790571212768555,0.860382080078125,0.801971435546875,0.703216552734375,0.03517588600516319,1.0632418394088745
year,NLL,Cov90,0.18,0.02,0.0,0.1,0.4,0.25,1.0,-1.0,1.3018505573272705,1.980907678604126,1.8645082712173462,0.5626577138900757,0.6790571212768555,0.860382080078125,0.79095458984375,0.703216552734375,0.3065599799156189,0.6655816435813904
year,NLL,Cov90,0.12,0.1,0.2,0.2,0.4,0.25,2.0,0.85,1.3018505573272705,1.980907678604126,1.9300717115402222,0.6282211542129517,0.6790571212768555,0.860382080078125,0.78839111328125,0.703216552734375,0.0,1.192557454109192
year,NLL,Cov90,0.18,0.02,0.0,0.1,0.4,0.25,1.0,0.85,1.3018505573272705,1.980907678604126,2.2060747146606445,0.904224157333374,0.6790571212768555,0.860382080078125,0.782989501953125,0.703216552734375,0.0583019033074379,0.6979011297225952
year,NLL,Cov90,0.12,0.1,0.2,0.2,0.4,0.5,1.0,-1.0,1.3018505573272705,1.980907678604126,1.5219523906707764,0.22010183334350586,0.6790571212768555,0.860382080078125,0.827972412109375,0.703216552734375,0.1050323098897934,0.9308062791824341
year,NLL,Cov90,0.18,0.02,0.0,0.1,0.4,0.25,2.0,-1.0,1.3018505573272705,1.980907678604126,1.943084716796875,0.6412341594696045,0.6790571212768555,0.860382080078125,0.78997802734375,0.703216552734375,0.17870263755321503,0.6843608617782593
year,NLL,Cov90,0.12,0.1,0.2,0.2,0.4,0.5,1.0,0.85,1.3018505573272705,1.980907678604126,1.7029143571853638,0.40106379985809326,0.6790571212768555,0.860382080078125,0.83343505859375,0.703216552734375,0.0,1.00376296043396
year,NLL,Cov90,0.18,0.02,0.0,0.1,0.4,0.25,2.0,0.85,1.3018505573272705,1.980907678604126,2.1768624782562256,0.8750119209289551,0.6790571212768555,0.860382080078125,0.787841796875,0.703216552734375,0.021103881299495697,0.6652930974960327
year,NLL,Cov90,0.12,0.1,0.2,0.2,0.4,0.5,2.0,-1.0,1.3018505573272705,1.980907678604126,1.6463671922683716,0.3445166349411011,0.6790571212768555,0.860382080078125,0.826202392578125,0.703216552734375,0.04462266340851784,0.9719513654708862
year,NLL,Cov90,0.18,0.02,0.0,0.1,0.4,0.5,1.0,-1.0,1.3018505573272705,1.980907678604126,1.6690794229507446,0.3672288656234741,0.6790571212768555,0.860382080078125,0.815093994140625,0.703216552734375,0.339181512594223,0.5840197801589966
year,NLL,Cov90,0.12,0.1,0.2,0.2,0.4,0.5,2.0,0.85,1.3018505573272705,1.980907678604126,2.244931221008301,0.9430806636810303,0.6790571212768555,0.860382080078125,0.795166015625,0.703216552734375,0.0,1.1513609886169434
year,NLL,Cov90,0.18,0.02,0.0,0.1,0.4,0.5,1.0,0.85,1.3018505573272705,1.980907678604126,1.9312589168548584,0.6294083595275879,0.6790571212768555,0.860382080078125,0.8057861328125,0.703216552734375,0.06773975491523743,0.6076831221580505
year,NLL,Cov90,0.18,0.02,0.0,0.0,0.4,0.25,1.0,-1.0,1.3018505573272705,1.980907678604126,1.7748035192489624,0.4729529619216919,0.6790571212768555,0.860382080078125,0.78717041015625,0.703216552734375,0.9917882084846497,0.0014921636320650578
year,NLL,Cov90,0.18,0.02,0.0,0.1,0.4,0.5,2.0,-1.0,1.3018505573272705,1.980907678604126,1.811061143875122,0.5092105865478516,0.6790571212768555,0.860382080078125,0.804595947265625,0.703216552734375,0.20711976289749146,0.5989571809768677
year,NLL,Cov90,0.18,0.02,0.0,0.0,0.4,0.25,1.0,0.85,1.3018505573272705,1.980907678604126,1.7692875862121582,0.4674370288848877,0.6790571212768555,0.860382080078125,0.78851318359375,0.703216552734375,0.9918009042739868,0.0014898856170475483
year,NLL,Cov90,0.18,0.02,0.0,0.1,0.4,0.5,2.0,0.85,1.3018505573272705,1.980907678604126,2.0765585899353027,0.7747080326080322,0.6790571212768555,0.860382080078125,0.80340576171875,0.703216552734375,0.021213389933109283,0.5894349217414856
year,NLL,Cov90,0.18,0.02,0.0,0.0,0.4,0.25,2.0,-1.0,1.3018505573272705,1.980907678604126,1.7617417573928833,0.4598912000656128,0.6790571212768555,0.860382080078125,0.7880859375,0.703216552734375,0.9838905334472656,0.001477106474339962
year,NLL,Cov90,0.18,0.02,0.0,0.2,0.4,0.25,1.0,-1.0,1.3018505573272705,1.980907678604126,1.826973795890808,0.5251232385635376,0.6790571212768555,0.860382080078125,0.807647705078125,0.703216552734375,0.16451069712638855,1.0599937438964844
year,NLL,Cov90,0.18,0.02,0.0,0.0,0.4,0.25,2.0,0.85,1.3018505573272705,1.980907678604126,1.7511076927185059,0.44925713539123535,0.6790571212768555,0.860382080078125,0.789825439453125,0.703216552734375,0.9837354421615601,0.0014916466316208243
year,NLL,Cov90,0.18,0.02,0.0,0.2,0.4,0.25,1.0,0.85,1.3018505573272705,1.980907678604126,2.158912181854248,0.8570616245269775,0.6790571212768555,0.860382080078125,0.792327880859375,0.703216552734375,0.024233870208263397,1.0927720069885254
year,NLL,Cov90,0.18,0.02,0.0,0.0,0.4,0.5,1.0,-1.0,1.3018505573272705,1.980907678604126,1.5177454948425293,0.2158949375152588,0.6790571212768555,0.860382080078125,0.811065673828125,0.703216552734375,0.9927786588668823,0.0013111624866724014
year,NLL,Cov90,0.18,0.02,0.0,0.2,0.4,0.25,2.0,-1.0,1.3018505573272705,1.980907678604126,1.8924309015274048,0.5905803442001343,0.6790571212768555,0.860382080078125,0.803558349609375,0.703216552734375,0.0817500501871109,1.080513596534729
year,NLL,Cov90,0.18,0.02,0.0,0.0,0.4,0.5,1.0,0.85,1.3018505573272705,1.980907678604126,1.4781546592712402,0.17630410194396973,0.6790571212768555,0.860382080078125,0.8170166015625,0.703216552734375,0.9927833080291748,0.0013103375677019358
year,NLL,Cov90,0.18,0.02,0.0,0.2,0.4,0.25,2.0,0.85,1.3018505573272705,1.980907678604126,2.057098388671875,0.7552478313446045,0.6790571212768555,0.860382080078125,0.80255126953125,0.703216552734375,0.0035576680675148964,1.0396912097930908
year,NLL,Cov90,0.18,0.02,0.0,0.0,0.4,0.5,2.0,-1.0,1.3018505573272705,1.980907678604126,1.509723424911499,0.20787286758422852,0.6790571212768555,0.860382080078125,0.81597900390625,0.703216552734375,0.9856396913528442,0.001314704306423664
year,NLL,Cov90,0.18,0.02,0.0,0.2,0.4,0.5,1.0,-1.0,1.3018505573272705,1.980907678604126,1.5853850841522217,0.28353452682495117,0.6790571212768555,0.860382080078125,0.82928466796875,0.703216552734375,0.19546258449554443,0.9111407399177551
year,NLL,Cov90,0.18,0.02,0.0,0.0,0.4,0.5,2.0,0.85,1.3018505573272705,1.980907678604126,1.4929616451263428,0.19111108779907227,0.6790571212768555,0.860382080078125,0.8170166015625,0.703216552734375,0.9856619238853455,0.001312570064328611
year,NLL,Cov90,0.18,0.02,0.0,0.2,0.4,0.5,1.0,0.85,1.3018505573272705,1.980907678604126,1.7074463367462158,0.4055957794189453,0.6790571212768555,0.860382080078125,0.8201904296875,0.703216552734375,0.028468236327171326,0.9483795166015625
year,NLL,Cov90,0.18,0.02,0.0,0.1,0.4,0.25,1.0,-1.0,1.3018505573272705,1.980907678604126,1.8645082712173462,0.5626577138900757,0.6790571212768555,0.860382080078125,0.79095458984375,0.703216552734375,0.3065599799156189,0.6655816435813904
year,NLL,Cov90,0.18,0.02,0.0,0.2,0.4,0.5,2.0,-1.0,1.3018505573272705,1.980907678604126,1.670337438583374,0.3684868812561035,0.6790571212768555,0.860382080078125,0.822906494140625,0.703216552734375,0.10036490857601166,0.9446684718132019
year,NLL,Cov90,0.18,0.02,0.0,0.1,0.4,0.25,1.0,0.85,1.3018505573272705,1.980907678604126,2.2060747146606445,0.904224157333374,0.6790571212768555,0.860382080078125,0.782989501953125,0.703216552734375,0.0583019033074379,0.6979011297225952
year,NLL,Cov90,0.18,0.02,0.0,0.2,0.4,0.5,2.0,0.85,1.3018505573272705,1.980907678604126,1.697169542312622,0.39531898498535156,0.6790571212768555,0.860382080078125,0.828521728515625,0.703216552734375,0.012373270466923714,0.8975516557693481
year,NLL,Cov90,0.18,0.02,0.0,0.1,0.4,0.25,2.0,-1.0,1.3018505573272705,1.980907678604126,1.943084716796875,0.6412341594696045,0.6790571212768555,0.860382080078125,0.78997802734375,0.703216552734375,0.17870263755321503,0.6843608617782593
year,NLL,Cov90,0.18,0.02,0.1,0.0,0.4,0.25,1.0,-1.0,1.3018505573272705,1.980907678604126,1.780614972114563,0.4787644147872925,0.6790571212768555,0.860382080078125,0.787200927734375,0.703216552734375,0.4804791808128357,0.2955056428909302
year,NLL,Cov90,0.18,0.02,0.0,0.1,0.4,0.25,2.0,0.85,1.3018505573272705,1.980907678604126,2.1768624782562256,0.8750119209289551,0.6790571212768555,0.860382080078125,0.787841796875,0.703216552734375,0.021103881299495697,0.6652930974960327
year,NLL,Cov90,0.18,0.02,0.1,0.0,0.4,0.25,1.0,0.85,1.3018505573272705,1.980907678604126,2.0529263019561768,0.7510757446289062,0.6790571212768555,0.860382080078125,0.780364990234375,0.703216552734375,0.14937350153923035,0.2972841262817383
year,NLL,Cov90,0.18,0.02,0.0,0.1,0.4,0.5,1.0,-1.0,1.3018505573272705,1.980907678604126,1.6690794229507446,0.3672288656234741,0.6790571212768555,0.860382080078125,0.815093994140625,0.703216552734375,0.339181512594223,0.5840197801589966
year,NLL,Cov90,0.18,0.02,0.1,0.0,0.4,0.25,2.0,-1.0,1.3018505573272705,1.980907678604126,1.8962551355361938,0.5944045782089233,0.6790571212768555,0.860382080078125,0.78240966796875,0.703216552734375,0.33310627937316895,0.3002578616142273
year,NLL,Cov90,0.18,0.02,0.0,0.1,0.4,0.5,1.0,0.85,1.3018505573272705,1.980907678604126,1.9312589168548584,0.6294083595275879,0.6790571212768555,0.860382080078125,0.8057861328125,0.703216552734375,0.06773975491523743,0.6076831221580505
year,NLL,Cov90,0.18,0.02,0.1,0.0,0.4,0.25,2.0,0.85,1.3018505573272705,1.980907678604126,1.824669361114502,0.5228188037872314,0.6790571212768555,0.860382080078125,0.797698974609375,0.703216552734375,0.059113211929798126,0.3014412820339203
year,NLL,Cov90,0.18,0.02,0.0,0.1,0.4,0.5,2.0,-1.0,1.3018505573272705,1.980907678604126,1.811061143875122,0.5092105865478516,0.6790571212768555,0.860382080078125,0.804595947265625,0.703216552734375,0.20711976289749146,0.5989571809768677
year,NLL,Cov90,0.18,0.02,0.1,0.0,0.4,0.5,1.0,-1.0,1.3018505573272705,1.980907678604126,1.624474287033081,0.32262372970581055,0.6790571212768555,0.860382080078125,0.80670166015625,0.703216552734375,0.5112989544868469,0.25861480832099915
year,NLL,Cov90,0.18,0.02,0.0,0.1,0.4,0.5,2.0,0.85,1.3018505573272705,1.980907678604126,2.0765585899353027,0.7747080326080322,0.6790571212768555,0.860382080078125,0.80340576171875,0.703216552734375,0.021213389933109283,0.5894349217414856
year,NLL,Cov90,0.18,0.02,0.1,0.0,0.4,0.5,1.0,0.85,1.3018505573272705,1.980907678604126,1.6765809059143066,0.37473034858703613,0.6790571212768555,0.860382080078125,0.8236083984375,0.703216552734375,0.16588930785655975,0.27373406291007996
year,NLL,Cov90,0.18,0.02,0.0,0.2,0.4,0.25,1.0,-1.0,1.3018505573272705,1.980907678604126,1.826973795890808,0.5251232385635376,0.6790571212768555,0.860382080078125,0.807647705078125,0.703216552734375,0.16451069712638855,1.0599937438964844
year,NLL,Cov90,0.18,0.02,0.1,0.0,0.4,0.5,2.0,-1.0,1.3018505573272705,1.980907678604126,1.6422516107559204,0.3404010534286499,0.6790571212768555,0.860382080078125,0.8077392578125,0.703216552734375,0.36320942640304565,0.26107457280158997
year,NLL,Cov90,0.18,0.02,0.0,0.2,0.4,0.25,1.0,0.85,1.3018505573272705,1.980907678604126,2.158912181854248,0.8570616245269775,0.6790571212768555,0.860382080078125,0.792327880859375,0.703216552734375,0.024233870208263397,1.0927720069885254
year,NLL,Cov90,0.18,0.02,0.1,0.0,0.4,0.5,2.0,0.85,1.3018505573272705,1.980907678604126,1.8342663049697876,0.5324157476425171,0.6790571212768555,0.860382080078125,0.8134765625,0.703216552734375,0.06805690377950668,0.2795252203941345
year,NLL,Cov90,0.18,0.02,0.0,0.2,0.4,0.25,2.0,-1.0,1.3018505573272705,1.980907678604126,1.8924309015274048,0.5905803442001343,0.6790571212768555,0.860382080078125,0.803558349609375,0.703216552734375,0.0817500501871109,1.080513596534729
year,NLL,Cov90,0.18,0.02,0.1,0.1,0.4,0.25,1.0,-1.0,1.3018505573272705,1.980907678604126,1.748633861541748,0.44678330421447754,0.6790571212768555,0.860382080078125,0.800567626953125,0.703216552734375,0.25378847122192383,0.6603517532348633
year,NLL,Cov90,0.18,0.02,0.0,0.2,0.4,0.25,2.0,0.85,1.3018505573272705,1.980907678604126,2.057098388671875,0.7552478313446045,0.6790571212768555,0.860382080078125,0.80255126953125,0.703216552734375,0.0035576680675148964,1.0396912097930908
year,NLL,Cov90,0.18,0.02,0.1,0.1,0.4,0.25,1.0,0.85,1.3018505573272705,1.980907678604126,1.9881858825683594,0.6863353252410889,0.6790571212768555,0.860382080078125,0.7939453125,0.703216552734375,0.035429827868938446,0.7155343890190125
year,NLL,Cov90,0.18,0.02,0.0,0.2,0.4,0.5,1.0,-1.0,1.3018505573272705,1.980907678604126,1.5853850841522217,0.28353452682495117,0.6790571212768555,0.860382080078125,0.82928466796875,0.703216552734375,0.19546258449554443,0.9111407399177551
year,NLL,Cov90,0.18,0.02,0.1,0.1,0.4,0.25,2.0,-1.0,1.3018505573272705,1.980907678604126,1.8461426496505737,0.5442920923233032,0.6790571212768555,0.860382080078125,0.796417236328125,0.703216552734375,0.13358023762702942,0.6839805245399475
year,NLL,Cov90,0.18,0.02,0.0,0.2,0.4,0.5,1.0,0.85,1.3018505573272705,1.980907678604126,1.7074463367462158,0.4055957794189453,0.6790571212768555,0.860382080078125,0.8201904296875,0.703216552734375,0.028468236327171326,0.9483795166015625
year,NLL,Cov90,0.18,0.02,0.1,0.1,0.4,0.25,2.0,0.85,1.3018505573272705,1.980907678604126,1.8789329528808594,0.5770823955535889,0.6790571212768555,0.860382080078125,0.801544189453125,0.703216552734375,0.012327838689088821,0.6751466393470764
year,NLL,Cov90,0.18,0.02,0.0,0.2,0.4,0.5,2.0,-1.0,1.3018505573272705,1.980907678604126,1.670337438583374,0.3684868812561035,0.6790571212768555,0.860382080078125,0.822906494140625,0.703216552734375,0.10036490857601166,0.9446684718132019
year,NLL,Cov90,0.18,0.02,0.1,0.1,0.4,0.5,1.0,-1.0,1.3018505573272705,1.980907678604126,1.5230867862701416,0.2212362289428711,0.6790571212768555,0.860382080078125,0.82281494140625,0.703216552734375,0.2882734537124634,0.5712424516677856
year,NLL,Cov90,0.18,0.02,0.0,0.2,0.4,0.5,2.0,0.85,1.3018505573272705,1.980907678604126,1.697169542312622,0.39531898498535156,0.6790571212768555,0.860382080078125,0.828521728515625,0.703216552734375,0.012373270466923714,0.8975516557693481
year,NLL,Cov90,0.18,0.02,0.1,0.1,0.4,0.5,1.0,0.85,1.3018505573272705,1.980907678604126,1.7101993560791016,0.40834879875183105,0.6790571212768555,0.860382080078125,0.818878173828125,0.703216552734375,0.039019323885440826,0.6500568389892578
year,NLL,Cov90,0.18,0.02,0.1,0.0,0.4,0.25,1.0,-1.0,1.3018505573272705,1.980907678604126,1.780614972114563,0.4787644147872925,0.6790571212768555,0.860382080078125,0.787200927734375,0.703216552734375,0.4804791808128357,0.2955056428909302
year,NLL,Cov90,0.18,0.02,0.1,0.1,0.4,0.5,2.0,-1.0,1.3018505573272705,1.980907678604126,1.6159675121307373,0.3141169548034668,0.6790571212768555,0.860382080078125,0.815887451171875,0.703216552734375,0.15753543376922607,0.5980185866355896
year,NLL,Cov90,0.18,0.02,0.1,0.0,0.4,0.25,1.0,0.85,1.3018505573272705,1.980907678604126,2.0529263019561768,0.7510757446289062,0.6790571212768555,0.860382080078125,0.780364990234375,0.703216552734375,0.14937350153923035,0.2972841262817383
year,NLL,Cov90,0.18,0.02,0.1,0.1,0.4,0.5,2.0,0.85,1.3018505573272705,1.980907678604126,1.7686060667037964,0.4667555093765259,0.6790571212768555,0.860382080078125,0.814178466796875,0.703216552734375,0.013946214690804482,0.6164376735687256
year,NLL,Cov90,0.18,0.02,0.1,0.0,0.4,0.25,2.0,-1.0,1.3018505573272705,1.980907678604126,1.8962551355361938,0.5944045782089233,0.6790571212768555,0.860382080078125,0.78240966796875,0.703216552734375,0.33310627937316895,0.3002578616142273
year,NLL,Cov90,0.18,0.02,0.1,0.2,0.4,0.25,1.0,-1.0,1.3018505573272705,1.980907678604126,1.7397806644439697,0.4379301071166992,0.6790571212768555,0.860382080078125,0.807464599609375,0.703216552734375,0.15466266870498657,0.959322988986969
year,NLL,Cov90,0.18,0.02,0.1,0.0,0.4,0.25,2.0,0.85,1.3018505573272705,1.980907678604126,1.824669361114502,0.5228188037872314,0.6790571212768555,0.860382080078125,0.797698974609375,0.703216552734375,0.059113211929798126,0.3014412820339203
year,NLL,Cov90,0.18,0.02,0.1,0.2,0.4,0.25,1.0,0.85,1.3018505573272705,1.980907678604126,1.8032193183898926,0.5013687610626221,0.6790571212768555,0.860382080078125,0.804443359375,0.703216552734375,0.01569647714495659,1.02094304561615
year,NLL,Cov90,0.18,0.02,0.1,0.0,0.4,0.5,1.0,-1.0,1.3018505573272705,1.980907678604126,1.624474287033081,0.32262372970581055,0.6790571212768555,0.860382080078125,0.80670166015625,0.703216552734375,0.5112989544868469,0.25861480832099915
year,NLL,Cov90,0.18,0.02,0.1,0.2,0.4,0.25,2.0,-1.0,1.3018505573272705,1.980907678604126,1.8526197671890259,0.5507692098617554,0.6790571212768555,0.860382080078125,0.79302978515625,0.703216552734375,0.07390805333852768,1.0203895568847656
year,NLL,Cov90,0.18,0.02,0.1,0.0,0.4,0.5,1.0,0.85,1.3018505573272705,1.980907678604126,1.6765809059143066,0.37473034858703613,0.6790571212768555,0.860382080078125,0.8236083984375,0.703216552734375,0.16588930785655975,0.27373406291007996
year,NLL,Cov90,0.18,0.02,0.1,0.2,0.4,0.25,2.0,0.85,1.3018505573272705,1.980907678604126,1.7646533250808716,0.4628027677536011,0.6790571212768555,0.860382080078125,0.808929443359375,0.703216552734375,0.0,1.0104866027832031
year,NLL,Cov90,0.18,0.02,0.1,0.0,0.4,0.5,2.0,-1.0,1.3018505573272705,1.980907678604126,1.6422516107559204,0.3404010534286499,0.6790571212768555,0.860382080078125,0.8077392578125,0.703216552734375,0.36320942640304565,0.26107457280158997
year,NLL,Cov90,0.18,0.02,0.1,0.2,0.4,0.5,1.0,-1.0,1.3018505573272705,1.980907678604126,1.50528085231781,0.20343029499053955,0.6790571212768555,0.860382080078125,0.8316650390625,0.703216552734375,0.18297097086906433,0.8170247077941895
year,NLL,Cov90,0.18,0.02,0.1,0.0,0.4,0.5,2.0,0.85,1.3018505573272705,1.980907678604126,1.8342663049697876,0.5324157476425171,0.6790571212768555,0.860382080078125,0.8134765625,0.703216552734375,0.06805690377950668,0.2795252203941345
year,NLL,Cov90,0.18,0.02,0.1,0.2,0.4,0.5,1.0,0.85,1.3018505573272705,1.980907678604126,1.60284423828125,0.3009936809539795,0.6790571212768555,0.860382080078125,0.8411865234375,0.703216552734375,0.019181745126843452,0.8995192050933838
year,NLL,Cov90,0.18,0.02,0.1,0.1,0.4,0.25,1.0,-1.0,1.3018505573272705,1.980907678604126,1.748633861541748,0.44678330421447754,0.6790571212768555,0.860382080078125,0.800567626953125,0.703216552734375,0.25378847122192383,0.6603517532348633
year,NLL,Cov90,0.18,0.02,0.1,0.2,0.4,0.5,2.0,-1.0,1.3018505573272705,1.980907678604126,1.6348395347595215,0.332988977432251,0.6790571212768555,0.860382080078125,0.82122802734375,0.703216552734375,0.09130070358514786,0.8772352337837219
year,NLL,Cov90,0.18,0.02,0.1,0.1,0.4,0.25,1.0,0.85,1.3018505573272705,1.980907678604126,1.9881858825683594,0.6863353252410889,0.6790571212768555,0.860382080078125,0.7939453125,0.703216552734375,0.035429827868938446,0.7155343890190125
year,NLL,Cov90,0.18,0.02,0.1,0.2,0.4,0.5,2.0,0.85,1.3018505573272705,1.980907678604126,1.6557711362838745,0.353920578956604,0.6790571212768555,0.860382080078125,0.833526611328125,0.703216552734375,0.0034766243770718575,0.8663064241409302
year,NLL,Cov90,0.18,0.02,0.1,0.1,0.4,0.25,2.0,-1.0,1.3018505573272705,1.980907678604126,1.8461426496505737,0.5442920923233032,0.6790571212768555,0.860382080078125,0.796417236328125,0.703216552734375,0.13358023762702942,0.6839805245399475
year,NLL,Cov90,0.18,0.02,0.2,0.0,0.4,0.25,1.0,-1.0,1.3018505573272705,1.980907678604126,1.7287375926971436,0.42688703536987305,0.6790571212768555,0.860382080078125,0.7930908203125,0.703216552734375,0.32906514406204224,0.489743709564209
year,NLL,Cov90,0.18,0.02,0.1,0.1,0.4,0.25,2.0,0.85,1.3018505573272705,1.980907678604126,1.8789329528808594,0.5770823955535889,0.6790571212768555,0.860382080078125,0.801544189453125,0.703216552734375,0.012327838689088821,0.6751466393470764
year,NLL,Cov90,0.18,0.02,0.2,0.0,0.4,0.25,1.0,0.85,1.3018505573272705,1.980907678604126,1.668853521347046,0.3670029640197754,0.6790571212768555,0.860382080078125,0.8037109375,0.703216552734375,0.05417061224579811,0.5142638087272644
year,NLL,Cov90,0.18,0.02,0.1,0.1,0.4,0.5,1.0,-1.0,1.3018505573272705,1.980907678604126,1.5230867862701416,0.2212362289428711,0.6790571212768555,0.860382080078125,0.82281494140625,0.703216552734375,0.2882734537124634,0.5712424516677856
year,NLL,Cov90,0.18,0.02,0.2,0.0,0.4,0.25,2.0,-1.0,1.3018505573272705,1.980907678604126,1.8079659938812256,0.5061154365539551,0.6790571212768555,0.860382080078125,0.7899169921875,0.703216552734375,0.194660946726799,0.49690964818000793
year,NLL,Cov90,0.18,0.02,0.1,0.1,0.4,0.5,1.0,0.85,1.3018505573272705,1.980907678604126,1.7101993560791016,0.40834879875183105,0.6790571212768555,0.860382080078125,0.818878173828125,0.703216552734375,0.039019323885440826,0.6500568389892578
year,NLL,Cov90,0.18,0.02,0.2,0.0,0.4,0.25,2.0,0.85,1.3018505573272705,1.980907678604126,1.9198005199432373,0.6179499626159668,0.6790571212768555,0.860382080078125,0.788421630859375,0.703216552734375,0.01741209626197815,0.4968714118003845
year,NLL,Cov90,0.18,0.02,0.1,0.1,0.4,0.5,2.0,-1.0,1.3018505573272705,1.980907678604126,1.6159675121307373,0.3141169548034668,0.6790571212768555,0.860382080078125,0.815887451171875,0.703216552734375,0.15753543376922607,0.5980185866355896
year,NLL,Cov90,0.18,0.02,0.2,0.0,0.4,0.5,1.0,-1.0,1.3018505573272705,1.980907678604126,1.5721752643585205,0.27032470703125,0.6790571212768555,0.860382080078125,0.8201904296875,0.703216552734375,0.3621307909488678,0.4297071099281311
year,NLL,Cov90,0.18,0.02,0.1,0.1,0.4,0.5,2.0,0.85,1.3018505573272705,1.980907678604126,1.7686060667037964,0.4667555093765259,0.6790571212768555,0.860382080078125,0.814178466796875,0.703216552734375,0.013946214690804482,0.6164376735687256
year,NLL,Cov90,0.18,0.02,0.2,0.0,0.4,0.5,1.0,0.85,1.3018505573272705,1.980907678604126,1.6029331684112549,0.3010826110839844,0.6790571212768555,0.860382080078125,0.8271484375,0.703216552734375,0.07363536208868027,0.45388537645339966
year,NLL,Cov90,0.18,0.02,0.1,0.2,0.4,0.25,1.0,-1.0,1.3018505573272705,1.980907678604126,1.7397806644439697,0.4379301071166992,0.6790571212768555,0.860382080078125,0.807464599609375,0.703216552734375,0.15466266870498657,0.959322988986969
year,NLL,Cov90,0.18,0.02,0.2,0.0,0.4,0.5,2.0,-1.0,1.3018505573272705,1.980907678604126,1.574312448501587,0.2724618911743164,0.6790571212768555,0.860382080078125,0.819976806640625,0.703216552734375,0.21898715198040009,0.4476075768470764
year,NLL,Cov90,0.18,0.02,0.1,0.2,0.4,0.25,1.0,0.85,1.3018505573272705,1.980907678604126,1.8032193183898926,0.5013687610626221,0.6790571212768555,0.860382080078125,0.804443359375,0.703216552734375,0.01569647714495659,1.02094304561615
year,NLL,Cov90,0.18,0.02,0.2,0.0,0.4,0.5,2.0,0.85,1.3018505573272705,1.980907678604126,1.773884892463684,0.4720343351364136,0.6790571212768555,0.860382080078125,0.8018798828125,0.703216552734375,0.019361194223165512,0.44828933477401733
year,NLL,Cov90,0.18,0.02,0.1,0.2,0.4,0.25,2.0,-1.0,1.3018505573272705,1.980907678604126,1.8526197671890259,0.5507692098617554,0.6790571212768555,0.860382080078125,0.79302978515625,0.703216552734375,0.07390805333852768,1.0203895568847656
year,NLL,Cov90,0.18,0.02,0.2,0.1,0.4,0.25,1.0,-1.0,1.3018505573272705,1.980907678604126,1.7779680490493774,0.47611749172210693,0.6790571212768555,0.860382080078125,0.8038330078125,0.703216552734375,0.20751243829727173,0.7758033275604248
year,NLL,Cov90,0.18,0.02,0.1,0.2,0.4,0.25,2.0,0.85,1.3018505573272705,1.980907678604126,1.7646533250808716,0.4628027677536011,0.6790571212768555,0.860382080078125,0.808929443359375,0.703216552734375,0.0,1.0104866027832031
year,NLL,Cov90,0.18,0.02,0.2,0.1,0.4,0.25,1.0,0.85,1.3018505573272705,1.980907678604126,1.9744186401367188,0.6725680828094482,0.6790571212768555,0.860382080078125,0.79461669921875,0.703216552734375,0.017515281215310097,0.8129677176475525
year,NLL,Cov90,0.18,0.02,0.1,0.2,0.4,0.5,1.0,-1.0,1.3018505573272705,1.980907678604126,1.50528085231781,0.20343029499053955,0.6790571212768555,0.860382080078125,0.8316650390625,0.703216552734375,0.18297097086906433,0.8170247077941895
year,NLL,Cov90,0.18,0.02,0.2,0.1,0.4,0.25,2.0,-1.0,1.3018505573272705,1.980907678604126,1.8967372179031372,0.5948866605758667,0.6790571212768555,0.860382080078125,0.78662109375,0.703216552734375,0.10023827850818634,0.8217953443527222
year,NLL,Cov90,0.18,0.02,0.1,0.2,0.4,0.5,1.0,0.85,1.3018505573272705,1.980907678604126,1.60284423828125,0.3009936809539795,0.6790571212768555,0.860382080078125,0.8411865234375,0.703216552734375,0.019181745126843452,0.8995192050933838
year,NLL,Cov90,0.18,0.02,0.2,0.1,0.4,0.25,2.0,0.85,1.3018505573272705,1.980907678604126,2.0944111347198486,0.7925605773925781,0.6790571212768555,0.860382080078125,0.7874755859375,0.703216552734375,0.0,0.8262036442756653
year,NLL,Cov90,0.18,0.02,0.1,0.2,0.4,0.5,2.0,-1.0,1.3018505573272705,1.980907678604126,1.6348395347595215,0.332988977432251,0.6790571212768555,0.860382080078125,0.82122802734375,0.703216552734375,0.09130070358514786,0.8772352337837219
year,NLL,Cov90,0.18,0.02,0.2,0.1,0.4,0.5,1.0,-1.0,1.3018505573272705,1.980907678604126,1.543128252029419,0.24127769470214844,0.6790571212768555,0.860382080078125,0.8238525390625,0.703216552734375,0.23920951783657074,0.6733080744743347
year,NLL,Cov90,0.18,0.02,0.1,0.2,0.4,0.5,2.0,0.85,1.3018505573272705,1.980907678604126,1.6557711362838745,0.353920578956604,0.6790571212768555,0.860382080078125,0.833526611328125,0.703216552734375,0.0034766243770718575,0.8663064241409302
year,NLL,Cov90,0.18,0.02,0.2,0.1,0.4,0.5,1.0,0.85,1.3018505573272705,1.980907678604126,1.7679352760314941,0.46608471870422363,0.6790571212768555,0.860382080078125,0.817718505859375,0.703216552734375,0.01731163263320923,0.7670208811759949
year,NLL,Cov90,0.18,0.02,0.2,0.0,0.4,0.25,1.0,-1.0,1.3018505573272705,1.980907678604126,1.7287375926971436,0.42688703536987305,0.6790571212768555,0.860382080078125,0.7930908203125,0.703216552734375,0.32906514406204224,0.489743709564209
year,NLL,Cov90,0.18,0.02,0.2,0.1,0.4,0.5,2.0,-1.0,1.3018505573272705,1.980907678604126,1.6559131145477295,0.354062557220459,0.6790571212768555,0.860382080078125,0.8157958984375,0.703216552734375,0.12304002791643143,0.7105558514595032
year,NLL,Cov90,0.18,0.02,0.2,0.0,0.4,0.25,1.0,0.85,1.3018505573272705,1.980907678604126,1.668853521347046,0.3670029640197754,0.6790571212768555,0.860382080078125,0.8037109375,0.703216552734375,0.05417061224579811,0.5142638087272644
year,NLL,Cov90,0.18,0.02,0.2,0.1,0.4,0.5,2.0,0.85,1.3018505573272705,1.980907678604126,1.6426246166229248,0.3407740592956543,0.6790571212768555,0.860382080078125,0.82989501953125,0.703216552734375,0.0034409223590046167,0.7260243892669678
year,NLL,Cov90,0.18,0.02,0.2,0.0,0.4,0.25,2.0,-1.0,1.3018505573272705,1.980907678604126,1.8079659938812256,0.5061154365539551,0.6790571212768555,0.860382080078125,0.7899169921875,0.703216552734375,0.194660946726799,0.49690964818000793
year,NLL,Cov90,0.18,0.02,0.2,0.2,0.4,0.25,1.0,-1.0,1.3018505573272705,1.980907678604126,1.7066587209701538,0.4048081636428833,0.6790571212768555,0.860382080078125,0.803131103515625,0.703216552734375,0.13488143682479858,1.0481369495391846
year,NLL,Cov90,0.18,0.02,0.2,0.0,0.4,0.25,2.0,0.85,1.3018505573272705,1.980907678604126,1.9198005199432373,0.6179499626159668,0.6790571212768555,0.860382080078125,0.788421630859375,0.703216552734375,0.01741209626197815,0.4968714118003845
year,NLL,Cov90,0.18,0.02,0.2,0.2,0.4,0.25,1.0,0.85,1.3018505573272705,1.980907678604126,1.9622156620025635,0.660365104675293,0.6790571212768555,0.860382080078125,0.805023193359375,0.703216552734375,0.010347655974328518,1.0726560354232788
year,NLL,Cov90,0.18,0.02,0.2,0.0,0.4,0.5,1.0,-1.0,1.3018505573272705,1.980907678604126,1.5721752643585205,0.27032470703125,0.6790571212768555,0.860382080078125,0.8201904296875,0.703216552734375,0.3621307909488678,0.4297071099281311
year,NLL,Cov90,0.18,0.02,0.2,0.2,0.4,0.25,2.0,-1.0,1.3018505573272705,1.980907678604126,1.8566560745239258,0.5548055171966553,0.6790571212768555,0.860382080078125,0.796722412109375,0.703216552734375,0.062461793422698975,1.0576950311660767
year,NLL,Cov90,0.18,0.02,0.2,0.0,0.4,0.5,1.0,0.85,1.3018505573272705,1.980907678604126,1.6029331684112549,0.3010826110839844,0.6790571212768555,0.860382080078125,0.8271484375,0.703216552734375,0.07363536208868027,0.45388537645339966
year,NLL,Cov90,0.18,0.02,0.2,0.2,0.4,0.25,2.0,0.85,1.3018505573272705,1.980907678604126,2.1768550872802734,0.8750045299530029,0.6790571212768555,0.860382080078125,0.79669189453125,0.703216552734375,0.0,1.136216163635254
year,NLL,Cov90,0.18,0.02,0.2,0.0,0.4,0.5,2.0,-1.0,1.3018505573272705,1.980907678604126,1.574312448501587,0.2724618911743164,0.6790571212768555,0.860382080078125,0.819976806640625,0.703216552734375,0.21898715198040009,0.4476075768470764
year,NLL,Cov90,0.18,0.02,0.2,0.2,0.4,0.5,1.0,-1.0,1.3018505573272705,1.980907678604126,1.4672276973724365,0.16537714004516602,0.6790571212768555,0.860382080078125,0.834136962890625,0.703216552734375,0.16586951911449432,0.8721978068351746
year,NLL,Cov90,0.18,0.02,0.2,0.0,0.4,0.5,2.0,0.85,1.3018505573272705,1.980907678604126,1.773884892463684,0.4720343351364136,0.6790571212768555,0.860382080078125,0.8018798828125,0.703216552734375,0.019361194223165512,0.44828933477401733
year,NLL,Cov90,0.18,0.02,0.2,0.2,0.4,0.5,1.0,0.85,1.3018505573272705,1.980907678604126,1.66022527217865,0.3583747148513794,0.6790571212768555,0.860382080078125,0.82659912109375,0.703216552734375,0.013817055150866508,0.9068395495414734
year,NLL,Cov90,0.18,0.02,0.2,0.1,0.4,0.25,1.0,-1.0,1.3018505573272705,1.980907678604126,1.7779680490493774,0.47611749172210693,0.6790571212768555,0.860382080078125,0.8038330078125,0.703216552734375,0.20751243829727173,0.7758033275604248
year,NLL,Cov90,0.18,0.02,0.2,0.2,0.4,0.5,2.0,-1.0,1.3018505573272705,1.980907678604126,1.583175539970398,0.28132498264312744,0.6790571212768555,0.860382080078125,0.821929931640625,0.703216552734375,0.08002907037734985,0.9246180653572083
year,NLL,Cov90,0.18,0.02,0.2,0.1,0.4,0.25,1.0,0.85,1.3018505573272705,1.980907678604126,1.9744186401367188,0.6725680828094482,0.6790571212768555,0.860382080078125,0.79461669921875,0.703216552734375,0.017515281215310097,0.8129677176475525
year,NLL,Cov90,0.18,0.02,0.2,0.2,0.4,0.5,2.0,0.85,1.3018505573272705,1.980907678604126,1.8603146076202393,0.5584640502929688,0.6790571212768555,0.860382080078125,0.81396484375,0.703216552734375,0.0016873108688741922,0.9971889853477478
year,NLL,Cov90,0.18,0.02,0.2,0.1,0.4,0.25,2.0,-1.0,1.3018505573272705,1.980907678604126,1.8967372179031372,0.5948866605758667,0.6790571212768555,0.860382080078125,0.78662109375,0.703216552734375,0.10023827850818634,0.8217953443527222
year,NLL,Cov90,0.18,0.05,0.0,0.0,0.4,0.25,1.0,-1.0,1.3018505573272705,1.980907678604126,1.8199585676193237,0.5181080102920532,0.6790571212768555,0.860382080078125,0.785858154296875,0.703216552734375,0.951036810874939,0.009343128651380539
year,NLL,Cov90,0.18,0.02,0.2,0.1,0.4,0.25,2.0,0.85,1.3018505573272705,1.980907678604126,2.0944111347198486,0.7925605773925781,0.6790571212768555,0.860382080078125,0.7874755859375,0.703216552734375,0.0,0.8262036442756653
year,NLL,Cov90,0.18,0.05,0.0,0.0,0.4,0.25,1.0,0.85,1.3018505573272705,1.980907678604126,1.8331135511398315,0.531262993812561,0.6790571212768555,0.860382080078125,0.7869873046875,0.703216552734375,0.9023696184158325,0.009508528746664524
year,NLL,Cov90,0.18,0.02,0.2,0.1,0.4,0.5,1.0,-1.0,1.3018505573272705,1.980907678604126,1.543128252029419,0.24127769470214844,0.6790571212768555,0.860382080078125,0.8238525390625,0.703216552734375,0.23920951783657074,0.6733080744743347
year,NLL,Cov90,0.18,0.05,0.0,0.0,0.4,0.25,2.0,-1.0,1.3018505573272705,1.980907678604126,1.8150403499603271,0.5131897926330566,0.6790571212768555,0.860382080078125,0.787750244140625,0.703216552734375,0.9060876965522766,0.009471829980611801
year,NLL,Cov90,0.18,0.02,0.2,0.1,0.4,0.5,1.0,0.85,1.3018505573272705,1.980907678604126,1.7679352760314941,0.46608471870422363,0.6790571212768555,0.860382080078125,0.817718505859375,0.703216552734375,0.01731163263320923,0.7670208811759949
year,NLL,Cov90,0.18,0.05,0.0,0.0,0.4,0.25,2.0,0.85,1.3018505573272705,1.980907678604126,1.828180193901062,0.5263296365737915,0.6790571212768555,0.860382080078125,0.7845458984375,0.703216552734375,0.7542036175727844,0.009465914219617844
year,NLL,Cov90,0.18,0.02,0.2,0.1,0.4,0.5,2.0,-1.0,1.3018505573272705,1.980907678604126,1.6559131145477295,0.354062557220459,0.6790571212768555,0.860382080078125,0.8157958984375,0.703216552734375,0.12304002791643143,0.7105558514595032
year,NLL,Cov90,0.18,0.05,0.0,0.0,0.4,0.5,1.0,-1.0,1.3018505573272705,1.980907678604126,1.5152993202209473,0.21344876289367676,0.6790571212768555,0.860382080078125,0.815185546875,0.703216552734375,0.9571982622146606,0.00811680592596531
year,NLL,Cov90,0.18,0.02,0.2,0.1,0.4,0.5,2.0,0.85,1.3018505573272705,1.980907678604126,1.6426246166229248,0.3407740592956543,0.6790571212768555,0.860382080078125,0.82989501953125,0.703216552734375,0.0034409223590046167,0.7260243892669678
year,NLL,Cov90,0.18,0.05,0.0,0.0,0.4,0.5,1.0,0.85,1.3018505573272705,1.980907678604126,1.4875519275665283,0.1857013702392578,0.6790571212768555,0.860382080078125,0.821563720703125,0.703216552734375,0.9180166125297546,0.008065435104072094
year,NLL,Cov90,0.18,0.05,0.0,0.0,0.4,0.5,2.0,-1.0,1.3018505573272705,1.980907678604126,1.5260001420974731,0.22414958477020264,0.6790571212768555,0.860382080078125,0.814544677734375,0.703216552734375,0.9175348281860352,0.008218975737690926
year,NLL,Cov90,0.18,0.02,0.2,0.2,0.4,0.25,1.0,-1.0,1.3018505573272705,1.980907678604126,1.7066587209701538,0.4048081636428833,0.6790571212768555,0.860382080078125,0.803131103515625,0.703216552734375,0.13488143682479858,1.0481369495391846
year,NLL,Cov90,0.18,0.05,0.0,0.0,0.4,0.5,2.0,0.85,1.3018505573272705,1.980907678604126,1.591966152191162,0.2901155948638916,0.6790571212768555,0.860382080078125,0.80889892578125,0.703216552734375,0.7772305011749268,0.008500048890709877
year,NLL,Cov90,0.18,0.02,0.2,0.2,0.4,0.25,1.0,0.85,1.3018505573272705,1.980907678604126,1.9622156620025635,0.660365104675293,0.6790571212768555,0.860382080078125,0.805023193359375,0.703216552734375,0.010347655974328518,1.0726560354232788
year,NLL,Cov90,0.18,0.05,0.0,0.1,0.4,0.25,1.0,-1.0,1.3018505573272705,1.980907678604126,1.8843433856964111,0.5824928283691406,0.6790571212768555,0.860382080078125,0.7935791015625,0.703216552734375,0.2998945116996765,0.6722415685653687
year,NLL,Cov90,0.18,0.02,0.2,0.2,0.4,0.25,2.0,-1.0,1.3018505573272705,1.980907678604126,1.8566560745239258,0.5548055171966553,0.6790571212768555,0.860382080078125,0.796722412109375,0.703216552734375,0.062461793422698975,1.0576950311660767
year,NLL,Cov90,0.18,0.05,0.0,0.1,0.4,0.25,1.0,0.85,1.3018505573272705,1.980907678604126,2.2363476753234863,0.9344971179962158,0.6790571212768555,0.860382080078125,0.781890869140625,0.703216552734375,0.05064096674323082,0.6849476099014282
year,NLL,Cov90,0.18,0.02,0.2,0.2,0.4,0.25,2.0,0.85,1.3018505573272705,1.980907678604126,2.1768550872802734,0.8750045299530029,0.6790571212768555,0.860382080078125,0.79669189453125,0.703216552734375,0.0,1.136216163635254
year,NLL,Cov90,0.18,0.05,0.0,0.1,0.4,0.25,2.0,-1.0,1.3018505573272705,1.980907678604126,2.0010571479797363,0.6992065906524658,0.6790571212768555,0.860382080078125,0.7930908203125,0.703216552734375,0.1751030683517456,0.6894819736480713
year,NLL,Cov90,0.18,0.02,0.2,0.2,0.4,0.5,1.0,-1.0,1.3018505573272705,1.980907678604126,1.4672276973724365,0.16537714004516602,0.6790571212768555,0.860382080078125,0.834136962890625,0.703216552734375,0.16586951911449432,0.8721978068351746
year,NLL,Cov90,0.18,0.05,0.0,0.1,0.4,0.25,2.0,0.85,1.3018505573272705,1.980907678604126,2.3166251182556152,1.0147745609283447,0.6790571212768555,0.860382080078125,0.778656005859375,0.703216552734375,0.015756770968437195,0.6629745960235596
year,NLL,Cov90,0.18,0.02,0.2,0.2,0.4,0.5,1.0,0.85,1.3018505573272705,1.980907678604126,1.66022527217865,0.3583747148513794,0.6790571212768555,0.860382080078125,0.82659912109375,0.703216552734375,0.013817055150866508,0.9068395495414734
year,NLL,Cov90,0.18,0.05,0.0,0.1,0.4,0.5,1.0,-1.0,1.3018505573272705,1.980907678604126,1.6727973222732544,0.3709467649459839,0.6790571212768555,0.860382080078125,0.81439208984375,0.703216552734375,0.33399122953414917,0.5912423133850098
year,NLL,Cov90,0.18,0.02,0.2,0.2,0.4,0.5,2.0,-1.0,1.3018505573272705,1.980907678604126,1.583175539970398,0.28132498264312744,0.6790571212768555,0.860382080078125,0.821929931640625,0.703216552734375,0.08002907037734985,0.9246180653572083
year,NLL,Cov90,0.18,0.05,0.0,0.1,0.4,0.5,1.0,0.85,1.3018505573272705,1.980907678604126,1.7864713668823242,0.4846208095550537,0.6790571212768555,0.860382080078125,0.81103515625,0.703216552734375,0.056515928357839584,0.603259265422821
year,NLL,Cov90,0.18,0.02,0.2,0.2,0.4,0.5,2.0,0.85,1.3018505573272705,1.980907678604126,1.8603146076202393,0.5584640502929688,0.6790571212768555,0.860382080078125,0.81396484375,0.703216552734375,0.0016873108688741922,0.9971889853477478
year,NLL,Cov90,0.18,0.05,0.0,0.1,0.4,0.5,2.0,-1.0,1.3018505573272705,1.980907678604126,1.7771039009094238,0.4752533435821533,0.6790571212768555,0.860382080078125,0.808258056640625,0.703216552734375,0.20090103149414062,0.6022807955741882
year,NLL,Cov90,0.18,0.05,0.0,0.0,0.4,0.25,1.0,-1.0,1.3018505573272705,1.980907678604126,1.8199585676193237,0.5181080102920532,0.6790571212768555,0.860382080078125,0.785858154296875,0.703216552734375,0.951036810874939,0.009343128651380539
year,NLL,Cov90,0.18,0.05,0.0,0.1,0.4,0.5,2.0,0.85,1.3018505573272705,1.980907678604126,1.9318196773529053,0.6299691200256348,0.6790571212768555,0.860382080078125,0.810089111328125,0.703216552734375,0.0212175901979208,0.5881475806236267
year,NLL,Cov90,0.18,0.05,0.0,0.0,0.4,0.25,1.0,0.85,1.3018505573272705,1.980907678604126,1.8331135511398315,0.531262993812561,0.6790571212768555,0.860382080078125,0.7869873046875,0.703216552734375,0.9023696184158325,0.009508528746664524
year,NLL,Cov90,0.18,0.05,0.0,0.2,0.4,0.25,1.0,-1.0,1.3018505573272705,1.980907678604126,1.8420438766479492,0.5401933193206787,0.6790571212768555,0.860382080078125,0.8045654296875,0.703216552734375,0.16273289918899536,1.067204475402832
year,NLL,Cov90,0.18,0.05,0.0,0.0,0.4,0.25,2.0,-1.0,1.3018505573272705,1.980907678604126,1.8150403499603271,0.5131897926330566,0.6790571212768555,0.860382080078125,0.787750244140625,0.703216552734375,0.9060876965522766,0.009471829980611801
year,NLL,Cov90,0.18,0.05,0.0,0.2,0.4,0.25,1.0,0.85,1.3018505573272705,1.980907678604126,2.127499580383301,0.8256490230560303,0.6790571212768555,0.860382080078125,0.785797119140625,0.703216552734375,0.017308881506323814,1.0879485607147217
year,NLL,Cov90,0.18,0.05,0.0,0.0,0.4,0.25,2.0,0.85,1.3018505573272705,1.980907678604126,1.828180193901062,0.5263296365737915,0.6790571212768555,0.860382080078125,0.7845458984375,0.703216552734375,0.7542036175727844,0.009465914219617844
year,NLL,Cov90,0.18,0.05,0.0,0.2,0.4,0.25,2.0,-1.0,1.3018505573272705,1.980907678604126,1.8959773778915405,0.59412682056427,0.6790571212768555,0.860382080078125,0.796844482421875,0.703216552734375,0.0808456614613533,1.0896844863891602
year,NLL,Cov90,0.18,0.05,0.0,0.0,0.4,0.5,1.0,-1.0,1.3018505573272705,1.980907678604126,1.5152993202209473,0.21344876289367676,0.6790571212768555,0.860382080078125,0.815185546875,0.703216552734375,0.9571982622146606,0.00811680592596531
year,NLL,Cov90,0.18,0.05,0.0,0.2,0.4,0.25,2.0,0.85,1.3018505573272705,1.980907678604126,2.0407657623291016,0.738915205001831,0.6790571212768555,0.860382080078125,0.793060302734375,0.703216552734375,0.00680531607940793,1.0570701360702515
year,NLL,Cov90,0.18,0.05,0.0,0.0,0.4,0.5,1.0,0.85,1.3018505573272705,1.980907678604126,1.4875519275665283,0.1857013702392578,0.6790571212768555,0.860382080078125,0.821563720703125,0.703216552734375,0.9180166125297546,0.008065435104072094
year,NLL,Cov90,0.18,0.05,0.0,0.2,0.4,0.5,1.0,-1.0,1.3018505573272705,1.980907678604126,1.5916231870651245,0.289772629737854,0.6790571212768555,0.860382080078125,0.830108642578125,0.703216552734375,0.19371944665908813,0.9190473556518555
year,NLL,Cov90,0.18,0.05,0.0,0.0,0.4,0.5,2.0,-1.0,1.3018505573272705,1.980907678604126,1.5260001420974731,0.22414958477020264,0.6790571212768555,0.860382080078125,0.814544677734375,0.703216552734375,0.9175348281860352,0.008218975737690926
year,NLL,Cov90,0.18,0.05,0.0,0.2,0.4,0.5,1.0,0.85,1.3018505573272705,1.980907678604126,1.7025960683822632,0.4007455110549927,0.6790571212768555,0.860382080078125,0.81805419921875,0.703216552734375,0.027904340997338295,0.9625521302223206
year,NLL,Cov90,0.18,0.05,0.0,0.0,0.4,0.5,2.0,0.85,1.3018505573272705,1.980907678604126,1.591966152191162,0.2901155948638916,0.6790571212768555,0.860382080078125,0.80889892578125,0.703216552734375,0.7772305011749268,0.008500048890709877
year,NLL,Cov90,0.18,0.05,0.0,0.2,0.4,0.5,2.0,-1.0,1.3018505573272705,1.980907678604126,1.6949337720870972,0.39308321475982666,0.6790571212768555,0.860382080078125,0.82037353515625,0.703216552734375,0.09854470193386078,0.9594648480415344
year,NLL,Cov90,0.18,0.05,0.0,0.1,0.4,0.25,1.0,-1.0,1.3018505573272705,1.980907678604126,1.8843433856964111,0.5824928283691406,0.6790571212768555,0.860382080078125,0.7935791015625,0.703216552734375,0.2998945116996765,0.6722415685653687
year,NLL,Cov90,0.18,0.05,0.0,0.2,0.4,0.5,2.0,0.85,1.3018505573272705,1.980907678604126,1.782604455947876,0.48075389862060547,0.6790571212768555,0.860382080078125,0.819610595703125,0.703216552734375,0.0035139769315719604,0.9193112850189209
year,NLL,Cov90,0.18,0.05,0.0,0.1,0.4,0.25,1.0,0.85,1.3018505573272705,1.980907678604126,2.2363476753234863,0.9344971179962158,0.6790571212768555,0.860382080078125,0.781890869140625,0.703216552734375,0.05064096674323082,0.6849476099014282
year,NLL,Cov90,0.18,0.05,0.1,0.0,0.4,0.25,1.0,-1.0,1.3018505573272705,1.980907678604126,1.7400685548782349,0.43821799755096436,0.6790571212768555,0.860382080078125,0.792633056640625,0.703216552734375,0.47522833943367004,0.2923130393028259
year,NLL,Cov90,0.18,0.05,0.0,0.1,0.4,0.25,2.0,-1.0,1.3018505573272705,1.980907678604126,2.0010571479797363,0.6992065906524658,0.6790571212768555,0.860382080078125,0.7930908203125,0.703216552734375,0.1751030683517456,0.6894819736480713
year,NLL,Cov90,0.18,0.05,0.1,0.0,0.4,0.25,1.0,0.85,1.3018505573272705,1.980907678604126,1.9301154613494873,0.6282649040222168,0.6790571212768555,0.860382080078125,0.790283203125,0.703216552734375,0.13570356369018555,0.30368784070014954
year,NLL,Cov90,0.18,0.05,0.0,0.1,0.4,0.25,2.0,0.85,1.3018505573272705,1.980907678604126,2.3166251182556152,1.0147745609283447,0.6790571212768555,0.860382080078125,0.778656005859375,0.703216552734375,0.015756770968437195,0.6629745960235596
year,NLL,Cov90,0.18,0.05,0.1,0.0,0.4,0.25,2.0,-1.0,1.3018505573272705,1.980907678604126,1.8665111064910889,0.5646605491638184,0.6790571212768555,0.860382080078125,0.78485107421875,0.703216552734375,0.32195669412612915,0.30286920070648193
year,NLL,Cov90,0.18,0.05,0.0,0.1,0.4,0.5,1.0,-1.0,1.3018505573272705,1.980907678604126,1.6727973222732544,0.3709467649459839,0.6790571212768555,0.860382080078125,0.81439208984375,0.703216552734375,0.33399122953414917,0.5912423133850098
year,NLL,Cov90,0.18,0.05,0.1,0.0,0.4,0.25,2.0,0.85,1.3018505573272705,1.980907678604126,1.770994782447815,0.46914422512054443,0.6790571212768555,0.860382080078125,0.800628662109375,0.703216552734375,0.05312380939722061,0.3010442852973938
year,NLL,Cov90,0.18,0.05,0.0,0.1,0.4,0.5,1.0,0.85,1.3018505573272705,1.980907678604126,1.7864713668823242,0.4846208095550537,0.6790571212768555,0.860382080078125,0.81103515625,0.703216552734375,0.056515928357839584,0.603259265422821
year,NLL,Cov90,0.18,0.05,0.1,0.0,0.4,0.5,1.0,-1.0,1.3018505573272705,1.980907678604126,1.5968804359436035,0.295029878616333,0.6790571212768555,0.860382080078125,0.81304931640625,0.703216552734375,0.5020855665206909,0.2603258192539215
year,NLL,Cov90,0.18,0.05,0.0,0.1,0.4,0.5,2.0,-1.0,1.3018505573272705,1.980907678604126,1.7771039009094238,0.4752533435821533,0.6790571212768555,0.860382080078125,0.808258056640625,0.703216552734375,0.20090103149414062,0.6022807955741882
year,NLL,Cov90,0.18,0.05,0.1,0.0,0.4,0.5,1.0,0.85,1.3018505573272705,1.980907678604126,1.6533585786819458,0.3515080213546753,0.6790571212768555,0.860382080078125,0.81756591796875,0.703216552734375,0.15281125903129578,0.27843475341796875
year,NLL,Cov90,0.18,0.05,0.0,0.1,0.4,0.5,2.0,0.85,1.3018505573272705,1.980907678604126,1.9318196773529053,0.6299691200256348,0.6790571212768555,0.860382080078125,0.810089111328125,0.703216552734375,0.0212175901979208,0.5881475806236267
year,NLL,Cov90,0.18,0.05,0.1,0.0,0.4,0.5,2.0,-1.0,1.3018505573272705,1.980907678604126,1.6709283590316772,0.36907780170440674,0.6790571212768555,0.860382080078125,0.80364990234375,0.703216552734375,0.34525159001350403,0.27074629068374634
year,NLL,Cov90,0.18,0.05,0.0,0.2,0.4,0.25,1.0,-1.0,1.3018505573272705,1.980907678604126,1.8420438766479492,0.5401933193206787,0.6790571212768555,0.860382080078125,0.8045654296875,0.703216552734375,0.16273289918899536,1.067204475402832
year,NLL,Cov90,0.18,0.05,0.1,0.0,0.4,0.5,2.0,0.85,1.3018505573272705,1.980907678604126,1.6475465297698975,0.34569597244262695,0.6790571212768555,0.860382080078125,0.8370361328125,0.703216552734375,0.06542647629976273,0.27304378151893616
year,NLL,Cov90,0.18,0.05,0.0,0.2,0.4,0.25,1.0,0.85,1.3018505573272705,1.980907678604126,2.127499580383301,0.8256490230560303,0.6790571212768555,0.860382080078125,0.785797119140625,0.703216552734375,0.017308881506323814,1.0879485607147217
year,NLL,Cov90,0.18,0.05,0.1,0.1,0.4,0.25,1.0,-1.0,1.3018505573272705,1.980907678604126,1.718769907951355,0.4169193506240845,0.6790571212768555,0.860382080078125,0.804412841796875,0.703216552734375,0.25115883350372314,0.6627501249313354
year,NLL,Cov90,0.18,0.05,0.0,0.2,0.4,0.25,2.0,-1.0,1.3018505573272705,1.980907678604126,1.8959773778915405,0.59412682056427,0.6790571212768555,0.860382080078125,0.796844482421875,0.703216552734375,0.0808456614613533,1.0896844863891602
year,NLL,Cov90,0.18,0.05,0.1,0.1,0.4,0.25,1.0,0.85,1.3018505573272705,1.980907678604126,1.9985058307647705,0.6966552734375,0.6790571212768555,0.860382080078125,0.786590576171875,0.703216552734375,0.03539235144853592,0.6877217888832092
year,NLL,Cov90,0.18,0.05,0.0,0.2,0.4,0.25,2.0,0.85,1.3018505573272705,1.980907678604126,2.0407657623291016,0.738915205001831,0.6790571212768555,0.860382080078125,0.793060302734375,0.703216552734375,0.00680531607940793,1.0570701360702515
year,NLL,Cov90,0.18,0.05,0.1,0.1,0.4,0.25,2.0,-1.0,1.3018505573272705,1.980907678604126,1.8720545768737793,0.5702040195465088,0.6790571212768555,0.860382080078125,0.795806884765625,0.703216552734375,0.13020214438438416,0.6886048913002014
year,NLL,Cov90,0.18,0.05,0.0,0.2,0.4,0.5,1.0,-1.0,1.3018505573272705,1.980907678604126,1.5916231870651245,0.289772629737854,0.6790571212768555,0.860382080078125,0.830108642578125,0.703216552734375,0.19371944665908813,0.9190473556518555
year,NLL,Cov90,0.18,0.05,0.1,0.1,0.4,0.25,2.0,0.85,1.3018505573272705,1.980907678604126,1.7049602270126343,0.40310966968536377,0.6790571212768555,0.860382080078125,0.8037109375,0.703216552734375,0.010653218254446983,0.6848392486572266
year,NLL,Cov90,0.18,0.05,0.0,0.2,0.4,0.5,1.0,0.85,1.3018505573272705,1.980907678604126,1.7025960683822632,0.4007455110549927,0.6790571212768555,0.860382080078125,0.81805419921875,0.703216552734375,0.027904340997338295,0.9625521302223206
year,NLL,Cov90,0.18,0.05,0.1,0.1,0.4,0.5,1.0,-1.0,1.3018505573272705,1.980907678604126,1.4950449466705322,0.19319438934326172,0.6790571212768555,0.860382080078125,0.824798583984375,0.703216552734375,0.28497469425201416,0.5728332996368408
year,NLL,Cov90,0.18,0.05,0.0,0.2,0.4,0.5,2.0,-1.0,1.3018505573272705,1.980907678604126,1.6949337720870972,0.39308321475982666,0.6790571212768555,0.860382080078125,0.82037353515625,0.703216552734375,0.09854470193386078,0.9594648480415344
year,NLL,Cov90,0.18,0.05,0.1,0.1,0.4,0.5,1.0,0.85,1.3018505573272705,1.980907678604126,1.675692081451416,0.3738415241241455,0.6790571212768555,0.860382080078125,0.815460205078125,0.703216552734375,0.0391993522644043,0.6331275105476379
year,NLL,Cov90,0.18,0.05,0.0,0.2,0.4,0.5,2.0,0.85,1.3018505573272705,1.980907678604126,1.782604455947876,0.48075389862060547,0.6790571212768555,0.860382080078125,0.819610595703125,0.703216552734375,0.0035139769315719604,0.9193112850189209
year,NLL,Cov90,0.18,0.05,0.1,0.0,0.4,0.25,1.0,-1.0,1.3018505573272705,1.980907678604126,1.7400685548782349,0.43821799755096436,0.6790571212768555,0.860382080078125,0.792633056640625,0.703216552734375,0.47522833943367004,0.2923130393028259
year,NLL,Cov90,0.18,0.05,0.1,0.1,0.4,0.5,2.0,-1.0,1.3018505573272705,1.980907678604126,1.574670433998108,0.2728198766708374,0.6790571212768555,0.860382080078125,0.820343017578125,0.703216552734375,0.15509548783302307,0.6007078289985657
year,NLL,Cov90,0.18,0.05,0.1,0.0,0.4,0.25,1.0,0.85,1.3018505573272705,1.980907678604126,1.9301154613494873,0.6282649040222168,0.6790571212768555,0.860382080078125,0.790283203125,0.703216552734375,0.13570356369018555,0.30368784070014954
year,NLL,Cov90,0.18,0.05,0.1,0.1,0.4,0.5,2.0,0.85,1.3018505573272705,1.980907678604126,1.583883285522461,0.28203272819519043,0.6790571212768555,0.860382080078125,0.81964111328125,0.703216552734375,0.014063399285078049,0.6268298625946045
year,NLL,Cov90,0.18,0.05,0.1,0.0,0.4,0.25,2.0,-1.0,1.3018505573272705,1.980907678604126,1.8665111064910889,0.5646605491638184,0.6790571212768555,0.860382080078125,0.78485107421875,0.703216552734375,0.32195669412612915,0.30286920070648193
year,NLL,Cov90,0.18,0.05,0.1,0.2,0.4,0.25,1.0,-1.0,1.3018505573272705,1.980907678604126,1.7427910566329956,0.4409404993057251,0.6790571212768555,0.860382080078125,0.80731201171875,0.703216552734375,0.15405842661857605,0.9602622985839844
year,NLL,Cov90,0.18,0.05,0.1,0.0,0.4,0.25,2.0,0.85,1.3018505573272705,1.980907678604126,1.770994782447815,0.46914422512054443,0.6790571212768555,0.860382080078125,0.800628662109375,0.703216552734375,0.05312380939722061,0.3010442852973938
year,NLL,Cov90,0.18,0.05,0.1,0.2,0.4,0.25,1.0,0.85,1.3018505573272705,1.980907678604126,1.7315317392349243,0.4296811819076538,0.6790571212768555,0.860382080078125,0.817901611328125,0.703216552734375,0.010437555611133575,1.0094380378723145
year,NLL,Cov90,0.18,0.05,0.1,0.0,0.4,0.5,1.0,-1.0,1.3018505573272705,1.980907678604126,1.5968804359436035,0.295029878616333,0.6790571212768555,0.860382080078125,0.81304931640625,0.703216552734375,0.5020855665206909,0.2603258192539215
year,NLL,Cov90,0.18,0.05,0.1,0.2,0.4,0.25,2.0,-1.0,1.3018505573272705,1.980907678604126,1.8305144309997559,0.5286638736724854,0.6790571212768555,0.860382080078125,0.79254150390625,0.703216552734375,0.0725206583738327,1.0255153179168701
year,NLL,Cov90,0.18,0.05,0.1,0.0,0.4,0.5,1.0,0.85,1.3018505573272705,1.980907678604126,1.6533585786819458,0.3515080213546753,0.6790571212768555,0.860382080078125,0.81756591796875,0.703216552734375,0.15281125903129578,0.27843475341796875
year,NLL,Cov90,0.18,0.05,0.1,0.2,0.4,0.25,2.0,0.85,1.3018505573272705,1.980907678604126,1.8911913633346558,0.5893408060073853,0.6790571212768555,0.860382080078125,0.799285888671875,0.703216552734375,0.0,1.0265328884124756
year,NLL,Cov90,0.18,0.05,0.1,0.0,0.4,0.5,2.0,-1.0,1.3018505573272705,1.980907678604126,1.6709283590316772,0.36907780170440674,0.6790571212768555,0.860382080078125,0.80364990234375,0.703216552734375,0.34525159001350403,0.27074629068374634
year,NLL,Cov90,0.18,0.05,0.1,0.2,0.4,0.5,1.0,-1.0,1.3018505573272705,1.980907678604126,1.5135653018951416,0.2117147445678711,0.6790571212768555,0.860382080078125,0.830596923828125,0.703216552734375,0.1806638538837433,0.8254483938217163
year,NLL,Cov90,0.18,0.05,0.1,0.0,0.4,0.5,2.0,0.85,1.3018505573272705,1.980907678604126,1.6475465297698975,0.34569597244262695,0.6790571212768555,0.860382080078125,0.8370361328125,0.703216552734375,0.06542647629976273,0.27304378151893616
year,NLL,Cov90,0.18,0.05,0.1,0.2,0.4,0.5,1.0,0.85,1.3018505573272705,1.980907678604126,1.5316649675369263,0.22981441020965576,0.6790571212768555,0.860382080078125,0.8533935546875,0.703216552734375,0.012224133126437664,0.9023387432098389
year,NLL,Cov90,0.18,0.05,0.1,0.1,0.4,0.25,1.0,-1.0,1.3018505573272705,1.980907678604126,1.718769907951355,0.4169193506240845,0.6790571212768555,0.860382080078125,0.804412841796875,0.703216552734375,0.25115883350372314,0.6627501249313354
year,NLL,Cov90,0.18,0.05,0.1,0.2,0.4,0.5,2.0,-1.0,1.3018505573272705,1.980907678604126,1.636358618736267,0.3345080614089966,0.6790571212768555,0.860382080078125,0.821380615234375,0.703216552734375,0.0904461070895195,0.8820961713790894
year,NLL,Cov90,0.18,0.05,0.1,0.1,0.4,0.25,1.0,0.85,1.3018505573272705,1.980907678604126,1.9985058307647705,0.6966552734375,0.6790571212768555,0.860382080078125,0.786590576171875,0.703216552734375,0.03539235144853592,0.6877217888832092
year,NLL,Cov90,0.18,0.05,0.1,0.2,0.4,0.5,2.0,0.85,1.3018505573272705,1.980907678604126,1.5474553108215332,0.2456047534942627,0.6790571212768555,0.860382080078125,0.829925537109375,0.703216552734375,0.0016646970761939883,0.9481073617935181
year,NLL,Cov90,0.18,0.05,0.1,0.1,0.4,0.25,2.0,-1.0,1.3018505573272705,1.980907678604126,1.8720545768737793,0.5702040195465088,0.6790571212768555,0.860382080078125,0.795806884765625,0.703216552734375,0.13020214438438416,0.6886048913002014
year,NLL,Cov90,0.18,0.05,0.2,0.0,0.4,0.25,1.0,-1.0,1.3018505573272705,1.980907678604126,1.7512845993041992,0.4494340419769287,0.6790571212768555,0.860382080078125,0.794158935546875,0.703216552734375,0.3284182548522949,0.4902600944042206
year,NLL,Cov90,0.18,0.05,0.1,0.1,0.4,0.25,2.0,0.85,1.3018505573272705,1.980907678604126,1.7049602270126343,0.40310966968536377,0.6790571212768555,0.860382080078125,0.8037109375,0.703216552734375,0.010653218254446983,0.6848392486572266
year,NLL,Cov90,0.18,0.05,0.2,0.0,0.4,0.25,1.0,0.85,1.3018505573272705,1.980907678604126,1.8954201936721802,0.5935696363449097,0.6790571212768555,0.860382080078125,0.78656005859375,0.703216552734375,0.04933803901076317,0.5148739218711853
year,NLL,Cov90,0.18,0.05,0.1,0.1,0.4,0.5,1.0,-1.0,1.3018505573272705,1.980907678604126,1.4950449466705322,0.19319438934326172,0.6790571212768555,0.860382080078125,0.824798583984375,0.703216552734375,0.28497469425201416,0.5728332996368408
year,NLL,Cov90,0.18,0.05,0.2,0.0,0.4,0.25,2.0,-1.0,1.3018505573272705,1.980907678604126,1.8467621803283691,0.5449116230010986,0.6790571212768555,0.860382080078125,0.785614013671875,0.703216552734375,0.1925642192363739,0.5094308257102966
year,NLL,Cov90,0.18,0.05,0.1,0.1,0.4,0.5,1.0,0.85,1.3018505573272705,1.980907678604126,1.675692081451416,0.3738415241241455,0.6790571212768555,0.860382080078125,0.815460205078125,0.703216552734375,0.0391993522644043,0.6331275105476379
year,NLL,Cov90,0.18,0.05,0.2,0.0,0.4,0.25,2.0,0.85,1.3018505573272705,1.980907678604126,1.6590403318405151,0.35718977451324463,0.6790571212768555,0.860382080078125,0.818817138671875,0.703216552734375,0.01414528675377369,0.5047415494918823
year,NLL,Cov90,0.18,0.05,0.2,0.0,0.4,0.5,1.0,-1.0,1.3018505573272705,1.980907678604126,1.646777868270874,0.3449273109436035,0.6790571212768555,0.860382080078125,0.813934326171875,0.703216552734375,0.3579840660095215,0.435451865196228
year,NLL,Cov90,0.18,0.05,0.1,0.1,0.4,0.5,2.0,-1.0,1.3018505573272705,1.980907678604126,1.574670433998108,0.2728198766708374,0.6790571212768555,0.860382080078125,0.820343017578125,0.703216552734375,0.15509548783302307,0.6007078289985657
year,NLL,Cov90,0.18,0.05,0.2,0.0,0.4,0.5,1.0,0.85,1.3018505573272705,1.980907678604126,1.6016910076141357,0.29984045028686523,0.6790571212768555,0.860382080078125,0.822967529296875,0.703216552734375,0.07385647296905518,0.46222344040870667
year,NLL,Cov90,0.18,0.05,0.1,0.1,0.4,0.5,2.0,0.85,1.3018505573272705,1.980907678604126,1.583883285522461,0.28203272819519043,0.6790571212768555,0.860382080078125,0.81964111328125,0.703216552734375,0.014063399285078049,0.6268298625946045
year,NLL,Cov90,0.18,0.05,0.2,0.0,0.4,0.5,2.0,-1.0,1.3018505573272705,1.980907678604126,1.5373873710632324,0.23553681373596191,0.6790571212768555,0.860382080078125,0.82928466796875,0.703216552734375,0.21754784882068634,0.4481632113456726
year,NLL,Cov90,0.18,0.05,0.1,0.2,0.4,0.25,1.0,-1.0,1.3018505573272705,1.980907678604126,1.7427910566329956,0.4409404993057251,0.6790571212768555,0.860382080078125,0.80731201171875,0.703216552734375,0.15405842661857605,0.9602622985839844
year,NLL,Cov90,0.18,0.05,0.2,0.0,0.4,0.5,2.0,0.85,1.3018505573272705,1.980907678604126,1.9660120010375977,0.6641614437103271,0.6790571212768555,0.860382080078125,0.79803466796875,0.703216552734375,0.017455222085118294,0.4591270089149475
year,NLL,Cov90,0.18,0.05,0.1,0.2,0.4,0.25,1.0,0.85,1.3018505573272705,1.980907678604126,1.7315317392349243,0.4296811819076538,0.6790571212768555,0.860382080078125,0.817901611328125,0.703216552734375,0.010437555611133575,1.0094380378723145
year,NLL,Cov90,0.18,0.05,0.2,0.1,0.4,0.25,1.0,-1.0,1.3018505573272705,1.980907678604126,1.6761738061904907,0.3743232488632202,0.6790571212768555,0.860382080078125,0.808746337890625,0.703216552734375,0.20674726366996765,0.7704193592071533
year,NLL,Cov90,0.18,0.05,0.1,0.2,0.4,0.25,2.0,-1.0,1.3018505573272705,1.980907678604126,1.8305144309997559,0.5286638736724854,0.6790571212768555,0.860382080078125,0.79254150390625,0.703216552734375,0.0725206583738327,1.0255153179168701
year,NLL,Cov90,0.18,0.05,0.2,0.1,0.4,0.25,1.0,0.85,1.3018505573272705,1.980907678604126,2.0826308727264404,0.7807803153991699,0.6790571212768555,0.860382080078125,0.79095458984375,0.703216552734375,0.014052456244826317,0.8824862241744995
year,NLL,Cov90,0.18,0.05,0.1,0.2,0.4,0.25,2.0,0.85,1.3018505573272705,1.980907678604126,1.8911913633346558,0.5893408060073853,0.6790571212768555,0.860382080078125,0.799285888671875,0.703216552734375,0.0,1.0265328884124756
year,NLL,Cov90,0.18,0.05,0.2,0.1,0.4,0.25,2.0,-1.0,1.3018505573272705,1.980907678604126,1.836973786354065,0.5351232290267944,0.6790571212768555,0.860382080078125,0.7943115234375,0.703216552734375,0.10000259429216385,0.8134709000587463
year,NLL,Cov90,0.18,0.05,0.1,0.2,0.4,0.5,1.0,-1.0,1.3018505573272705,1.980907678604126,1.5135653018951416,0.2117147445678711,0.6790571212768555,0.860382080078125,0.830596923828125,0.703216552734375,0.1806638538837433,0.8254483938217163
year,NLL,Cov90,0.18,0.05,0.2,0.1,0.4,0.25,2.0,0.85,1.3018505573272705,1.980907678604126,1.9004089832305908,0.5985584259033203,0.6790571212768555,0.860382080078125,0.79876708984375,0.703216552734375,0.0,0.8402648568153381
year,NLL,Cov90,0.18,0.05,0.1,0.2,0.4,0.5,1.0,0.85,1.3018505573272705,1.980907678604126,1.5316649675369263,0.22981441020965576,0.6790571212768555,0.860382080078125,0.8533935546875,0.703216552734375,0.012224133126437664,0.9023387432098389
year,NLL,Cov90,0.18,0.05,0.2,0.1,0.4,0.5,1.0,-1.0,1.3018505573272705,1.980907678604126,1.5403785705566406,0.23852801322937012,0.6790571212768555,0.860382080078125,0.824737548828125,0.703216552734375,0.23434756696224213,0.6822370290756226
year,NLL,Cov90,0.18,0.05,0.1,0.2,0.4,0.5,2.0,-1.0,1.3018505573272705,1.980907678604126,1.636358618736267,0.3345080614089966,0.6790571212768555,0.860382080078125,0.821380615234375,0.703216552734375,0.0904461070895195,0.8820961713790894
year,NLL,Cov90,0.18,0.05,0.2,0.1,0.4,0.5,1.0,0.85,1.3018505573272705,1.980907678604126,1.7389039993286133,0.4370534420013428,0.6790571212768555,0.860382080078125,0.816436767578125,0.703216552734375,0.017342811450362206,0.7568261027336121
year,NLL,Cov90,0.18,0.05,0.1,0.2,0.4,0.5,2.0,0.85,1.3018505573272705,1.980907678604126,1.5474553108215332,0.2456047534942627,0.6790571212768555,0.860382080078125,0.829925537109375,0.703216552734375,0.0016646970761939883,0.9481073617935181
year,NLL,Cov90,0.18,0.05,0.2,0.1,0.4,0.5,2.0,-1.0,1.3018505573272705,1.980907678604126,1.6780900955200195,0.376239538192749,0.6790571212768555,0.860382080078125,0.812652587890625,0.703216552734375,0.11996455490589142,0.7204911708831787
year,NLL,Cov90,0.18,0.05,0.2,0.0,0.4,0.25,1.0,-1.0,1.3018505573272705,1.980907678604126,1.7512845993041992,0.4494340419769287,0.6790571212768555,0.860382080078125,0.794158935546875,0.703216552734375,0.3284182548522949,0.4902600944042206
year,NLL,Cov90,0.18,0.05,0.2,0.1,0.4,0.5,2.0,0.85,1.3018505573272705,1.980907678604126,1.8367621898651123,0.5349116325378418,0.6790571212768555,0.860382080078125,0.826690673828125,0.703216552734375,0.008556032553315163,0.7259467840194702
year,NLL,Cov90,0.18,0.05,0.2,0.0,0.4,0.25,1.0,0.85,1.3018505573272705,1.980907678604126,1.8954201936721802,0.5935696363449097,0.6790571212768555,0.860382080078125,0.78656005859375,0.703216552734375,0.04933803901076317,0.5148739218711853
year,NLL,Cov90,0.18,0.05,0.2,0.2,0.4,0.25,1.0,-1.0,1.3018505573272705,1.980907678604126,1.7230240106582642,0.42117345333099365,0.6790571212768555,0.860382080078125,0.79833984375,0.703216552734375,0.1342492401599884,1.0486220121383667
year,NLL,Cov90,0.18,0.05,0.2,0.0,0.4,0.25,2.0,-1.0,1.3018505573272705,1.980907678604126,1.8467621803283691,0.5449116230010986,0.6790571212768555,0.860382080078125,0.785614013671875,0.703216552734375,0.1925642192363739,0.5094308257102966
year,NLL,Cov90,0.18,0.05,0.2,0.2,0.4,0.25,1.0,0.85,1.3018505573272705,1.980907678604126,1.792264699935913,0.4904141426086426,0.6790571212768555,0.860382080078125,0.814788818359375,0.703216552734375,0.006967691704630852,1.1053005456924438
year,NLL,Cov90,0.18,0.05,0.2,0.0,0.4,0.25,2.0,0.85,1.3018505573272705,1.980907678604126,1.6590403318405151,0.35718977451324463,0.6790571212768555,0.860382080078125,0.818817138671875,0.703216552734375,0.01414528675377369,0.5047415494918823
year,NLL,Cov90,0.18,0.05,0.2,0.0,0.4,0.5,1.0,-1.0,1.3018505573272705,1.980907678604126,1.646777868270874,0.3449273109436035,0.6790571212768555,0.860382080078125,0.813934326171875,0.703216552734375,0.3579840660095215,0.435451865196228
year,NLL,Cov90,0.18,0.05,0.2,0.2,0.4,0.25,2.0,-1.0,1.3018505573272705,1.980907678604126,1.840320110321045,0.5384695529937744,0.6790571212768555,0.860382080078125,0.802337646484375,0.703216552734375,0.06184398755431175,1.0457249879837036
year,NLL,Cov90,0.18,0.05,0.2,0.0,0.4,0.5,1.0,0.85,1.3018505573272705,1.980907678604126,1.6016910076141357,0.29984045028686523,0.6790571212768555,0.860382080078125,0.822967529296875,0.703216552734375,0.07385647296905518,0.46222344040870667
year,NLL,Cov90,0.18,0.05,0.2,0.2,0.4,0.25,2.0,0.85,1.3018505573272705,1.980907678604126,2.1572024822235107,0.8553519248962402,0.6790571212768555,0.860382080078125,0.787017822265625,0.703216552734375,0.0016914441948756576,1.1705700159072876
year,NLL,Cov90,0.18,0.05,0.2,0.0,0.4,0.5,2.0,-1.0,1.3018505573272705,1.980907678604126,1.5373873710632324,0.23553681373596191,0.6790571212768555,0.860382080078125,0.82928466796875,0.703216552734375,0.21754784882068634,0.4481632113456726
year,NLL,Cov90,0.18,0.05,0.2,0.2,0.4,0.5,1.0,-1.0,1.3018505573272705,1.980907678604126,1.484559416770935,0.18270885944366455,0.6790571212768555,0.860382080078125,0.8341064453125,0.703216552734375,0.16386158764362335,0.8807429671287537
year,NLL,Cov90,0.18,0.05,0.2,0.0,0.4,0.5,2.0,0.85,1.3018505573272705,1.980907678604126,1.9660120010375977,0.6641614437103271,0.6790571212768555,0.860382080078125,0.79803466796875,0.703216552734375,0.017455222085118294,0.4591270089149475
year,NLL,Cov90,0.18,0.05,0.2,0.2,0.4,0.5,1.0,0.85,1.3018505573272705,1.980907678604126,1.4336674213409424,0.13181686401367188,0.6790571212768555,0.860382080078125,0.852081298828125,0.703216552734375,0.005148306488990784,0.9725453853607178
year,NLL,Cov90,0.18,0.05,0.2,0.1,0.4,0.25,1.0,-1.0,1.3018505573272705,1.980907678604126,1.6761738061904907,0.3743232488632202,0.6790571212768555,0.860382080078125,0.808746337890625,0.703216552734375,0.20674726366996765,0.7704193592071533
year,NLL,Cov90,0.18,0.05,0.2,0.2,0.4,0.5,2.0,-1.0,1.3018505573272705,1.980907678604126,1.5793849229812622,0.2775343656539917,0.6790571212768555,0.860382080078125,0.82208251953125,0.703216552734375,0.07719488441944122,0.9363371133804321
year,NLL,Cov90,0.18,0.05,0.2,0.1,0.4,0.25,1.0,0.85,1.3018505573272705,1.980907678604126,2.0826308727264404,0.7807803153991699,0.6790571212768555,0.860382080078125,0.79095458984375,0.703216552734375,0.014052456244826317,0.8824862241744995
year,NLL,Cov90,0.18,0.05,0.2,0.2,0.4,0.5,2.0,0.85,1.3018505573272705,1.980907678604126,1.7235217094421387,0.42167115211486816,0.6790571212768555,0.860382080078125,0.8292236328125,0.703216552734375,0.0,0.9761477112770081
year,NLL,Cov90,0.18,0.1,0.0,0.0,0.4,0.25,1.0,-1.0,1.3018505573272705,1.980907678604126,1.7982600927352905,0.49640953540802,0.6790571212768555,0.860382080078125,0.787628173828125,0.703216552734375,0.8310873508453369,0.03777053952217102
year,NLL,Cov90,0.18,0.05,0.2,0.1,0.4,0.25,2.0,-1.0,1.3018505573272705,1.980907678604126,1.836973786354065,0.5351232290267944,0.6790571212768555,0.860382080078125,0.7943115234375,0.703216552734375,0.10000259429216385,0.8134709000587463
year,NLL,Cov90,0.18,0.1,0.0,0.0,0.4,0.25,1.0,0.85,1.3018505573272705,1.980907678604126,1.8784360885620117,0.5765855312347412,0.6790571212768555,0.860382080078125,0.781890869140625,0.703216552734375,0.5542490482330322,0.03864223510026932
year,NLL,Cov90,0.18,0.05,0.2,0.1,0.4,0.25,2.0,0.85,1.3018505573272705,1.980907678604126,1.9004089832305908,0.5985584259033203,0.6790571212768555,0.860382080078125,0.79876708984375,0.703216552734375,0.0,0.8402648568153381
year,NLL,Cov90,0.18,0.1,0.0,0.0,0.4,0.25,2.0,-1.0,1.3018505573272705,1.980907678604126,1.8291388750076294,0.5272883176803589,0.6790571212768555,0.860382080078125,0.790191650390625,0.703216552734375,0.715146541595459,0.0380372479557991
year,NLL,Cov90,0.18,0.05,0.2,0.1,0.4,0.5,1.0,-1.0,1.3018505573272705,1.980907678604126,1.5403785705566406,0.23852801322937012,0.6790571212768555,0.860382080078125,0.824737548828125,0.703216552734375,0.23434756696224213,0.6822370290756226
year,NLL,Cov90,0.18,0.1,0.0,0.0,0.4,0.25,2.0,0.85,1.3018505573272705,1.980907678604126,1.7633146047592163,0.4614640474319458,0.6790571212768555,0.860382080078125,0.7906494140625,0.703216552734375,0.3599652051925659,0.03817848116159439
year,NLL,Cov90,0.18,0.05,0.2,0.1,0.4,0.5,1.0,0.85,1.3018505573272705,1.980907678604126,1.7389039993286133,0.4370534420013428,0.6790571212768555,0.860382080078125,0.816436767578125,0.703216552734375,0.017342811450362206,0.7568261027336121
year,NLL,Cov90,0.18,0.1,0.0,0.0,0.4,0.5,1.0,-1.0,1.3018505573272705,1.980907678604126,1.5090179443359375,0.207167387008667,0.6790571212768555,0.860382080078125,0.81744384765625,0.703216552734375,0.8537508249282837,0.03175795078277588
year,NLL,Cov90,0.18,0.05,0.2,0.1,0.4,0.5,2.0,-1.0,1.3018505573272705,1.980907678604126,1.6780900955200195,0.376239538192749,0.6790571212768555,0.860382080078125,0.812652587890625,0.703216552734375,0.11996455490589142,0.7204911708831787
year,NLL,Cov90,0.18,0.1,0.0,0.0,0.4,0.5,1.0,0.85,1.3018505573272705,1.980907678604126,1.5805435180664062,0.27869296073913574,0.6790571212768555,0.860382080078125,0.810577392578125,0.703216552734375,0.6004316806793213,0.03327246382832527
year,NLL,Cov90,0.18,0.05,0.2,0.1,0.4,0.5,2.0,0.85,1.3018505573272705,1.980907678604126,1.8367621898651123,0.5349116325378418,0.6790571212768555,0.860382080078125,0.826690673828125,0.703216552734375,0.008556032553315163,0.7259467840194702
year,NLL,Cov90,0.18,0.1,0.0,0.0,0.4,0.5,2.0,-1.0,1.3018505573272705,1.980907678604126,1.5751979351043701,0.2733473777770996,0.6790571212768555,0.860382080078125,0.8114013671875,0.703216552734375,0.740898609161377,0.03321118280291557
year,NLL,Cov90,0.18,0.05,0.2,0.2,0.4,0.25,1.0,-1.0,1.3018505573272705,1.980907678604126,1.7230240106582642,0.42117345333099365,0.6790571212768555,0.860382080078125,0.79833984375,0.703216552734375,0.1342492401599884,1.0486220121383667
year,NLL,Cov90,0.18,0.1,0.0,0.0,0.4,0.5,2.0,0.85,1.3018505573272705,1.980907678604126,1.5526528358459473,0.25080227851867676,0.6790571212768555,0.860382080078125,0.811492919921875,0.703216552734375,0.39412862062454224,0.03388514369726181
year,NLL,Cov90,0.18,0.05,0.2,0.2,0.4,0.25,1.0,0.85,1.3018505573272705,1.980907678604126,1.792264699935913,0.4904141426086426,0.6790571212768555,0.860382080078125,0.814788818359375,0.703216552734375,0.006967691704630852,1.1053005456924438
year,NLL,Cov90,0.18,0.1,0.0,0.1,0.4,0.25,1.0,-1.0,1.3018505573272705,1.980907678604126,1.87467622756958,0.5728256702423096,0.6790571212768555,0.860382080078125,0.79095458984375,0.703216552734375,0.28311842679977417,0.6975250840187073
year,NLL,Cov90,0.18,0.05,0.2,0.2,0.4,0.25,2.0,-1.0,1.3018505573272705,1.980907678604126,1.840320110321045,0.5384695529937744,0.6790571212768555,0.860382080078125,0.802337646484375,0.703216552734375,0.06184398755431175,1.0457249879837036
year,NLL,Cov90,0.18,0.1,0.0,0.1,0.4,0.25,1.0,0.85,1.3018505573272705,1.980907678604126,2.233989953994751,0.9321393966674805,0.6790571212768555,0.860382080078125,0.78143310546875,0.703216552734375,0.037386298179626465,0.6993799805641174
year,NLL,Cov90,0.18,0.05,0.2,0.2,0.4,0.25,2.0,0.85,1.3018505573272705,1.980907678604126,2.1572024822235107,0.8553519248962402,0.6790571212768555,0.860382080078125,0.787017822265625,0.703216552734375,0.0016914441948756576,1.1705700159072876
year,NLL,Cov90,0.18,0.1,0.0,0.1,0.4,0.25,2.0,-1.0,1.3018505573272705,1.980907678604126,2.0137338638305664,0.7118833065032959,0.6790571212768555,0.860382080078125,0.78924560546875,0.703216552734375,0.1586071103811264,0.7107446193695068
year,NLL,Cov90,0.18,0.05,0.2,0.2,0.4,0.5,1.0,-1.0,1.3018505573272705,1.980907678604126,1.484559416770935,0.18270885944366455,0.6790571212768555,0.860382080078125,0.8341064453125,0.703216552734375,0.16386158764362335,0.8807429671287537
year,NLL,Cov90,0.18,0.1,0.0,0.1,0.4,0.25,2.0,0.85,1.3018505573272705,1.980907678604126,1.7764441967010498,0.4745936393737793,0.6790571212768555,0.860382080078125,0.803924560546875,0.703216552734375,0.017589712515473366,0.6539391875267029
year,NLL,Cov90,0.18,0.05,0.2,0.2,0.4,0.5,1.0,0.85,1.3018505573272705,1.980907678604126,1.4336674213409424,0.13181686401367188,0.6790571212768555,0.860382080078125,0.852081298828125,0.703216552734375,0.005148306488990784,0.9725453853607178
year,NLL,Cov90,0.18,0.1,0.0,0.1,0.4,0.5,1.0,-1.0,1.3018505573272705,1.980907678604126,1.6666454076766968,0.36479485034942627,0.6790571212768555,0.860382080078125,0.81463623046875,0.703216552734375,0.31780821084976196,0.6130496263504028
year,NLL,Cov90,0.18,0.05,0.2,0.2,0.4,0.5,2.0,-1.0,1.3018505573272705,1.980907678604126,1.5793849229812622,0.2775343656539917,0.6790571212768555,0.860382080078125,0.82208251953125,0.703216552734375,0.07719488441944122,0.9363371133804321
year,NLL,Cov90,0.18,0.1,0.0,0.1,0.4,0.5,1.0,0.85,1.3018505573272705,1.980907678604126,1.7065162658691406,0.4046657085418701,0.6790571212768555,0.860382080078125,0.814697265625,0.703216552734375,0.04785593971610069,0.613445520401001
year,NLL,Cov90,0.18,0.05,0.2,0.2,0.4,0.5,2.0,0.85,1.3018505573272705,1.980907678604126,1.7235217094421387,0.42167115211486816,0.6790571212768555,0.860382080078125,0.8292236328125,0.703216552734375,0.0,0.9761477112770081
year,NLL,Cov90,0.18,0.1,0.0,0.1,0.4,0.5,2.0,-1.0,1.3018505573272705,1.980907678604126,1.727225422859192,0.4253748655319214,0.6790571212768555,0.860382080078125,0.81182861328125,0.703216552734375,0.182794988155365,0.6342425346374512
year,NLL,Cov90,0.18,0.1,0.0,0.0,0.4,0.25,1.0,-1.0,1.3018505573272705,1.980907678604126,1.7982600927352905,0.49640953540802,0.6790571212768555,0.860382080078125,0.787628173828125,0.703216552734375,0.8310873508453369,0.03777053952217102
year,NLL,Cov90,0.18,0.1,0.0,0.1,0.4,0.5,2.0,0.85,1.3018505573272705,1.980907678604126,1.5983632802963257,0.2965127229690552,0.6790571212768555,0.860382080078125,0.8345947265625,0.703216552734375,0.017876416444778442,0.5956915020942688
year,NLL,Cov90,0.18,0.1,0.0,0.0,0.4,0.25,1.0,0.85,1.3018505573272705,1.980907678604126,1.8784360885620117,0.5765855312347412,0.6790571212768555,0.860382080078125,0.781890869140625,0.703216552734375,0.5542490482330322,0.03864223510026932
year,NLL,Cov90,0.18,0.1,0.0,0.2,0.4,0.25,1.0,-1.0,1.3018505573272705,1.980907678604126,1.8282060623168945,0.526355504989624,0.6790571212768555,0.860382080078125,0.804779052734375,0.703216552734375,0.1546396017074585,1.099399209022522
year,NLL,Cov90,0.18,0.1,0.0,0.0,0.4,0.25,2.0,-1.0,1.3018505573272705,1.980907678604126,1.8291388750076294,0.5272883176803589,0.6790571212768555,0.860382080078125,0.790191650390625,0.703216552734375,0.715146541595459,0.0380372479557991
year,NLL,Cov90,0.18,0.1,0.0,0.2,0.4,0.25,1.0,0.85,1.3018505573272705,1.980907678604126,1.9428513050079346,0.6410007476806641,0.6790571212768555,0.860382080078125,0.791259765625,0.703216552734375,0.01579197868704796,1.084223747253418
year,NLL,Cov90,0.18,0.1,0.0,0.0,0.4,0.25,2.0,0.85,1.3018505573272705,1.980907678604126,1.7633146047592163,0.4614640474319458,0.6790571212768555,0.860382080078125,0.7906494140625,0.703216552734375,0.3599652051925659,0.03817848116159439
year,NLL,Cov90,0.18,0.1,0.0,0.2,0.4,0.25,2.0,-1.0,1.3018505573272705,1.980907678604126,1.8979796171188354,0.5961290597915649,0.6790571212768555,0.860382080078125,0.805389404296875,0.703216552734375,0.07484883069992065,1.1090160608291626
year,NLL,Cov90,0.18,0.1,0.0,0.0,0.4,0.5,1.0,-1.0,1.3018505573272705,1.980907678604126,1.5090179443359375,0.207167387008667,0.6790571212768555,0.860382080078125,0.81744384765625,0.703216552734375,0.8537508249282837,0.03175795078277588
year,NLL,Cov90,0.18,0.1,0.0,0.2,0.4,0.25,2.0,0.85,1.3018505573272705,1.980907678604126,2.027289390563965,0.7254388332366943,0.6790571212768555,0.860382080078125,0.781646728515625,0.703216552734375,0.005194588098675013,1.1114838123321533
year,NLL,Cov90,0.18,0.1,0.0,0.0,0.4,0.5,1.0,0.85,1.3018505573272705,1.980907678604126,1.5805435180664062,0.27869296073913574,0.6790571212768555,0.860382080078125,0.810577392578125,0.703216552734375,0.6004316806793213,0.03327246382832527
year,NLL,Cov90,0.18,0.1,0.0,0.2,0.4,0.5,1.0,-1.0,1.3018505573272705,1.980907678604126,1.5850350856781006,0.2831845283508301,0.6790571212768555,0.860382080078125,0.83050537109375,0.703216552734375,0.18670085072517395,0.9389949440956116
year,NLL,Cov90,0.18,0.1,0.0,0.0,0.4,0.5,2.0,-1.0,1.3018505573272705,1.980907678604126,1.5751979351043701,0.2733473777770996,0.6790571212768555,0.860382080078125,0.8114013671875,0.703216552734375,0.740898609161377,0.03321118280291557
year,NLL,Cov90,0.18,0.1,0.0,0.2,0.4,0.5,1.0,0.85,1.3018505573272705,1.980907678604126,1.8334190845489502,0.5315685272216797,0.6790571212768555,0.860382080078125,0.810272216796875,0.703216552734375,0.026193995028734207,1.0213515758514404
year,NLL,Cov90,0.18,0.1,0.0,0.0,0.4,0.5,2.0,0.85,1.3018505573272705,1.980907678604126,1.5526528358459473,0.25080227851867676,0.6790571212768555,0.860382080078125,0.811492919921875,0.703216552734375,0.39412862062454224,0.03388514369726181
year,NLL,Cov90,0.18,0.1,0.0,0.2,0.4,0.5,2.0,-1.0,1.3018505573272705,1.980907678604126,1.7311639785766602,0.42931342124938965,0.6790571212768555,0.860382080078125,0.81927490234375,0.703216552734375,0.09424899518489838,0.982636570930481
year,NLL,Cov90,0.18,0.1,0.0,0.1,0.4,0.25,1.0,-1.0,1.3018505573272705,1.980907678604126,1.87467622756958,0.5728256702423096,0.6790571212768555,0.860382080078125,0.79095458984375,0.703216552734375,0.28311842679977417,0.6975250840187073
year,NLL,Cov90,0.18,0.1,0.0,0.2,0.4,0.5,2.0,0.85,1.3018505573272705,1.980907678604126,1.8152482509613037,0.5133976936340332,0.6790571212768555,0.860382080078125,0.81488037109375,0.703216552734375,0.005169956013560295,0.8945389986038208
year,NLL,Cov90,0.18,0.1,0.0,0.1,0.4,0.25,1.0,0.85,1.3018505573272705,1.980907678604126,2.233989953994751,0.9321393966674805,0.6790571212768555,0.860382080078125,0.78143310546875,0.703216552734375,0.037386298179626465,0.6993799805641174
year,NLL,Cov90,0.18,0.1,0.1,0.0,0.4,0.25,1.0,-1.0,1.3018505573272705,1.980907678604126,1.7494791746139526,0.44762861728668213,0.6790571212768555,0.860382080078125,0.79241943359375,0.703216552734375,0.4383814334869385,0.3179980516433716
year,NLL,Cov90,0.18,0.1,0.0,0.1,0.4,0.25,2.0,-1.0,1.3018505573272705,1.980907678604126,2.0137338638305664,0.7118833065032959,0.6790571212768555,0.860382080078125,0.78924560546875,0.703216552734375,0.1586071103811264,0.7107446193695068
year,NLL,Cov90,0.18,0.1,0.1,0.0,0.4,0.25,1.0,0.85,1.3018505573272705,1.980907678604126,1.793602705001831,0.49175214767456055,0.6790571212768555,0.860382080078125,0.796539306640625,0.703216552734375,0.10611880570650101,0.3221254050731659
year,NLL,Cov90,0.18,0.1,0.0,0.1,0.4,0.25,2.0,0.85,1.3018505573272705,1.980907678604126,1.7764441967010498,0.4745936393737793,0.6790571212768555,0.860382080078125,0.803924560546875,0.703216552734375,0.017589712515473366,0.6539391875267029
year,NLL,Cov90,0.18,0.1,0.1,0.0,0.4,0.25,2.0,-1.0,1.3018505573272705,1.980907678604126,1.8811672925949097,0.5793167352676392,0.6790571212768555,0.860382080078125,0.78411865234375,0.703216552734375,0.28804874420166016,0.321778267621994
year,NLL,Cov90,0.18,0.1,0.0,0.1,0.4,0.5,1.0,-1.0,1.3018505573272705,1.980907678604126,1.6666454076766968,0.36479485034942627,0.6790571212768555,0.860382080078125,0.81463623046875,0.703216552734375,0.31780821084976196,0.6130496263504028
year,NLL,Cov90,0.18,0.1,0.1,0.0,0.4,0.25,2.0,0.85,1.3018505573272705,1.980907678604126,1.812744379043579,0.5108938217163086,0.6790571212768555,0.860382080078125,0.78680419921875,0.703216552734375,0.037264496088027954,0.32865825295448303
year,NLL,Cov90,0.18,0.1,0.0,0.1,0.4,0.5,1.0,0.85,1.3018505573272705,1.980907678604126,1.7065162658691406,0.4046657085418701,0.6790571212768555,0.860382080078125,0.814697265625,0.703216552734375,0.04785593971610069,0.613445520401001
year,NLL,Cov90,0.18,0.1,0.1,0.0,0.4,0.5,1.0,-1.0,1.3018505573272705,1.980907678604126,1.5931785106658936,0.29132795333862305,0.6790571212768555,0.860382080078125,0.812042236328125,0.703216552734375,0.4697466194629669,0.27953657507896423
year,NLL,Cov90,0.18,0.1,0.0,0.1,0.4,0.5,2.0,-1.0,1.3018505573272705,1.980907678604126,1.727225422859192,0.4253748655319214,0.6790571212768555,0.860382080078125,0.81182861328125,0.703216552734375,0.182794988155365,0.6342425346374512
year,NLL,Cov90,0.18,0.1,0.1,0.0,0.4,0.5,1.0,0.85,1.3018505573272705,1.980907678604126,1.700559139251709,0.3987085819244385,0.6790571212768555,0.860382080078125,0.815460205078125,0.703216552734375,0.12218242138624191,0.29466938972473145
year,NLL,Cov90,0.18,0.1,0.0,0.1,0.4,0.5,2.0,0.85,1.3018505573272705,1.980907678604126,1.5983632802963257,0.2965127229690552,0.6790571212768555,0.860382080078125,0.8345947265625,0.703216552734375,0.017876416444778442,0.5956915020942688
year,NLL,Cov90,0.18,0.1,0.1,0.0,0.4,0.5,2.0,-1.0,1.3018505573272705,1.980907678604126,1.6476051807403564,0.34575462341308594,0.6790571212768555,0.860382080078125,0.8092041015625,0.703216552734375,0.31100350618362427,0.2882375419139862
year,NLL,Cov90,0.18,0.1,0.0,0.2,0.4,0.25,1.0,-1.0,1.3018505573272705,1.980907678604126,1.8282060623168945,0.526355504989624,0.6790571212768555,0.860382080078125,0.804779052734375,0.703216552734375,0.1546396017074585,1.099399209022522
year,NLL,Cov90,0.18,0.1,0.1,0.0,0.4,0.5,2.0,0.85,1.3018505573272705,1.980907678604126,1.8666796684265137,0.5648291110992432,0.6790571212768555,0.860382080078125,0.798797607421875,0.703216552734375,0.03407255932688713,0.30220717191696167
year,NLL,Cov90,0.18,0.1,0.0,0.2,0.4,0.25,1.0,0.85,1.3018505573272705,1.980907678604126,1.9428513050079346,0.6410007476806641,0.6790571212768555,0.860382080078125,0.791259765625,0.703216552734375,0.01579197868704796,1.084223747253418
year,NLL,Cov90,0.18,0.1,0.1,0.1,0.4,0.25,1.0,-1.0,1.3018505573272705,1.980907678604126,1.8144910335540771,0.5126404762268066,0.6790571212768555,0.860382080078125,0.799957275390625,0.703216552734375,0.23734229803085327,0.6902177333831787
year,NLL,Cov90,0.18,0.1,0.0,0.2,0.4,0.25,2.0,-1.0,1.3018505573272705,1.980907678604126,1.8979796171188354,0.5961290597915649,0.6790571212768555,0.860382080078125,0.805389404296875,0.703216552734375,0.07484883069992065,1.1090160608291626
year,NLL,Cov90,0.18,0.1,0.1,0.1,0.4,0.25,1.0,0.85,1.3018505573272705,1.980907678604126,1.7880364656448364,0.4861859083175659,0.6790571212768555,0.860382080078125,0.803070068359375,0.703216552734375,0.03339303657412529,0.6926335096359253
year,NLL,Cov90,0.18,0.1,0.0,0.2,0.4,0.25,2.0,0.85,1.3018505573272705,1.980907678604126,2.027289390563965,0.7254388332366943,0.6790571212768555,0.860382080078125,0.781646728515625,0.703216552734375,0.005194588098675013,1.1114838123321533
year,NLL,Cov90,0.18,0.1,0.1,0.1,0.4,0.25,2.0,-1.0,1.3018505573272705,1.980907678604126,1.8284127712249756,0.5265622138977051,0.6790571212768555,0.860382080078125,0.799774169921875,0.703216552734375,0.12267585098743439,0.7054684162139893
year,NLL,Cov90,0.18,0.1,0.0,0.2,0.4,0.5,1.0,-1.0,1.3018505573272705,1.980907678604126,1.5850350856781006,0.2831845283508301,0.6790571212768555,0.860382080078125,0.83050537109375,0.703216552734375,0.18670085072517395,0.9389949440956116
year,NLL,Cov90,0.18,0.1,0.1,0.1,0.4,0.25,2.0,0.85,1.3018505573272705,1.980907678604126,1.4847475290298462,0.18289697170257568,0.6790571212768555,0.860382080078125,0.829498291015625,0.703216552734375,0.00860665924847126,0.6799453496932983
year,NLL,Cov90,0.18,0.1,0.0,0.2,0.4,0.5,1.0,0.85,1.3018505573272705,1.980907678604126,1.8334190845489502,0.5315685272216797,0.6790571212768555,0.860382080078125,0.810272216796875,0.703216552734375,0.026193995028734207,1.0213515758514404
year,NLL,Cov90,0.18,0.1,0.1,0.1,0.4,0.5,1.0,-1.0,1.3018505573272705,1.980907678604126,1.492353916168213,0.19050335884094238,0.6790571212768555,0.860382080078125,0.825164794921875,0.703216552734375,0.2738487124443054,0.5862171649932861
year,NLL,Cov90,0.18,0.1,0.0,0.2,0.4,0.5,2.0,-1.0,1.3018505573272705,1.980907678604126,1.7311639785766602,0.42931342124938965,0.6790571212768555,0.860382080078125,0.81927490234375,0.703216552734375,0.09424899518489838,0.982636570930481
year,NLL,Cov90,0.18,0.1,0.1,0.1,0.4,0.5,1.0,0.85,1.3018505573272705,1.980907678604126,1.7453136444091797,0.4434630870819092,0.6790571212768555,0.860382080078125,0.80670166015625,0.703216552734375,0.03159656748175621,0.6645346283912659
year,NLL,Cov90,0.18,0.1,0.0,0.2,0.4,0.5,2.0,0.85,1.3018505573272705,1.980907678604126,1.8152482509613037,0.5133976936340332,0.6790571212768555,0.860382080078125,0.81488037109375,0.703216552734375,0.005169956013560295,0.8945389986038208
year,NLL,Cov90,0.18,0.1,0.1,0.1,0.4,0.5,2.0,-1.0,1.3018505573272705,1.980907678604126,1.6122753620147705,0.3104248046875,0.6790571212768555,0.860382080078125,0.814849853515625,0.703216552734375,0.1463368982076645,0.6202913522720337
year,NLL,Cov90,0.18,0.1,0.1,0.0,0.4,0.25,1.0,-1.0,1.3018505573272705,1.980907678604126,1.7494791746139526,0.44762861728668213,0.6790571212768555,0.860382080078125,0.79241943359375,0.703216552734375,0.4383814334869385,0.3179980516433716
year,NLL,Cov90,0.18,0.1,0.1,0.1,0.4,0.5,2.0,0.85,1.3018505573272705,1.980907678604126,1.422415018081665,0.12056446075439453,0.6790571212768555,0.860382080078125,0.83258056640625,0.703216552734375,0.014024527743458748,0.620951771736145
year,NLL,Cov90,0.18,0.1,0.1,0.0,0.4,0.25,1.0,0.85,1.3018505573272705,1.980907678604126,1.793602705001831,0.49175214767456055,0.6790571212768555,0.860382080078125,0.796539306640625,0.703216552734375,0.10611880570650101,0.3221254050731659
year,NLL,Cov90,0.18,0.1,0.1,0.2,0.4,0.25,1.0,-1.0,1.3018505573272705,1.980907678604126,1.727501630783081,0.42565107345581055,0.6790571212768555,0.860382080078125,0.810089111328125,0.703216552734375,0.14921638369560242,0.9829597473144531
year,NLL,Cov90,0.18,0.1,0.1,0.0,0.4,0.25,2.0,-1.0,1.3018505573272705,1.980907678604126,1.8811672925949097,0.5793167352676392,0.6790571212768555,0.860382080078125,0.78411865234375,0.703216552734375,0.28804874420166016,0.321778267621994
year,NLL,Cov90,0.18,0.1,0.1,0.2,0.4,0.25,1.0,0.85,1.3018505573272705,1.980907678604126,1.8290029764175415,0.527152419090271,0.6790571212768555,0.860382080078125,0.806396484375,0.703216552734375,0.014034455642104149,0.982275128364563
year,NLL,Cov90,0.18,0.1,0.1,0.0,0.4,0.25,2.0,0.85,1.3018505573272705,1.980907678604126,1.812744379043579,0.5108938217163086,0.6790571212768555,0.860382080078125,0.78680419921875,0.703216552734375,0.037264496088027954,0.32865825295448303
year,NLL,Cov90,0.18,0.1,0.1,0.2,0.4,0.25,2.0,-1.0,1.3018505573272705,1.980907678604126,1.8438522815704346,0.5420017242431641,0.6790571212768555,0.860382080078125,0.79949951171875,0.703216552734375,0.07219862937927246,1.022196650505066
year,NLL,Cov90,0.18,0.1,0.1,0.0,0.4,0.5,1.0,-1.0,1.3018505573272705,1.980907678604126,1.5931785106658936,0.29132795333862305,0.6790571212768555,0.860382080078125,0.812042236328125,0.703216552734375,0.4697466194629669,0.27953657507896423
year,NLL,Cov90,0.18,0.1,0.1,0.2,0.4,0.25,2.0,0.85,1.3018505573272705,1.980907678604126,2.0628461837768555,0.760995626449585,0.6790571212768555,0.860382080078125,0.78118896484375,0.703216552734375,0.0017213630490005016,1.0506309270858765
year,NLL,Cov90,0.18,0.1,0.1,0.0,0.4,0.5,1.0,0.85,1.3018505573272705,1.980907678604126,1.700559139251709,0.3987085819244385,0.6790571212768555,0.860382080078125,0.815460205078125,0.703216552734375,0.12218242138624191,0.29466938972473145
year,NLL,Cov90,0.18,0.1,0.1,0.2,0.4,0.5,1.0,-1.0,1.3018505573272705,1.980907678604126,1.5043103694915771,0.20245981216430664,0.6790571212768555,0.860382080078125,0.83221435546875,0.703216552734375,0.17338475584983826,0.8430901765823364
year,NLL,Cov90,0.18,0.1,0.1,0.0,0.4,0.5,2.0,-1.0,1.3018505573272705,1.980907678604126,1.6476051807403564,0.34575462341308594,0.6790571212768555,0.860382080078125,0.8092041015625,0.703216552734375,0.31100350618362427,0.2882375419139862
year,NLL,Cov90,0.18,0.1,0.1,0.2,0.4,0.5,1.0,0.85,1.3018505573272705,1.980907678604126,1.645078182220459,0.3432276248931885,0.6790571212768555,0.860382080078125,0.8345947265625,0.703216552734375,0.012260744348168373,0.8269931077957153
year,NLL,Cov90,0.18,0.1,0.1,0.0,0.4,0.5,2.0,0.85,1.3018505573272705,1.980907678604126,1.8666796684265137,0.5648291110992432,0.6790571212768555,0.860382080078125,0.798797607421875,0.703216552734375,0.03407255932688713,0.30220717191696167
year,NLL,Cov90,0.18,0.1,0.1,0.2,0.4,0.5,2.0,-1.0,1.3018505573272705,1.980907678604126,1.647199034690857,0.3453484773635864,0.6790571212768555,0.860382080078125,0.82135009765625,0.703216552734375,0.08553367853164673,0.9013060331344604
year,NLL,Cov90,0.18,0.1,0.1,0.1,0.4,0.25,1.0,-1.0,1.3018505573272705,1.980907678604126,1.8144910335540771,0.5126404762268066,0.6790571212768555,0.860382080078125,0.799957275390625,0.703216552734375,0.23734229803085327,0.6902177333831787
year,NLL,Cov90,0.18,0.1,0.1,0.2,0.4,0.5,2.0,0.85,1.3018505573272705,1.980907678604126,1.8903510570526123,0.5885004997253418,0.6790571212768555,0.860382080078125,0.8189697265625,0.703216552734375,0.003469842951744795,0.9529197812080383
year,NLL,Cov90,0.18,0.1,0.1,0.1,0.4,0.25,1.0,0.85,1.3018505573272705,1.980907678604126,1.7880364656448364,0.4861859083175659,0.6790571212768555,0.860382080078125,0.803070068359375,0.703216552734375,0.03339303657412529,0.6926335096359253
year,NLL,Cov90,0.18,0.1,0.2,0.0,0.4,0.25,1.0,-1.0,1.3018505573272705,1.980907678604126,1.7629456520080566,0.46109509468078613,0.6790571212768555,0.860382080078125,0.791534423828125,0.703216552734375,0.31474536657333374,0.5041307806968689
year,NLL,Cov90,0.18,0.1,0.1,0.1,0.4,0.25,2.0,-1.0,1.3018505573272705,1.980907678604126,1.8284127712249756,0.5265622138977051,0.6790571212768555,0.860382080078125,0.799774169921875,0.703216552734375,0.12267585098743439,0.7054684162139893
year,NLL,Cov90,0.18,0.1,0.2,0.0,0.4,0.25,1.0,0.85,1.3018505573272705,1.980907678604126,1.7784650325775146,0.47661447525024414,0.6790571212768555,0.860382080078125,0.80499267578125,0.703216552734375,0.05324971303343773,0.5370129346847534
year,NLL,Cov90,0.18,0.1,0.1,0.1,0.4,0.25,2.0,0.85,1.3018505573272705,1.980907678604126,1.4847475290298462,0.18289697170257568,0.6790571212768555,0.860382080078125,0.829498291015625,0.703216552734375,0.00860665924847126,0.6799453496932983
year,NLL,Cov90,0.18,0.1,0.2,0.0,0.4,0.25,2.0,-1.0,1.3018505573272705,1.980907678604126,1.8504407405853271,0.5485901832580566,0.6790571212768555,0.860382080078125,0.786285400390625,0.703216552734375,0.18209517002105713,0.523206353187561
year,NLL,Cov90,0.18,0.1,0.1,0.1,0.4,0.5,1.0,-1.0,1.3018505573272705,1.980907678604126,1.492353916168213,0.19050335884094238,0.6790571212768555,0.860382080078125,0.825164794921875,0.703216552734375,0.2738487124443054,0.5862171649932861
year,NLL,Cov90,0.18,0.1,0.2,0.0,0.4,0.25,2.0,0.85,1.3018505573272705,1.980907678604126,1.5593341588974,0.2574836015701294,0.6790571212768555,0.860382080078125,0.8302001953125,0.703216552734375,0.013855045661330223,0.5242137908935547
year,NLL,Cov90,0.18,0.1,0.1,0.1,0.4,0.5,1.0,0.85,1.3018505573272705,1.980907678604126,1.7453136444091797,0.4434630870819092,0.6790571212768555,0.860382080078125,0.80670166015625,0.703216552734375,0.03159656748175621,0.6645346283912659
year,NLL,Cov90,0.18,0.1,0.2,0.0,0.4,0.5,1.0,-1.0,1.3018505573272705,1.980907678604126,1.5732882022857666,0.2714376449584961,0.6790571212768555,0.860382080078125,0.82122802734375,0.703216552734375,0.3460635840892792,0.44205930829048157
year,NLL,Cov90,0.18,0.1,0.1,0.1,0.4,0.5,2.0,-1.0,1.3018505573272705,1.980907678604126,1.6122753620147705,0.3104248046875,0.6790571212768555,0.860382080078125,0.814849853515625,0.703216552734375,0.1463368982076645,0.6202913522720337
year,NLL,Cov90,0.18,0.1,0.2,0.0,0.4,0.5,1.0,0.85,1.3018505573272705,1.980907678604126,1.9469451904296875,0.645094633102417,0.6790571212768555,0.860382080078125,0.798858642578125,0.703216552734375,0.0678253322839737,0.46716803312301636
year,NLL,Cov90,0.18,0.1,0.1,0.1,0.4,0.5,2.0,0.85,1.3018505573272705,1.980907678604126,1.422415018081665,0.12056446075439453,0.6790571212768555,0.860382080078125,0.83258056640625,0.703216552734375,0.014024527743458748,0.620951771736145
year,NLL,Cov90,0.18,0.1,0.2,0.0,0.4,0.5,2.0,-1.0,1.3018505573272705,1.980907678604126,1.4984811544418335,0.196630597114563,0.6790571212768555,0.860382080078125,0.829193115234375,0.703216552734375,0.20827531814575195,0.458299458026886
year,NLL,Cov90,0.18,0.1,0.1,0.2,0.4,0.25,1.0,-1.0,1.3018505573272705,1.980907678604126,1.727501630783081,0.42565107345581055,0.6790571212768555,0.860382080078125,0.810089111328125,0.703216552734375,0.14921638369560242,0.9829597473144531
year,NLL,Cov90,0.18,0.1,0.2,0.0,0.4,0.5,2.0,0.85,1.3018505573272705,1.980907678604126,1.6035302877426147,0.30167973041534424,0.6790571212768555,0.860382080078125,0.829681396484375,0.703216552734375,0.02102215588092804,0.4649120271205902
year,NLL,Cov90,0.18,0.1,0.1,0.2,0.4,0.25,1.0,0.85,1.3018505573272705,1.980907678604126,1.8290029764175415,0.527152419090271,0.6790571212768555,0.860382080078125,0.806396484375,0.703216552734375,0.014034455642104149,0.982275128364563
year,NLL,Cov90,0.18,0.1,0.2,0.1,0.4,0.25,1.0,-1.0,1.3018505573272705,1.980907678604126,1.7112969160079956,0.4094463586807251,0.6790571212768555,0.860382080078125,0.8072509765625,0.703216552734375,0.18994766473770142,0.8207563161849976
year,NLL,Cov90,0.18,0.1,0.1,0.2,0.4,0.25,2.0,-1.0,1.3018505573272705,1.980907678604126,1.8438522815704346,0.5420017242431641,0.6790571212768555,0.860382080078125,0.79949951171875,0.703216552734375,0.07219862937927246,1.022196650505066
year,NLL,Cov90,0.18,0.1,0.2,0.1,0.4,0.25,1.0,0.85,1.3018505573272705,1.980907678604126,1.9727489948272705,0.6708984375,0.6790571212768555,0.860382080078125,0.79730224609375,0.703216552734375,0.010816377587616444,0.8937079310417175
year,NLL,Cov90,0.18,0.1,0.1,0.2,0.4,0.25,2.0,0.85,1.3018505573272705,1.980907678604126,2.0628461837768555,0.760995626449585,0.6790571212768555,0.860382080078125,0.78118896484375,0.703216552734375,0.0017213630490005016,1.0506309270858765
year,NLL,Cov90,0.18,0.1,0.2,0.1,0.4,0.25,2.0,-1.0,1.3018505573272705,1.980907678604126,1.8139941692352295,0.512143611907959,0.6790571212768555,0.860382080078125,0.793701171875,0.703216552734375,0.0955117791891098,0.8493656516075134
year,NLL,Cov90,0.18,0.1,0.1,0.2,0.4,0.5,1.0,-1.0,1.3018505573272705,1.980907678604126,1.5043103694915771,0.20245981216430664,0.6790571212768555,0.860382080078125,0.83221435546875,0.703216552734375,0.17338475584983826,0.8430901765823364
year,NLL,Cov90,0.18,0.1,0.2,0.1,0.4,0.25,2.0,0.85,1.3018505573272705,1.980907678604126,1.8307149410247803,0.5288643836975098,0.6790571212768555,0.860382080078125,0.812957763671875,0.703216552734375,0.0051105753518640995,0.8511496782302856
year,NLL,Cov90,0.18,0.1,0.1,0.2,0.4,0.5,1.0,0.85,1.3018505573272705,1.980907678604126,1.645078182220459,0.3432276248931885,0.6790571212768555,0.860382080078125,0.8345947265625,0.703216552734375,0.012260744348168373,0.8269931077957153
year,NLL,Cov90,0.18,0.1,0.2,0.1,0.4,0.5,1.0,-1.0,1.3018505573272705,1.980907678604126,1.5047554969787598,0.20290493965148926,0.6790571212768555,0.860382080078125,0.82830810546875,0.703216552734375,0.22267457842826843,0.6975095868110657
year,NLL,Cov90,0.18,0.1,0.1,0.2,0.4,0.5,2.0,-1.0,1.3018505573272705,1.980907678604126,1.647199034690857,0.3453484773635864,0.6790571212768555,0.860382080078125,0.82135009765625,0.703216552734375,0.08553367853164673,0.9013060331344604
year,NLL,Cov90,0.18,0.1,0.2,0.1,0.4,0.5,1.0,0.85,1.3018505573272705,1.980907678604126,1.8643057346343994,0.5624551773071289,0.6790571212768555,0.860382080078125,0.812591552734375,0.703216552734375,0.015784338116645813,0.7774816751480103
year,NLL,Cov90,0.18,0.1,0.1,0.2,0.4,0.5,2.0,0.85,1.3018505573272705,1.980907678604126,1.8903510570526123,0.5885004997253418,0.6790571212768555,0.860382080078125,0.8189697265625,0.703216552734375,0.003469842951744795,0.9529197812080383
year,NLL,Cov90,0.18,0.1,0.2,0.1,0.4,0.5,2.0,-1.0,1.3018505573272705,1.980907678604126,1.6469963788986206,0.3451458215713501,0.6790571212768555,0.860382080078125,0.814727783203125,0.703216552734375,0.11267975717782974,0.7509614825248718
year,NLL,Cov90,0.18,0.1,0.2,0.0,0.4,0.25,1.0,-1.0,1.3018505573272705,1.980907678604126,1.7629456520080566,0.46109509468078613,0.6790571212768555,0.860382080078125,0.791534423828125,0.703216552734375,0.31474536657333374,0.5041307806968689
year,NLL,Cov90,0.18,0.1,0.2,0.1,0.4,0.5,2.0,0.85,1.3018505573272705,1.980907678604126,2.0354857444763184,0.7336351871490479,0.6790571212768555,0.860382080078125,0.81280517578125,0.703216552734375,0.006765435915440321,0.7718075513839722
year,NLL,Cov90,0.18,0.1,0.2,0.0,0.4,0.25,1.0,0.85,1.3018505573272705,1.980907678604126,1.7784650325775146,0.47661447525024414,0.6790571212768555,0.860382080078125,0.80499267578125,0.703216552734375,0.05324971303343773,0.5370129346847534
year,NLL,Cov90,0.18,0.1,0.2,0.2,0.4,0.25,1.0,-1.0,1.3018505573272705,1.980907678604126,1.6859180927276611,0.3840675354003906,0.6790571212768555,0.860382080078125,0.803955078125,0.703216552734375,0.1284283995628357,1.0713857412338257
year,NLL,Cov90,0.18,0.1,0.2,0.0,0.4,0.25,2.0,-1.0,1.3018505573272705,1.980907678604126,1.8504407405853271,0.5485901832580566,0.6790571212768555,0.860382080078125,0.786285400390625,0.703216552734375,0.18209517002105713,0.523206353187561
year,NLL,Cov90,0.18,0.1,0.2,0.2,0.4,0.25,1.0,0.85,1.3018505573272705,1.980907678604126,1.8605060577392578,0.5586555004119873,0.6790571212768555,0.860382080078125,0.79638671875,0.703216552734375,0.006865791976451874,1.0560002326965332
year,NLL,Cov90,0.18,0.1,0.2,0.0,0.4,0.25,2.0,0.85,1.3018505573272705,1.980907678604126,1.5593341588974,0.2574836015701294,0.6790571212768555,0.860382080078125,0.8302001953125,0.703216552734375,0.013855045661330223,0.5242137908935547
year,NLL,Cov90,0.18,0.1,0.2,0.2,0.4,0.25,2.0,-1.0,1.3018505573272705,1.980907678604126,1.7735204696655273,0.47166991233825684,0.6790571212768555,0.860382080078125,0.803863525390625,0.703216552734375,0.06009647995233536,1.06808340549469
year,NLL,Cov90,0.18,0.1,0.2,0.0,0.4,0.5,1.0,-1.0,1.3018505573272705,1.980907678604126,1.5732882022857666,0.2714376449584961,0.6790571212768555,0.860382080078125,0.82122802734375,0.703216552734375,0.3460635840892792,0.44205930829048157
year,NLL,Cov90,0.18,0.1,0.2,0.2,0.4,0.25,2.0,0.85,1.3018505573272705,1.980907678604126,2.1229562759399414,0.8211057186126709,0.6790571212768555,0.860382080078125,0.797119140625,0.703216552734375,0.0,1.1172692775726318
year,NLL,Cov90,0.18,0.1,0.2,0.0,0.4,0.5,1.0,0.85,1.3018505573272705,1.980907678604126,1.9469451904296875,0.645094633102417,0.6790571212768555,0.860382080078125,0.798858642578125,0.703216552734375,0.0678253322839737,0.46716803312301636
year,NLL,Cov90,0.18,0.1,0.2,0.2,0.4,0.5,1.0,-1.0,1.3018505573272705,1.980907678604126,1.4653944969177246,0.1635439395904541,0.6790571212768555,0.860382080078125,0.833831787109375,0.703216552734375,0.1597532331943512,0.8939052224159241
year,NLL,Cov90,0.18,0.1,0.2,0.0,0.4,0.5,2.0,-1.0,1.3018505573272705,1.980907678604126,1.4984811544418335,0.196630597114563,0.6790571212768555,0.860382080078125,0.829193115234375,0.703216552734375,0.20827531814575195,0.458299458026886
year,NLL,Cov90,0.18,0.1,0.2,0.2,0.4,0.5,1.0,0.85,1.3018505573272705,1.980907678604126,1.8127073049545288,0.5108567476272583,0.6790571212768555,0.860382080078125,0.829254150390625,0.703216552734375,0.006909032817929983,0.9865111708641052
year,NLL,Cov90,0.18,0.1,0.2,0.0,0.4,0.5,2.0,0.85,1.3018505573272705,1.980907678604126,1.6035302877426147,0.30167973041534424,0.6790571212768555,0.860382080078125,0.829681396484375,0.703216552734375,0.02102215588092804,0.4649120271205902
year,NLL,Cov90,0.18,0.1,0.2,0.2,0.4,0.5,2.0,-1.0,1.3018505573272705,1.980907678604126,1.5537245273590088,0.2518739700317383,0.6790571212768555,0.860382080078125,0.825897216796875,0.703216552734375,0.07498298585414886,0.9455393552780151
year,NLL,Cov90,0.18,0.1,0.2,0.1,0.4,0.25,1.0,-1.0,1.3018505573272705,1.980907678604126,1.7112969160079956,0.4094463586807251,0.6790571212768555,0.860382080078125,0.8072509765625,0.703216552734375,0.18994766473770142,0.8207563161849976
year,NLL,Cov90,0.18,0.1,0.2,0.2,0.4,0.5,2.0,0.85,1.3018505573272705,1.980907678604126,2.043182849884033,0.7413322925567627,0.6790571212768555,0.860382080078125,0.796051025390625,0.703216552734375,0.0,1.0229676961898804
year,NLL,Cov90,0.18,0.1,0.2,0.1,0.4,0.25,1.0,0.85,1.3018505573272705,1.980907678604126,1.9727489948272705,0.6708984375,0.6790571212768555,0.860382080078125,0.79730224609375,0.703216552734375,0.010816377587616444,0.8937079310417175
year,NLL,Cov90,0.28,0.02,0.0,0.0,0.4,0.25,1.0,-1.0,1.3018505573272705,1.980907678604126,1.7988264560699463,0.4969758987426758,0.6790571212768555,0.860382080078125,0.786376953125,0.703216552734375,0.9947350025177002,0.0014831828884780407
year,NLL,Cov90,0.18,0.1,0.2,0.1,0.4,0.25,2.0,-1.0,1.3018505573272705,1.980907678604126,1.8139941692352295,0.512143611907959,0.6790571212768555,0.860382080078125,0.793701171875,0.703216552734375,0.0955117791891098,0.8493656516075134
year,NLL,Cov90,0.28,0.02,0.0,0.0,0.4,0.25,1.0,0.85,1.3018505573272705,1.980907678604126,1.7988264560699463,0.4969758987426758,0.6790571212768555,0.860382080078125,0.786376953125,0.703216552734375,0.9947350025177002,0.0014831828884780407
year,NLL,Cov90,0.18,0.1,0.2,0.1,0.4,0.25,2.0,0.85,1.3018505573272705,1.980907678604126,1.8307149410247803,0.5288643836975098,0.6790571212768555,0.860382080078125,0.812957763671875,0.703216552734375,0.0051105753518640995,0.8511496782302856
year,NLL,Cov90,0.28,0.02,0.0,0.0,0.4,0.25,2.0,-1.0,1.3018505573272705,1.980907678604126,1.7773855924606323,0.4755350351333618,0.6790571212768555,0.860382080078125,0.78558349609375,0.703216552734375,0.9895356893539429,0.001482967403717339
year,NLL,Cov90,0.18,0.1,0.2,0.1,0.4,0.5,1.0,-1.0,1.3018505573272705,1.980907678604126,1.5047554969787598,0.20290493965148926,0.6790571212768555,0.860382080078125,0.82830810546875,0.703216552734375,0.22267457842826843,0.6975095868110657
year,NLL,Cov90,0.28,0.02,0.0,0.0,0.4,0.25,2.0,0.85,1.3018505573272705,1.980907678604126,1.7470158338546753,0.4451652765274048,0.6790571212768555,0.860382080078125,0.7877197265625,0.703216552734375,0.9895724058151245,0.0014777891337871552
year,NLL,Cov90,0.18,0.1,0.2,0.1,0.4,0.5,1.0,0.85,1.3018505573272705,1.980907678604126,1.8643057346343994,0.5624551773071289,0.6790571212768555,0.860382080078125,0.812591552734375,0.703216552734375,0.015784338116645813,0.7774816751480103
year,NLL,Cov90,0.28,0.02,0.0,0.0,0.4,0.5,1.0,-1.0,1.3018505573272705,1.980907678604126,1.5039175748825073,0.20206701755523682,0.6790571212768555,0.860382080078125,0.811981201171875,0.703216552734375,0.9953393936157227,0.0013122098753228784
year,NLL,Cov90,0.18,0.1,0.2,0.1,0.4,0.5,2.0,-1.0,1.3018505573272705,1.980907678604126,1.6469963788986206,0.3451458215713501,0.6790571212768555,0.860382080078125,0.814727783203125,0.703216552734375,0.11267975717782974,0.7509614825248718
year,NLL,Cov90,0.28,0.02,0.0,0.0,0.4,0.5,1.0,0.85,1.3018505573272705,1.980907678604126,1.5040674209594727,0.20221686363220215,0.6790571212768555,0.860382080078125,0.81158447265625,0.703216552734375,0.9953389167785645,0.0013123385142534971
year,NLL,Cov90,0.28,0.02,0.0,0.0,0.4,0.5,2.0,-1.0,1.3018505573272705,1.980907678604126,1.5224201679229736,0.22056961059570312,0.6790571212768555,0.860382080078125,0.81036376953125,0.703216552734375,0.9906131625175476,0.0013289456255733967
year,NLL,Cov90,0.18,0.1,0.2,0.1,0.4,0.5,2.0,0.85,1.3018505573272705,1.980907678604126,2.0354857444763184,0.7336351871490479,0.6790571212768555,0.860382080078125,0.81280517578125,0.703216552734375,0.006765435915440321,0.7718075513839722
year,NLL,Cov90,0.28,0.02,0.0,0.0,0.4,0.5,2.0,0.85,1.3018505573272705,1.980907678604126,1.52349853515625,0.2216479778289795,0.6790571212768555,0.860382080078125,0.81024169921875,0.703216552734375,0.9906114339828491,0.0013292174553498626
year,NLL,Cov90,0.18,0.1,0.2,0.2,0.4,0.25,1.0,-1.0,1.3018505573272705,1.980907678604126,1.6859180927276611,0.3840675354003906,0.6790571212768555,0.860382080078125,0.803955078125,0.703216552734375,0.1284283995628357,1.0713857412338257
year,NLL,Cov90,0.28,0.02,0.0,0.1,0.4,0.25,1.0,-1.0,1.3018505573272705,1.980907678604126,1.7830018997192383,0.4811513423919678,0.6790571212768555,0.860382080078125,0.795745849609375,0.703216552734375,0.3988322913646698,0.658081591129303
year,NLL,Cov90,0.18,0.1,0.2,0.2,0.4,0.25,1.0,0.85,1.3018505573272705,1.980907678604126,1.8605060577392578,0.5586555004119873,0.6790571212768555,0.860382080078125,0.79638671875,0.703216552734375,0.006865791976451874,1.0560002326965332
year,NLL,Cov90,0.28,0.02,0.0,0.1,0.4,0.25,1.0,0.85,1.3018505573272705,1.980907678604126,2.0767626762390137,0.7749121189117432,0.6790571212768555,0.860382080078125,0.78887939453125,0.703216552734375,0.08908327668905258,0.6741477251052856
year,NLL,Cov90,0.18,0.1,0.2,0.2,0.4,0.25,2.0,-1.0,1.3018505573272705,1.980907678604126,1.7735204696655273,0.47166991233825684,0.6790571212768555,0.860382080078125,0.803863525390625,0.703216552734375,0.06009647995233536,1.06808340549469
year,NLL,Cov90,0.28,0.02,0.0,0.1,0.4,0.25,2.0,-1.0,1.3018505573272705,1.980907678604126,1.8971830606460571,0.5953325033187866,0.6790571212768555,0.860382080078125,0.79058837890625,0.703216552734375,0.25801563262939453,0.6687785983085632
year,NLL,Cov90,0.18,0.1,0.2,0.2,0.4,0.25,2.0,0.85,1.3018505573272705,1.980907678604126,2.1229562759399414,0.8211057186126709,0.6790571212768555,0.860382080078125,0.797119140625,0.703216552734375,0.0,1.1172692775726318
year,NLL,Cov90,0.28,0.02,0.0,0.1,0.4,0.25,2.0,0.85,1.3018505573272705,1.980907678604126,2.347529649734497,1.0456790924072266,0.6790571212768555,0.860382080078125,0.783599853515625,0.703216552734375,0.04070846363902092,0.667682945728302
year,NLL,Cov90,0.18,0.1,0.2,0.2,0.4,0.5,1.0,-1.0,1.3018505573272705,1.980907678604126,1.4653944969177246,0.1635439395904541,0.6790571212768555,0.860382080078125,0.833831787109375,0.703216552734375,0.1597532331943512,0.8939052224159241
year,NLL,Cov90,0.28,0.02,0.0,0.1,0.4,0.5,1.0,-1.0,1.3018505573272705,1.980907678604126,1.585038423538208,0.2831878662109375,0.6790571212768555,0.860382080078125,0.82098388671875,0.703216552734375,0.43608880043029785,0.5693173408508301
year,NLL,Cov90,0.18,0.1,0.2,0.2,0.4,0.5,1.0,0.85,1.3018505573272705,1.980907678604126,1.8127073049545288,0.5108567476272583,0.6790571212768555,0.860382080078125,0.829254150390625,0.703216552734375,0.006909032817929983,0.9865111708641052
year,NLL,Cov90,0.28,0.02,0.0,0.1,0.4,0.5,1.0,0.85,1.3018505573272705,1.980907678604126,1.8585096597671509,0.5566591024398804,0.6790571212768555,0.860382080078125,0.808258056640625,0.703216552734375,0.10220403224229813,0.607257068157196
year,NLL,Cov90,0.18,0.1,0.2,0.2,0.4,0.5,2.0,-1.0,1.3018505573272705,1.980907678604126,1.5537245273590088,0.2518739700317383,0.6790571212768555,0.860382080078125,0.825897216796875,0.703216552734375,0.07498298585414886,0.9455393552780151
year,NLL,Cov90,0.28,0.02,0.0,0.1,0.4,0.5,2.0,-1.0,1.3018505573272705,1.980907678604126,1.73663330078125,0.4347827434539795,0.6790571212768555,0.860382080078125,0.81060791015625,0.703216552734375,0.28926438093185425,0.5895810127258301
year,NLL,Cov90,0.18,0.1,0.2,0.2,0.4,0.5,2.0,0.85,1.3018505573272705,1.980907678604126,2.043182849884033,0.7413322925567627,0.6790571212768555,0.860382080078125,0.796051025390625,0.703216552734375,0.0,1.0229676961898804
year,NLL,Cov90,0.28,0.02,0.0,0.1,0.4,0.5,2.0,0.85,1.3018505573272705,1.980907678604126,1.9274020195007324,0.6255514621734619,0.6790571212768555,0.860382080078125,0.8037109375,0.703216552734375,0.05144186317920685,0.6050022840499878
year,NLL,Cov90,0.28,0.02,0.0,0.0,0.4,0.25,1.0,-1.0,1.3018505573272705,1.980907678604126,1.7988264560699463,0.4969758987426758,0.6790571212768555,0.860382080078125,0.786376953125,0.703216552734375,0.9947350025177002,0.0014831828884780407
year,NLL,Cov90,0.28,0.02,0.0,0.2,0.4,0.25,1.0,-1.0,1.3018505573272705,1.980907678604126,1.7616372108459473,0.45978665351867676,0.6790571212768555,0.860382080078125,0.805419921875,0.703216552734375,0.24026712775230408,1.0428847074508667
year,NLL,Cov90,0.28,0.02,0.0,0.0,0.4,0.25,1.0,0.85,1.3018505573272705,1.980907678604126,1.7988264560699463,0.4969758987426758,0.6790571212768555,0.860382080078125,0.786376953125,0.703216552734375,0.9947350025177002,0.0014831828884780407
year,NLL,Cov90,0.28,0.02,0.0,0.2,0.4,0.25,1.0,0.85,1.3018505573272705,1.980907678604126,2.128596782684326,0.8267462253570557,0.6790571212768555,0.860382080078125,0.7957763671875,0.703216552734375,0.033621855080127716,1.0743165016174316
year,NLL,Cov90,0.28,0.02,0.0,0.0,0.4,0.25,2.0,-1.0,1.3018505573272705,1.980907678604126,1.7773855924606323,0.4755350351333618,0.6790571212768555,0.860382080078125,0.78558349609375,0.703216552734375,0.9895356893539429,0.001482967403717339
year,NLL,Cov90,0.28,0.02,0.0,0.2,0.4,0.25,2.0,-1.0,1.3018505573272705,1.980907678604126,1.8421213626861572,0.5402708053588867,0.6790571212768555,0.860382080078125,0.803558349609375,0.703216552734375,0.1288256198167801,1.0730087757110596
year,NLL,Cov90,0.28,0.02,0.0,0.0,0.4,0.25,2.0,0.85,1.3018505573272705,1.980907678604126,1.7470158338546753,0.4451652765274048,0.6790571212768555,0.860382080078125,0.7877197265625,0.703216552734375,0.9895724058151245,0.0014777891337871552
year,NLL,Cov90,0.28,0.02,0.0,0.2,0.4,0.25,2.0,0.85,1.3018505573272705,1.980907678604126,1.874537706375122,0.5726871490478516,0.6790571212768555,0.860382080078125,0.790771484375,0.703216552734375,0.014028170146048069,1.0087356567382812
year,NLL,Cov90,0.28,0.02,0.0,0.0,0.4,0.5,1.0,-1.0,1.3018505573272705,1.980907678604126,1.5039175748825073,0.20206701755523682,0.6790571212768555,0.860382080078125,0.811981201171875,0.703216552734375,0.9953393936157227,0.0013122098753228784
year,NLL,Cov90,0.28,0.02,0.0,0.2,0.4,0.5,1.0,-1.0,1.3018505573272705,1.980907678604126,1.5209189653396606,0.21906840801239014,0.6790571212768555,0.860382080078125,0.83709716796875,0.703216552734375,0.28133559226989746,0.8793060779571533
year,NLL,Cov90,0.28,0.02,0.0,0.0,0.4,0.5,1.0,0.85,1.3018505573272705,1.980907678604126,1.5040674209594727,0.20221686363220215,0.6790571212768555,0.860382080078125,0.81158447265625,0.703216552734375,0.9953389167785645,0.0013123385142534971
year,NLL,Cov90,0.28,0.02,0.0,0.2,0.4,0.5,1.0,0.85,1.3018505573272705,1.980907678604126,1.6679213047027588,0.3660707473754883,0.6790571212768555,0.860382080078125,0.819305419921875,0.703216552734375,0.039601005613803864,0.9623398184776306
year,NLL,Cov90,0.28,0.02,0.0,0.0,0.4,0.5,2.0,-1.0,1.3018505573272705,1.980907678604126,1.5224201679229736,0.22056961059570312,0.6790571212768555,0.860382080078125,0.81036376953125,0.703216552734375,0.9906131625175476,0.0013289456255733967
year,NLL,Cov90,0.28,0.02,0.0,0.2,0.4,0.5,2.0,-1.0,1.3018505573272705,1.980907678604126,1.624253511428833,0.3224029541015625,0.6790571212768555,0.860382080078125,0.82879638671875,0.703216552734375,0.15582378208637238,0.9261413812637329
year,NLL,Cov90,0.28,0.02,0.0,0.0,0.4,0.5,2.0,0.85,1.3018505573272705,1.980907678604126,1.52349853515625,0.2216479778289795,0.6790571212768555,0.860382080078125,0.81024169921875,0.703216552734375,0.9906114339828491,0.0013292174553498626
year,NLL,Cov90,0.28,0.02,0.0,0.2,0.4,0.5,2.0,0.85,1.3018505573272705,1.980907678604126,1.7038893699645996,0.4020388126373291,0.6790571212768555,0.860382080078125,0.821533203125,0.703216552734375,0.024349140003323555,0.9555633068084717
year,NLL,Cov90,0.28,0.02,0.0,0.1,0.4,0.25,1.0,-1.0,1.3018505573272705,1.980907678604126,1.7830018997192383,0.4811513423919678,0.6790571212768555,0.860382080078125,0.795745849609375,0.703216552734375,0.3988322913646698,0.658081591129303
year,NLL,Cov90,0.28,0.02,0.1,0.0,0.4,0.25,1.0,-1.0,1.3018505573272705,1.980907678604126,1.7100427150726318,0.40819215774536133,0.6790571212768555,0.860382080078125,0.79217529296875,0.703216552734375,0.5807062387466431,0.28790831565856934
year,NLL,Cov90,0.28,0.02,0.0,0.1,0.4,0.25,1.0,0.85,1.3018505573272705,1.980907678604126,2.0767626762390137,0.7749121189117432,0.6790571212768555,0.860382080078125,0.78887939453125,0.703216552734375,0.08908327668905258,0.6741477251052856
year,NLL,Cov90,0.28,0.02,0.1,0.0,0.4,0.25,1.0,0.85,1.3018505573272705,1.980907678604126,1.8669090270996094,0.5650584697723389,0.6790571212768555,0.860382080078125,0.784881591796875,0.703216552734375,0.23300038278102875,0.30285879969596863
year,NLL,Cov90,0.28,0.02,0.0,0.1,0.4,0.25,2.0,-1.0,1.3018505573272705,1.980907678604126,1.8971830606460571,0.5953325033187866,0.6790571212768555,0.860382080078125,0.79058837890625,0.703216552734375,0.25801563262939453,0.6687785983085632
year,NLL,Cov90,0.28,0.02,0.1,0.0,0.4,0.25,2.0,-1.0,1.3018505573272705,1.980907678604126,1.7680718898773193,0.46622133255004883,0.6790571212768555,0.860382080078125,0.791168212890625,0.703216552734375,0.42725175619125366,0.2969505786895752
year,NLL,Cov90,0.28,0.02,0.0,0.1,0.4,0.25,2.0,0.85,1.3018505573272705,1.980907678604126,2.347529649734497,1.0456790924072266,0.6790571212768555,0.860382080078125,0.783599853515625,0.703216552734375,0.04070846363902092,0.667682945728302
year,NLL,Cov90,0.28,0.02,0.1,0.0,0.4,0.25,2.0,0.85,1.3018505573272705,1.980907678604126,1.987423062324524,0.6855725049972534,0.6790571212768555,0.860382080078125,0.78875732421875,0.703216552734375,0.09525706619024277,0.29892483353614807
year,NLL,Cov90,0.28,0.02,0.0,0.1,0.4,0.5,1.0,-1.0,1.3018505573272705,1.980907678604126,1.585038423538208,0.2831878662109375,0.6790571212768555,0.860382080078125,0.82098388671875,0.703216552734375,0.43608880043029785,0.5693173408508301
year,NLL,Cov90,0.28,0.02,0.1,0.0,0.4,0.5,1.0,-1.0,1.3018505573272705,1.980907678604126,1.6074241399765015,0.30557358264923096,0.6790571212768555,0.860382080078125,0.809295654296875,0.703216552734375,0.6068962812423706,0.25406989455223083
year,NLL,Cov90,0.28,0.02,0.0,0.1,0.4,0.5,1.0,0.85,1.3018505573272705,1.980907678604126,1.8585096597671509,0.5566591024398804,0.6790571212768555,0.860382080078125,0.808258056640625,0.703216552734375,0.10220403224229813,0.607257068157196
year,NLL,Cov90,0.28,0.02,0.1,0.0,0.4,0.5,1.0,0.85,1.3018505573272705,1.980907678604126,1.651039719581604,0.3491891622543335,0.6790571212768555,0.860382080078125,0.81622314453125,0.703216552734375,0.26170092821121216,0.27456456422805786
year,NLL,Cov90,0.28,0.02,0.0,0.1,0.4,0.5,2.0,-1.0,1.3018505573272705,1.980907678604126,1.73663330078125,0.4347827434539795,0.6790571212768555,0.860382080078125,0.81060791015625,0.703216552734375,0.28926438093185425,0.5895810127258301
year,NLL,Cov90,0.28,0.02,0.1,0.0,0.4,0.5,2.0,-1.0,1.3018505573272705,1.980907678604126,1.6405901908874512,0.33873963356018066,0.6790571212768555,0.860382080078125,0.806976318359375,0.703216552734375,0.4583255350589752,0.2568809986114502
year,NLL,Cov90,0.28,0.02,0.0,0.1,0.4,0.5,2.0,0.85,1.3018505573272705,1.980907678604126,1.9274020195007324,0.6255514621734619,0.6790571212768555,0.860382080078125,0.8037109375,0.703216552734375,0.05144186317920685,0.6050022840499878
year,NLL,Cov90,0.28,0.02,0.1,0.0,0.4,0.5,2.0,0.85,1.3018505573272705,1.980907678604126,1.8017287254333496,0.4998781681060791,0.6790571212768555,0.860382080078125,0.818267822265625,0.703216552734375,0.11464778333902359,0.27446526288986206
year,NLL,Cov90,0.28,0.02,0.0,0.2,0.4,0.25,1.0,-1.0,1.3018505573272705,1.980907678604126,1.7616372108459473,0.45978665351867676,0.6790571212768555,0.860382080078125,0.805419921875,0.703216552734375,0.24026712775230408,1.0428847074508667
year,NLL,Cov90,0.28,0.02,0.1,0.1,0.4,0.25,1.0,-1.0,1.3018505573272705,1.980907678604126,1.635236382484436,0.3333858251571655,0.6790571212768555,0.860382080078125,0.809234619140625,0.703216552734375,0.35396265983581543,0.6328461170196533
year,NLL,Cov90,0.28,0.02,0.0,0.2,0.4,0.25,1.0,0.85,1.3018505573272705,1.980907678604126,2.128596782684326,0.8267462253570557,0.6790571212768555,0.860382080078125,0.7957763671875,0.703216552734375,0.033621855080127716,1.0743165016174316
year,NLL,Cov90,0.28,0.02,0.1,0.1,0.4,0.25,1.0,0.85,1.3018505573272705,1.980907678604126,1.9761440753936768,0.6742935180664062,0.6790571212768555,0.860382080078125,0.792877197265625,0.703216552734375,0.05577082186937332,0.6785666346549988
year,NLL,Cov90,0.28,0.02,0.0,0.2,0.4,0.25,2.0,-1.0,1.3018505573272705,1.980907678604126,1.8421213626861572,0.5402708053588867,0.6790571212768555,0.860382080078125,0.803558349609375,0.703216552734375,0.1288256198167801,1.0730087757110596
year,NLL,Cov90,0.28,0.02,0.1,0.1,0.4,0.25,2.0,-1.0,1.3018505573272705,1.980907678604126,1.744862675666809,0.4430121183395386,0.6790571212768555,0.860382080078125,0.801055908203125,0.703216552734375,0.20598335564136505,0.6673317551612854
year,NLL,Cov90,0.28,0.02,0.0,0.2,0.4,0.25,2.0,0.85,1.3018505573272705,1.980907678604126,1.874537706375122,0.5726871490478516,0.6790571212768555,0.860382080078125,0.790771484375,0.703216552734375,0.014028170146048069,1.0087356567382812
year,NLL,Cov90,0.28,0.02,0.1,0.1,0.4,0.25,2.0,0.85,1.3018505573272705,1.980907678604126,2.0633437633514404,0.7614932060241699,0.6790571212768555,0.860382080078125,0.78350830078125,0.703216552734375,0.019496101886034012,0.7218908071517944
year,NLL,Cov90,0.28,0.02,0.0,0.2,0.4,0.5,1.0,-1.0,1.3018505573272705,1.980907678604126,1.5209189653396606,0.21906840801239014,0.6790571212768555,0.860382080078125,0.83709716796875,0.703216552734375,0.28133559226989746,0.8793060779571533
year,NLL,Cov90,0.28,0.02,0.0,0.2,0.4,0.5,1.0,0.85,1.3018505573272705,1.980907678604126,1.6679213047027588,0.3660707473754883,0.6790571212768555,0.860382080078125,0.819305419921875,0.703216552734375,0.039601005613803864,0.9623398184776306
year,NLL,Cov90,0.28,0.02,0.1,0.1,0.4,0.5,1.0,-1.0,1.3018505573272705,1.980907678604126,1.403210163116455,0.10135960578918457,0.6790571212768555,0.860382080078125,0.839111328125,0.703216552734375,0.3961053788661957,0.5293428897857666
year,NLL,Cov90,0.28,0.02,0.0,0.2,0.4,0.5,2.0,-1.0,1.3018505573272705,1.980907678604126,1.624253511428833,0.3224029541015625,0.6790571212768555,0.860382080078125,0.82879638671875,0.703216552734375,0.15582378208637238,0.9261413812637329
year,NLL,Cov90,0.28,0.02,0.1,0.1,0.4,0.5,1.0,0.85,1.3018505573272705,1.980907678604126,1.618356466293335,0.31650590896606445,0.6790571212768555,0.860382080078125,0.816497802734375,0.703216552734375,0.06244105100631714,0.6342250108718872
year,NLL,Cov90,0.28,0.02,0.0,0.2,0.4,0.5,2.0,0.85,1.3018505573272705,1.980907678604126,1.7038893699645996,0.4020388126373291,0.6790571212768555,0.860382080078125,0.821533203125,0.703216552734375,0.024349140003323555,0.9555633068084717
year,NLL,Cov90,0.28,0.02,0.1,0.1,0.4,0.5,2.0,-1.0,1.3018505573272705,1.980907678604126,1.512092113494873,0.21024155616760254,0.6790571212768555,0.860382080078125,0.822021484375,0.703216552734375,0.2373969554901123,0.5736123323440552
year,NLL,Cov90,0.28,0.02,0.1,0.0,0.4,0.25,1.0,-1.0,1.3018505573272705,1.980907678604126,1.7100427150726318,0.40819215774536133,0.6790571212768555,0.860382080078125,0.79217529296875,0.703216552734375,0.5807062387466431,0.28790831565856934
year,NLL,Cov90,0.28,0.02,0.1,0.1,0.4,0.5,2.0,0.85,1.3018505573272705,1.980907678604126,1.7152972221374512,0.41344666481018066,0.6790571212768555,0.860382080078125,0.814483642578125,0.703216552734375,0.029979895800352097,0.6403414607048035
year,NLL,Cov90,0.28,0.02,0.1,0.0,0.4,0.25,1.0,0.85,1.3018505573272705,1.980907678604126,1.8669090270996094,0.5650584697723389,0.6790571212768555,0.860382080078125,0.784881591796875,0.703216552734375,0.23300038278102875,0.30285879969596863
year,NLL,Cov90,0.28,0.02,0.1,0.2,0.4,0.25,1.0,-1.0,1.3018505573272705,1.980907678604126,1.6685791015625,0.3667285442352295,0.6790571212768555,0.860382080078125,0.8115234375,0.703216552734375,0.23254644870758057,0.9222196340560913
year,NLL,Cov90,0.28,0.02,0.1,0.0,0.4,0.25,2.0,-1.0,1.3018505573272705,1.980907678604126,1.7680718898773193,0.46622133255004883,0.6790571212768555,0.860382080078125,0.791168212890625,0.703216552734375,0.42725175619125366,0.2969505786895752
year,NLL,Cov90,0.28,0.02,0.1,0.2,0.4,0.25,1.0,0.85,1.3018505573272705,1.980907678604126,1.833261251449585,0.5314106941223145,0.6790571212768555,0.860382080078125,0.805908203125,0.703216552734375,0.024434417486190796,1.0261073112487793
year,NLL,Cov90,0.28,0.02,0.1,0.0,0.4,0.25,2.0,0.85,1.3018505573272705,1.980907678604126,1.987423062324524,0.6855725049972534,0.6790571212768555,0.860382080078125,0.78875732421875,0.703216552734375,0.09525706619024277,0.29892483353614807
year,NLL,Cov90,0.28,0.02,0.1,0.2,0.4,0.25,2.0,-1.0,1.3018505573272705,1.980907678604126,1.775782823562622,0.47393226623535156,0.6790571212768555,0.860382080078125,0.803436279296875,0.703216552734375,0.12157011777162552,0.9757888317108154
year,NLL,Cov90,0.28,0.02,0.1,0.0,0.4,0.5,1.0,-1.0,1.3018505573272705,1.980907678604126,1.6074241399765015,0.30557358264923096,0.6790571212768555,0.860382080078125,0.809295654296875,0.703216552734375,0.6068962812423706,0.25406989455223083
year,NLL,Cov90,0.28,0.02,0.1,0.2,0.4,0.25,2.0,0.85,1.3018505573272705,1.980907678604126,1.8713399171829224,0.5694893598556519,0.6790571212768555,0.860382080078125,0.79412841796875,0.703216552734375,0.011910956352949142,1.0278685092926025
year,NLL,Cov90,0.28,0.02,0.1,0.0,0.4,0.5,1.0,0.85,1.3018505573272705,1.980907678604126,1.651039719581604,0.3491891622543335,0.6790571212768555,0.860382080078125,0.81622314453125,0.703216552734375,0.26170092821121216,0.27456456422805786
year,NLL,Cov90,0.28,0.02,0.1,0.2,0.4,0.5,1.0,-1.0,1.3018505573272705,1.980907678604126,1.4237767457962036,0.1219261884689331,0.6790571212768555,0.860382080078125,0.83575439453125,0.703216552734375,0.27139467000961304,0.7736573219299316
year,NLL,Cov90,0.28,0.02,0.1,0.0,0.4,0.5,2.0,-1.0,1.3018505573272705,1.980907678604126,1.6405901908874512,0.33873963356018066,0.6790571212768555,0.860382080078125,0.806976318359375,0.703216552734375,0.4583255350589752,0.2568809986114502
year,NLL,Cov90,0.28,0.02,0.1,0.2,0.4,0.5,1.0,0.85,1.3018505573272705,1.980907678604126,1.5690622329711914,0.2672116756439209,0.6790571212768555,0.860382080078125,0.832244873046875,0.703216552734375,0.02665512077510357,0.9121366143226624
year,NLL,Cov90,0.28,0.02,0.1,0.0,0.4,0.5,2.0,0.85,1.3018505573272705,1.980907678604126,1.8017287254333496,0.4998781681060791,0.6790571212768555,0.860382080078125,0.818267822265625,0.703216552734375,0.11464778333902359,0.27446526288986206
year,NLL,Cov90,0.28,0.02,0.1,0.2,0.4,0.5,2.0,-1.0,1.3018505573272705,1.980907678604126,1.548540711402893,0.24669015407562256,0.6790571212768555,0.860382080078125,0.827667236328125,0.703216552734375,0.14306579530239105,0.8455417156219482
year,NLL,Cov90,0.28,0.02,0.1,0.1,0.4,0.25,1.0,-1.0,1.3018505573272705,1.980907678604126,1.635236382484436,0.3333858251571655,0.6790571212768555,0.860382080078125,0.809234619140625,0.703216552734375,0.35396265983581543,0.6328461170196533
year,NLL,Cov90,0.28,0.02,0.1,0.2,0.4,0.5,2.0,0.85,1.3018505573272705,1.980907678604126,1.5717233419418335,0.269872784614563,0.6790571212768555,0.860382080078125,0.82867431640625,0.703216552734375,0.010351976379752159,0.8978757262229919
year,NLL,Cov90,0.28,0.02,0.1,0.1,0.4,0.25,1.0,0.85,1.3018505573272705,1.980907678604126,1.9761440753936768,0.6742935180664062,0.6790571212768555,0.860382080078125,0.792877197265625,0.703216552734375,0.05577082186937332,0.6785666346549988
year,NLL,Cov90,0.28,0.02,0.2,0.0,0.4,0.25,1.0,-1.0,1.3018505573272705,1.980907678604126,1.7589023113250732,0.45705175399780273,0.6790571212768555,0.860382080078125,0.79248046875,0.703216552734375,0.4295941889286041,0.4817813038825989
year,NLL,Cov90,0.28,0.02,0.1,0.1,0.4,0.25,2.0,-1.0,1.3018505573272705,1.980907678604126,1.744862675666809,0.4430121183395386,0.6790571212768555,0.860382080078125,0.801055908203125,0.703216552734375,0.20598335564136505,0.6673317551612854
year,NLL,Cov90,0.28,0.02,0.2,0.0,0.4,0.25,1.0,0.85,1.3018505573272705,1.980907678604126,1.8909924030303955,0.589141845703125,0.6790571212768555,0.860382080078125,0.7841796875,0.703216552734375,0.09806607663631439,0.5121700763702393
year,NLL,Cov90,0.28,0.02,0.1,0.1,0.4,0.25,2.0,0.85,1.3018505573272705,1.980907678604126,2.0633437633514404,0.7614932060241699,0.6790571212768555,0.860382080078125,0.78350830078125,0.703216552734375,0.019496101886034012,0.7218908071517944
year,NLL,Cov90,0.28,0.02,0.2,0.0,0.4,0.25,2.0,-1.0,1.3018505573272705,1.980907678604126,1.765472173690796,0.4636216163635254,0.6790571212768555,0.860382080078125,0.790863037109375,0.703216552734375,0.27811485528945923,0.4910581707954407
year,NLL,Cov90,0.28,0.02,0.1,0.1,0.4,0.5,1.0,-1.0,1.3018505573272705,1.980907678604126,1.403210163116455,0.10135960578918457,0.6790571212768555,0.860382080078125,0.839111328125,0.703216552734375,0.3961053788661957,0.5293428897857666
year,NLL,Cov90,0.28,0.02,0.2,0.0,0.4,0.25,2.0,0.85,1.3018505573272705,1.980907678604126,1.9175958633422852,0.6157453060150146,0.6790571212768555,0.860382080078125,0.777984619140625,0.703216552734375,0.029800809919834137,0.5213377475738525
year,NLL,Cov90,0.28,0.02,0.1,0.1,0.4,0.5,1.0,0.85,1.3018505573272705,1.980907678604126,1.618356466293335,0.31650590896606445,0.6790571212768555,0.860382080078125,0.816497802734375,0.703216552734375,0.06244105100631714,0.6342250108718872
year,NLL,Cov90,0.28,0.02,0.2,0.0,0.4,0.5,1.0,-1.0,1.3018505573272705,1.980907678604126,1.540744662284851,0.23889410495758057,0.6790571212768555,0.860382080078125,0.825408935546875,0.703216552734375,0.46587857604026794,0.4178315997123718
year,NLL,Cov90,0.28,0.02,0.1,0.1,0.4,0.5,2.0,-1.0,1.3018505573272705,1.980907678604126,1.512092113494873,0.21024155616760254,0.6790571212768555,0.860382080078125,0.822021484375,0.703216552734375,0.2373969554901123,0.5736123323440552
year,NLL,Cov90,0.28,0.02,0.2,0.0,0.4,0.5,1.0,0.85,1.3018505573272705,1.980907678604126,1.8740549087524414,0.5722043514251709,0.6790571212768555,0.860382080078125,0.810638427734375,0.703216552734375,0.12631124258041382,0.45770972967147827
year,NLL,Cov90,0.28,0.02,0.1,0.1,0.4,0.5,2.0,0.85,1.3018505573272705,1.980907678604126,1.7152972221374512,0.41344666481018066,0.6790571212768555,0.860382080078125,0.814483642578125,0.703216552734375,0.029979895800352097,0.6403414607048035
year,NLL,Cov90,0.28,0.02,0.2,0.0,0.4,0.5,2.0,-1.0,1.3018505573272705,1.980907678604126,1.5596545934677124,0.2578040361404419,0.6790571212768555,0.860382080078125,0.82086181640625,0.703216552734375,0.3079197406768799,0.43358978629112244
year,NLL,Cov90,0.28,0.02,0.1,0.2,0.4,0.25,1.0,-1.0,1.3018505573272705,1.980907678604126,1.6685791015625,0.3667285442352295,0.6790571212768555,0.860382080078125,0.8115234375,0.703216552734375,0.23254644870758057,0.9222196340560913
year,NLL,Cov90,0.28,0.02,0.2,0.0,0.4,0.5,2.0,0.85,1.3018505573272705,1.980907678604126,1.8767634630203247,0.5749129056930542,0.6790571212768555,0.860382080078125,0.792236328125,0.703216552734375,0.04721280559897423,0.4592951238155365
year,NLL,Cov90,0.28,0.02,0.1,0.2,0.4,0.25,1.0,0.85,1.3018505573272705,1.980907678604126,1.833261251449585,0.5314106941223145,0.6790571212768555,0.860382080078125,0.805908203125,0.703216552734375,0.024434417486190796,1.0261073112487793
year,NLL,Cov90,0.28,0.02,0.2,0.1,0.4,0.25,1.0,-1.0,1.3018505573272705,1.980907678604126,1.63373863697052,0.3318880796432495,0.6790571212768555,0.860382080078125,0.812713623046875,0.703216552734375,0.29822835326194763,0.7530769109725952
year,NLL,Cov90,0.28,0.02,0.1,0.2,0.4,0.25,2.0,-1.0,1.3018505573272705,1.980907678604126,1.775782823562622,0.47393226623535156,0.6790571212768555,0.860382080078125,0.803436279296875,0.703216552734375,0.12157011777162552,0.9757888317108154
year,NLL,Cov90,0.28,0.02,0.2,0.1,0.4,0.25,1.0,0.85,1.3018505573272705,1.980907678604126,2.0929455757141113,0.7910950183868408,0.6790571212768555,0.860382080078125,0.7823486328125,0.703216552734375,0.029858099296689034,0.8666808605194092
year,NLL,Cov90,0.28,0.02,0.1,0.2,0.4,0.25,2.0,0.85,1.3018505573272705,1.980907678604126,1.8713399171829224,0.5694893598556519,0.6790571212768555,0.860382080078125,0.79412841796875,0.703216552734375,0.011910956352949142,1.0278685092926025
year,NLL,Cov90,0.28,0.02,0.2,0.1,0.4,0.25,2.0,-1.0,1.3018505573272705,1.980907678604126,1.8249104022979736,0.5230598449707031,0.6790571212768555,0.860382080078125,0.8011474609375,0.703216552734375,0.1656733602285385,0.7795361280441284
year,NLL,Cov90,0.28,0.02,0.1,0.2,0.4,0.5,1.0,-1.0,1.3018505573272705,1.980907678604126,1.4237767457962036,0.1219261884689331,0.6790571212768555,0.860382080078125,0.83575439453125,0.703216552734375,0.27139467000961304,0.7736573219299316
year,NLL,Cov90,0.28,0.02,0.2,0.1,0.4,0.25,2.0,0.85,1.3018505573272705,1.980907678604126,2.052196979522705,0.7503464221954346,0.6790571212768555,0.860382080078125,0.789215087890625,0.703216552734375,0.008675215765833855,0.8449739217758179
year,NLL,Cov90,0.28,0.02,0.1,0.2,0.4,0.5,1.0,0.85,1.3018505573272705,1.980907678604126,1.5690622329711914,0.2672116756439209,0.6790571212768555,0.860382080078125,0.832244873046875,0.703216552734375,0.02665512077510357,0.9121366143226624
year,NLL,Cov90,0.28,0.02,0.2,0.1,0.4,0.5,1.0,-1.0,1.3018505573272705,1.980907678604126,1.4617689847946167,0.1599184274673462,0.6790571212768555,0.860382080078125,0.83197021484375,0.703216552734375,0.33811837434768677,0.6412076950073242
year,NLL,Cov90,0.28,0.02,0.1,0.2,0.4,0.5,2.0,-1.0,1.3018505573272705,1.980907678604126,1.548540711402893,0.24669015407562256,0.6790571212768555,0.860382080078125,0.827667236328125,0.703216552734375,0.14306579530239105,0.8455417156219482
year,NLL,Cov90,0.28,0.02,0.2,0.1,0.4,0.5,1.0,0.85,1.3018505573272705,1.980907678604126,1.7787601947784424,0.4769096374511719,0.6790571212768555,0.860382080078125,0.814178466796875,0.703216552734375,0.036724019795656204,0.7708720564842224
year,NLL,Cov90,0.28,0.02,0.1,0.2,0.4,0.5,2.0,0.85,1.3018505573272705,1.980907678604126,1.5717233419418335,0.269872784614563,0.6790571212768555,0.860382080078125,0.82867431640625,0.703216552734375,0.010351976379752159,0.8978757262229919
year,NLL,Cov90,0.28,0.02,0.2,0.1,0.4,0.5,2.0,-1.0,1.3018505573272705,1.980907678604126,1.5745075941085815,0.27265703678131104,0.6790571212768555,0.860382080078125,0.81793212890625,0.703216552734375,0.18899129331111908,0.692192792892456
year,NLL,Cov90,0.28,0.02,0.2,0.0,0.4,0.25,1.0,-1.0,1.3018505573272705,1.980907678604126,1.7589023113250732,0.45705175399780273,0.6790571212768555,0.860382080078125,0.79248046875,0.703216552734375,0.4295941889286041,0.4817813038825989
year,NLL,Cov90,0.28,0.02,0.2,0.1,0.4,0.5,2.0,0.85,1.3018505573272705,1.980907678604126,1.8459348678588867,0.5440843105316162,0.6790571212768555,0.860382080078125,0.817169189453125,0.703216552734375,0.007126258220523596,0.7463228702545166
year,NLL,Cov90,0.28,0.02,0.2,0.0,0.4,0.25,1.0,0.85,1.3018505573272705,1.980907678604126,1.8909924030303955,0.589141845703125,0.6790571212768555,0.860382080078125,0.7841796875,0.703216552734375,0.09806607663631439,0.5121700763702393
year,NLL,Cov90,0.28,0.02,0.2,0.2,0.4,0.25,1.0,-1.0,1.3018505573272705,1.980907678604126,1.6339499950408936,0.33209943771362305,0.6790571212768555,0.860382080078125,0.815704345703125,0.703216552734375,0.21385765075683594,0.9777110815048218
year,NLL,Cov90,0.28,0.02,0.2,0.0,0.4,0.25,2.0,-1.0,1.3018505573272705,1.980907678604126,1.765472173690796,0.4636216163635254,0.6790571212768555,0.860382080078125,0.790863037109375,0.703216552734375,0.27811485528945923,0.4910581707954407
year,NLL,Cov90,0.28,0.02,0.2,0.2,0.4,0.25,1.0,0.85,1.3018505573272705,1.980907678604126,1.8652467727661133,0.5633962154388428,0.6790571212768555,0.860382080078125,0.799560546875,0.703216552734375,0.01744389906525612,1.0567227602005005
year,NLL,Cov90,0.28,0.02,0.2,0.0,0.4,0.25,2.0,0.85,1.3018505573272705,1.980907678604126,1.9175958633422852,0.6157453060150146,0.6790571212768555,0.860382080078125,0.777984619140625,0.703216552734375,0.029800809919834137,0.5213377475738525
year,NLL,Cov90,0.28,0.02,0.2,0.2,0.4,0.25,2.0,-1.0,1.3018505573272705,1.980907678604126,1.7870488166809082,0.4851982593536377,0.6790571212768555,0.860382080078125,0.797393798828125,0.703216552734375,0.10432113707065582,1.0569592714309692
year,NLL,Cov90,0.28,0.02,0.2,0.0,0.4,0.5,1.0,-1.0,1.3018505573272705,1.980907678604126,1.540744662284851,0.23889410495758057,0.6790571212768555,0.860382080078125,0.825408935546875,0.703216552734375,0.46587857604026794,0.4178315997123718
year,NLL,Cov90,0.28,0.02,0.2,0.2,0.4,0.25,2.0,0.85,1.3018505573272705,1.980907678604126,1.7843968868255615,0.482546329498291,0.6790571212768555,0.860382080078125,0.80609130859375,0.703216552734375,0.0,1.0609878301620483
year,NLL,Cov90,0.28,0.02,0.2,0.0,0.4,0.5,1.0,0.85,1.3018505573272705,1.980907678604126,1.8740549087524414,0.5722043514251709,0.6790571212768555,0.860382080078125,0.810638427734375,0.703216552734375,0.12631124258041382,0.45770972967147827
year,NLL,Cov90,0.28,0.02,0.2,0.2,0.4,0.5,1.0,-1.0,1.3018505573272705,1.980907678604126,1.4101594686508179,0.10830891132354736,0.6790571212768555,0.860382080078125,0.843292236328125,0.703216552734375,0.25210314989089966,0.8185412883758545
year,NLL,Cov90,0.28,0.02,0.2,0.0,0.4,0.5,2.0,-1.0,1.3018505573272705,1.980907678604126,1.5596545934677124,0.2578040361404419,0.6790571212768555,0.860382080078125,0.82086181640625,0.703216552734375,0.3079197406768799,0.43358978629112244
year,NLL,Cov90,0.28,0.02,0.2,0.2,0.4,0.5,1.0,0.85,1.3018505573272705,1.980907678604126,1.699778437614441,0.3979278802871704,0.6790571212768555,0.860382080078125,0.822021484375,0.703216552734375,0.018007420003414154,0.95051109790802
year,NLL,Cov90,0.28,0.02,0.2,0.0,0.4,0.5,2.0,0.85,1.3018505573272705,1.980907678604126,1.8767634630203247,0.5749129056930542,0.6790571212768555,0.860382080078125,0.792236328125,0.703216552734375,0.04721280559897423,0.4592951238155365
year,NLL,Cov90,0.28,0.02,0.2,0.2,0.4,0.5,2.0,-1.0,1.3018505573272705,1.980907678604126,1.5179945230484009,0.21614396572113037,0.6790571212768555,0.860382080078125,0.82830810546875,0.703216552734375,0.1292543113231659,0.8908680081367493
year,NLL,Cov90,0.28,0.02,0.2,0.1,0.4,0.25,1.0,-1.0,1.3018505573272705,1.980907678604126,1.63373863697052,0.3318880796432495,0.6790571212768555,0.860382080078125,0.812713623046875,0.703216552734375,0.29822835326194763,0.7530769109725952
year,NLL,Cov90,0.28,0.02,0.2,0.2,0.4,0.5,2.0,0.85,1.3018505573272705,1.980907678604126,1.8171659708023071,0.5153154134750366,0.6790571212768555,0.860382080078125,0.8160400390625,0.703216552734375,0.0017547054449096322,0.9423383474349976
year,NLL,Cov90,0.28,0.02,0.2,0.1,0.4,0.25,1.0,0.85,1.3018505573272705,1.980907678604126,2.0929455757141113,0.7910950183868408,0.6790571212768555,0.860382080078125,0.7823486328125,0.703216552734375,0.029858099296689034,0.8666808605194092
year,NLL,Cov90,0.28,0.05,0.0,0.0,0.4,0.25,1.0,-1.0,1.3018505573272705,1.980907678604126,1.7659993171691895,0.46414875984191895,0.6790571212768555,0.860382080078125,0.78887939453125,0.703216552734375,0.9681272506713867,0.009261755272746086
year,NLL,Cov90,0.28,0.02,0.2,0.1,0.4,0.25,2.0,-1.0,1.3018505573272705,1.980907678604126,1.8249104022979736,0.5230598449707031,0.6790571212768555,0.860382080078125,0.8011474609375,0.703216552734375,0.1656733602285385,0.7795361280441284
year,NLL,Cov90,0.28,0.05,0.0,0.0,0.4,0.25,1.0,0.85,1.3018505573272705,1.980907678604126,1.8178515434265137,0.5160009860992432,0.6790571212768555,0.860382080078125,0.78485107421875,0.703216552734375,0.9566062688827515,0.009408343583345413
year,NLL,Cov90,0.28,0.02,0.2,0.1,0.4,0.25,2.0,0.85,1.3018505573272705,1.980907678604126,2.052196979522705,0.7503464221954346,0.6790571212768555,0.860382080078125,0.789215087890625,0.703216552734375,0.008675215765833855,0.8449739217758179
year,NLL,Cov90,0.28,0.05,0.0,0.0,0.4,0.25,2.0,-1.0,1.3018505573272705,1.980907678604126,1.8061442375183105,0.50429368019104,0.6790571212768555,0.860382080078125,0.784515380859375,0.703216552734375,0.9380704164505005,0.009333203546702862
year,NLL,Cov90,0.28,0.02,0.2,0.1,0.4,0.5,1.0,-1.0,1.3018505573272705,1.980907678604126,1.4617689847946167,0.1599184274673462,0.6790571212768555,0.860382080078125,0.83197021484375,0.703216552734375,0.33811837434768677,0.6412076950073242
year,NLL,Cov90,0.28,0.05,0.0,0.0,0.4,0.25,2.0,0.85,1.3018505573272705,1.980907678604126,1.7724783420562744,0.4706277847290039,0.6790571212768555,0.860382080078125,0.79388427734375,0.703216552734375,0.8580673336982727,0.009506543166935444
year,NLL,Cov90,0.28,0.02,0.2,0.1,0.4,0.5,1.0,0.85,1.3018505573272705,1.980907678604126,1.7787601947784424,0.4769096374511719,0.6790571212768555,0.860382080078125,0.814178466796875,0.703216552734375,0.036724019795656204,0.7708720564842224
year,NLL,Cov90,0.28,0.05,0.0,0.0,0.4,0.5,1.0,-1.0,1.3018505573272705,1.980907678604126,1.5098730325698853,0.20802247524261475,0.6790571212768555,0.860382080078125,0.815826416015625,0.703216552734375,0.9716082811355591,0.008227010257542133
year,NLL,Cov90,0.28,0.02,0.2,0.1,0.4,0.5,2.0,-1.0,1.3018505573272705,1.980907678604126,1.5745075941085815,0.27265703678131104,0.6790571212768555,0.860382080078125,0.81793212890625,0.703216552734375,0.18899129331111908,0.692192792892456
year,NLL,Cov90,0.28,0.05,0.0,0.0,0.4,0.5,1.0,0.85,1.3018505573272705,1.980907678604126,1.499814510345459,0.19796395301818848,0.6790571212768555,0.860382080078125,0.81597900390625,0.703216552734375,0.9621032476425171,0.008192604407668114
year,NLL,Cov90,0.28,0.02,0.2,0.1,0.4,0.5,2.0,0.85,1.3018505573272705,1.980907678604126,1.8459348678588867,0.5440843105316162,0.6790571212768555,0.860382080078125,0.817169189453125,0.703216552734375,0.007126258220523596,0.7463228702545166
year,NLL,Cov90,0.28,0.05,0.0,0.0,0.4,0.5,2.0,-1.0,1.3018505573272705,1.980907678604126,1.524512529373169,0.22266197204589844,0.6790571212768555,0.860382080078125,0.81500244140625,0.703216552734375,0.945640504360199,0.008130254223942757
year,NLL,Cov90,0.28,0.02,0.2,0.2,0.4,0.25,1.0,-1.0,1.3018505573272705,1.980907678604126,1.6339499950408936,0.33209943771362305,0.6790571212768555,0.860382080078125,0.815704345703125,0.703216552734375,0.21385765075683594,0.9777110815048218
year,NLL,Cov90,0.28,0.05,0.0,0.0,0.4,0.5,2.0,0.85,1.3018505573272705,1.980907678604126,1.538588285446167,0.23673772811889648,0.6790571212768555,0.860382080078125,0.816802978515625,0.703216552734375,0.8896345496177673,0.008061856031417847
year,NLL,Cov90,0.28,0.02,0.2,0.2,0.4,0.25,1.0,0.85,1.3018505573272705,1.980907678604126,1.8652467727661133,0.5633962154388428,0.6790571212768555,0.860382080078125,0.799560546875,0.703216552734375,0.01744389906525612,1.0567227602005005
year,NLL,Cov90,0.28,0.05,0.0,0.1,0.4,0.25,1.0,-1.0,1.3018505573272705,1.980907678604126,1.7659456729888916,0.4640951156616211,0.6790571212768555,0.860382080078125,0.799102783203125,0.703216552734375,0.3946642577648163,0.6594342589378357
year,NLL,Cov90,0.28,0.02,0.2,0.2,0.4,0.25,2.0,-1.0,1.3018505573272705,1.980907678604126,1.7870488166809082,0.4851982593536377,0.6790571212768555,0.860382080078125,0.797393798828125,0.703216552734375,0.10432113707065582,1.0569592714309692
year,NLL,Cov90,0.28,0.05,0.0,0.1,0.4,0.25,1.0,0.85,1.3018505573272705,1.980907678604126,2.119675636291504,0.8178250789642334,0.6790571212768555,0.860382080078125,0.784454345703125,0.703216552734375,0.09522414952516556,0.6839476823806763
year,NLL,Cov90,0.28,0.02,0.2,0.2,0.4,0.25,2.0,0.85,1.3018505573272705,1.980907678604126,1.7843968868255615,0.482546329498291,0.6790571212768555,0.860382080078125,0.80609130859375,0.703216552734375,0.0,1.0609878301620483
year,NLL,Cov90,0.28,0.05,0.0,0.1,0.4,0.25,2.0,-1.0,1.3018505573272705,1.980907678604126,1.8971247673034668,0.5952742099761963,0.6790571212768555,0.860382080078125,0.79022216796875,0.703216552734375,0.2513408064842224,0.6755780577659607
year,NLL,Cov90,0.28,0.02,0.2,0.2,0.4,0.5,1.0,-1.0,1.3018505573272705,1.980907678604126,1.4101594686508179,0.10830891132354736,0.6790571212768555,0.860382080078125,0.843292236328125,0.703216552734375,0.25210314989089966,0.8185412883758545
year,NLL,Cov90,0.28,0.05,0.0,0.1,0.4,0.25,2.0,0.85,1.3018505573272705,1.980907678604126,2.1130762100219727,0.8112256526947021,0.6790571212768555,0.860382080078125,0.78216552734375,0.703216552734375,0.027993086725473404,0.6639677286148071
year,NLL,Cov90,0.28,0.02,0.2,0.2,0.4,0.5,1.0,0.85,1.3018505573272705,1.980907678604126,1.699778437614441,0.3979278802871704,0.6790571212768555,0.860382080078125,0.822021484375,0.703216552734375,0.018007420003414154,0.95051109790802
year,NLL,Cov90,0.28,0.05,0.0,0.1,0.4,0.5,1.0,-1.0,1.3018505573272705,1.980907678604126,1.5828163623809814,0.28096580505371094,0.6790571212768555,0.860382080078125,0.82086181640625,0.703216552734375,0.4329008162021637,0.5739823579788208
year,NLL,Cov90,0.28,0.02,0.2,0.2,0.4,0.5,2.0,-1.0,1.3018505573272705,1.980907678604126,1.5179945230484009,0.21614396572113037,0.6790571212768555,0.860382080078125,0.82830810546875,0.703216552734375,0.1292543113231659,0.8908680081367493
year,NLL,Cov90,0.28,0.05,0.0,0.1,0.4,0.5,1.0,0.85,1.3018505573272705,1.980907678604126,1.8863911628723145,0.584540605545044,0.6790571212768555,0.860382080078125,0.804412841796875,0.703216552734375,0.10731563717126846,0.6234709024429321
year,NLL,Cov90,0.28,0.02,0.2,0.2,0.4,0.5,2.0,0.85,1.3018505573272705,1.980907678604126,1.8171659708023071,0.5153154134750366,0.6790571212768555,0.860382080078125,0.8160400390625,0.703216552734375,0.0017547054449096322,0.9423383474349976
year,NLL,Cov90,0.28,0.05,0.0,0.1,0.4,0.5,2.0,-1.0,1.3018505573272705,1.980907678604126,1.706423282623291,0.4045727252960205,0.6790571212768555,0.860382080078125,0.8135986328125,0.703216552734375,0.2831801176071167,0.5989226698875427
year,NLL,Cov90,0.28,0.05,0.0,0.0,0.4,0.25,1.0,-1.0,1.3018505573272705,1.980907678604126,1.7659993171691895,0.46414875984191895,0.6790571212768555,0.860382080078125,0.78887939453125,0.703216552734375,0.9681272506713867,0.009261755272746086
year,NLL,Cov90,0.28,0.05,0.0,0.1,0.4,0.5,2.0,0.85,1.3018505573272705,1.980907678604126,2.042375087738037,0.7405245304107666,0.6790571212768555,0.860382080078125,0.8021240234375,0.703216552734375,0.03545526787638664,0.5900197625160217
year,NLL,Cov90,0.28,0.05,0.0,0.0,0.4,0.25,1.0,0.85,1.3018505573272705,1.980907678604126,1.8178515434265137,0.5160009860992432,0.6790571212768555,0.860382080078125,0.78485107421875,0.703216552734375,0.9566062688827515,0.009408343583345413
year,NLL,Cov90,0.28,0.05,0.0,0.2,0.4,0.25,1.0,-1.0,1.3018505573272705,1.980907678604126,1.7606501579284668,0.4587996006011963,0.6790571212768555,0.860382080078125,0.806976318359375,0.703216552734375,0.23780837655067444,1.0504159927368164
year,NLL,Cov90,0.28,0.05,0.0,0.0,0.4,0.25,2.0,-1.0,1.3018505573272705,1.980907678604126,1.8061442375183105,0.50429368019104,0.6790571212768555,0.860382080078125,0.784515380859375,0.703216552734375,0.9380704164505005,0.009333203546702862
year,NLL,Cov90,0.28,0.05,0.0,0.2,0.4,0.25,1.0,0.85,1.3018505573272705,1.980907678604126,2.0640203952789307,0.7621698379516602,0.6790571212768555,0.860382080078125,0.791595458984375,0.703216552734375,0.02673465758562088,1.0870985984802246
year,NLL,Cov90,0.28,0.05,0.0,0.0,0.4,0.25,2.0,0.85,1.3018505573272705,1.980907678604126,1.7724783420562744,0.4706277847290039,0.6790571212768555,0.860382080078125,0.79388427734375,0.703216552734375,0.8580673336982727,0.009506543166935444
year,NLL,Cov90,0.28,0.05,0.0,0.2,0.4,0.25,2.0,-1.0,1.3018505573272705,1.980907678604126,1.8414490222930908,0.5395984649658203,0.6790571212768555,0.860382080078125,0.805511474609375,0.703216552734375,0.1281103938817978,1.0777177810668945
year,NLL,Cov90,0.28,0.05,0.0,0.0,0.4,0.5,1.0,-1.0,1.3018505573272705,1.980907678604126,1.5098730325698853,0.20802247524261475,0.6790571212768555,0.860382080078125,0.815826416015625,0.703216552734375,0.9716082811355591,0.008227010257542133
year,NLL,Cov90,0.28,0.05,0.0,0.2,0.4,0.25,2.0,0.85,1.3018505573272705,1.980907678604126,2.1728134155273438,0.8709628582000732,0.6790571212768555,0.860382080078125,0.786163330078125,0.703216552734375,0.0175298023968935,1.0652663707733154
year,NLL,Cov90,0.28,0.05,0.0,0.0,0.4,0.5,1.0,0.85,1.3018505573272705,1.980907678604126,1.499814510345459,0.19796395301818848,0.6790571212768555,0.860382080078125,0.81597900390625,0.703216552734375,0.9621032476425171,0.008192604407668114
year,NLL,Cov90,0.28,0.05,0.0,0.2,0.4,0.5,1.0,-1.0,1.3018505573272705,1.980907678604126,1.5116353034973145,0.20978474617004395,0.6790571212768555,0.860382080078125,0.83795166015625,0.703216552734375,0.2785421907901764,0.8845599293708801
year,NLL,Cov90,0.28,0.05,0.0,0.0,0.4,0.5,2.0,-1.0,1.3018505573272705,1.980907678604126,1.524512529373169,0.22266197204589844,0.6790571212768555,0.860382080078125,0.81500244140625,0.703216552734375,0.945640504360199,0.008130254223942757
year,NLL,Cov90,0.28,0.05,0.0,0.2,0.4,0.5,1.0,0.85,1.3018505573272705,1.980907678604126,1.5635621547698975,0.26171159744262695,0.6790571212768555,0.860382080078125,0.82769775390625,0.703216552734375,0.0375475138425827,0.981558084487915
year,NLL,Cov90,0.28,0.05,0.0,0.0,0.4,0.5,2.0,0.85,1.3018505573272705,1.980907678604126,1.538588285446167,0.23673772811889648,0.6790571212768555,0.860382080078125,0.816802978515625,0.703216552734375,0.8896345496177673,0.008061856031417847
year,NLL,Cov90,0.28,0.05,0.0,0.2,0.4,0.5,2.0,-1.0,1.3018505573272705,1.980907678604126,1.6104233264923096,0.30857276916503906,0.6790571212768555,0.860382080078125,0.827972412109375,0.703216552734375,0.15384222567081451,0.9368887543678284
year,NLL,Cov90,0.28,0.05,0.0,0.1,0.4,0.25,1.0,-1.0,1.3018505573272705,1.980907678604126,1.7659456729888916,0.4640951156616211,0.6790571212768555,0.860382080078125,0.799102783203125,0.703216552734375,0.3946642577648163,0.6594342589378357
year,NLL,Cov90,0.28,0.05,0.0,0.2,0.4,0.5,2.0,0.85,1.3018505573272705,1.980907678604126,1.74464750289917,0.4427969455718994,0.6790571212768555,0.860382080078125,0.818634033203125,0.703216552734375,0.02111859805881977,0.9816113710403442
year,NLL,Cov90,0.28,0.05,0.0,0.1,0.4,0.25,1.0,0.85,1.3018505573272705,1.980907678604126,2.119675636291504,0.8178250789642334,0.6790571212768555,0.860382080078125,0.784454345703125,0.703216552734375,0.09522414952516556,0.6839476823806763
year,NLL,Cov90,0.28,0.05,0.1,0.0,0.4,0.25,1.0,-1.0,1.3018505573272705,1.980907678604126,1.726272463798523,0.42442190647125244,0.6790571212768555,0.860382080078125,0.79254150390625,0.703216552734375,0.5686669945716858,0.29506829380989075
year,NLL,Cov90,0.28,0.05,0.0,0.1,0.4,0.25,2.0,-1.0,1.3018505573272705,1.980907678604126,1.8971247673034668,0.5952742099761963,0.6790571212768555,0.860382080078125,0.79022216796875,0.703216552734375,0.2513408064842224,0.6755780577659607
year,NLL,Cov90,0.28,0.05,0.1,0.0,0.4,0.25,1.0,0.85,1.3018505573272705,1.980907678604126,1.849188208580017,0.5473376512527466,0.6790571212768555,0.860382080078125,0.791656494140625,0.703216552734375,0.22349897027015686,0.3061811923980713
year,NLL,Cov90,0.28,0.05,0.0,0.1,0.4,0.25,2.0,0.85,1.3018505573272705,1.980907678604126,2.1130762100219727,0.8112256526947021,0.6790571212768555,0.860382080078125,0.78216552734375,0.703216552734375,0.027993086725473404,0.6639677286148071
year,NLL,Cov90,0.28,0.05,0.1,0.0,0.4,0.25,2.0,-1.0,1.3018505573272705,1.980907678604126,1.7598201036453247,0.4579695463180542,0.6790571212768555,0.860382080078125,0.7913818359375,0.703216552734375,0.41538190841674805,0.30075132846832275
year,NLL,Cov90,0.28,0.05,0.0,0.1,0.4,0.5,1.0,-1.0,1.3018505573272705,1.980907678604126,1.5828163623809814,0.28096580505371094,0.6790571212768555,0.860382080078125,0.82086181640625,0.703216552734375,0.4329008162021637,0.5739823579788208
year,NLL,Cov90,0.28,0.05,0.1,0.0,0.4,0.25,2.0,0.85,1.3018505573272705,1.980907678604126,1.9078342914581299,0.6059837341308594,0.6790571212768555,0.860382080078125,0.78570556640625,0.703216552734375,0.09793706238269806,0.30307650566101074
year,NLL,Cov90,0.28,0.05,0.0,0.1,0.4,0.5,1.0,0.85,1.3018505573272705,1.980907678604126,1.8863911628723145,0.584540605545044,0.6790571212768555,0.860382080078125,0.804412841796875,0.703216552734375,0.10731563717126846,0.6234709024429321
year,NLL,Cov90,0.28,0.05,0.1,0.0,0.4,0.5,1.0,-1.0,1.3018505573272705,1.980907678604126,1.5880372524261475,0.28618669509887695,0.6790571212768555,0.860382080078125,0.81134033203125,0.703216552734375,0.5977036952972412,0.25796470046043396
year,NLL,Cov90,0.28,0.05,0.0,0.1,0.4,0.5,2.0,-1.0,1.3018505573272705,1.980907678604126,1.706423282623291,0.4045727252960205,0.6790571212768555,0.860382080078125,0.8135986328125,0.703216552734375,0.2831801176071167,0.5989226698875427
year,NLL,Cov90,0.28,0.05,0.1,0.0,0.4,0.5,1.0,0.85,1.3018505573272705,1.980907678604126,1.6009455919265747,0.2990950345993042,0.6790571212768555,0.860382080078125,0.828521728515625,0.703216552734375,0.24539530277252197,0.2804572880268097
year,NLL,Cov90,0.28,0.05,0.0,0.1,0.4,0.5,2.0,0.85,1.3018505573272705,1.980907678604126,2.042375087738037,0.7405245304107666,0.6790571212768555,0.860382080078125,0.8021240234375,0.703216552734375,0.03545526787638664,0.5900197625160217
year,NLL,Cov90,0.28,0.05,0.1,0.0,0.4,0.5,2.0,-1.0,1.3018505573272705,1.980907678604126,1.645616054534912,0.3437654972076416,0.6790571212768555,0.860382080078125,0.8072509765625,0.703216552734375,0.44437676668167114,0.2642827332019806
year,NLL,Cov90,0.28,0.05,0.0,0.2,0.4,0.25,1.0,-1.0,1.3018505573272705,1.980907678604126,1.7606501579284668,0.4587996006011963,0.6790571212768555,0.860382080078125,0.806976318359375,0.703216552734375,0.23780837655067444,1.0504159927368164
year,NLL,Cov90,0.28,0.05,0.1,0.0,0.4,0.5,2.0,0.85,1.3018505573272705,1.980907678604126,1.6888957023620605,0.38704514503479004,0.6790571212768555,0.860382080078125,0.809295654296875,0.703216552734375,0.10020190477371216,0.2739905118942261
year,NLL,Cov90,0.28,0.05,0.0,0.2,0.4,0.25,1.0,0.85,1.3018505573272705,1.980907678604126,2.0640203952789307,0.7621698379516602,0.6790571212768555,0.860382080078125,0.791595458984375,0.703216552734375,0.02673465758562088,1.0870985984802246
year,NLL,Cov90,0.28,0.05,0.1,0.1,0.4,0.25,1.0,-1.0,1.3018505573272705,1.980907678604126,1.6907470226287842,0.38889646530151367,0.6790571212768555,0.860382080078125,0.8006591796875,0.703216552734375,0.34719717502593994,0.6480931639671326
year,NLL,Cov90,0.28,0.05,0.0,0.2,0.4,0.25,2.0,-1.0,1.3018505573272705,1.980907678604126,1.8414490222930908,0.5395984649658203,0.6790571212768555,0.860382080078125,0.805511474609375,0.703216552734375,0.1281103938817978,1.0777177810668945
year,NLL,Cov90,0.28,0.05,0.1,0.1,0.4,0.25,1.0,0.85,1.3018505573272705,1.980907678604126,1.9350721836090088,0.6332216262817383,0.6790571212768555,0.860382080078125,0.78826904296875,0.703216552734375,0.04862998053431511,0.6986982226371765
year,NLL,Cov90,0.28,0.05,0.0,0.2,0.4,0.25,2.0,0.85,1.3018505573272705,1.980907678604126,2.1728134155273438,0.8709628582000732,0.6790571212768555,0.860382080078125,0.786163330078125,0.703216552734375,0.0175298023968935,1.0652663707733154
year,NLL,Cov90,0.28,0.05,0.0,0.2,0.4,0.5,1.0,-1.0,1.3018505573272705,1.980907678604126,1.5116353034973145,0.20978474617004395,0.6790571212768555,0.860382080078125,0.83795166015625,0.703216552734375,0.2785421907901764,0.8845599293708801
year,NLL,Cov90,0.28,0.05,0.1,0.1,0.4,0.25,2.0,-1.0,1.3018505573272705,1.980907678604126,1.7942721843719482,0.49242162704467773,0.6790571212768555,0.860382080078125,0.80010986328125,0.703216552734375,0.20358788967132568,0.6707788109779358
year,NLL,Cov90,0.28,0.05,0.0,0.2,0.4,0.5,1.0,0.85,1.3018505573272705,1.980907678604126,1.5635621547698975,0.26171159744262695,0.6790571212768555,0.860382080078125,0.82769775390625,0.703216552734375,0.0375475138425827,0.981558084487915
year,NLL,Cov90,0.28,0.05,0.1,0.1,0.4,0.25,2.0,0.85,1.3018505573272705,1.980907678604126,1.8282856941223145,0.526435136795044,0.6790571212768555,0.860382080078125,0.798919677734375,0.703216552734375,0.02099171280860901,0.6726704239845276
year,NLL,Cov90,0.28,0.05,0.0,0.2,0.4,0.5,2.0,-1.0,1.3018505573272705,1.980907678604126,1.6104233264923096,0.30857276916503906,0.6790571212768555,0.860382080078125,0.827972412109375,0.703216552734375,0.15384222567081451,0.9368887543678284
year,NLL,Cov90,0.28,0.05,0.1,0.1,0.4,0.5,1.0,-1.0,1.3018505573272705,1.980907678604126,1.4105358123779297,0.10868525505065918,0.6790571212768555,0.860382080078125,0.836029052734375,0.703216552734375,0.3921370208263397,0.5338602662086487
year,NLL,Cov90,0.28,0.05,0.0,0.2,0.4,0.5,2.0,0.85,1.3018505573272705,1.980907678604126,1.74464750289917,0.4427969455718994,0.6790571212768555,0.860382080078125,0.818634033203125,0.703216552734375,0.02111859805881977,0.9816113710403442
year,NLL,Cov90,0.28,0.05,0.1,0.1,0.4,0.5,1.0,0.85,1.3018505573272705,1.980907678604126,1.6501202583312988,0.3482697010040283,0.6790571212768555,0.860382080078125,0.81427001953125,0.703216552734375,0.061278633773326874,0.6271756887435913
year,NLL,Cov90,0.28,0.05,0.1,0.0,0.4,0.25,1.0,-1.0,1.3018505573272705,1.980907678604126,1.726272463798523,0.42442190647125244,0.6790571212768555,0.860382080078125,0.79254150390625,0.703216552734375,0.5686669945716858,0.29506829380989075
year,NLL,Cov90,0.28,0.05,0.1,0.1,0.4,0.5,2.0,-1.0,1.3018505573272705,1.980907678604126,1.5387136936187744,0.2368631362915039,0.6790571212768555,0.860382080078125,0.821197509765625,0.703216552734375,0.23275142908096313,0.5833371877670288
year,NLL,Cov90,0.28,0.05,0.1,0.0,0.4,0.25,1.0,0.85,1.3018505573272705,1.980907678604126,1.849188208580017,0.5473376512527466,0.6790571212768555,0.860382080078125,0.791656494140625,0.703216552734375,0.22349897027015686,0.3061811923980713
year,NLL,Cov90,0.28,0.05,0.1,0.1,0.4,0.5,2.0,0.85,1.3018505573272705,1.980907678604126,1.6329694986343384,0.33111894130706787,0.6790571212768555,0.860382080078125,0.813140869140625,0.703216552734375,0.02262827567756176,0.6316911578178406
year,NLL,Cov90,0.28,0.05,0.1,0.0,0.4,0.25,2.0,-1.0,1.3018505573272705,1.980907678604126,1.7598201036453247,0.4579695463180542,0.6790571212768555,0.860382080078125,0.7913818359375,0.703216552734375,0.41538190841674805,0.30075132846832275
year,NLL,Cov90,0.28,0.05,0.1,0.2,0.4,0.25,1.0,-1.0,1.3018505573272705,1.980907678604126,1.6719385385513306,0.37008798122406006,0.6790571212768555,0.860382080078125,0.810638427734375,0.703216552734375,0.22856591641902924,0.9380366802215576
year,NLL,Cov90,0.28,0.05,0.1,0.0,0.4,0.25,2.0,0.85,1.3018505573272705,1.980907678604126,1.9078342914581299,0.6059837341308594,0.6790571212768555,0.860382080078125,0.78570556640625,0.703216552734375,0.09793706238269806,0.30307650566101074
year,NLL,Cov90,0.28,0.05,0.1,0.2,0.4,0.25,1.0,0.85,1.3018505573272705,1.980907678604126,1.7808582782745361,0.4790077209472656,0.6790571212768555,0.860382080078125,0.8077392578125,0.703216552734375,0.024392224848270416,1.049386739730835
year,NLL,Cov90,0.28,0.05,0.1,0.0,0.4,0.5,1.0,-1.0,1.3018505573272705,1.980907678604126,1.5880372524261475,0.28618669509887695,0.6790571212768555,0.860382080078125,0.81134033203125,0.703216552734375,0.5977036952972412,0.25796470046043396
year,NLL,Cov90,0.28,0.05,0.1,0.2,0.4,0.25,2.0,-1.0,1.3018505573272705,1.980907678604126,1.8034265041351318,0.5015759468078613,0.6790571212768555,0.860382080078125,0.803558349609375,0.703216552734375,0.12098623812198639,0.9760422110557556
year,NLL,Cov90,0.28,0.05,0.1,0.0,0.4,0.5,1.0,0.85,1.3018505573272705,1.980907678604126,1.6009455919265747,0.2990950345993042,0.6790571212768555,0.860382080078125,0.828521728515625,0.703216552734375,0.24539530277252197,0.2804572880268097
year,NLL,Cov90,0.28,0.05,0.1,0.2,0.4,0.25,2.0,0.85,1.3018505573272705,1.980907678604126,1.924513578414917,0.6226630210876465,0.6790571212768555,0.860382080078125,0.789794921875,0.703216552734375,0.005100385285913944,1.032064437866211
year,NLL,Cov90,0.28,0.05,0.1,0.0,0.4,0.5,2.0,-1.0,1.3018505573272705,1.980907678604126,1.645616054534912,0.3437654972076416,0.6790571212768555,0.860382080078125,0.8072509765625,0.703216552734375,0.44437676668167114,0.2642827332019806
year,NLL,Cov90,0.28,0.05,0.1,0.2,0.4,0.5,1.0,-1.0,1.3018505573272705,1.980907678604126,1.4311628341674805,0.12931227684020996,0.6790571212768555,0.860382080078125,0.835662841796875,0.703216552734375,0.26705068349838257,0.7798816561698914
year,NLL,Cov90,0.28,0.05,0.1,0.0,0.4,0.5,2.0,0.85,1.3018505573272705,1.980907678604126,1.6888957023620605,0.38704514503479004,0.6790571212768555,0.860382080078125,0.809295654296875,0.703216552734375,0.10020190477371216,0.2739905118942261
year,NLL,Cov90,0.28,0.05,0.1,0.2,0.4,0.5,1.0,0.85,1.3018505573272705,1.980907678604126,1.5315282344818115,0.22967767715454102,0.6790571212768555,0.860382080078125,0.834320068359375,0.703216552734375,0.03357680141925812,0.896267294883728
year,NLL,Cov90,0.28,0.05,0.1,0.1,0.4,0.25,1.0,-1.0,1.3018505573272705,1.980907678604126,1.6907470226287842,0.38889646530151367,0.6790571212768555,0.860382080078125,0.8006591796875,0.703216552734375,0.34719717502593994,0.6480931639671326
year,NLL,Cov90,0.28,0.05,0.1,0.2,0.4,0.5,2.0,-1.0,1.3018505573272705,1.980907678604126,1.557827115058899,0.2559765577316284,0.6790571212768555,0.860382080078125,0.825408935546875,0.703216552734375,0.1417360156774521,0.8482486009597778
year,NLL,Cov90,0.28,0.05,0.1,0.1,0.4,0.25,1.0,0.85,1.3018505573272705,1.980907678604126,1.9350721836090088,0.6332216262817383,0.6790571212768555,0.860382080078125,0.78826904296875,0.703216552734375,0.04862998053431511,0.6986982226371765
year,NLL,Cov90,0.28,0.05,0.1,0.2,0.4,0.5,2.0,0.85,1.3018505573272705,1.980907678604126,1.7034987211227417,0.4016481637954712,0.6790571212768555,0.860382080078125,0.82476806640625,0.703216552734375,0.008606120012700558,0.8940333724021912
year,NLL,Cov90,0.28,0.05,0.1,0.1,0.4,0.25,2.0,-1.0,1.3018505573272705,1.980907678604126,1.7942721843719482,0.49242162704467773,0.6790571212768555,0.860382080078125,0.80010986328125,0.703216552734375,0.20358788967132568,0.6707788109779358
year,NLL,Cov90,0.28,0.05,0.2,0.0,0.4,0.25,1.0,-1.0,1.3018505573272705,1.980907678604126,1.7657415866851807,0.46389102935791016,0.6790571212768555,0.860382080078125,0.792449951171875,0.703216552734375,0.42895492911338806,0.48463553190231323
year,NLL,Cov90,0.28,0.05,0.1,0.1,0.4,0.25,2.0,0.85,1.3018505573272705,1.980907678604126,1.8282856941223145,0.526435136795044,0.6790571212768555,0.860382080078125,0.798919677734375,0.703216552734375,0.02099171280860901,0.6726704239845276
year,NLL,Cov90,0.28,0.05,0.2,0.0,0.4,0.25,1.0,0.85,1.3018505573272705,1.980907678604126,1.975693941116333,0.6738433837890625,0.6790571212768555,0.860382080078125,0.78326416015625,0.703216552734375,0.0957798957824707,0.5248635411262512
year,NLL,Cov90,0.28,0.05,0.1,0.1,0.4,0.5,1.0,-1.0,1.3018505573272705,1.980907678604126,1.4105358123779297,0.10868525505065918,0.6790571212768555,0.860382080078125,0.836029052734375,0.703216552734375,0.3921370208263397,0.5338602662086487
year,NLL,Cov90,0.28,0.05,0.2,0.0,0.4,0.25,2.0,-1.0,1.3018505573272705,1.980907678604126,1.8066498041152954,0.5047992467880249,0.6790571212768555,0.860382080078125,0.791412353515625,0.703216552734375,0.27367377281188965,0.49705544114112854
year,NLL,Cov90,0.28,0.05,0.1,0.1,0.4,0.5,1.0,0.85,1.3018505573272705,1.980907678604126,1.6501202583312988,0.3482697010040283,0.6790571212768555,0.860382080078125,0.81427001953125,0.703216552734375,0.061278633773326874,0.6271756887435913
year,NLL,Cov90,0.28,0.05,0.2,0.0,0.4,0.25,2.0,0.85,1.3018505573272705,1.980907678604126,1.7274177074432373,0.4255671501159668,0.6790571212768555,0.860382080078125,0.811126708984375,0.703216552734375,0.029980706050992012,0.5191409587860107
year,NLL,Cov90,0.28,0.05,0.1,0.1,0.4,0.5,2.0,-1.0,1.3018505573272705,1.980907678604126,1.5387136936187744,0.2368631362915039,0.6790571212768555,0.860382080078125,0.821197509765625,0.703216552734375,0.23275142908096313,0.5833371877670288
year,NLL,Cov90,0.28,0.05,0.2,0.0,0.4,0.5,1.0,-1.0,1.3018505573272705,1.980907678604126,1.5754733085632324,0.2736227512359619,0.6790571212768555,0.860382080078125,0.8172607421875,0.703216552734375,0.4627527594566345,0.42049098014831543
year,NLL,Cov90,0.28,0.05,0.1,0.1,0.4,0.5,2.0,0.85,1.3018505573272705,1.980907678604126,1.6329694986343384,0.33111894130706787,0.6790571212768555,0.860382080078125,0.813140869140625,0.703216552734375,0.02262827567756176,0.6316911578178406
year,NLL,Cov90,0.28,0.05,0.2,0.0,0.4,0.5,1.0,0.85,1.3018505573272705,1.980907678604126,1.623453140258789,0.32160258293151855,0.6790571212768555,0.860382080078125,0.81951904296875,0.703216552734375,0.12847697734832764,0.4528302550315857
year,NLL,Cov90,0.28,0.05,0.1,0.2,0.4,0.25,1.0,-1.0,1.3018505573272705,1.980907678604126,1.6719385385513306,0.37008798122406006,0.6790571212768555,0.860382080078125,0.810638427734375,0.703216552734375,0.22856591641902924,0.9380366802215576
year,NLL,Cov90,0.28,0.05,0.2,0.0,0.4,0.5,2.0,-1.0,1.3018505573272705,1.980907678604126,1.543290615081787,0.2414400577545166,0.6790571212768555,0.860382080078125,0.823883056640625,0.703216552734375,0.30483418703079224,0.4347774386405945
year,NLL,Cov90,0.28,0.05,0.1,0.2,0.4,0.25,1.0,0.85,1.3018505573272705,1.980907678604126,1.7808582782745361,0.4790077209472656,0.6790571212768555,0.860382080078125,0.8077392578125,0.703216552734375,0.024392224848270416,1.049386739730835
year,NLL,Cov90,0.28,0.05,0.2,0.0,0.4,0.5,2.0,0.85,1.3018505573272705,1.980907678604126,1.8428658246994019,0.5410152673721313,0.6790571212768555,0.860382080078125,0.8084716796875,0.703216552734375,0.04919665679335594,0.4753707945346832
year,NLL,Cov90,0.28,0.05,0.1,0.2,0.4,0.25,2.0,-1.0,1.3018505573272705,1.980907678604126,1.8034265041351318,0.5015759468078613,0.6790571212768555,0.860382080078125,0.803558349609375,0.703216552734375,0.12098623812198639,0.9760422110557556
year,NLL,Cov90,0.28,0.05,0.2,0.1,0.4,0.25,1.0,-1.0,1.3018505573272705,1.980907678604126,1.6352739334106445,0.333423376083374,0.6790571212768555,0.860382080078125,0.811248779296875,0.703216552734375,0.29213547706604004,0.7652716040611267
year,NLL,Cov90,0.28,0.05,0.1,0.2,0.4,0.25,2.0,0.85,1.3018505573272705,1.980907678604126,1.924513578414917,0.6226630210876465,0.6790571212768555,0.860382080078125,0.789794921875,0.703216552734375,0.005100385285913944,1.032064437866211
year,NLL,Cov90,0.28,0.05,0.2,0.1,0.4,0.25,1.0,0.85,1.3018505573272705,1.980907678604126,1.932192325592041,0.6303417682647705,0.6790571212768555,0.860382080078125,0.79052734375,0.703216552734375,0.029775749891996384,0.8723444938659668
year,NLL,Cov90,0.28,0.05,0.1,0.2,0.4,0.5,1.0,-1.0,1.3018505573272705,1.980907678604126,1.4311628341674805,0.12931227684020996,0.6790571212768555,0.860382080078125,0.835662841796875,0.703216552734375,0.26705068349838257,0.7798816561698914
year,NLL,Cov90,0.28,0.05,0.2,0.1,0.4,0.25,2.0,-1.0,1.3018505573272705,1.980907678604126,1.7362468242645264,0.43439626693725586,0.6790571212768555,0.860382080078125,0.80670166015625,0.703216552734375,0.16284051537513733,0.7810015082359314
year,NLL,Cov90,0.28,0.05,0.1,0.2,0.4,0.5,1.0,0.85,1.3018505573272705,1.980907678604126,1.5315282344818115,0.22967767715454102,0.6790571212768555,0.860382080078125,0.834320068359375,0.703216552734375,0.03357680141925812,0.896267294883728
year,NLL,Cov90,0.28,0.05,0.2,0.1,0.4,0.25,2.0,0.85,1.3018505573272705,1.980907678604126,1.7756699323654175,0.473819375038147,0.6790571212768555,0.860382080078125,0.81463623046875,0.703216552734375,0.006827506236732006,0.8253534436225891
year,NLL,Cov90,0.28,0.05,0.1,0.2,0.4,0.5,2.0,-1.0,1.3018505573272705,1.980907678604126,1.557827115058899,0.2559765577316284,0.6790571212768555,0.860382080078125,0.825408935546875,0.703216552734375,0.1417360156774521,0.8482486009597778
year,NLL,Cov90,0.28,0.05,0.2,0.1,0.4,0.5,1.0,-1.0,1.3018505573272705,1.980907678604126,1.438434362411499,0.13658380508422852,0.6790571212768555,0.860382080078125,0.833740234375,0.703216552734375,0.3325537443161011,0.6469401121139526
year,NLL,Cov90,0.28,0.05,0.1,0.2,0.4,0.5,2.0,0.85,1.3018505573272705,1.980907678604126,1.7034987211227417,0.4016481637954712,0.6790571212768555,0.860382080078125,0.82476806640625,0.703216552734375,0.008606120012700558,0.8940333724021912
year,NLL,Cov90,0.28,0.05,0.2,0.1,0.4,0.5,1.0,0.85,1.3018505573272705,1.980907678604126,1.6973978281021118,0.3955472707748413,0.6790571212768555,0.860382080078125,0.818115234375,0.703216552734375,0.04057011008262634,0.7596816420555115
year,NLL,Cov90,0.28,0.05,0.2,0.0,0.4,0.25,1.0,-1.0,1.3018505573272705,1.980907678604126,1.7657415866851807,0.46389102935791016,0.6790571212768555,0.860382080078125,0.792449951171875,0.703216552734375,0.42895492911338806,0.48463553190231323
year,NLL,Cov90,0.28,0.05,0.2,0.1,0.4,0.5,2.0,-1.0,1.3018505573272705,1.980907678604126,1.5805355310440063,0.27868497371673584,0.6790571212768555,0.860382080078125,0.82220458984375,0.703216552734375,0.18830758333206177,0.6891611814498901
year,NLL,Cov90,0.28,0.05,0.2,0.0,0.4,0.25,1.0,0.85,1.3018505573272705,1.980907678604126,1.975693941116333,0.6738433837890625,0.6790571212768555,0.860382080078125,0.78326416015625,0.703216552734375,0.0957798957824707,0.5248635411262512
year,NLL,Cov90,0.28,0.05,0.2,0.1,0.4,0.5,2.0,0.85,1.3018505573272705,1.980907678604126,1.7089591026306152,0.4071085453033447,0.6790571212768555,0.860382080078125,0.840850830078125,0.703216552734375,0.006915230304002762,0.7477153539657593
year,NLL,Cov90,0.28,0.05,0.2,0.0,0.4,0.25,2.0,-1.0,1.3018505573272705,1.980907678604126,1.8066498041152954,0.5047992467880249,0.6790571212768555,0.860382080078125,0.791412353515625,0.703216552734375,0.27367377281188965,0.49705544114112854
year,NLL,Cov90,0.28,0.05,0.2,0.2,0.4,0.25,1.0,-1.0,1.3018505573272705,1.980907678604126,1.626924753189087,0.3250741958618164,0.6790571212768555,0.860382080078125,0.81884765625,0.703216552734375,0.2099873274564743,0.9907825589179993
year,NLL,Cov90,0.28,0.05,0.2,0.0,0.4,0.25,2.0,0.85,1.3018505573272705,1.980907678604126,1.7274177074432373,0.4255671501159668,0.6790571212768555,0.860382080078125,0.811126708984375,0.703216552734375,0.029980706050992012,0.5191409587860107
year,NLL,Cov90,0.28,0.05,0.2,0.2,0.4,0.25,1.0,0.85,1.3018505573272705,1.980907678604126,2.0761570930480957,0.7743065357208252,0.6790571212768555,0.860382080078125,0.789947509765625,0.703216552734375,0.01737290807068348,1.1048165559768677
year,NLL,Cov90,0.28,0.05,0.2,0.0,0.4,0.5,1.0,-1.0,1.3018505573272705,1.980907678604126,1.5754733085632324,0.2736227512359619,0.6790571212768555,0.860382080078125,0.8172607421875,0.703216552734375,0.4627527594566345,0.42049098014831543
year,NLL,Cov90,0.28,0.05,0.2,0.2,0.4,0.25,2.0,-1.0,1.3018505573272705,1.980907678604126,1.7871137857437134,0.48526322841644287,0.6790571212768555,0.860382080078125,0.79998779296875,0.703216552734375,0.10253231227397919,1.0571537017822266
year,NLL,Cov90,0.28,0.05,0.2,0.0,0.4,0.5,1.0,0.85,1.3018505573272705,1.980907678604126,1.623453140258789,0.32160258293151855,0.6790571212768555,0.860382080078125,0.81951904296875,0.703216552734375,0.12847697734832764,0.4528302550315857
year,NLL,Cov90,0.28,0.05,0.2,0.2,0.4,0.25,2.0,0.85,1.3018505573272705,1.980907678604126,1.7318254709243774,0.42997491359710693,0.6790571212768555,0.860382080078125,0.81915283203125,0.703216552734375,0.0035144081339240074,1.0887013673782349
year,NLL,Cov90,0.28,0.05,0.2,0.0,0.4,0.5,2.0,-1.0,1.3018505573272705,1.980907678604126,1.543290615081787,0.2414400577545166,0.6790571212768555,0.860382080078125,0.823883056640625,0.703216552734375,0.30483418703079224,0.4347774386405945
year,NLL,Cov90,0.28,0.05,0.2,0.2,0.4,0.5,1.0,-1.0,1.3018505573272705,1.980907678604126,1.4207184314727783,0.11886787414550781,0.6790571212768555,0.860382080078125,0.840911865234375,0.703216552734375,0.2492680549621582,0.8287382125854492
year,NLL,Cov90,0.28,0.05,0.2,0.0,0.4,0.5,2.0,0.85,1.3018505573272705,1.980907678604126,1.8428658246994019,0.5410152673721313,0.6790571212768555,0.860382080078125,0.8084716796875,0.703216552734375,0.04919665679335594,0.4753707945346832
year,NLL,Cov90,0.28,0.05,0.2,0.2,0.4,0.5,1.0,0.85,1.3018505573272705,1.980907678604126,1.6219453811645508,0.3200948238372803,0.6790571212768555,0.860382080078125,0.835479736328125,0.703216552734375,0.01605231873691082,1.0001922845840454
year,NLL,Cov90,0.28,0.05,0.2,0.1,0.4,0.25,1.0,-1.0,1.3018505573272705,1.980907678604126,1.6352739334106445,0.333423376083374,0.6790571212768555,0.860382080078125,0.811248779296875,0.703216552734375,0.29213547706604004,0.7652716040611267
year,NLL,Cov90,0.28,0.05,0.2,0.2,0.4,0.5,2.0,-1.0,1.3018505573272705,1.980907678604126,1.5209983587265015,0.21914780139923096,0.6790571212768555,0.860382080078125,0.8275146484375,0.703216552734375,0.12726978957653046,0.9070536494255066
year,NLL,Cov90,0.28,0.05,0.2,0.1,0.4,0.25,1.0,0.85,1.3018505573272705,1.980907678604126,1.932192325592041,0.6303417682647705,0.6790571212768555,0.860382080078125,0.79052734375,0.703216552734375,0.029775749891996384,0.8723444938659668
year,NLL,Cov90,0.28,0.05,0.2,0.2,0.4,0.5,2.0,0.85,1.3018505573272705,1.980907678604126,1.9069372415542603,0.6050866842269897,0.6790571212768555,0.860382080078125,0.83355712890625,0.703216552734375,0.005216103978455067,0.9410449862480164
year,NLL,Cov90,0.28,0.05,0.2,0.1,0.4,0.25,2.0,-1.0,1.3018505573272705,1.980907678604126,1.7362468242645264,0.43439626693725586,0.6790571212768555,0.860382080078125,0.80670166015625,0.703216552734375,0.16284051537513733,0.7810015082359314
year,NLL,Cov90,0.28,0.1,0.0,0.0,0.4,0.25,1.0,-1.0,1.3018505573272705,1.980907678604126,1.7969521284103394,0.49510157108306885,0.6790571212768555,0.860382080078125,0.7904052734375,0.703216552734375,0.8843022584915161,0.03742675855755806
year,NLL,Cov90,0.28,0.05,0.2,0.1,0.4,0.25,2.0,0.85,1.3018505573272705,1.980907678604126,1.7756699323654175,0.473819375038147,0.6790571212768555,0.860382080078125,0.81463623046875,0.703216552734375,0.006827506236732006,0.8253534436225891
year,NLL,Cov90,0.28,0.1,0.0,0.0,0.4,0.25,1.0,0.85,1.3018505573272705,1.980907678604126,1.852002739906311,0.5501521825790405,0.6790571212768555,0.860382080078125,0.7841796875,0.703216552734375,0.6865151524543762,0.03795851022005081
year,NLL,Cov90,0.28,0.05,0.2,0.1,0.4,0.5,1.0,-1.0,1.3018505573272705,1.980907678604126,1.438434362411499,0.13658380508422852,0.6790571212768555,0.860382080078125,0.833740234375,0.703216552734375,0.3325537443161011,0.6469401121139526
year,NLL,Cov90,0.28,0.1,0.0,0.0,0.4,0.25,2.0,-1.0,1.3018505573272705,1.980907678604126,1.808934211730957,0.5070836544036865,0.6790571212768555,0.860382080078125,0.790863037109375,0.703216552734375,0.7927354574203491,0.03805898129940033
year,NLL,Cov90,0.28,0.05,0.2,0.1,0.4,0.5,1.0,0.85,1.3018505573272705,1.980907678604126,1.6973978281021118,0.3955472707748413,0.6790571212768555,0.860382080078125,0.818115234375,0.703216552734375,0.04057011008262634,0.7596816420555115
year,NLL,Cov90,0.28,0.1,0.0,0.0,0.4,0.25,2.0,0.85,1.3018505573272705,1.980907678604126,1.843437910079956,0.5415873527526855,0.6790571212768555,0.860382080078125,0.784149169921875,0.703216552734375,0.47705376148223877,0.03855804726481438
year,NLL,Cov90,0.28,0.05,0.2,0.1,0.4,0.5,2.0,-1.0,1.3018505573272705,1.980907678604126,1.5805355310440063,0.27868497371673584,0.6790571212768555,0.860382080078125,0.82220458984375,0.703216552734375,0.18830758333206177,0.6891611814498901
year,NLL,Cov90,0.28,0.1,0.0,0.0,0.4,0.5,1.0,-1.0,1.3018505573272705,1.980907678604126,1.5378432273864746,0.2359926700592041,0.6790571212768555,0.860382080078125,0.815673828125,0.703216552734375,0.8990211486816406,0.032069794833660126
year,NLL,Cov90,0.28,0.05,0.2,0.1,0.4,0.5,2.0,0.85,1.3018505573272705,1.980907678604126,1.7089591026306152,0.4071085453033447,0.6790571212768555,0.860382080078125,0.840850830078125,0.703216552734375,0.006915230304002762,0.7477153539657593
year,NLL,Cov90,0.28,0.1,0.0,0.0,0.4,0.5,1.0,0.85,1.3018505573272705,1.980907678604126,1.5938284397125244,0.2919778823852539,0.6790571212768555,0.860382080078125,0.80865478515625,0.703216552734375,0.7218345403671265,0.03316958248615265
year,NLL,Cov90,0.28,0.05,0.2,0.2,0.4,0.25,1.0,-1.0,1.3018505573272705,1.980907678604126,1.626924753189087,0.3250741958618164,0.6790571212768555,0.860382080078125,0.81884765625,0.703216552734375,0.2099873274564743,0.9907825589179993
year,NLL,Cov90,0.28,0.1,0.0,0.0,0.4,0.5,2.0,-1.0,1.3018505573272705,1.980907678604126,1.5220388174057007,0.22018826007843018,0.6790571212768555,0.860382080078125,0.81829833984375,0.703216552734375,0.8199618458747864,0.03199419379234314
year,NLL,Cov90,0.28,0.05,0.2,0.2,0.4,0.25,1.0,0.85,1.3018505573272705,1.980907678604126,2.0761570930480957,0.7743065357208252,0.6790571212768555,0.860382080078125,0.789947509765625,0.703216552734375,0.01737290807068348,1.1048165559768677
year,NLL,Cov90,0.28,0.1,0.0,0.0,0.4,0.5,2.0,0.85,1.3018505573272705,1.980907678604126,1.6216933727264404,0.3198428153991699,0.6790571212768555,0.860382080078125,0.80609130859375,0.703216552734375,0.5002720952033997,0.03481535613536835
year,NLL,Cov90,0.28,0.05,0.2,0.2,0.4,0.25,2.0,-1.0,1.3018505573272705,1.980907678604126,1.7871137857437134,0.48526322841644287,0.6790571212768555,0.860382080078125,0.79998779296875,0.703216552734375,0.10253231227397919,1.0571537017822266
year,NLL,Cov90,0.28,0.1,0.0,0.1,0.4,0.25,1.0,-1.0,1.3018505573272705,1.980907678604126,1.7602484226226807,0.45839786529541016,0.6790571212768555,0.860382080078125,0.7991943359375,0.703216552734375,0.37796974182128906,0.6860443353652954
year,NLL,Cov90,0.28,0.05,0.2,0.2,0.4,0.25,2.0,0.85,1.3018505573272705,1.980907678604126,1.7318254709243774,0.42997491359710693,0.6790571212768555,0.860382080078125,0.81915283203125,0.703216552734375,0.0035144081339240074,1.0887013673782349
year,NLL,Cov90,0.28,0.1,0.0,0.1,0.4,0.25,1.0,0.85,1.3018505573272705,1.980907678604126,2.2174999713897705,0.9156494140625,0.6790571212768555,0.860382080078125,0.7821044921875,0.703216552734375,0.07075253874063492,0.7203924059867859
year,NLL,Cov90,0.28,0.05,0.2,0.2,0.4,0.5,1.0,-1.0,1.3018505573272705,1.980907678604126,1.4207184314727783,0.11886787414550781,0.6790571212768555,0.860382080078125,0.840911865234375,0.703216552734375,0.2492680549621582,0.8287382125854492
year,NLL,Cov90,0.28,0.1,0.0,0.1,0.4,0.25,2.0,-1.0,1.3018505573272705,1.980907678604126,1.9032435417175293,0.6013929843902588,0.6790571212768555,0.860382080078125,0.79095458984375,0.703216552734375,0.2341504991054535,0.7020493149757385
year,NLL,Cov90,0.28,0.05,0.2,0.2,0.4,0.5,1.0,0.85,1.3018505573272705,1.980907678604126,1.6219453811645508,0.3200948238372803,0.6790571212768555,0.860382080078125,0.835479736328125,0.703216552734375,0.01605231873691082,1.0001922845840454
year,NLL,Cov90,0.28,0.1,0.0,0.1,0.4,0.25,2.0,0.85,1.3018505573272705,1.980907678604126,2.088712215423584,0.7868616580963135,0.6790571212768555,0.860382080078125,0.78515625,0.703216552734375,0.019771758466959,0.701772928237915
year,NLL,Cov90,0.28,0.05,0.2,0.2,0.4,0.5,2.0,-1.0,1.3018505573272705,1.980907678604126,1.5209983587265015,0.21914780139923096,0.6790571212768555,0.860382080078125,0.8275146484375,0.703216552734375,0.12726978957653046,0.9070536494255066
year,NLL,Cov90,0.28,0.1,0.0,0.1,0.4,0.5,1.0,-1.0,1.3018505573272705,1.980907678604126,1.568192720413208,0.2663421630859375,0.6790571212768555,0.860382080078125,0.8236083984375,0.703216552734375,0.41594088077545166,0.596207857131958
year,NLL,Cov90,0.28,0.05,0.2,0.2,0.4,0.5,2.0,0.85,1.3018505573272705,1.980907678604126,1.9069372415542603,0.6050866842269897,0.6790571212768555,0.860382080078125,0.83355712890625,0.703216552734375,0.005216103978455067,0.9410449862480164
year,NLL,Cov90,0.28,0.1,0.0,0.1,0.4,0.5,1.0,0.85,1.3018505573272705,1.980907678604126,1.9086722135543823,0.6068216562271118,0.6790571212768555,0.860382080078125,0.80181884765625,0.703216552734375,0.08005364239215851,0.6463049054145813
year,NLL,Cov90,0.28,0.1,0.0,0.0,0.4,0.25,1.0,-1.0,1.3018505573272705,1.980907678604126,1.7969521284103394,0.49510157108306885,0.6790571212768555,0.860382080078125,0.7904052734375,0.703216552734375,0.8843022584915161,0.03742675855755806
year,NLL,Cov90,0.28,0.1,0.0,0.1,0.4,0.5,2.0,-1.0,1.3018505573272705,1.980907678604126,1.6487009525299072,0.3468503952026367,0.6790571212768555,0.860382080078125,0.814910888671875,0.703216552734375,0.2647169828414917,0.61932772397995
year,NLL,Cov90,0.28,0.1,0.0,0.0,0.4,0.25,1.0,0.85,1.3018505573272705,1.980907678604126,1.852002739906311,0.5501521825790405,0.6790571212768555,0.860382080078125,0.7841796875,0.703216552734375,0.6865151524543762,0.03795851022005081
year,NLL,Cov90,0.28,0.1,0.0,0.1,0.4,0.5,2.0,0.85,1.3018505573272705,1.980907678604126,1.738167643547058,0.4363170862197876,0.6790571212768555,0.860382080078125,0.8134765625,0.703216552734375,0.03204762190580368,0.619739294052124
year,NLL,Cov90,0.28,0.1,0.0,0.0,0.4,0.25,2.0,-1.0,1.3018505573272705,1.980907678604126,1.808934211730957,0.5070836544036865,0.6790571212768555,0.860382080078125,0.790863037109375,0.703216552734375,0.7927354574203491,0.03805898129940033
year,NLL,Cov90,0.28,0.1,0.0,0.2,0.4,0.25,1.0,-1.0,1.3018505573272705,1.980907678604126,1.7694870233535767,0.46763646602630615,0.6790571212768555,0.860382080078125,0.809906005859375,0.703216552734375,0.23091864585876465,1.0659685134887695
year,NLL,Cov90,0.28,0.1,0.0,0.0,0.4,0.25,2.0,0.85,1.3018505573272705,1.980907678604126,1.843437910079956,0.5415873527526855,0.6790571212768555,0.860382080078125,0.784149169921875,0.703216552734375,0.47705376148223877,0.03855804726481438
year,NLL,Cov90,0.28,0.1,0.0,0.2,0.4,0.25,1.0,0.85,1.3018505573272705,1.980907678604126,2.0971503257751465,0.795299768447876,0.6790571212768555,0.860382080078125,0.790130615234375,0.703216552734375,0.02638375572860241,1.1248470544815063
year,NLL,Cov90,0.28,0.1,0.0,0.0,0.4,0.5,1.0,-1.0,1.3018505573272705,1.980907678604126,1.5378432273864746,0.2359926700592041,0.6790571212768555,0.860382080078125,0.815673828125,0.703216552734375,0.8990211486816406,0.032069794833660126
year,NLL,Cov90,0.28,0.1,0.0,0.2,0.4,0.25,2.0,-1.0,1.3018505573272705,1.980907678604126,1.8310160636901855,0.529165506362915,0.6790571212768555,0.860382080078125,0.808013916015625,0.703216552734375,0.12215039134025574,1.0981073379516602
year,NLL,Cov90,0.28,0.1,0.0,0.0,0.4,0.5,1.0,0.85,1.3018505573272705,1.980907678604126,1.5938284397125244,0.2919778823852539,0.6790571212768555,0.860382080078125,0.80865478515625,0.703216552734375,0.7218345403671265,0.03316958248615265
year,NLL,Cov90,0.28,0.1,0.0,0.2,0.4,0.25,2.0,0.85,1.3018505573272705,1.980907678604126,2.320643901824951,1.0187933444976807,0.6790571212768555,0.860382080078125,0.792205810546875,0.703216552734375,0.013885177671909332,1.1139743328094482
year,NLL,Cov90,0.28,0.1,0.0,0.0,0.4,0.5,2.0,-1.0,1.3018505573272705,1.980907678604126,1.5220388174057007,0.22018826007843018,0.6790571212768555,0.860382080078125,0.81829833984375,0.703216552734375,0.8199618458747864,0.03199419379234314
year,NLL,Cov90,0.28,0.1,0.0,0.2,0.4,0.5,1.0,-1.0,1.3018505573272705,1.980907678604126,1.5213335752487183,0.21948301792144775,0.6790571212768555,0.860382080078125,0.837158203125,0.703216552734375,0.2707154154777527,0.9046756029129028
year,NLL,Cov90,0.28,0.1,0.0,0.0,0.4,0.5,2.0,0.85,1.3018505573272705,1.980907678604126,1.6216933727264404,0.3198428153991699,0.6790571212768555,0.860382080078125,0.80609130859375,0.703216552734375,0.5002720952033997,0.03481535613536835
year,NLL,Cov90,0.28,0.1,0.0,0.2,0.4,0.5,1.0,0.85,1.3018505573272705,1.980907678604126,1.7674989700317383,0.4656484127044678,0.6790571212768555,0.860382080078125,0.815704345703125,0.703216552734375,0.03373715281486511,1.0210022926330566
year,NLL,Cov90,0.28,0.1,0.0,0.1,0.4,0.25,1.0,-1.0,1.3018505573272705,1.980907678604126,1.7602484226226807,0.45839786529541016,0.6790571212768555,0.860382080078125,0.7991943359375,0.703216552734375,0.37796974182128906,0.6860443353652954
year,NLL,Cov90,0.28,0.1,0.0,0.2,0.4,0.5,2.0,-1.0,1.3018505573272705,1.980907678604126,1.6218607425689697,0.3200101852416992,0.6790571212768555,0.860382080078125,0.826751708984375,0.703216552734375,0.14823514223098755,0.9593750834465027
year,NLL,Cov90,0.28,0.1,0.0,0.1,0.4,0.25,1.0,0.85,1.3018505573272705,1.980907678604126,2.2174999713897705,0.9156494140625,0.6790571212768555,0.860382080078125,0.7821044921875,0.703216552734375,0.07075253874063492,0.7203924059867859
year,NLL,Cov90,0.28,0.1,0.0,0.2,0.4,0.5,2.0,0.85,1.3018505573272705,1.980907678604126,1.7158536911010742,0.4140031337738037,0.6790571212768555,0.860382080078125,0.827178955078125,0.703216552734375,0.01923316717147827,0.8992813229560852
year,NLL,Cov90,0.28,0.1,0.0,0.1,0.4,0.25,2.0,-1.0,1.3018505573272705,1.980907678604126,1.9032435417175293,0.6013929843902588,0.6790571212768555,0.860382080078125,0.79095458984375,0.703216552734375,0.2341504991054535,0.7020493149757385
year,NLL,Cov90,0.28,0.1,0.1,0.0,0.4,0.25,1.0,-1.0,1.3018505573272705,1.980907678604126,1.737549066543579,0.4356985092163086,0.6790571212768555,0.860382080078125,0.79052734375,0.703216552734375,0.5393692255020142,0.31656453013420105
year,NLL,Cov90,0.28,0.1,0.0,0.1,0.4,0.25,2.0,0.85,1.3018505573272705,1.980907678604126,2.088712215423584,0.7868616580963135,0.6790571212768555,0.860382080078125,0.78515625,0.703216552734375,0.019771758466959,0.701772928237915
year,NLL,Cov90,0.28,0.1,0.1,0.0,0.4,0.25,1.0,0.85,1.3018505573272705,1.980907678604126,1.8226251602172852,0.5207746028900146,0.6790571212768555,0.860382080078125,0.7900390625,0.703216552734375,0.16930849850177765,0.3283959627151489
year,NLL,Cov90,0.28,0.1,0.0,0.1,0.4,0.5,1.0,-1.0,1.3018505573272705,1.980907678604126,1.568192720413208,0.2663421630859375,0.6790571212768555,0.860382080078125,0.8236083984375,0.703216552734375,0.41594088077545166,0.596207857131958
year,NLL,Cov90,0.28,0.1,0.1,0.0,0.4,0.25,2.0,-1.0,1.3018505573272705,1.980907678604126,1.7369388341903687,0.43508827686309814,0.6790571212768555,0.860382080078125,0.7906494140625,0.703216552734375,0.38360369205474854,0.3160111904144287
year,NLL,Cov90,0.28,0.1,0.0,0.1,0.4,0.5,1.0,0.85,1.3018505573272705,1.980907678604126,1.9086722135543823,0.6068216562271118,0.6790571212768555,0.860382080078125,0.80181884765625,0.703216552734375,0.08005364239215851,0.6463049054145813
year,NLL,Cov90,0.28,0.1,0.1,0.0,0.4,0.25,2.0,0.85,1.3018505573272705,1.980907678604126,1.9016281366348267,0.5997775793075562,0.6790571212768555,0.860382080078125,0.788360595703125,0.703216552734375,0.06254768371582031,0.31647467613220215
year,NLL,Cov90,0.28,0.1,0.0,0.1,0.4,0.5,2.0,-1.0,1.3018505573272705,1.980907678604126,1.6487009525299072,0.3468503952026367,0.6790571212768555,0.860382080078125,0.814910888671875,0.703216552734375,0.2647169828414917,0.61932772397995
year,NLL,Cov90,0.28,0.1,0.1,0.0,0.4,0.5,1.0,-1.0,1.3018505573272705,1.980907678604126,1.5770134925842285,0.275162935256958,0.6790571212768555,0.860382080078125,0.81317138671875,0.703216552734375,0.5719656348228455,0.27379047870635986
year,NLL,Cov90,0.28,0.1,0.0,0.1,0.4,0.5,2.0,0.85,1.3018505573272705,1.980907678604126,1.738167643547058,0.4363170862197876,0.6790571212768555,0.860382080078125,0.8134765625,0.703216552734375,0.03204762190580368,0.619739294052124
year,NLL,Cov90,0.28,0.1,0.1,0.0,0.4,0.5,1.0,0.85,1.3018505573272705,1.980907678604126,1.7453618049621582,0.4435112476348877,0.6790571212768555,0.860382080078125,0.798980712890625,0.703216552734375,0.18599170446395874,0.3003571629524231
year,NLL,Cov90,0.28,0.1,0.0,0.2,0.4,0.25,1.0,-1.0,1.3018505573272705,1.980907678604126,1.7694870233535767,0.46763646602630615,0.6790571212768555,0.860382080078125,0.809906005859375,0.703216552734375,0.23091864585876465,1.0659685134887695
year,NLL,Cov90,0.28,0.1,0.1,0.0,0.4,0.5,2.0,-1.0,1.3018505573272705,1.980907678604126,1.6423314809799194,0.3404809236526489,0.6790571212768555,0.860382080078125,0.8106689453125,0.703216552734375,0.41337794065475464,0.2799079418182373
year,NLL,Cov90,0.28,0.1,0.0,0.2,0.4,0.25,1.0,0.85,1.3018505573272705,1.980907678604126,2.0971503257751465,0.795299768447876,0.6790571212768555,0.860382080078125,0.790130615234375,0.703216552734375,0.02638375572860241,1.1248470544815063
year,NLL,Cov90,0.28,0.1,0.1,0.0,0.4,0.5,2.0,0.85,1.3018505573272705,1.980907678604126,1.4971249103546143,0.19527435302734375,0.6790571212768555,0.860382080078125,0.832733154296875,0.703216552734375,0.08298450708389282,0.29807940125465393
year,NLL,Cov90,0.28,0.1,0.0,0.2,0.4,0.25,2.0,-1.0,1.3018505573272705,1.980907678604126,1.8310160636901855,0.529165506362915,0.6790571212768555,0.860382080078125,0.808013916015625,0.703216552734375,0.12215039134025574,1.0981073379516602
year,NLL,Cov90,0.28,0.1,0.1,0.1,0.4,0.25,1.0,-1.0,1.3018505573272705,1.980907678604126,1.6905903816223145,0.38873982429504395,0.6790571212768555,0.860382080078125,0.8033447265625,0.703216552734375,0.33433806896209717,0.6671817898750305
year,NLL,Cov90,0.28,0.1,0.0,0.2,0.4,0.25,2.0,0.85,1.3018505573272705,1.980907678604126,2.320643901824951,1.0187933444976807,0.6790571212768555,0.860382080078125,0.792205810546875,0.703216552734375,0.013885177671909332,1.1139743328094482
year,NLL,Cov90,0.28,0.1,0.1,0.1,0.4,0.25,1.0,0.85,1.3018505573272705,1.980907678604126,1.8827811479568481,0.5809305906295776,0.6790571212768555,0.860382080078125,0.789398193359375,0.703216552734375,0.05803633853793144,0.7177287340164185
year,NLL,Cov90,0.28,0.1,0.0,0.2,0.4,0.5,1.0,-1.0,1.3018505573272705,1.980907678604126,1.5213335752487183,0.21948301792144775,0.6790571212768555,0.860382080078125,0.837158203125,0.703216552734375,0.2707154154777527,0.9046756029129028
year,NLL,Cov90,0.28,0.1,0.0,0.2,0.4,0.5,1.0,0.85,1.3018505573272705,1.980907678604126,1.7674989700317383,0.4656484127044678,0.6790571212768555,0.860382080078125,0.815704345703125,0.703216552734375,0.03373715281486511,1.0210022926330566
year,NLL,Cov90,0.28,0.1,0.1,0.1,0.4,0.25,2.0,-1.0,1.3018505573272705,1.980907678604126,1.8004631996154785,0.498612642288208,0.6790571212768555,0.860382080078125,0.801116943359375,0.703216552734375,0.1906622052192688,0.6939316391944885
year,NLL,Cov90,0.28,0.1,0.0,0.2,0.4,0.5,2.0,-1.0,1.3018505573272705,1.980907678604126,1.6218607425689697,0.3200101852416992,0.6790571212768555,0.860382080078125,0.826751708984375,0.703216552734375,0.14823514223098755,0.9593750834465027
year,NLL,Cov90,0.28,0.1,0.1,0.1,0.4,0.25,2.0,0.85,1.3018505573272705,1.980907678604126,1.8150146007537842,0.5131640434265137,0.6790571212768555,0.860382080078125,0.79693603515625,0.703216552734375,0.01601056382060051,0.6965296864509583
year,NLL,Cov90,0.28,0.1,0.0,0.2,0.4,0.5,2.0,0.85,1.3018505573272705,1.980907678604126,1.7158536911010742,0.4140031337738037,0.6790571212768555,0.860382080078125,0.827178955078125,0.703216552734375,0.01923316717147827,0.8992813229560852
year,NLL,Cov90,0.28,0.1,0.1,0.1,0.4,0.5,1.0,-1.0,1.3018505573272705,1.980907678604126,1.4199464321136475,0.11809587478637695,0.6790571212768555,0.860382080078125,0.832122802734375,0.703216552734375,0.3787997364997864,0.5535192489624023
year,NLL,Cov90,0.28,0.1,0.1,0.0,0.4,0.25,1.0,-1.0,1.3018505573272705,1.980907678604126,1.737549066543579,0.4356985092163086,0.6790571212768555,0.860382080078125,0.79052734375,0.703216552734375,0.5393692255020142,0.31656453013420105
year,NLL,Cov90,0.28,0.1,0.1,0.1,0.4,0.5,1.0,0.85,1.3018505573272705,1.980907678604126,1.7425119876861572,0.4406614303588867,0.6790571212768555,0.860382080078125,0.814483642578125,0.703216552734375,0.0618027001619339,0.6560306549072266
year,NLL,Cov90,0.28,0.1,0.1,0.0,0.4,0.25,1.0,0.85,1.3018505573272705,1.980907678604126,1.8226251602172852,0.5207746028900146,0.6790571212768555,0.860382080078125,0.7900390625,0.703216552734375,0.16930849850177765,0.3283959627151489
year,NLL,Cov90,0.28,0.1,0.1,0.1,0.4,0.5,2.0,-1.0,1.3018505573272705,1.980907678604126,1.5462912321090698,0.24444067478179932,0.6790571212768555,0.860382080078125,0.819915771484375,0.703216552734375,0.22272013127803802,0.6004737615585327
year,NLL,Cov90,0.28,0.1,0.1,0.0,0.4,0.25,2.0,-1.0,1.3018505573272705,1.980907678604126,1.7369388341903687,0.43508827686309814,0.6790571212768555,0.860382080078125,0.7906494140625,0.703216552734375,0.38360369205474854,0.3160111904144287
year,NLL,Cov90,0.28,0.1,0.1,0.1,0.4,0.5,2.0,0.85,1.3018505573272705,1.980907678604126,1.6538867950439453,0.3520362377166748,0.6790571212768555,0.860382080078125,0.808258056640625,0.703216552734375,0.01936211995780468,0.6437318325042725
year,NLL,Cov90,0.28,0.1,0.1,0.0,0.4,0.25,2.0,0.85,1.3018505573272705,1.980907678604126,1.9016281366348267,0.5997775793075562,0.6790571212768555,0.860382080078125,0.788360595703125,0.703216552734375,0.06254768371582031,0.31647467613220215
year,NLL,Cov90,0.28,0.1,0.1,0.2,0.4,0.25,1.0,-1.0,1.3018505573272705,1.980907678604126,1.6438608169555664,0.3420102596282959,0.6790571212768555,0.860382080078125,0.814056396484375,0.703216552734375,0.22811594605445862,0.9404839873313904
year,NLL,Cov90,0.28,0.1,0.1,0.0,0.4,0.5,1.0,-1.0,1.3018505573272705,1.980907678604126,1.5770134925842285,0.275162935256958,0.6790571212768555,0.860382080078125,0.81317138671875,0.703216552734375,0.5719656348228455,0.27379047870635986
year,NLL,Cov90,0.28,0.1,0.1,0.2,0.4,0.25,1.0,0.85,1.3018505573272705,1.980907678604126,1.7304949760437012,0.42864441871643066,0.6790571212768555,0.860382080078125,0.81939697265625,0.703216552734375,0.020734304562211037,1.0129398107528687
year,NLL,Cov90,0.28,0.1,0.1,0.0,0.4,0.5,1.0,0.85,1.3018505573272705,1.980907678604126,1.7453618049621582,0.4435112476348877,0.6790571212768555,0.860382080078125,0.798980712890625,0.703216552734375,0.18599170446395874,0.3003571629524231
year,NLL,Cov90,0.28,0.1,0.1,0.2,0.4,0.25,2.0,-1.0,1.3018505573272705,1.980907678604126,1.79019033908844,0.48833978176116943,0.6790571212768555,0.860382080078125,0.805633544921875,0.703216552734375,0.11781884729862213,0.9877699613571167
year,NLL,Cov90,0.28,0.1,0.1,0.0,0.4,0.5,2.0,-1.0,1.3018505573272705,1.980907678604126,1.6423314809799194,0.3404809236526489,0.6790571212768555,0.860382080078125,0.8106689453125,0.703216552734375,0.41337794065475464,0.2799079418182373
year,NLL,Cov90,0.28,0.1,0.1,0.2,0.4,0.25,2.0,0.85,1.3018505573272705,1.980907678604126,1.9811179637908936,0.679267406463623,0.6790571212768555,0.860382080078125,0.799072265625,0.703216552734375,0.0067729651927948,1.0028588771820068
year,NLL,Cov90,0.28,0.1,0.1,0.0,0.4,0.5,2.0,0.85,1.3018505573272705,1.980907678604126,1.4971249103546143,0.19527435302734375,0.6790571212768555,0.860382080078125,0.832733154296875,0.703216552734375,0.08298450708389282,0.29807940125465393
year,NLL,Cov90,0.28,0.1,0.1,0.2,0.4,0.5,1.0,-1.0,1.3018505573272705,1.980907678604126,1.4282053709030151,0.12635481357574463,0.6790571212768555,0.860382080078125,0.836273193359375,0.703216552734375,0.2602464258670807,0.7979038953781128
year,NLL,Cov90,0.28,0.1,0.1,0.1,0.4,0.25,1.0,-1.0,1.3018505573272705,1.980907678604126,1.6905903816223145,0.38873982429504395,0.6790571212768555,0.860382080078125,0.8033447265625,0.703216552734375,0.33433806896209717,0.6671817898750305
year,NLL,Cov90,0.28,0.1,0.1,0.2,0.4,0.5,1.0,0.85,1.3018505573272705,1.980907678604126,1.500497817993164,0.19864726066589355,0.6790571212768555,0.860382080078125,0.8505859375,0.703216552734375,0.033689819276332855,0.8436115980148315
year,NLL,Cov90,0.28,0.1,0.1,0.1,0.4,0.25,1.0,0.85,1.3018505573272705,1.980907678604126,1.8827811479568481,0.5809305906295776,0.6790571212768555,0.860382080078125,0.789398193359375,0.703216552734375,0.05803633853793144,0.7177287340164185
year,NLL,Cov90,0.28,0.1,0.1,0.2,0.4,0.5,2.0,-1.0,1.3018505573272705,1.980907678604126,1.5582377910614014,0.25638723373413086,0.6790571212768555,0.860382080078125,0.827789306640625,0.703216552734375,0.13657498359680176,0.8613702058792114
year,NLL,Cov90,0.28,0.1,0.1,0.1,0.4,0.25,2.0,-1.0,1.3018505573272705,1.980907678604126,1.8004631996154785,0.498612642288208,0.6790571212768555,0.860382080078125,0.801116943359375,0.703216552734375,0.1906622052192688,0.6939316391944885
year,NLL,Cov90,0.28,0.1,0.1,0.2,0.4,0.5,2.0,0.85,1.3018505573272705,1.980907678604126,2.013993263244629,0.7121427059173584,0.6790571212768555,0.860382080078125,0.813385009765625,0.703216552734375,0.008758416399359703,0.8973327875137329
year,NLL,Cov90,0.28,0.1,0.1,0.1,0.4,0.25,2.0,0.85,1.3018505573272705,1.980907678604126,1.8150146007537842,0.5131640434265137,0.6790571212768555,0.860382080078125,0.79693603515625,0.703216552734375,0.01601056382060051,0.6965296864509583
year,NLL,Cov90,0.28,0.1,0.2,0.0,0.4,0.25,1.0,-1.0,1.3018505573272705,1.980907678604126,1.7398784160614014,0.43802785873413086,0.6790571212768555,0.860382080078125,0.7928466796875,0.703216552734375,0.4152572751045227,0.49888086318969727
year,NLL,Cov90,0.28,0.1,0.1,0.1,0.4,0.5,1.0,-1.0,1.3018505573272705,1.980907678604126,1.4199464321136475,0.11809587478637695,0.6790571212768555,0.860382080078125,0.832122802734375,0.703216552734375,0.3787997364997864,0.5535192489624023
year,NLL,Cov90,0.28,0.1,0.2,0.0,0.4,0.25,1.0,0.85,1.3018505573272705,1.980907678604126,1.7795504331588745,0.477699875831604,0.6790571212768555,0.860382080078125,0.793121337890625,0.703216552734375,0.08423741906881332,0.52851402759552
year,NLL,Cov90,0.28,0.1,0.1,0.1,0.4,0.5,1.0,0.85,1.3018505573272705,1.980907678604126,1.7425119876861572,0.4406614303588867,0.6790571212768555,0.860382080078125,0.814483642578125,0.703216552734375,0.0618027001619339,0.6560306549072266
year,NLL,Cov90,0.28,0.1,0.2,0.0,0.4,0.25,2.0,-1.0,1.3018505573272705,1.980907678604126,1.842185378074646,0.5403348207473755,0.6790571212768555,0.860382080078125,0.784942626953125,0.703216552734375,0.25898921489715576,0.5180599689483643
year,NLL,Cov90,0.28,0.1,0.1,0.1,0.4,0.5,2.0,-1.0,1.3018505573272705,1.980907678604126,1.5462912321090698,0.24444067478179932,0.6790571212768555,0.860382080078125,0.819915771484375,0.703216552734375,0.22272013127803802,0.6004737615585327
year,NLL,Cov90,0.28,0.1,0.2,0.0,0.4,0.25,2.0,0.85,1.3018505573272705,1.980907678604126,1.6632049083709717,0.36135435104370117,0.6790571212768555,0.860382080078125,0.8194580078125,0.703216552734375,0.04196752607822418,0.528079628944397
year,NLL,Cov90,0.28,0.1,0.1,0.1,0.4,0.5,2.0,0.85,1.3018505573272705,1.980907678604126,1.6538867950439453,0.3520362377166748,0.6790571212768555,0.860382080078125,0.808258056640625,0.703216552734375,0.01936211995780468,0.6437318325042725
year,NLL,Cov90,0.28,0.1,0.2,0.0,0.4,0.5,1.0,-1.0,1.3018505573272705,1.980907678604126,1.5170609951019287,0.2152104377746582,0.6790571212768555,0.860382080078125,0.828582763671875,0.703216552734375,0.45246821641921997,0.4254210889339447
year,NLL,Cov90,0.28,0.1,0.1,0.2,0.4,0.25,1.0,-1.0,1.3018505573272705,1.980907678604126,1.6438608169555664,0.3420102596282959,0.6790571212768555,0.860382080078125,0.814056396484375,0.703216552734375,0.22811594605445862,0.9404839873313904
year,NLL,Cov90,0.28,0.1,0.2,0.0,0.4,0.5,1.0,0.85,1.3018505573272705,1.980907678604126,1.64485502243042,0.3430044651031494,0.6790571212768555,0.860382080078125,0.81878662109375,0.703216552734375,0.10414684563875198,0.47762036323547363
year,NLL,Cov90,0.28,0.1,0.1,0.2,0.4,0.25,1.0,0.85,1.3018505573272705,1.980907678604126,1.7304949760437012,0.42864441871643066,0.6790571212768555,0.860382080078125,0.81939697265625,0.703216552734375,0.020734304562211037,1.0129398107528687
year,NLL,Cov90,0.28,0.1,0.2,0.0,0.4,0.5,2.0,-1.0,1.3018505573272705,1.980907678604126,1.5725611448287964,0.2707105875015259,0.6790571212768555,0.860382080078125,0.82049560546875,0.703216552734375,0.29252612590789795,0.4474700093269348
year,NLL,Cov90,0.28,0.1,0.1,0.2,0.4,0.25,2.0,-1.0,1.3018505573272705,1.980907678604126,1.79019033908844,0.48833978176116943,0.6790571212768555,0.860382080078125,0.805633544921875,0.703216552734375,0.11781884729862213,0.9877699613571167
year,NLL,Cov90,0.28,0.1,0.2,0.0,0.4,0.5,2.0,0.85,1.3018505573272705,1.980907678604126,1.8734915256500244,0.5716409683227539,0.6790571212768555,0.860382080078125,0.805938720703125,0.703216552734375,0.04466275870800018,0.4671315550804138
year,NLL,Cov90,0.28,0.1,0.1,0.2,0.4,0.25,2.0,0.85,1.3018505573272705,1.980907678604126,1.9811179637908936,0.679267406463623,0.6790571212768555,0.860382080078125,0.799072265625,0.703216552734375,0.0067729651927948,1.0028588771820068
year,NLL,Cov90,0.28,0.1,0.2,0.1,0.4,0.25,1.0,-1.0,1.3018505573272705,1.980907678604126,1.6478968858718872,0.3460463285446167,0.6790571212768555,0.860382080078125,0.81146240234375,0.703216552734375,0.27948522567749023,0.7888569831848145
year,NLL,Cov90,0.28,0.1,0.1,0.2,0.4,0.5,1.0,-1.0,1.3018505573272705,1.980907678604126,1.4282053709030151,0.12635481357574463,0.6790571212768555,0.860382080078125,0.836273193359375,0.703216552734375,0.2602464258670807,0.7979038953781128
year,NLL,Cov90,0.28,0.1,0.2,0.1,0.4,0.25,1.0,0.85,1.3018505573272705,1.980907678604126,1.8266277313232422,0.5247771739959717,0.6790571212768555,0.860382080078125,0.80291748046875,0.703216552734375,0.027907107025384903,0.8936284780502319
year,NLL,Cov90,0.28,0.1,0.1,0.2,0.4,0.5,1.0,0.85,1.3018505573272705,1.980907678604126,1.500497817993164,0.19864726066589355,0.6790571212768555,0.860382080078125,0.8505859375,0.703216552734375,0.033689819276332855,0.8436115980148315
year,NLL,Cov90,0.28,0.1,0.2,0.1,0.4,0.25,2.0,-1.0,1.3018505573272705,1.980907678604126,1.7164523601531982,0.41460180282592773,0.6790571212768555,0.860382080078125,0.80242919921875,0.703216552734375,0.15180069208145142,0.8150593042373657
year,NLL,Cov90,0.28,0.1,0.1,0.2,0.4,0.5,2.0,-1.0,1.3018505573272705,1.980907678604126,1.5582377910614014,0.25638723373413086,0.6790571212768555,0.860382080078125,0.827789306640625,0.703216552734375,0.13657498359680176,0.8613702058792114
year,NLL,Cov90,0.28,0.1,0.2,0.1,0.4,0.25,2.0,0.85,1.3018505573272705,1.980907678604126,2.0402703285217285,0.738419771194458,0.6790571212768555,0.860382080078125,0.80145263671875,0.703216552734375,0.010487833060324192,0.8792866468429565
year,NLL,Cov90,0.28,0.1,0.1,0.2,0.4,0.5,2.0,0.85,1.3018505573272705,1.980907678604126,2.013993263244629,0.7121427059173584,0.6790571212768555,0.860382080078125,0.813385009765625,0.703216552734375,0.008758416399359703,0.8973327875137329
year,NLL,Cov90,0.28,0.1,0.2,0.1,0.4,0.5,1.0,-1.0,1.3018505573272705,1.980907678604126,1.4503682851791382,0.14851772785186768,0.6790571212768555,0.860382080078125,0.8345947265625,0.703216552734375,0.32094717025756836,0.6626580953598022
year,NLL,Cov90,0.28,0.1,0.2,0.0,0.4,0.25,1.0,-1.0,1.3018505573272705,1.980907678604126,1.7398784160614014,0.43802785873413086,0.6790571212768555,0.860382080078125,0.7928466796875,0.703216552734375,0.4152572751045227,0.49888086318969727
year,NLL,Cov90,0.28,0.1,0.2,0.1,0.4,0.5,1.0,0.85,1.3018505573272705,1.980907678604126,1.7364490032196045,0.434598445892334,0.6790571212768555,0.860382080078125,0.818756103515625,0.703216552734375,0.033140622079372406,0.8163396120071411
year,NLL,Cov90,0.28,0.1,0.2,0.0,0.4,0.25,1.0,0.85,1.3018505573272705,1.980907678604126,1.7795504331588745,0.477699875831604,0.6790571212768555,0.860382080078125,0.793121337890625,0.703216552734375,0.08423741906881332,0.52851402759552
year,NLL,Cov90,0.28,0.1,0.2,0.1,0.4,0.5,2.0,-1.0,1.3018505573272705,1.980907678604126,1.5649089813232422,0.2630584239959717,0.6790571212768555,0.860382080078125,0.82269287109375,0.703216552734375,0.17720533907413483,0.7127488255500793
year,NLL,Cov90,0.28,0.1,0.2,0.0,0.4,0.25,2.0,-1.0,1.3018505573272705,1.980907678604126,1.842185378074646,0.5403348207473755,0.6790571212768555,0.860382080078125,0.784942626953125,0.703216552734375,0.25898921489715576,0.5180599689483643
year,NLL,Cov90,0.28,0.1,0.2,0.1,0.4,0.5,2.0,0.85,1.3018505573272705,1.980907678604126,1.8184090852737427,0.5165585279464722,0.6790571212768555,0.860382080078125,0.822540283203125,0.703216552734375,0.012438254430890083,0.7962390184402466
year,NLL,Cov90,0.28,0.1,0.2,0.0,0.4,0.25,2.0,0.85,1.3018505573272705,1.980907678604126,1.6632049083709717,0.36135435104370117,0.6790571212768555,0.860382080078125,0.8194580078125,0.703216552734375,0.04196752607822418,0.528079628944397
year,NLL,Cov90,0.28,0.1,0.2,0.2,0.4,0.25,1.0,-1.0,1.3018505573272705,1.980907678604126,1.5720274448394775,0.27017688751220703,0.6790571212768555,0.860382080078125,0.82330322265625,0.703216552734375,0.21240577101707458,0.9715585708618164
year,NLL,Cov90,0.28,0.1,0.2,0.0,0.4,0.5,1.0,-1.0,1.3018505573272705,1.980907678604126,1.5170609951019287,0.2152104377746582,0.6790571212768555,0.860382080078125,0.828582763671875,0.703216552734375,0.45246821641921997,0.4254210889339447
year,NLL,Cov90,0.28,0.1,0.2,0.2,0.4,0.25,1.0,0.85,1.3018505573272705,1.980907678604126,1.9128832817077637,0.6110327243804932,0.6790571212768555,0.860382080078125,0.79718017578125,0.703216552734375,0.015621593222022057,1.0868268013000488
year,NLL,Cov90,0.28,0.1,0.2,0.0,0.4,0.5,1.0,0.85,1.3018505573272705,1.980907678604126,1.64485502243042,0.3430044651031494,0.6790571212768555,0.860382080078125,0.81878662109375,0.703216552734375,0.10414684563875198,0.47762036323547363
year,NLL,Cov90,0.28,0.1,0.2,0.2,0.4,0.25,2.0,-1.0,1.3018505573272705,1.980907678604126,1.8223865032196045,0.520535945892334,0.6790571212768555,0.860382080078125,0.79449462890625,0.703216552734375,0.10028933733701706,1.061313271522522
year,NLL,Cov90,0.28,0.1,0.2,0.0,0.4,0.5,2.0,-1.0,1.3018505573272705,1.980907678604126,1.5725611448287964,0.2707105875015259,0.6790571212768555,0.860382080078125,0.82049560546875,0.703216552734375,0.29252612590789795,0.4474700093269348
year,NLL,Cov90,0.28,0.1,0.2,0.2,0.4,0.25,2.0,0.85,1.3018505573272705,1.980907678604126,2.013071298599243,0.7112207412719727,0.6790571212768555,0.860382080078125,0.797943115234375,0.703216552734375,0.0017380599165335298,1.1146025657653809
year,NLL,Cov90,0.28,0.1,0.2,0.0,0.4,0.5,2.0,0.85,1.3018505573272705,1.980907678604126,1.8734915256500244,0.5716409683227539,0.6790571212768555,0.860382080078125,0.805938720703125,0.703216552734375,0.04466275870800018,0.4671315550804138
year,NLL,Cov90,0.28,0.1,0.2,0.2,0.4,0.5,1.0,-1.0,1.3018505573272705,1.980907678604126,1.4189233779907227,0.11707282066345215,0.6790571212768555,0.860382080078125,0.840850830078125,0.703216552734375,0.24234692752361298,0.8481469750404358
year,NLL,Cov90,0.28,0.1,0.2,0.1,0.4,0.25,1.0,-1.0,1.3018505573272705,1.980907678604126,1.6478968858718872,0.3460463285446167,0.6790571212768555,0.860382080078125,0.81146240234375,0.703216552734375,0.27948522567749023,0.7888569831848145
year,NLL,Cov90,0.28,0.1,0.2,0.2,0.4,0.5,1.0,0.85,1.3018505573272705,1.980907678604126,1.740675926208496,0.4388253688812256,0.6790571212768555,0.860382080078125,0.831634521484375,0.703216552734375,0.016097955405712128,1.0143636465072632
year,NLL,Cov90,0.28,0.1,0.2,0.1,0.4,0.25,1.0,0.85,1.3018505573272705,1.980907678604126,1.8266277313232422,0.5247771739959717,0.6790571212768555,0.860382080078125,0.80291748046875,0.703216552734375,0.027907107025384903,0.8936284780502319
year,NLL,Cov90,0.28,0.1,0.2,0.2,0.4,0.5,2.0,-1.0,1.3018505573272705,1.980907678604126,1.4941096305847168,0.1922590732574463,0.6790571212768555,0.860382080078125,0.829620361328125,0.703216552734375,0.12373216450214386,0.9159229397773743
year,NLL,Cov90,0.28,0.1,0.2,0.1,0.4,0.25,2.0,-1.0,1.3018505573272705,1.980907678604126,1.7164523601531982,0.41460180282592773,0.6790571212768555,0.860382080078125,0.80242919921875,0.703216552734375,0.15180069208145142,0.8150593042373657
year,NLL,Cov90,0.28,0.1,0.2,0.2,0.4,0.5,2.0,0.85,1.3018505573272705,1.980907678604126,1.8065299987792969,0.5046794414520264,0.6790571212768555,0.860382080078125,0.825714111328125,0.703216552734375,0.003505636705085635,1.0060186386108398
year,NLL,Cov90,0.28,0.1,0.2,0.1,0.4,0.25,2.0,0.85,1.3018505573272705,1.980907678604126,2.0402703285217285,0.738419771194458,0.6790571212768555,0.860382080078125,0.80145263671875,0.703216552734375,0.010487833060324192,0.8792866468429565
year,NLL,Cov90,0.28,0.1,0.2,0.1,0.4,0.5,1.0,-1.0,1.3018505573272705,1.980907678604126,1.4503682851791382,0.14851772785186768,0.6790571212768555,0.860382080078125,0.8345947265625,0.703216552734375,0.32094717025756836,0.6626580953598022
year,NLL,Cov90,0.28,0.1,0.2,0.1,0.4,0.5,1.0,0.85,1.3018505573272705,1.980907678604126,1.7364490032196045,0.434598445892334,0.6790571212768555,0.860382080078125,0.818756103515625,0.703216552734375,0.033140622079372406,0.8163396120071411
year,NLL,Cov90,0.28,0.1,0.2,0.1,0.4,0.5,2.0,-1.0,1.3018505573272705,1.980907678604126,1.5649089813232422,0.2630584239959717,0.6790571212768555,0.860382080078125,0.82269287109375,0.703216552734375,0.17720533907413483,0.7127488255500793
year,NLL,Cov90,0.28,0.1,0.2,0.1,0.4,0.5,2.0,0.85,1.3018505573272705,1.980907678604126,1.8184090852737427,0.5165585279464722,0.6790571212768555,0.860382080078125,0.822540283203125,0.703216552734375,0.012438254430890083,0.7962390184402466
year,NLL,Cov90,0.28,0.1,0.2,0.2,0.4,0.25,1.0,-1.0,1.3018505573272705,1.980907678604126,1.5720274448394775,0.27017688751220703,0.6790571212768555,0.860382080078125,0.82330322265625,0.703216552734375,0.21240577101707458,0.9715585708618164
year,NLL,Cov90,0.28,0.1,0.2,0.2,0.4,0.25,1.0,0.85,1.3018505573272705,1.980907678604126,1.9128832817077637,0.6110327243804932,0.6790571212768555,0.860382080078125,0.79718017578125,0.703216552734375,0.015621593222022057,1.0868268013000488
year,NLL,Cov90,0.28,0.1,0.2,0.2,0.4,0.25,2.0,-1.0,1.3018505573272705,1.980907678604126,1.8223865032196045,0.520535945892334,0.6790571212768555,0.860382080078125,0.79449462890625,0.703216552734375,0.10028933733701706,1.061313271522522
year,NLL,Cov90,0.28,0.1,0.2,0.2,0.4,0.25,2.0,0.85,1.3018505573272705,1.980907678604126,2.013071298599243,0.7112207412719727,0.6790571212768555,0.860382080078125,0.797943115234375,0.703216552734375,0.0017380599165335298,1.1146025657653809
higgs_public,NLL_OOD,Cov90_OOD,0.12,0.02,0.0,0.0,0.4,0.25,1.0,-1.0,3.2778522968292236,254.64334106445312,4.246614456176758,0.9687621593475342,251.3654887676239,0.6563720703125,0.63671875,0.2200927734375,0.9865692853927612,0.0016555041074752808
year,NLL,Cov90,0.28,0.1,0.2,0.2,0.4,0.5,1.0,-1.0,1.3018505573272705,1.980907678604126,1.4189233779907227,0.11707282066345215,0.6790571212768555,0.860382080078125,0.840850830078125,0.703216552734375,0.24234692752361298,0.8481469750404358
higgs_public,NLL_OOD,Cov90_OOD,0.12,0.02,0.0,0.0,0.4,0.25,1.0,0.85,3.2778522968292236,254.64334106445312,4.246614456176758,0.9687621593475342,251.3654887676239,0.6563720703125,0.63671875,0.2200927734375,0.9838894605636597,0.0016555041074752808
higgs_public,NLL_OOD,Cov90_OOD,0.12,0.02,0.0,0.0,0.4,0.25,2.0,-1.0,3.2778522968292236,254.64334106445312,4.332590103149414,1.0547378063201904,251.3654887676239,0.6563720703125,0.634765625,0.2200927734375,0.9738167524337769,0.0016555041074752808
year,NLL,Cov90,0.28,0.1,0.2,0.2,0.4,0.5,1.0,0.85,1.3018505573272705,1.980907678604126,1.740675926208496,0.4388253688812256,0.6790571212768555,0.860382080078125,0.831634521484375,0.703216552734375,0.016097955405712128,1.0143636465072632
higgs_public,NLL_OOD,Cov90_OOD,0.12,0.02,0.0,0.0,0.4,0.25,2.0,0.85,3.2778522968292236,254.64334106445312,4.312872886657715,1.0350205898284912,251.3654887676239,0.6563720703125,0.634033203125,0.2200927734375,0.9550930857658386,0.0016555041074752808
year,NLL,Cov90,0.28,0.1,0.2,0.2,0.4,0.5,2.0,-1.0,1.3018505573272705,1.980907678604126,1.4941096305847168,0.1922590732574463,0.6790571212768555,0.860382080078125,0.829620361328125,0.703216552734375,0.12373216450214386,0.9159229397773743
higgs_public,NLL_OOD,Cov90_OOD,0.12,0.02,0.0,0.0,0.4,0.5,1.0,-1.0,3.2778522968292236,254.64334106445312,4.026218414306641,0.748366117477417,251.3654887676239,0.6563720703125,0.64306640625,0.2200927734375,0.9865692853927612,0.0016555041074752808
year,NLL,Cov90,0.28,0.1,0.2,0.2,0.4,0.5,2.0,0.85,1.3018505573272705,1.980907678604126,1.8065299987792969,0.5046794414520264,0.6790571212768555,0.860382080078125,0.825714111328125,0.703216552734375,0.003505636705085635,1.0060186386108398
higgs_public,NLL_OOD,Cov90_OOD,0.12,0.02,0.0,0.0,0.4,0.5,1.0,0.85,3.2778522968292236,254.64334106445312,4.026218414306641,0.748366117477417,251.3654887676239,0.6563720703125,0.64306640625,0.2200927734375,0.9838894605636597,0.0016555041074752808
higgs_public,NLL_OOD,Cov90_OOD,0.12,0.02,0.0,0.0,0.4,0.5,2.0,-1.0,3.2778522968292236,254.64334106445312,4.083593368530273,0.8057410717010498,251.3654887676239,0.6563720703125,0.642822265625,0.2200927734375,0.9738167524337769,0.0016555041074752808
higgs_public,NLL_OOD,Cov90_OOD,0.12,0.02,0.0,0.0,0.4,0.5,2.0,0.85,3.2778522968292236,254.64334106445312,4.072922229766846,0.7950699329376221,251.3654887676239,0.6563720703125,0.6424560546875,0.2200927734375,0.9550930857658386,0.0016555041074752808
higgs_public,NLL_OOD,Cov90_OOD,0.12,0.02,0.0,0.1,0.4,0.25,1.0,-1.0,3.2778522968292236,254.64334106445312,4.23735237121582,0.9595000743865967,251.3654887676239,0.6563720703125,0.6295166015625,0.2200927734375,0.4555148482322693,0.35957926511764526
higgs_public,NLL_OOD,Cov90_OOD,0.12,0.02,0.0,0.1,0.4,0.25,1.0,0.85,3.2778522968292236,254.64334106445312,4.554145812988281,1.2762935161590576,251.3654887676239,0.6563720703125,0.6243896484375,0.2200927734375,0.20733878016471863,0.35957926511764526
higgs_public,NLL_OOD,Cov90_OOD,0.12,0.02,0.0,0.1,0.4,0.25,2.0,-1.0,3.2778522968292236,254.64334106445312,4.372052192687988,1.0941998958587646,251.3654887676239,0.6563720703125,0.6280517578125,0.2200927734375,0.34137022495269775,0.35957926511764526
higgs_public,NLL_OOD,Cov90_OOD,0.12,0.02,0.0,0.1,0.4,0.25,2.0,0.85,3.2778522968292236,254.64334106445312,4.527363300323486,1.2495110034942627,251.3654887676239,0.6563720703125,0.6312255859375,0.2200927734375,0.12964023649692535,0.35957926511764526
higgs_public,NLL_OOD,Cov90_OOD,0.12,0.02,0.0,0.1,0.4,0.5,1.0,-1.0,3.2778522968292236,254.64334106445312,3.9442532062530518,0.6664009094238281,251.3654887676239,0.6563720703125,0.633056640625,0.2200927734375,0.4555148482322693,0.35957926511764526
higgs_public,NLL_OOD,Cov90_OOD,0.12,0.02,0.0,0.1,0.4,0.5,1.0,0.85,3.2778522968292236,254.64334106445312,4.185586452484131,0.9077341556549072,251.3654887676239,0.6563720703125,0.62890625,0.2200927734375,0.20733878016471863,0.35957926511764526
higgs_public,NLL_OOD,Cov90_OOD,0.12,0.02,0.0,0.0,0.4,0.25,1.0,-1.0,3.2778522968292236,254.64334106445312,4.246614456176758,0.9687621593475342,251.3654887676239,0.6563720703125,0.63671875,0.2200927734375,0.9865692853927612,0.0016555041074752808
higgs_public,NLL_OOD,Cov90_OOD,0.12,0.02,0.0,0.0,0.4,0.25,1.0,0.85,3.2778522968292236,254.64334106445312,4.246614456176758,0.9687621593475342,251.3654887676239,0.6563720703125,0.63671875,0.2200927734375,0.9838894605636597,0.0016555041074752808
higgs_public,NLL_OOD,Cov90_OOD,0.12,0.02,0.0,0.1,0.4,0.5,2.0,-1.0,3.2778522968292236,254.64334106445312,3.988276958465576,0.7104246616363525,251.3654887676239,0.6563720703125,0.6307373046875,0.2200927734375,0.34137022495269775,0.35957926511764526
higgs_public,NLL_OOD,Cov90_OOD,0.12,0.02,0.0,0.0,0.4,0.25,2.0,-1.0,3.2778522968292236,254.64334106445312,4.332590103149414,1.0547378063201904,251.3654887676239,0.6563720703125,0.634765625,0.2200927734375,0.9738167524337769,0.0016555041074752808
higgs_public,NLL_OOD,Cov90_OOD,0.12,0.02,0.0,0.1,0.4,0.5,2.0,0.85,3.2778522968292236,254.64334106445312,4.227367401123047,0.9495151042938232,251.3654887676239,0.6563720703125,0.6339111328125,0.2200927734375,0.12964023649692535,0.35957926511764526
higgs_public,NLL_OOD,Cov90_OOD,0.12,0.02,0.0,0.0,0.4,0.25,2.0,0.85,3.2778522968292236,254.64334106445312,4.312872886657715,1.0350205898284912,251.3654887676239,0.6563720703125,0.634033203125,0.2200927734375,0.9550930857658386,0.0016555041074752808
higgs_public,NLL_OOD,Cov90_OOD,0.12,0.02,0.0,0.2,0.4,0.25,1.0,-1.0,3.2778522968292236,254.64334106445312,4.0732622146606445,0.7954099178314209,251.3654887676239,0.6563720703125,0.6199951171875,0.2200927734375,0.2803630828857422,0.7027351260185242
higgs_public,NLL_OOD,Cov90_OOD,0.12,0.02,0.0,0.0,0.4,0.5,1.0,-1.0,3.2778522968292236,254.64334106445312,4.026218414306641,0.748366117477417,251.3654887676239,0.6563720703125,0.64306640625,0.2200927734375,0.9865692853927612,0.0016555041074752808
higgs_public,NLL_OOD,Cov90_OOD,0.12,0.02,0.0,0.2,0.4,0.25,1.0,0.85,3.2778522968292236,254.64334106445312,4.6579365730285645,1.3800842761993408,251.3654887676239,0.6563720703125,0.62353515625,0.2200927734375,0.08425630629062653,0.7027351260185242
higgs_public,NLL_OOD,Cov90_OOD,0.12,0.02,0.0,0.0,0.4,0.5,1.0,0.85,3.2778522968292236,254.64334106445312,4.026218414306641,0.748366117477417,251.3654887676239,0.6563720703125,0.64306640625,0.2200927734375,0.9838894605636597,0.0016555041074752808
higgs_public,NLL_OOD,Cov90_OOD,0.12,0.02,0.0,0.2,0.4,0.25,2.0,-1.0,3.2778522968292236,254.64334106445312,4.26261568069458,0.9847633838653564,251.3654887676239,0.6563720703125,0.6177978515625,0.2200927734375,0.18623894453048706,0.7027351260185242
higgs_public,NLL_OOD,Cov90_OOD,0.12,0.02,0.0,0.0,0.4,0.5,2.0,-1.0,3.2778522968292236,254.64334106445312,4.083593368530273,0.8057410717010498,251.3654887676239,0.6563720703125,0.642822265625,0.2200927734375,0.9738167524337769,0.0016555041074752808
higgs_public,NLL_OOD,Cov90_OOD,0.12,0.02,0.0,0.2,0.4,0.25,2.0,0.85,3.2778522968292236,254.64334106445312,4.4645609855651855,1.186708688735962,251.3654887676239,0.6563720703125,0.6312255859375,0.2200927734375,0.042785052210092545,0.7027351260185242
higgs_public,NLL_OOD,Cov90_OOD,0.12,0.02,0.0,0.0,0.4,0.5,2.0,0.85,3.2778522968292236,254.64334106445312,4.072922229766846,0.7950699329376221,251.3654887676239,0.6563720703125,0.6424560546875,0.2200927734375,0.9550930857658386,0.0016555041074752808
higgs_public,NLL_OOD,Cov90_OOD,0.12,0.02,0.0,0.2,0.4,0.5,1.0,-1.0,3.2778522968292236,254.64334106445312,3.718634843826294,0.4407825469970703,251.3654887676239,0.6563720703125,0.625,0.2200927734375,0.2803630828857422,0.7027351260185242
higgs_public,NLL_OOD,Cov90_OOD,0.12,0.02,0.0,0.1,0.4,0.25,1.0,-1.0,3.2778522968292236,254.64334106445312,4.23735237121582,0.9595000743865967,251.3654887676239,0.6563720703125,0.6295166015625,0.2200927734375,0.4555148482322693,0.35957926511764526
higgs_public,NLL_OOD,Cov90_OOD,0.12,0.02,0.0,0.2,0.4,0.5,1.0,0.85,3.2778522968292236,254.64334106445312,4.25498104095459,0.9771287441253662,251.3654887676239,0.6563720703125,0.625732421875,0.2200927734375,0.08425630629062653,0.7027351260185242
higgs_public,NLL_OOD,Cov90_OOD,0.12,0.02,0.0,0.1,0.4,0.25,1.0,0.85,3.2778522968292236,254.64334106445312,4.554145812988281,1.2762935161590576,251.3654887676239,0.6563720703125,0.6243896484375,0.2200927734375,0.20733878016471863,0.35957926511764526
higgs_public,NLL_OOD,Cov90_OOD,0.12,0.02,0.0,0.2,0.4,0.5,2.0,-1.0,3.2778522968292236,254.64334106445312,3.8610620498657227,0.583209753036499,251.3654887676239,0.6563720703125,0.621826171875,0.2200927734375,0.18623894453048706,0.7027351260185242
higgs_public,NLL_OOD,Cov90_OOD,0.12,0.02,0.0,0.1,0.4,0.25,2.0,-1.0,3.2778522968292236,254.64334106445312,4.372052192687988,1.0941998958587646,251.3654887676239,0.6563720703125,0.6280517578125,0.2200927734375,0.34137022495269775,0.35957926511764526
higgs_public,NLL_OOD,Cov90_OOD,0.12,0.02,0.0,0.2,0.4,0.5,2.0,0.85,3.2778522968292236,254.64334106445312,4.1990227699279785,0.9211704730987549,251.3654887676239,0.6563720703125,0.63134765625,0.2200927734375,0.042785052210092545,0.7027351260185242
higgs_public,NLL_OOD,Cov90_OOD,0.12,0.02,0.0,0.1,0.4,0.25,2.0,0.85,3.2778522968292236,254.64334106445312,4.527363300323486,1.2495110034942627,251.3654887676239,0.6563720703125,0.6312255859375,0.2200927734375,0.12964023649692535,0.35957926511764526
higgs_public,NLL_OOD,Cov90_OOD,0.12,0.02,0.1,0.0,0.4,0.25,1.0,-1.0,3.2778522968292236,254.64334106445312,4.491994380950928,1.214142084121704,251.3654887676239,0.6563720703125,0.629638671875,0.2200927734375,0.6064658164978027,0.16049998998641968
higgs_public,NLL_OOD,Cov90_OOD,0.12,0.02,0.0,0.1,0.4,0.5,1.0,-1.0,3.2778522968292236,254.64334106445312,3.9442532062530518,0.6664009094238281,251.3654887676239,0.6563720703125,0.633056640625,0.2200927734375,0.4555148482322693,0.35957926511764526
higgs_public,NLL_OOD,Cov90_OOD,0.12,0.02,0.1,0.0,0.4,0.25,1.0,0.85,3.2778522968292236,254.64334106445312,4.575736999511719,1.2978847026824951,251.3654887676239,0.6563720703125,0.6209716796875,0.2200927734375,0.30458301305770874,0.16049998998641968
higgs_public,NLL_OOD,Cov90_OOD,0.12,0.02,0.0,0.1,0.4,0.5,1.0,0.85,3.2778522968292236,254.64334106445312,4.185586452484131,0.9077341556549072,251.3654887676239,0.6563720703125,0.62890625,0.2200927734375,0.20733878016471863,0.35957926511764526
higgs_public,NLL_OOD,Cov90_OOD,0.12,0.02,0.1,0.0,0.4,0.25,2.0,-1.0,3.2778522968292236,254.64334106445312,4.515946865081787,1.2380945682525635,251.3654887676239,0.6563720703125,0.6220703125,0.2200927734375,0.47704076766967773,0.16049998998641968
higgs_public,NLL_OOD,Cov90_OOD,0.12,0.02,0.0,0.1,0.4,0.5,2.0,-1.0,3.2778522968292236,254.64334106445312,3.988276958465576,0.7104246616363525,251.3654887676239,0.6563720703125,0.6307373046875,0.2200927734375,0.34137022495269775,0.35957926511764526
higgs_public,NLL_OOD,Cov90_OOD,0.12,0.02,0.1,0.0,0.4,0.25,2.0,0.85,3.2778522968292236,254.64334106445312,4.55819034576416,1.2803380489349365,251.3654887676239,0.6563720703125,0.62646484375,0.2200927734375,0.17867088317871094,0.16049998998641968
higgs_public,NLL_OOD,Cov90_OOD,0.12,0.02,0.0,0.1,0.4,0.5,2.0,0.85,3.2778522968292236,254.64334106445312,4.227367401123047,0.9495151042938232,251.3654887676239,0.6563720703125,0.6339111328125,0.2200927734375,0.12964023649692535,0.35957926511764526
higgs_public,NLL_OOD,Cov90_OOD,0.12,0.02,0.1,0.0,0.4,0.5,1.0,-1.0,3.2778522968292236,254.64334106445312,3.9790000915527344,0.7011477947235107,251.3654887676239,0.6563720703125,0.6300048828125,0.2200927734375,0.6064658164978027,0.16049998998641968
higgs_public,NLL_OOD,Cov90_OOD,0.12,0.02,0.0,0.2,0.4,0.25,1.0,-1.0,3.2778522968292236,254.64334106445312,4.0732622146606445,0.7954099178314209,251.3654887676239,0.6563720703125,0.6199951171875,0.2200927734375,0.2803630828857422,0.7027351260185242
higgs_public,NLL_OOD,Cov90_OOD,0.12,0.02,0.1,0.0,0.4,0.5,1.0,0.85,3.2778522968292236,254.64334106445312,4.180952548980713,0.9031002521514893,251.3654887676239,0.6563720703125,0.6292724609375,0.2200927734375,0.30458301305770874,0.16049998998641968
higgs_public,NLL_OOD,Cov90_OOD,0.12,0.02,0.0,0.2,0.4,0.25,1.0,0.85,3.2778522968292236,254.64334106445312,4.6579365730285645,1.3800842761993408,251.3654887676239,0.6563720703125,0.62353515625,0.2200927734375,0.08425630629062653,0.7027351260185242
higgs_public,NLL_OOD,Cov90_OOD,0.12,0.02,0.1,0.0,0.4,0.5,2.0,-1.0,3.2778522968292236,254.64334106445312,4.085330963134766,0.807478666305542,251.3654887676239,0.6563720703125,0.6285400390625,0.2200927734375,0.47704076766967773,0.16049998998641968
higgs_public,NLL_OOD,Cov90_OOD,0.12,0.02,0.0,0.2,0.4,0.25,2.0,-1.0,3.2778522968292236,254.64334106445312,4.26261568069458,0.9847633838653564,251.3654887676239,0.6563720703125,0.6177978515625,0.2200927734375,0.18623894453048706,0.7027351260185242
higgs_public,NLL_OOD,Cov90_OOD,0.12,0.02,0.1,0.0,0.4,0.5,2.0,0.85,3.2778522968292236,254.64334106445312,4.183862686157227,0.9060103893280029,251.3654887676239,0.6563720703125,0.6297607421875,0.2200927734375,0.17867088317871094,0.16049998998641968
higgs_public,NLL_OOD,Cov90_OOD,0.12,0.02,0.0,0.2,0.4,0.25,2.0,0.85,3.2778522968292236,254.64334106445312,4.4645609855651855,1.186708688735962,251.3654887676239,0.6563720703125,0.6312255859375,0.2200927734375,0.042785052210092545,0.7027351260185242
higgs_public,NLL_OOD,Cov90_OOD,0.12,0.02,0.1,0.1,0.4,0.25,1.0,-1.0,3.2778522968292236,254.64334106445312,3.983013868331909,0.7051615715026855,251.3654887676239,0.6563720703125,0.6202392578125,0.2200927734375,0.37608790397644043,0.4299253225326538
higgs_public,NLL_OOD,Cov90_OOD,0.12,0.02,0.0,0.2,0.4,0.5,1.0,-1.0,3.2778522968292236,254.64334106445312,3.718634843826294,0.4407825469970703,251.3654887676239,0.6563720703125,0.625,0.2200927734375,0.2803630828857422,0.7027351260185242
higgs_public,NLL_OOD,Cov90_OOD,0.12,0.02,0.1,0.1,0.4,0.25,1.0,0.85,3.2778522968292236,254.64334106445312,4.2628865242004395,0.9850342273712158,251.3654887676239,0.6563720703125,0.6143798828125,0.2200927734375,0.1158561110496521,0.4299253225326538
higgs_public,NLL_OOD,Cov90_OOD,0.12,0.02,0.0,0.2,0.4,0.5,1.0,0.85,3.2778522968292236,254.64334106445312,4.25498104095459,0.9771287441253662,251.3654887676239,0.6563720703125,0.625732421875,0.2200927734375,0.08425630629062653,0.7027351260185242
higgs_public,NLL_OOD,Cov90_OOD,0.12,0.02,0.1,0.1,0.4,0.25,2.0,-1.0,3.2778522968292236,254.64334106445312,4.100943565368652,0.8230912685394287,251.3654887676239,0.6563720703125,0.61474609375,0.2200927734375,0.25725269317626953,0.4299253225326538
higgs_public,NLL_OOD,Cov90_OOD,0.12,0.02,0.0,0.2,0.4,0.5,2.0,-1.0,3.2778522968292236,254.64334106445312,3.8610620498657227,0.583209753036499,251.3654887676239,0.6563720703125,0.621826171875,0.2200927734375,0.18623894453048706,0.7027351260185242
higgs_public,NLL_OOD,Cov90_OOD,0.12,0.02,0.1,0.1,0.4,0.25,2.0,0.85,3.2778522968292236,254.64334106445312,4.284389495849609,1.0065371990203857,251.3654887676239,0.6563720703125,0.6102294921875,0.2200927734375,0.05565188452601433,0.4299253225326538
higgs_public,NLL_OOD,Cov90_OOD,0.12,0.02,0.0,0.2,0.4,0.5,2.0,0.85,3.2778522968292236,254.64334106445312,4.1990227699279785,0.9211704730987549,251.3654887676239,0.6563720703125,0.63134765625,0.2200927734375,0.042785052210092545,0.7027351260185242
higgs_public,NLL_OOD,Cov90_OOD,0.12,0.02,0.1,0.1,0.4,0.5,1.0,-1.0,3.2778522968292236,254.64334106445312,3.6713356971740723,0.39348340034484863,251.3654887676239,0.6563720703125,0.62353515625,0.2200927734375,0.37608790397644043,0.4299253225326538
higgs_public,NLL_OOD,Cov90_OOD,0.12,0.02,0.1,0.0,0.4,0.25,1.0,-1.0,3.2778522968292236,254.64334106445312,4.491994380950928,1.214142084121704,251.3654887676239,0.6563720703125,0.629638671875,0.2200927734375,0.6064658164978027,0.16049998998641968
higgs_public,NLL_OOD,Cov90_OOD,0.12,0.02,0.1,0.1,0.4,0.5,1.0,0.85,3.2778522968292236,254.64334106445312,3.9865527153015137,0.70870041847229,251.3654887676239,0.6563720703125,0.6256103515625,0.2200927734375,0.1158561110496521,0.4299253225326538
higgs_public,NLL_OOD,Cov90_OOD,0.12,0.02,0.1,0.0,0.4,0.25,1.0,0.85,3.2778522968292236,254.64334106445312,4.575736999511719,1.2978847026824951,251.3654887676239,0.6563720703125,0.6209716796875,0.2200927734375,0.30458301305770874,0.16049998998641968
higgs_public,NLL_OOD,Cov90_OOD,0.12,0.02,0.1,0.1,0.4,0.5,2.0,-1.0,3.2778522968292236,254.64334106445312,3.788970708847046,0.5111184120178223,251.3654887676239,0.6563720703125,0.6224365234375,0.2200927734375,0.25725269317626953,0.4299253225326538
higgs_public,NLL_OOD,Cov90_OOD,0.12,0.02,0.1,0.0,0.4,0.25,2.0,-1.0,3.2778522968292236,254.64334106445312,4.515946865081787,1.2380945682525635,251.3654887676239,0.6563720703125,0.6220703125,0.2200927734375,0.47704076766967773,0.16049998998641968
higgs_public,NLL_OOD,Cov90_OOD,0.12,0.02,0.1,0.1,0.4,0.5,2.0,0.85,3.2778522968292236,254.64334106445312,3.9583044052124023,0.6804521083831787,251.3654887676239,0.6563720703125,0.6290283203125,0.2200927734375,0.05565188452601433,0.4299253225326538
higgs_public,NLL_OOD,Cov90_OOD,0.12,0.02,0.1,0.0,0.4,0.25,2.0,0.85,3.2778522968292236,254.64334106445312,4.55819034576416,1.2803380489349365,251.3654887676239,0.6563720703125,0.62646484375,0.2200927734375,0.17867088317871094,0.16049998998641968
higgs_public,NLL_OOD,Cov90_OOD,0.12,0.02,0.1,0.2,0.4,0.25,1.0,-1.0,3.2778522968292236,254.64334106445312,3.961038827896118,0.6831865310668945,251.3654887676239,0.6563720703125,0.6060791015625,0.2200927734375,0.26239943504333496,0.6835980415344238
higgs_public,NLL_OOD,Cov90_OOD,0.12,0.02,0.1,0.0,0.4,0.5,1.0,-1.0,3.2778522968292236,254.64334106445312,3.9790000915527344,0.7011477947235107,251.3654887676239,0.6563720703125,0.6300048828125,0.2200927734375,0.6064658164978027,0.16049998998641968
higgs_public,NLL_OOD,Cov90_OOD,0.12,0.02,0.1,0.2,0.4,0.25,1.0,0.85,3.2778522968292236,254.64334106445312,4.250950813293457,0.9730985164642334,251.3654887676239,0.6563720703125,0.6207275390625,0.2200927734375,0.05620612949132919,0.6835980415344238
higgs_public,NLL_OOD,Cov90_OOD,0.12,0.02,0.1,0.0,0.4,0.5,1.0,0.85,3.2778522968292236,254.64334106445312,4.180952548980713,0.9031002521514893,251.3654887676239,0.6563720703125,0.6292724609375,0.2200927734375,0.30458301305770874,0.16049998998641968
higgs_public,NLL_OOD,Cov90_OOD,0.12,0.02,0.1,0.2,0.4,0.25,2.0,-1.0,3.2778522968292236,254.64334106445312,4.1440205574035645,0.8661682605743408,251.3654887676239,0.6563720703125,0.604736328125,0.2200927734375,0.16356752812862396,0.6835980415344238
higgs_public,NLL_OOD,Cov90_OOD,0.12,0.02,0.1,0.0,0.4,0.5,2.0,-1.0,3.2778522968292236,254.64334106445312,4.085330963134766,0.807478666305542,251.3654887676239,0.6563720703125,0.6285400390625,0.2200927734375,0.47704076766967773,0.16049998998641968
higgs_public,NLL_OOD,Cov90_OOD,0.12,0.02,0.1,0.2,0.4,0.25,2.0,0.85,3.2778522968292236,254.64334106445312,4.177896499633789,0.9000442028045654,251.3654887676239,0.6563720703125,0.6353759765625,0.2200927734375,0.023909350857138634,0.6835980415344238
higgs_public,NLL_OOD,Cov90_OOD,0.12,0.02,0.1,0.0,0.4,0.5,2.0,0.85,3.2778522968292236,254.64334106445312,4.183862686157227,0.9060103893280029,251.3654887676239,0.6563720703125,0.6297607421875,0.2200927734375,0.17867088317871094,0.16049998998641968
higgs_public,NLL_OOD,Cov90_OOD,0.12,0.02,0.1,0.2,0.4,0.5,1.0,-1.0,3.2778522968292236,254.64334106445312,3.581892728805542,0.30404043197631836,251.3654887676239,0.6563720703125,0.6185302734375,0.2200927734375,0.26239943504333496,0.6835980415344238
higgs_public,NLL_OOD,Cov90_OOD,0.12,0.02,0.1,0.1,0.4,0.25,1.0,-1.0,3.2778522968292236,254.64334106445312,3.983013868331909,0.7051615715026855,251.3654887676239,0.6563720703125,0.6202392578125,0.2200927734375,0.37608790397644043,0.4299253225326538
higgs_public,NLL_OOD,Cov90_OOD,0.12,0.02,0.1,0.2,0.4,0.5,1.0,0.85,3.2778522968292236,254.64334106445312,4.043303966522217,0.7654516696929932,251.3654887676239,0.6563720703125,0.6163330078125,0.2200927734375,0.05620612949132919,0.6835980415344238
higgs_public,NLL_OOD,Cov90_OOD,0.12,0.02,0.1,0.1,0.4,0.25,1.0,0.85,3.2778522968292236,254.64334106445312,4.2628865242004395,0.9850342273712158,251.3654887676239,0.6563720703125,0.6143798828125,0.2200927734375,0.1158561110496521,0.4299253225326538
higgs_public,NLL_OOD,Cov90_OOD,0.12,0.02,0.1,0.2,0.4,0.5,2.0,-1.0,3.2778522968292236,254.64334106445312,3.7587504386901855,0.4808981418609619,251.3654887676239,0.6563720703125,0.6107177734375,0.2200927734375,0.16356752812862396,0.6835980415344238
higgs_public,NLL_OOD,Cov90_OOD,0.12,0.02,0.1,0.1,0.4,0.25,2.0,-1.0,3.2778522968292236,254.64334106445312,4.100943565368652,0.8230912685394287,251.3654887676239,0.6563720703125,0.61474609375,0.2200927734375,0.25725269317626953,0.4299253225326538
higgs_public,NLL_OOD,Cov90_OOD,0.12,0.02,0.1,0.2,0.4,0.5,2.0,0.85,3.2778522968292236,254.64334106445312,4.014911651611328,0.7370593547821045,251.3654887676239,0.6563720703125,0.6256103515625,0.2200927734375,0.023909350857138634,0.6835980415344238
higgs_public,NLL_OOD,Cov90_OOD,0.12,0.02,0.1,0.1,0.4,0.25,2.0,0.85,3.2778522968292236,254.64334106445312,4.284389495849609,1.0065371990203857,251.3654887676239,0.6563720703125,0.6102294921875,0.2200927734375,0.05565188452601433,0.4299253225326538
higgs_public,NLL_OOD,Cov90_OOD,0.12,0.02,0.2,0.0,0.4,0.25,1.0,-1.0,3.2778522968292236,254.64334106445312,4.345648288726807,1.067795991897583,251.3654887676239,0.6563720703125,0.611083984375,0.2200927734375,0.4556223154067993,0.32233214378356934
higgs_public,NLL_OOD,Cov90_OOD,0.12,0.02,0.1,0.1,0.4,0.5,1.0,-1.0,3.2778522968292236,254.64334106445312,3.6713356971740723,0.39348340034484863,251.3654887676239,0.6563720703125,0.62353515625,0.2200927734375,0.37608790397644043,0.4299253225326538
higgs_public,NLL_OOD,Cov90_OOD,0.12,0.02,0.2,0.0,0.4,0.25,1.0,0.85,3.2778522968292236,254.64334106445312,4.592331886291504,1.3144795894622803,251.3654887676239,0.6563720703125,0.6033935546875,0.2200927734375,0.1454712152481079,0.32233214378356934
higgs_public,NLL_OOD,Cov90_OOD,0.12,0.02,0.1,0.1,0.4,0.5,1.0,0.85,3.2778522968292236,254.64334106445312,3.9865527153015137,0.70870041847229,251.3654887676239,0.6563720703125,0.6256103515625,0.2200927734375,0.1158561110496521,0.4299253225326538
higgs_public,NLL_OOD,Cov90_OOD,0.12,0.02,0.2,0.0,0.4,0.25,2.0,-1.0,3.2778522968292236,254.64334106445312,4.480982780456543,1.2031304836273193,251.3654887676239,0.6563720703125,0.6112060546875,0.2200927734375,0.31930452585220337,0.32233214378356934
higgs_public,NLL_OOD,Cov90_OOD,0.12,0.02,0.1,0.1,0.4,0.5,2.0,-1.0,3.2778522968292236,254.64334106445312,3.788970708847046,0.5111184120178223,251.3654887676239,0.6563720703125,0.6224365234375,0.2200927734375,0.25725269317626953,0.4299253225326538
higgs_public,NLL_OOD,Cov90_OOD,0.12,0.02,0.2,0.0,0.4,0.25,2.0,0.85,3.2778522968292236,254.64334106445312,4.583441734313965,1.3055894374847412,251.3654887676239,0.6563720703125,0.6082763671875,0.2200927734375,0.0678114965558052,0.32233214378356934
higgs_public,NLL_OOD,Cov90_OOD,0.12,0.02,0.1,0.1,0.4,0.5,2.0,0.85,3.2778522968292236,254.64334106445312,3.9583044052124023,0.6804521083831787,251.3654887676239,0.6563720703125,0.6290283203125,0.2200927734375,0.05565188452601433,0.4299253225326538
higgs_public,NLL_OOD,Cov90_OOD,0.12,0.02,0.2,0.0,0.4,0.5,1.0,-1.0,3.2778522968292236,254.64334106445312,3.9216270446777344,0.6437747478485107,251.3654887676239,0.6563720703125,0.6158447265625,0.2200927734375,0.4556223154067993,0.32233214378356934
higgs_public,NLL_OOD,Cov90_OOD,0.12,0.02,0.1,0.2,0.4,0.25,1.0,-1.0,3.2778522968292236,254.64334106445312,3.961038827896118,0.6831865310668945,251.3654887676239,0.6563720703125,0.6060791015625,0.2200927734375,0.26239943504333496,0.6835980415344238
higgs_public,NLL_OOD,Cov90_OOD,0.12,0.02,0.2,0.0,0.4,0.5,1.0,0.85,3.2778522968292236,254.64334106445312,4.225437164306641,0.947584867477417,251.3654887676239,0.6563720703125,0.611083984375,0.2200927734375,0.1454712152481079,0.32233214378356934
higgs_public,NLL_OOD,Cov90_OOD,0.12,0.02,0.1,0.2,0.4,0.25,1.0,0.85,3.2778522968292236,254.64334106445312,4.250950813293457,0.9730985164642334,251.3654887676239,0.6563720703125,0.6207275390625,0.2200927734375,0.05620612949132919,0.6835980415344238
higgs_public,NLL_OOD,Cov90_OOD,0.12,0.02,0.2,0.0,0.4,0.5,2.0,-1.0,3.2778522968292236,254.64334106445312,4.010022163391113,0.7321698665618896,251.3654887676239,0.6563720703125,0.6129150390625,0.2200927734375,0.31930452585220337,0.32233214378356934
higgs_public,NLL_OOD,Cov90_OOD,0.12,0.02,0.1,0.2,0.4,0.25,2.0,-1.0,3.2778522968292236,254.64334106445312,4.1440205574035645,0.8661682605743408,251.3654887676239,0.6563720703125,0.604736328125,0.2200927734375,0.16356752812862396,0.6835980415344238
higgs_public,NLL_OOD,Cov90_OOD,0.12,0.02,0.2,0.0,0.4,0.5,2.0,0.85,3.2778522968292236,254.64334106445312,4.127813339233398,0.8499610424041748,251.3654887676239,0.6563720703125,0.620849609375,0.2200927734375,0.0678114965558052,0.32233214378356934
higgs_public,NLL_OOD,Cov90_OOD,0.12,0.02,0.1,0.2,0.4,0.25,2.0,0.85,3.2778522968292236,254.64334106445312,4.177896499633789,0.9000442028045654,251.3654887676239,0.6563720703125,0.6353759765625,0.2200927734375,0.023909350857138634,0.6835980415344238
higgs_public,NLL_OOD,Cov90_OOD,0.12,0.02,0.2,0.1,0.4,0.25,1.0,-1.0,3.2778522968292236,254.64334106445312,4.013631343841553,0.7357790470123291,251.3654887676239,0.6563720703125,0.6014404296875,0.2200927734375,0.33082735538482666,0.49756571650505066
higgs_public,NLL_OOD,Cov90_OOD,0.12,0.02,0.1,0.2,0.4,0.5,1.0,-1.0,3.2778522968292236,254.64334106445312,3.581892728805542,0.30404043197631836,251.3654887676239,0.6563720703125,0.6185302734375,0.2200927734375,0.26239943504333496,0.6835980415344238
higgs_public,NLL_OOD,Cov90_OOD,0.12,0.02,0.2,0.1,0.4,0.25,1.0,0.85,3.2778522968292236,254.64334106445312,4.435277462005615,1.1574251651763916,251.3654887676239,0.6563720703125,0.591796875,0.2200927734375,0.07230104506015778,0.49756571650505066
higgs_public,NLL_OOD,Cov90_OOD,0.12,0.02,0.1,0.2,0.4,0.5,1.0,0.85,3.2778522968292236,254.64334106445312,4.043303966522217,0.7654516696929932,251.3654887676239,0.6563720703125,0.6163330078125,0.2200927734375,0.05620612949132919,0.6835980415344238
higgs_public,NLL_OOD,Cov90_OOD,0.12,0.02,0.2,0.1,0.4,0.25,2.0,-1.0,3.2778522968292236,254.64334106445312,4.215251445770264,0.93739914894104,251.3654887676239,0.6563720703125,0.594482421875,0.2200927734375,0.20920218527317047,0.49756571650505066
higgs_public,NLL_OOD,Cov90_OOD,0.12,0.02,0.1,0.2,0.4,0.5,2.0,-1.0,3.2778522968292236,254.64334106445312,3.7587504386901855,0.4808981418609619,251.3654887676239,0.6563720703125,0.6107177734375,0.2200927734375,0.16356752812862396,0.6835980415344238
higgs_public,NLL_OOD,Cov90_OOD,0.12,0.02,0.2,0.1,0.4,0.25,2.0,0.85,3.2778522968292236,254.64334106445312,4.259721279144287,0.9818689823150635,251.3654887676239,0.6563720703125,0.61279296875,0.2200927734375,0.028285428881645203,0.49756571650505066
higgs_public,NLL_OOD,Cov90_OOD,0.12,0.02,0.1,0.2,0.4,0.5,2.0,0.85,3.2778522968292236,254.64334106445312,4.014911651611328,0.7370593547821045,251.3654887676239,0.6563720703125,0.6256103515625,0.2200927734375,0.023909350857138634,0.6835980415344238
higgs_public,NLL_OOD,Cov90_OOD,0.12,0.02,0.2,0.1,0.4,0.5,1.0,-1.0,3.2778522968292236,254.64334106445312,3.6805579662323,0.40270566940307617,251.3654887676239,0.6563720703125,0.607177734375,0.2200927734375,0.33082735538482666,0.49756571650505066
higgs_public,NLL_OOD,Cov90_OOD,0.12,0.02,0.2,0.0,0.4,0.25,1.0,-1.0,3.2778522968292236,254.64334106445312,4.345648288726807,1.067795991897583,251.3654887676239,0.6563720703125,0.611083984375,0.2200927734375,0.4556223154067993,0.32233214378356934
higgs_public,NLL_OOD,Cov90_OOD,0.12,0.02,0.2,0.1,0.4,0.5,1.0,0.85,3.2778522968292236,254.64334106445312,4.081655979156494,0.8038036823272705,251.3654887676239,0.6563720703125,0.60986328125,0.2200927734375,0.07230104506015778,0.49756571650505066
higgs_public,NLL_OOD,Cov90_OOD,0.12,0.02,0.2,0.0,0.4,0.25,1.0,0.85,3.2778522968292236,254.64334106445312,4.592331886291504,1.3144795894622803,251.3654887676239,0.6563720703125,0.6033935546875,0.2200927734375,0.1454712152481079,0.32233214378356934
higgs_public,NLL_OOD,Cov90_OOD,0.12,0.02,0.2,0.1,0.4,0.5,2.0,-1.0,3.2778522968292236,254.64334106445312,3.824190855026245,0.5463385581970215,251.3654887676239,0.6563720703125,0.6038818359375,0.2200927734375,0.20920218527317047,0.49756571650505066
higgs_public,NLL_OOD,Cov90_OOD,0.12,0.02,0.2,0.0,0.4,0.25,2.0,-1.0,3.2778522968292236,254.64334106445312,4.480982780456543,1.2031304836273193,251.3654887676239,0.6563720703125,0.6112060546875,0.2200927734375,0.31930452585220337,0.32233214378356934
higgs_public,NLL_OOD,Cov90_OOD,0.12,0.02,0.2,0.1,0.4,0.5,2.0,0.85,3.2778522968292236,254.64334106445312,3.9311087131500244,0.6532564163208008,251.3654887676239,0.6563720703125,0.6243896484375,0.2200927734375,0.028285428881645203,0.49756571650505066
higgs_public,NLL_OOD,Cov90_OOD,0.12,0.02,0.2,0.0,0.4,0.25,2.0,0.85,3.2778522968292236,254.64334106445312,4.583441734313965,1.3055894374847412,251.3654887676239,0.6563720703125,0.6082763671875,0.2200927734375,0.0678114965558052,0.32233214378356934
higgs_public,NLL_OOD,Cov90_OOD,0.12,0.02,0.2,0.2,0.4,0.25,1.0,-1.0,3.2778522968292236,254.64334106445312,3.998291492462158,0.7204391956329346,251.3654887676239,0.6563720703125,0.5947265625,0.2200927734375,0.25418585538864136,0.6581594944000244
higgs_public,NLL_OOD,Cov90_OOD,0.12,0.02,0.2,0.0,0.4,0.5,1.0,-1.0,3.2778522968292236,254.64334106445312,3.9216270446777344,0.6437747478485107,251.3654887676239,0.6563720703125,0.6158447265625,0.2200927734375,0.4556223154067993,0.32233214378356934
higgs_public,NLL_OOD,Cov90_OOD,0.12,0.02,0.2,0.2,0.4,0.25,1.0,0.85,3.2778522968292236,254.64334106445312,4.406620025634766,1.128767728805542,251.3654887676239,0.6563720703125,0.58544921875,0.2200927734375,0.04014109447598457,0.6581594944000244
higgs_public,NLL_OOD,Cov90_OOD,0.12,0.02,0.2,0.0,0.4,0.5,1.0,0.85,3.2778522968292236,254.64334106445312,4.225437164306641,0.947584867477417,251.3654887676239,0.6563720703125,0.611083984375,0.2200927734375,0.1454712152481079,0.32233214378356934
higgs_public,NLL_OOD,Cov90_OOD,0.12,0.02,0.2,0.2,0.4,0.25,2.0,-1.0,3.2778522968292236,254.64334106445312,4.160660743713379,0.8828084468841553,251.3654887676239,0.6563720703125,0.587646484375,0.2200927734375,0.14820393919944763,0.6581594944000244
higgs_public,NLL_OOD,Cov90_OOD,0.12,0.02,0.2,0.0,0.4,0.5,2.0,-1.0,3.2778522968292236,254.64334106445312,4.010022163391113,0.7321698665618896,251.3654887676239,0.6563720703125,0.6129150390625,0.2200927734375,0.31930452585220337,0.32233214378356934
higgs_public,NLL_OOD,Cov90_OOD,0.12,0.02,0.2,0.2,0.4,0.25,2.0,0.85,3.2778522968292236,254.64334106445312,4.324635028839111,1.0467827320098877,251.3654887676239,0.6563720703125,0.611572265625,0.2200927734375,0.01409105584025383,0.6581594944000244
higgs_public,NLL_OOD,Cov90_OOD,0.12,0.02,0.2,0.0,0.4,0.5,2.0,0.85,3.2778522968292236,254.64334106445312,4.127813339233398,0.8499610424041748,251.3654887676239,0.6563720703125,0.620849609375,0.2200927734375,0.0678114965558052,0.32233214378356934
higgs_public,NLL_OOD,Cov90_OOD,0.12,0.02,0.2,0.2,0.4,0.5,1.0,-1.0,3.2778522968292236,254.64334106445312,3.6650469303131104,0.3871946334838867,251.3654887676239,0.6563720703125,0.5989990234375,0.2200927734375,0.25418585538864136,0.6581594944000244
higgs_public,NLL_OOD,Cov90_OOD,0.12,0.02,0.2,0.1,0.4,0.25,1.0,-1.0,3.2778522968292236,254.64334106445312,4.013631343841553,0.7357790470123291,251.3654887676239,0.6563720703125,0.6014404296875,0.2200927734375,0.33082735538482666,0.49756571650505066
higgs_public,NLL_OOD,Cov90_OOD,0.12,0.02,0.2,0.2,0.4,0.5,1.0,0.85,3.2778522968292236,254.64334106445312,4.158193111419678,0.8803408145904541,251.3654887676239,0.6563720703125,0.596435546875,0.2200927734375,0.04014109447598457,0.6581594944000244
higgs_public,NLL_OOD,Cov90_OOD,0.12,0.02,0.2,0.1,0.4,0.25,1.0,0.85,3.2778522968292236,254.64334106445312,4.435277462005615,1.1574251651763916,251.3654887676239,0.6563720703125,0.591796875,0.2200927734375,0.07230104506015778,0.49756571650505066
higgs_public,NLL_OOD,Cov90_OOD,0.12,0.02,0.2,0.2,0.4,0.5,2.0,-1.0,3.2778522968292236,254.64334106445312,3.8668081760406494,0.5889558792114258,251.3654887676239,0.6563720703125,0.5958251953125,0.2200927734375,0.14820393919944763,0.6581594944000244
higgs_public,NLL_OOD,Cov90_OOD,0.12,0.02,0.2,0.1,0.4,0.25,2.0,-1.0,3.2778522968292236,254.64334106445312,4.215251445770264,0.93739914894104,251.3654887676239,0.6563720703125,0.594482421875,0.2200927734375,0.20920218527317047,0.49756571650505066
higgs_public,NLL_OOD,Cov90_OOD,0.12,0.02,0.2,0.2,0.4,0.5,2.0,0.85,3.2778522968292236,254.64334106445312,3.986672878265381,0.7088205814361572,251.3654887676239,0.6563720703125,0.6041259765625,0.2200927734375,0.01409105584025383,0.6581594944000244
higgs_public,NLL_OOD,Cov90_OOD,0.12,0.02,0.2,0.1,0.4,0.25,2.0,0.85,3.2778522968292236,254.64334106445312,4.259721279144287,0.9818689823150635,251.3654887676239,0.6563720703125,0.61279296875,0.2200927734375,0.028285428881645203,0.49756571650505066
higgs_public,NLL_OOD,Cov90_OOD,0.12,0.05,0.0,0.0,0.4,0.25,1.0,-1.0,3.2778522968292236,254.64334106445312,4.263036727905273,0.9851844310760498,251.3654887676239,0.6563720703125,0.63818359375,0.2200927734375,0.9255940318107605,0.010372677817940712
higgs_public,NLL_OOD,Cov90_OOD,0.12,0.02,0.2,0.1,0.4,0.5,1.0,-1.0,3.2778522968292236,254.64334106445312,3.6805579662323,0.40270566940307617,251.3654887676239,0.6563720703125,0.607177734375,0.2200927734375,0.33082735538482666,0.49756571650505066
higgs_public,NLL_OOD,Cov90_OOD,0.12,0.05,0.0,0.0,0.4,0.25,1.0,0.85,3.2778522968292236,254.64334106445312,4.270141124725342,0.9922888278961182,251.3654887676239,0.6563720703125,0.6383056640625,0.2200927734375,0.8202624320983887,0.010372677817940712
higgs_public,NLL_OOD,Cov90_OOD,0.12,0.02,0.2,0.1,0.4,0.5,1.0,0.85,3.2778522968292236,254.64334106445312,4.081655979156494,0.8038036823272705,251.3654887676239,0.6563720703125,0.60986328125,0.2200927734375,0.07230104506015778,0.49756571650505066
higgs_public,NLL_OOD,Cov90_OOD,0.12,0.05,0.0,0.0,0.4,0.25,2.0,-1.0,3.2778522968292236,254.64334106445312,4.252764701843262,0.9749124050140381,251.3654887676239,0.6563720703125,0.63671875,0.2200927734375,0.8679327368736267,0.010372677817940712
higgs_public,NLL_OOD,Cov90_OOD,0.12,0.02,0.2,0.1,0.4,0.5,2.0,-1.0,3.2778522968292236,254.64334106445312,3.824190855026245,0.5463385581970215,251.3654887676239,0.6563720703125,0.6038818359375,0.2200927734375,0.20920218527317047,0.49756571650505066
higgs_public,NLL_OOD,Cov90_OOD,0.12,0.05,0.0,0.0,0.4,0.25,2.0,0.85,3.2778522968292236,254.64334106445312,4.252040386199951,0.9741880893707275,251.3654887676239,0.6563720703125,0.63671875,0.2200927734375,0.6809298992156982,0.010372677817940712
higgs_public,NLL_OOD,Cov90_OOD,0.12,0.02,0.2,0.1,0.4,0.5,2.0,0.85,3.2778522968292236,254.64334106445312,3.9311087131500244,0.6532564163208008,251.3654887676239,0.6563720703125,0.6243896484375,0.2200927734375,0.028285428881645203,0.49756571650505066
higgs_public,NLL_OOD,Cov90_OOD,0.12,0.05,0.0,0.0,0.4,0.5,1.0,-1.0,3.2778522968292236,254.64334106445312,3.9843103885650635,0.7064580917358398,251.3654887676239,0.6563720703125,0.6451416015625,0.2200927734375,0.9255940318107605,0.010372677817940712
higgs_public,NLL_OOD,Cov90_OOD,0.12,0.02,0.2,0.2,0.4,0.25,1.0,-1.0,3.2778522968292236,254.64334106445312,3.998291492462158,0.7204391956329346,251.3654887676239,0.6563720703125,0.5947265625,0.2200927734375,0.25418585538864136,0.6581594944000244
higgs_public,NLL_OOD,Cov90_OOD,0.12,0.05,0.0,0.0,0.4,0.5,1.0,0.85,3.2778522968292236,254.64334106445312,4.039870738983154,0.7620184421539307,251.3654887676239,0.6563720703125,0.64501953125,0.2200927734375,0.8202624320983887,0.010372677817940712
higgs_public,NLL_OOD,Cov90_OOD,0.12,0.02,0.2,0.2,0.4,0.25,1.0,0.85,3.2778522968292236,254.64334106445312,4.406620025634766,1.128767728805542,251.3654887676239,0.6563720703125,0.58544921875,0.2200927734375,0.04014109447598457,0.6581594944000244
higgs_public,NLL_OOD,Cov90_OOD,0.12,0.05,0.0,0.0,0.4,0.5,2.0,-1.0,3.2778522968292236,254.64334106445312,4.013956069946289,0.7361037731170654,251.3654887676239,0.6563720703125,0.6439208984375,0.2200927734375,0.8679327368736267,0.010372677817940712
higgs_public,NLL_OOD,Cov90_OOD,0.12,0.02,0.2,0.2,0.4,0.25,2.0,-1.0,3.2778522968292236,254.64334106445312,4.160660743713379,0.8828084468841553,251.3654887676239,0.6563720703125,0.587646484375,0.2200927734375,0.14820393919944763,0.6581594944000244
higgs_public,NLL_OOD,Cov90_OOD,0.12,0.05,0.0,0.0,0.4,0.5,2.0,0.85,3.2778522968292236,254.64334106445312,4.052562713623047,0.7747104167938232,251.3654887676239,0.6563720703125,0.6444091796875,0.2200927734375,0.6809298992156982,0.010372677817940712
higgs_public,NLL_OOD,Cov90_OOD,0.12,0.02,0.2,0.2,0.4,0.25,2.0,0.85,3.2778522968292236,254.64334106445312,4.324635028839111,1.0467827320098877,251.3654887676239,0.6563720703125,0.611572265625,0.2200927734375,0.01409105584025383,0.6581594944000244
higgs_public,NLL_OOD,Cov90_OOD,0.12,0.05,0.0,0.1,0.4,0.25,1.0,-1.0,3.2778522968292236,254.64334106445312,4.186790466308594,0.9089381694793701,251.3654887676239,0.6563720703125,0.62939453125,0.2200927734375,0.4428552985191345,0.36729663610458374
higgs_public,NLL_OOD,Cov90_OOD,0.12,0.02,0.2,0.2,0.4,0.5,1.0,-1.0,3.2778522968292236,254.64334106445312,3.6650469303131104,0.3871946334838867,251.3654887676239,0.6563720703125,0.5989990234375,0.2200927734375,0.25418585538864136,0.6581594944000244
higgs_public,NLL_OOD,Cov90_OOD,0.12,0.05,0.0,0.1,0.4,0.25,1.0,0.85,3.2778522968292236,254.64334106445312,4.520862579345703,1.2430102825164795,251.3654887676239,0.6563720703125,0.624755859375,0.2200927734375,0.19098682701587677,0.36729663610458374
higgs_public,NLL_OOD,Cov90_OOD,0.12,0.02,0.2,0.2,0.4,0.5,1.0,0.85,3.2778522968292236,254.64334106445312,4.158193111419678,0.8803408145904541,251.3654887676239,0.6563720703125,0.596435546875,0.2200927734375,0.04014109447598457,0.6581594944000244
higgs_public,NLL_OOD,Cov90_OOD,0.12,0.05,0.0,0.1,0.4,0.25,2.0,-1.0,3.2778522968292236,254.64334106445312,4.309871673583984,1.0320193767547607,251.3654887676239,0.6563720703125,0.6292724609375,0.2200927734375,0.3272048532962799,0.36729663610458374
higgs_public,NLL_OOD,Cov90_OOD,0.12,0.02,0.2,0.2,0.4,0.5,2.0,-1.0,3.2778522968292236,254.64334106445312,3.8668081760406494,0.5889558792114258,251.3654887676239,0.6563720703125,0.5958251953125,0.2200927734375,0.14820393919944763,0.6581594944000244
higgs_public,NLL_OOD,Cov90_OOD,0.12,0.05,0.0,0.1,0.4,0.25,2.0,0.85,3.2778522968292236,254.64334106445312,4.5408735275268555,1.2630212306976318,251.3654887676239,0.6563720703125,0.6302490234375,0.2200927734375,0.11425770819187164,0.36729663610458374
higgs_public,NLL_OOD,Cov90_OOD,0.12,0.02,0.2,0.2,0.4,0.5,2.0,0.85,3.2778522968292236,254.64334106445312,3.986672878265381,0.7088205814361572,251.3654887676239,0.6563720703125,0.6041259765625,0.2200927734375,0.01409105584025383,0.6581594944000244
higgs_public,NLL_OOD,Cov90_OOD,0.12,0.05,0.0,0.1,0.4,0.5,1.0,-1.0,3.2778522968292236,254.64334106445312,3.8506810665130615,0.5728287696838379,251.3654887676239,0.6563720703125,0.6337890625,0.2200927734375,0.4428552985191345,0.36729663610458374
higgs_public,NLL_OOD,Cov90_OOD,0.12,0.05,0.0,0.0,0.4,0.25,1.0,-1.0,3.2778522968292236,254.64334106445312,4.263036727905273,0.9851844310760498,251.3654887676239,0.6563720703125,0.63818359375,0.2200927734375,0.9255940318107605,0.010372677817940712
higgs_public,NLL_OOD,Cov90_OOD,0.12,0.05,0.0,0.1,0.4,0.5,1.0,0.85,3.2778522968292236,254.64334106445312,4.115237712860107,0.8373854160308838,251.3654887676239,0.6563720703125,0.630126953125,0.2200927734375,0.19098682701587677,0.36729663610458374
higgs_public,NLL_OOD,Cov90_OOD,0.12,0.05,0.0,0.0,0.4,0.25,1.0,0.85,3.2778522968292236,254.64334106445312,4.270141124725342,0.9922888278961182,251.3654887676239,0.6563720703125,0.6383056640625,0.2200927734375,0.8202624320983887,0.010372677817940712
higgs_public,NLL_OOD,Cov90_OOD,0.12,0.05,0.0,0.1,0.4,0.5,2.0,-1.0,3.2778522968292236,254.64334106445312,4.001631736755371,0.7237794399261475,251.3654887676239,0.6563720703125,0.6297607421875,0.2200927734375,0.3272048532962799,0.36729663610458374
higgs_public,NLL_OOD,Cov90_OOD,0.12,0.05,0.0,0.0,0.4,0.25,2.0,-1.0,3.2778522968292236,254.64334106445312,4.252764701843262,0.9749124050140381,251.3654887676239,0.6563720703125,0.63671875,0.2200927734375,0.8679327368736267,0.010372677817940712
higgs_public,NLL_OOD,Cov90_OOD,0.12,0.05,0.0,0.1,0.4,0.5,2.0,0.85,3.2778522968292236,254.64334106445312,4.188673496246338,0.9108211994171143,251.3654887676239,0.6563720703125,0.636474609375,0.2200927734375,0.11425770819187164,0.36729663610458374
higgs_public,NLL_OOD,Cov90_OOD,0.12,0.05,0.0,0.0,0.4,0.25,2.0,0.85,3.2778522968292236,254.64334106445312,4.252040386199951,0.9741880893707275,251.3654887676239,0.6563720703125,0.63671875,0.2200927734375,0.6809298992156982,0.010372677817940712
higgs_public,NLL_OOD,Cov90_OOD,0.12,0.05,0.0,0.2,0.4,0.25,1.0,-1.0,3.2778522968292236,254.64334106445312,4.010542392730713,0.7326900959014893,251.3654887676239,0.6563720703125,0.62158203125,0.2200927734375,0.2740880846977234,0.7092173099517822
higgs_public,NLL_OOD,Cov90_OOD,0.12,0.05,0.0,0.0,0.4,0.5,1.0,-1.0,3.2778522968292236,254.64334106445312,3.9843103885650635,0.7064580917358398,251.3654887676239,0.6563720703125,0.6451416015625,0.2200927734375,0.9255940318107605,0.010372677817940712
higgs_public,NLL_OOD,Cov90_OOD,0.12,0.05,0.0,0.2,0.4,0.25,1.0,0.85,3.2778522968292236,254.64334106445312,4.626482009887695,1.3486297130584717,251.3654887676239,0.6563720703125,0.6239013671875,0.2200927734375,0.07827715575695038,0.7092173099517822
higgs_public,NLL_OOD,Cov90_OOD,0.12,0.05,0.0,0.0,0.4,0.5,1.0,0.85,3.2778522968292236,254.64334106445312,4.039870738983154,0.7620184421539307,251.3654887676239,0.6563720703125,0.64501953125,0.2200927734375,0.8202624320983887,0.010372677817940712
higgs_public,NLL_OOD,Cov90_OOD,0.12,0.05,0.0,0.2,0.4,0.25,2.0,-1.0,3.2778522968292236,254.64334106445312,4.193485260009766,0.915632963180542,251.3654887676239,0.6563720703125,0.61865234375,0.2200927734375,0.18023711442947388,0.7092173099517822
higgs_public,NLL_OOD,Cov90_OOD,0.12,0.05,0.0,0.0,0.4,0.5,2.0,-1.0,3.2778522968292236,254.64334106445312,4.013956069946289,0.7361037731170654,251.3654887676239,0.6563720703125,0.6439208984375,0.2200927734375,0.8679327368736267,0.010372677817940712
higgs_public,NLL_OOD,Cov90_OOD,0.12,0.05,0.0,0.2,0.4,0.25,2.0,0.85,3.2778522968292236,254.64334106445312,4.40696907043457,1.1291167736053467,251.3654887676239,0.6563720703125,0.635009765625,0.2200927734375,0.03790147975087166,0.7092173099517822
higgs_public,NLL_OOD,Cov90_OOD,0.12,0.05,0.0,0.0,0.4,0.5,2.0,0.85,3.2778522968292236,254.64334106445312,4.052562713623047,0.7747104167938232,251.3654887676239,0.6563720703125,0.6444091796875,0.2200927734375,0.6809298992156982,0.010372677817940712
higgs_public,NLL_OOD,Cov90_OOD,0.12,0.05,0.0,0.2,0.4,0.5,1.0,-1.0,3.2778522968292236,254.64334106445312,3.7313249111175537,0.4534726142883301,251.3654887676239,0.6563720703125,0.6241455078125,0.2200927734375,0.2740880846977234,0.7092173099517822
higgs_public,NLL_OOD,Cov90_OOD,0.12,0.05,0.0,0.1,0.4,0.25,1.0,-1.0,3.2778522968292236,254.64334106445312,4.186790466308594,0.9089381694793701,251.3654887676239,0.6563720703125,0.62939453125,0.2200927734375,0.4428552985191345,0.36729663610458374
higgs_public,NLL_OOD,Cov90_OOD,0.12,0.05,0.0,0.2,0.4,0.5,1.0,0.85,3.2778522968292236,254.64334106445312,4.181333065032959,0.9034807682037354,251.3654887676239,0.6563720703125,0.6278076171875,0.2200927734375,0.07827715575695038,0.7092173099517822
higgs_public,NLL_OOD,Cov90_OOD,0.12,0.05,0.0,0.1,0.4,0.25,1.0,0.85,3.2778522968292236,254.64334106445312,4.520862579345703,1.2430102825164795,251.3654887676239,0.6563720703125,0.624755859375,0.2200927734375,0.19098682701587677,0.36729663610458374
higgs_public,NLL_OOD,Cov90_OOD,0.12,0.05,0.0,0.2,0.4,0.5,2.0,-1.0,3.2778522968292236,254.64334106445312,3.8595774173736572,0.5817251205444336,251.3654887676239,0.6563720703125,0.6226806640625,0.2200927734375,0.18023711442947388,0.7092173099517822
higgs_public,NLL_OOD,Cov90_OOD,0.12,0.05,0.0,0.1,0.4,0.25,2.0,-1.0,3.2778522968292236,254.64334106445312,4.309871673583984,1.0320193767547607,251.3654887676239,0.6563720703125,0.6292724609375,0.2200927734375,0.3272048532962799,0.36729663610458374
higgs_public,NLL_OOD,Cov90_OOD,0.12,0.05,0.0,0.2,0.4,0.5,2.0,0.85,3.2778522968292236,254.64334106445312,4.175503730773926,0.8976514339447021,251.3654887676239,0.6563720703125,0.6324462890625,0.2200927734375,0.03790147975087166,0.7092173099517822
higgs_public,NLL_OOD,Cov90_OOD,0.12,0.05,0.0,0.1,0.4,0.25,2.0,0.85,3.2778522968292236,254.64334106445312,4.5408735275268555,1.2630212306976318,251.3654887676239,0.6563720703125,0.6302490234375,0.2200927734375,0.11425770819187164,0.36729663610458374
higgs_public,NLL_OOD,Cov90_OOD,0.12,0.05,0.1,0.0,0.4,0.25,1.0,-1.0,3.2778522968292236,254.64334106445312,4.397330284118652,1.1194779872894287,251.3654887676239,0.6563720703125,0.6298828125,0.2200927734375,0.5877701044082642,0.167097806930542
higgs_public,NLL_OOD,Cov90_OOD,0.12,0.05,0.0,0.1,0.4,0.5,1.0,-1.0,3.2778522968292236,254.64334106445312,3.8506810665130615,0.5728287696838379,251.3654887676239,0.6563720703125,0.6337890625,0.2200927734375,0.4428552985191345,0.36729663610458374
higgs_public,NLL_OOD,Cov90_OOD,0.12,0.05,0.1,0.0,0.4,0.25,1.0,0.85,3.2778522968292236,254.64334106445312,4.584867477416992,1.3070151805877686,251.3654887676239,0.6563720703125,0.618896484375,0.2200927734375,0.27763062715530396,0.167097806930542
higgs_public,NLL_OOD,Cov90_OOD,0.12,0.05,0.0,0.1,0.4,0.5,1.0,0.85,3.2778522968292236,254.64334106445312,4.115237712860107,0.8373854160308838,251.3654887676239,0.6563720703125,0.630126953125,0.2200927734375,0.19098682701587677,0.36729663610458374
higgs_public,NLL_OOD,Cov90_OOD,0.12,0.05,0.1,0.0,0.4,0.25,2.0,-1.0,3.2778522968292236,254.64334106445312,4.486241817474365,1.2083895206451416,251.3654887676239,0.6563720703125,0.62353515625,0.2200927734375,0.4551387429237366,0.167097806930542
higgs_public,NLL_OOD,Cov90_OOD,0.12,0.05,0.0,0.1,0.4,0.5,2.0,-1.0,3.2778522968292236,254.64334106445312,4.001631736755371,0.7237794399261475,251.3654887676239,0.6563720703125,0.6297607421875,0.2200927734375,0.3272048532962799,0.36729663610458374
higgs_public,NLL_OOD,Cov90_OOD,0.12,0.05,0.1,0.0,0.4,0.25,2.0,0.85,3.2778522968292236,254.64334106445312,4.553021430969238,1.2751691341400146,251.3654887676239,0.6563720703125,0.622314453125,0.2200927734375,0.15782611072063446,0.167097806930542
higgs_public,NLL_OOD,Cov90_OOD,0.12,0.05,0.0,0.1,0.4,0.5,2.0,0.85,3.2778522968292236,254.64334106445312,4.188673496246338,0.9108211994171143,251.3654887676239,0.6563720703125,0.636474609375,0.2200927734375,0.11425770819187164,0.36729663610458374
higgs_public,NLL_OOD,Cov90_OOD,0.12,0.05,0.1,0.0,0.4,0.5,1.0,-1.0,3.2778522968292236,254.64334106445312,3.985703229904175,0.7078509330749512,251.3654887676239,0.6563720703125,0.6287841796875,0.2200927734375,0.5877701044082642,0.167097806930542
higgs_public,NLL_OOD,Cov90_OOD,0.12,0.05,0.0,0.2,0.4,0.25,1.0,-1.0,3.2778522968292236,254.64334106445312,4.010542392730713,0.7326900959014893,251.3654887676239,0.6563720703125,0.62158203125,0.2200927734375,0.2740880846977234,0.7092173099517822
higgs_public,NLL_OOD,Cov90_OOD,0.12,0.05,0.1,0.0,0.4,0.5,1.0,0.85,3.2778522968292236,254.64334106445312,4.185260772705078,0.9074084758758545,251.3654887676239,0.6563720703125,0.62890625,0.2200927734375,0.27763062715530396,0.167097806930542
higgs_public,NLL_OOD,Cov90_OOD,0.12,0.05,0.0,0.2,0.4,0.25,1.0,0.85,3.2778522968292236,254.64334106445312,4.626482009887695,1.3486297130584717,251.3654887676239,0.6563720703125,0.6239013671875,0.2200927734375,0.07827715575695038,0.7092173099517822
higgs_public,NLL_OOD,Cov90_OOD,0.12,0.05,0.1,0.0,0.4,0.5,2.0,-1.0,3.2778522968292236,254.64334106445312,4.009812355041504,0.7319600582122803,251.3654887676239,0.6563720703125,0.629150390625,0.2200927734375,0.4551387429237366,0.167097806930542
higgs_public,NLL_OOD,Cov90_OOD,0.12,0.05,0.0,0.2,0.4,0.25,2.0,-1.0,3.2778522968292236,254.64334106445312,4.193485260009766,0.915632963180542,251.3654887676239,0.6563720703125,0.61865234375,0.2200927734375,0.18023711442947388,0.7092173099517822
higgs_public,NLL_OOD,Cov90_OOD,0.12,0.05,0.1,0.0,0.4,0.5,2.0,0.85,3.2778522968292236,254.64334106445312,4.11583137512207,0.8379790782928467,251.3654887676239,0.6563720703125,0.6337890625,0.2200927734375,0.15782611072063446,0.167097806930542
higgs_public,NLL_OOD,Cov90_OOD,0.12,0.05,0.0,0.2,0.4,0.25,2.0,0.85,3.2778522968292236,254.64334106445312,4.40696907043457,1.1291167736053467,251.3654887676239,0.6563720703125,0.635009765625,0.2200927734375,0.03790147975087166,0.7092173099517822
higgs_public,NLL_OOD,Cov90_OOD,0.12,0.05,0.1,0.1,0.4,0.25,1.0,-1.0,3.2778522968292236,254.64334106445312,3.976358652114868,0.6985063552856445,251.3654887676239,0.6563720703125,0.6195068359375,0.2200927734375,0.3676370084285736,0.4364781379699707
higgs_public,NLL_OOD,Cov90_OOD,0.12,0.05,0.0,0.2,0.4,0.5,1.0,-1.0,3.2778522968292236,254.64334106445312,3.7313249111175537,0.4534726142883301,251.3654887676239,0.6563720703125,0.6241455078125,0.2200927734375,0.2740880846977234,0.7092173099517822
higgs_public,NLL_OOD,Cov90_OOD,0.12,0.05,0.1,0.1,0.4,0.25,1.0,0.85,3.2778522968292236,254.64334106445312,4.317079067230225,1.039226770401001,251.3654887676239,0.6563720703125,0.6175537109375,0.2200927734375,0.10943982005119324,0.4364781379699707
higgs_public,NLL_OOD,Cov90_OOD,0.12,0.05,0.0,0.2,0.4,0.5,1.0,0.85,3.2778522968292236,254.64334106445312,4.181333065032959,0.9034807682037354,251.3654887676239,0.6563720703125,0.6278076171875,0.2200927734375,0.07827715575695038,0.7092173099517822
higgs_public,NLL_OOD,Cov90_OOD,0.12,0.05,0.1,0.1,0.4,0.25,2.0,-1.0,3.2778522968292236,254.64334106445312,4.078181743621826,0.8003294467926025,251.3654887676239,0.6563720703125,0.6165771484375,0.2200927734375,0.24915175139904022,0.4364781379699707
higgs_public,NLL_OOD,Cov90_OOD,0.12,0.05,0.0,0.2,0.4,0.5,2.0,-1.0,3.2778522968292236,254.64334106445312,3.8595774173736572,0.5817251205444336,251.3654887676239,0.6563720703125,0.6226806640625,0.2200927734375,0.18023711442947388,0.7092173099517822
higgs_public,NLL_OOD,Cov90_OOD,0.12,0.05,0.1,0.1,0.4,0.25,2.0,0.85,3.2778522968292236,254.64334106445312,4.255449295043945,0.9775969982147217,251.3654887676239,0.6563720703125,0.6097412109375,0.2200927734375,0.05091298371553421,0.4364781379699707
higgs_public,NLL_OOD,Cov90_OOD,0.12,0.05,0.0,0.2,0.4,0.5,2.0,0.85,3.2778522968292236,254.64334106445312,4.175503730773926,0.8976514339447021,251.3654887676239,0.6563720703125,0.6324462890625,0.2200927734375,0.03790147975087166,0.7092173099517822
higgs_public,NLL_OOD,Cov90_OOD,0.12,0.05,0.1,0.1,0.4,0.5,1.0,-1.0,3.2778522968292236,254.64334106445312,3.6788132190704346,0.40096092224121094,251.3654887676239,0.6563720703125,0.625244140625,0.2200927734375,0.3676370084285736,0.4364781379699707
higgs_public,NLL_OOD,Cov90_OOD,0.12,0.05,0.1,0.0,0.4,0.25,1.0,-1.0,3.2778522968292236,254.64334106445312,4.397330284118652,1.1194779872894287,251.3654887676239,0.6563720703125,0.6298828125,0.2200927734375,0.5877701044082642,0.167097806930542
higgs_public,NLL_OOD,Cov90_OOD,0.12,0.05,0.1,0.1,0.4,0.5,1.0,0.85,3.2778522968292236,254.64334106445312,3.9637675285339355,0.6859152317047119,251.3654887676239,0.6563720703125,0.625732421875,0.2200927734375,0.10943982005119324,0.4364781379699707
higgs_public,NLL_OOD,Cov90_OOD,0.12,0.05,0.1,0.0,0.4,0.25,1.0,0.85,3.2778522968292236,254.64334106445312,4.584867477416992,1.3070151805877686,251.3654887676239,0.6563720703125,0.618896484375,0.2200927734375,0.27763062715530396,0.167097806930542
higgs_public,NLL_OOD,Cov90_OOD,0.12,0.05,0.1,0.1,0.4,0.5,2.0,-1.0,3.2778522968292236,254.64334106445312,3.807828664779663,0.5299763679504395,251.3654887676239,0.6563720703125,0.62353515625,0.2200927734375,0.24915175139904022,0.4364781379699707
higgs_public,NLL_OOD,Cov90_OOD,0.12,0.05,0.1,0.0,0.4,0.25,2.0,-1.0,3.2778522968292236,254.64334106445312,4.486241817474365,1.2083895206451416,251.3654887676239,0.6563720703125,0.62353515625,0.2200927734375,0.4551387429237366,0.167097806930542
higgs_public,NLL_OOD,Cov90_OOD,0.12,0.05,0.1,0.1,0.4,0.5,2.0,0.85,3.2778522968292236,254.64334106445312,4.0105791091918945,0.7327268123626709,251.3654887676239,0.6563720703125,0.6201171875,0.2200927734375,0.05091298371553421,0.4364781379699707
higgs_public,NLL_OOD,Cov90_OOD,0.12,0.05,0.1,0.0,0.4,0.25,2.0,0.85,3.2778522968292236,254.64334106445312,4.553021430969238,1.2751691341400146,251.3654887676239,0.6563720703125,0.622314453125,0.2200927734375,0.15782611072063446,0.167097806930542
higgs_public,NLL_OOD,Cov90_OOD,0.12,0.05,0.1,0.2,0.4,0.25,1.0,-1.0,3.2778522968292236,254.64334106445312,3.97686767578125,0.6990153789520264,251.3654887676239,0.6563720703125,0.6065673828125,0.2200927734375,0.25742852687835693,0.6891570091247559
higgs_public,NLL_OOD,Cov90_OOD,0.12,0.05,0.1,0.0,0.4,0.5,1.0,-1.0,3.2778522968292236,254.64334106445312,3.985703229904175,0.7078509330749512,251.3654887676239,0.6563720703125,0.6287841796875,0.2200927734375,0.5877701044082642,0.167097806930542
higgs_public,NLL_OOD,Cov90_OOD,0.12,0.05,0.1,0.2,0.4,0.25,1.0,0.85,3.2778522968292236,254.64334106445312,4.171758651733398,0.8939063549041748,251.3654887676239,0.6563720703125,0.61962890625,0.2200927734375,0.054522499442100525,0.6891570091247559
higgs_public,NLL_OOD,Cov90_OOD,0.12,0.05,0.1,0.0,0.4,0.5,1.0,0.85,3.2778522968292236,254.64334106445312,4.185260772705078,0.9074084758758545,251.3654887676239,0.6563720703125,0.62890625,0.2200927734375,0.27763062715530396,0.167097806930542
higgs_public,NLL_OOD,Cov90_OOD,0.12,0.05,0.1,0.2,0.4,0.25,2.0,-1.0,3.2778522968292236,254.64334106445312,4.127556800842285,0.8497045040130615,251.3654887676239,0.6563720703125,0.6031494140625,0.2200927734375,0.15935444831848145,0.6891570091247559
higgs_public,NLL_OOD,Cov90_OOD,0.12,0.05,0.1,0.0,0.4,0.5,2.0,-1.0,3.2778522968292236,254.64334106445312,4.009812355041504,0.7319600582122803,251.3654887676239,0.6563720703125,0.629150390625,0.2200927734375,0.4551387429237366,0.167097806930542
higgs_public,NLL_OOD,Cov90_OOD,0.12,0.05,0.1,0.2,0.4,0.25,2.0,0.85,3.2778522968292236,254.64334106445312,4.241271018981934,0.96341872215271,251.3654887676239,0.6563720703125,0.6358642578125,0.2200927734375,0.021304938942193985,0.6891570091247559
higgs_public,NLL_OOD,Cov90_OOD,0.12,0.05,0.1,0.0,0.4,0.5,2.0,0.85,3.2778522968292236,254.64334106445312,4.11583137512207,0.8379790782928467,251.3654887676239,0.6563720703125,0.6337890625,0.2200927734375,0.15782611072063446,0.167097806930542
higgs_public,NLL_OOD,Cov90_OOD,0.12,0.05,0.1,0.2,0.4,0.5,1.0,-1.0,3.2778522968292236,254.64334106445312,3.607295274734497,0.32944297790527344,251.3654887676239,0.6563720703125,0.61376953125,0.2200927734375,0.25742852687835693,0.6891570091247559
higgs_public,NLL_OOD,Cov90_OOD,0.12,0.05,0.1,0.1,0.4,0.25,1.0,-1.0,3.2778522968292236,254.64334106445312,3.976358652114868,0.6985063552856445,251.3654887676239,0.6563720703125,0.6195068359375,0.2200927734375,0.3676370084285736,0.4364781379699707
higgs_public,NLL_OOD,Cov90_OOD,0.12,0.05,0.1,0.2,0.4,0.5,1.0,0.85,3.2778522968292236,254.64334106445312,3.953439235687256,0.6755869388580322,251.3654887676239,0.6563720703125,0.618408203125,0.2200927734375,0.054522499442100525,0.6891570091247559
higgs_public,NLL_OOD,Cov90_OOD,0.12,0.05,0.1,0.1,0.4,0.25,1.0,0.85,3.2778522968292236,254.64334106445312,4.317079067230225,1.039226770401001,251.3654887676239,0.6563720703125,0.6175537109375,0.2200927734375,0.10943982005119324,0.4364781379699707
higgs_public,NLL_OOD,Cov90_OOD,0.12,0.05,0.1,0.1,0.4,0.25,2.0,-1.0,3.2778522968292236,254.64334106445312,4.078181743621826,0.8003294467926025,251.3654887676239,0.6563720703125,0.6165771484375,0.2200927734375,0.24915175139904022,0.4364781379699707
higgs_public,NLL_OOD,Cov90_OOD,0.12,0.05,0.1,0.2,0.4,0.5,2.0,-1.0,3.2778522968292236,254.64334106445312,3.7617015838623047,0.48384928703308105,251.3654887676239,0.6563720703125,0.610595703125,0.2200927734375,0.15935444831848145,0.6891570091247559
higgs_public,NLL_OOD,Cov90_OOD,0.12,0.05,0.1,0.1,0.4,0.25,2.0,0.85,3.2778522968292236,254.64334106445312,4.255449295043945,0.9775969982147217,251.3654887676239,0.6563720703125,0.6097412109375,0.2200927734375,0.05091298371553421,0.4364781379699707
higgs_public,NLL_OOD,Cov90_OOD,0.12,0.05,0.1,0.2,0.4,0.5,2.0,0.85,3.2778522968292236,254.64334106445312,3.986053943634033,0.7082016468048096,251.3654887676239,0.6563720703125,0.623046875,0.2200927734375,0.021304938942193985,0.6891570091247559
higgs_public,NLL_OOD,Cov90_OOD,0.12,0.05,0.2,0.0,0.4,0.25,1.0,-1.0,3.2778522968292236,254.64334106445312,4.334842681884766,1.056990385055542,251.3654887676239,0.6563720703125,0.61376953125,0.2200927734375,0.44661614298820496,0.326383501291275
higgs_public,NLL_OOD,Cov90_OOD,0.12,0.05,0.1,0.1,0.4,0.5,1.0,-1.0,3.2778522968292236,254.64334106445312,3.6788132190704346,0.40096092224121094,251.3654887676239,0.6563720703125,0.625244140625,0.2200927734375,0.3676370084285736,0.4364781379699707
higgs_public,NLL_OOD,Cov90_OOD,0.12,0.05,0.1,0.1,0.4,0.5,1.0,0.85,3.2778522968292236,254.64334106445312,3.9637675285339355,0.6859152317047119,251.3654887676239,0.6563720703125,0.625732421875,0.2200927734375,0.10943982005119324,0.4364781379699707
higgs_public,NLL_OOD,Cov90_OOD,0.12,0.05,0.2,0.0,0.4,0.25,1.0,0.85,3.2778522968292236,254.64334106445312,4.592607021331787,1.3147547245025635,251.3654887676239,0.6563720703125,0.6029052734375,0.2200927734375,0.13731099665164948,0.326383501291275
higgs_public,NLL_OOD,Cov90_OOD,0.12,0.05,0.2,0.0,0.4,0.25,2.0,-1.0,3.2778522968292236,254.64334106445312,4.432660102844238,1.1548078060150146,251.3654887676239,0.6563720703125,0.6104736328125,0.2200927734375,0.31005579233169556,0.326383501291275
higgs_public,NLL_OOD,Cov90_OOD,0.12,0.05,0.1,0.1,0.4,0.5,2.0,-1.0,3.2778522968292236,254.64334106445312,3.807828664779663,0.5299763679504395,251.3654887676239,0.6563720703125,0.62353515625,0.2200927734375,0.24915175139904022,0.4364781379699707
higgs_public,NLL_OOD,Cov90_OOD,0.12,0.05,0.2,0.0,0.4,0.25,2.0,0.85,3.2778522968292236,254.64334106445312,4.626644611358643,1.348792314529419,251.3654887676239,0.6563720703125,0.609375,0.2200927734375,0.06332620233297348,0.326383501291275
higgs_public,NLL_OOD,Cov90_OOD,0.12,0.05,0.1,0.1,0.4,0.5,2.0,0.85,3.2778522968292236,254.64334106445312,4.0105791091918945,0.7327268123626709,251.3654887676239,0.6563720703125,0.6201171875,0.2200927734375,0.05091298371553421,0.4364781379699707
higgs_public,NLL_OOD,Cov90_OOD,0.12,0.05,0.2,0.0,0.4,0.5,1.0,-1.0,3.2778522968292236,254.64334106445312,3.874887466430664,0.5970351696014404,251.3654887676239,0.6563720703125,0.613037109375,0.2200927734375,0.44661614298820496,0.326383501291275
higgs_public,NLL_OOD,Cov90_OOD,0.12,0.05,0.1,0.2,0.4,0.25,1.0,-1.0,3.2778522968292236,254.64334106445312,3.97686767578125,0.6990153789520264,251.3654887676239,0.6563720703125,0.6065673828125,0.2200927734375,0.25742852687835693,0.6891570091247559
higgs_public,NLL_OOD,Cov90_OOD,0.12,0.05,0.2,0.0,0.4,0.5,1.0,0.85,3.2778522968292236,254.64334106445312,4.243352890014648,0.9655005931854248,251.3654887676239,0.6563720703125,0.610107421875,0.2200927734375,0.13731099665164948,0.326383501291275
higgs_public,NLL_OOD,Cov90_OOD,0.12,0.05,0.1,0.2,0.4,0.25,1.0,0.85,3.2778522968292236,254.64334106445312,4.171758651733398,0.8939063549041748,251.3654887676239,0.6563720703125,0.61962890625,0.2200927734375,0.054522499442100525,0.6891570091247559
higgs_public,NLL_OOD,Cov90_OOD,0.12,0.05,0.2,0.0,0.4,0.5,2.0,-1.0,3.2778522968292236,254.64334106445312,4.000799655914307,0.722947359085083,251.3654887676239,0.6563720703125,0.6116943359375,0.2200927734375,0.31005579233169556,0.326383501291275
higgs_public,NLL_OOD,Cov90_OOD,0.12,0.05,0.1,0.2,0.4,0.25,2.0,-1.0,3.2778522968292236,254.64334106445312,4.127556800842285,0.8497045040130615,251.3654887676239,0.6563720703125,0.6031494140625,0.2200927734375,0.15935444831848145,0.6891570091247559
higgs_public,NLL_OOD,Cov90_OOD,0.12,0.05,0.2,0.0,0.4,0.5,2.0,0.85,3.2778522968292236,254.64334106445312,4.161618709564209,0.8837664127349854,251.3654887676239,0.6563720703125,0.6187744140625,0.2200927734375,0.06332620233297348,0.326383501291275
higgs_public,NLL_OOD,Cov90_OOD,0.12,0.05,0.1,0.2,0.4,0.25,2.0,0.85,3.2778522968292236,254.64334106445312,4.241271018981934,0.96341872215271,251.3654887676239,0.6563720703125,0.6358642578125,0.2200927734375,0.021304938942193985,0.6891570091247559
higgs_public,NLL_OOD,Cov90_OOD,0.12,0.05,0.2,0.1,0.4,0.25,1.0,-1.0,3.2778522968292236,254.64334106445312,3.994826316833496,0.7169740200042725,251.3654887676239,0.6563720703125,0.6015625,0.2200927734375,0.3251212239265442,0.5021302103996277
higgs_public,NLL_OOD,Cov90_OOD,0.12,0.05,0.1,0.2,0.4,0.5,1.0,-1.0,3.2778522968292236,254.64334106445312,3.607295274734497,0.32944297790527344,251.3654887676239,0.6563720703125,0.61376953125,0.2200927734375,0.25742852687835693,0.6891570091247559
higgs_public,NLL_OOD,Cov90_OOD,0.12,0.05,0.2,0.1,0.4,0.25,1.0,0.85,3.2778522968292236,254.64334106445312,4.38798189163208,1.1101295948028564,251.3654887676239,0.6563720703125,0.5975341796875,0.2200927734375,0.06956668943166733,0.5021302103996277
higgs_public,NLL_OOD,Cov90_OOD,0.12,0.05,0.1,0.2,0.4,0.5,1.0,0.85,3.2778522968292236,254.64334106445312,3.953439235687256,0.6755869388580322,251.3654887676239,0.6563720703125,0.618408203125,0.2200927734375,0.054522499442100525,0.6891570091247559
higgs_public,NLL_OOD,Cov90_OOD,0.12,0.05,0.2,0.1,0.4,0.25,2.0,-1.0,3.2778522968292236,254.64334106445312,4.176194190979004,0.8983418941497803,251.3654887676239,0.6563720703125,0.59716796875,0.2200927734375,0.2042904794216156,0.5021302103996277
higgs_public,NLL_OOD,Cov90_OOD,0.12,0.05,0.1,0.2,0.4,0.5,2.0,-1.0,3.2778522968292236,254.64334106445312,3.7617015838623047,0.48384928703308105,251.3654887676239,0.6563720703125,0.610595703125,0.2200927734375,0.15935444831848145,0.6891570091247559
higgs_public,NLL_OOD,Cov90_OOD,0.12,0.05,0.2,0.1,0.4,0.25,2.0,0.85,3.2778522968292236,254.64334106445312,4.299835205078125,1.0219829082489014,251.3654887676239,0.6563720703125,0.609619140625,0.2200927734375,0.02698296681046486,0.5021302103996277
higgs_public,NLL_OOD,Cov90_OOD,0.12,0.05,0.1,0.2,0.4,0.5,2.0,0.85,3.2778522968292236,254.64334106445312,3.986053943634033,0.7082016468048096,251.3654887676239,0.6563720703125,0.623046875,0.2200927734375,0.021304938942193985,0.6891570091247559
higgs_public,NLL_OOD,Cov90_OOD,0.12,0.05,0.2,0.1,0.4,0.5,1.0,-1.0,3.2778522968292236,254.64334106445312,3.6441709995269775,0.3663187026977539,251.3654887676239,0.6563720703125,0.6104736328125,0.2200927734375,0.3251212239265442,0.5021302103996277
higgs_public,NLL_OOD,Cov90_OOD,0.12,0.05,0.2,0.0,0.4,0.25,1.0,-1.0,3.2778522968292236,254.64334106445312,4.334842681884766,1.056990385055542,251.3654887676239,0.6563720703125,0.61376953125,0.2200927734375,0.44661614298820496,0.326383501291275
higgs_public,NLL_OOD,Cov90_OOD,0.12,0.05,0.2,0.1,0.4,0.5,1.0,0.85,3.2778522968292236,254.64334106445312,4.057912349700928,0.7800600528717041,251.3654887676239,0.6563720703125,0.6123046875,0.2200927734375,0.06956668943166733,0.5021302103996277
higgs_public,NLL_OOD,Cov90_OOD,0.12,0.05,0.2,0.0,0.4,0.25,1.0,0.85,3.2778522968292236,254.64334106445312,4.592607021331787,1.3147547245025635,251.3654887676239,0.6563720703125,0.6029052734375,0.2200927734375,0.13731099665164948,0.326383501291275
higgs_public,NLL_OOD,Cov90_OOD,0.12,0.05,0.2,0.1,0.4,0.5,2.0,-1.0,3.2778522968292236,254.64334106445312,3.8212218284606934,0.5433695316314697,251.3654887676239,0.6563720703125,0.6070556640625,0.2200927734375,0.2042904794216156,0.5021302103996277
higgs_public,NLL_OOD,Cov90_OOD,0.12,0.05,0.2,0.0,0.4,0.25,2.0,-1.0,3.2778522968292236,254.64334106445312,4.432660102844238,1.1548078060150146,251.3654887676239,0.6563720703125,0.6104736328125,0.2200927734375,0.31005579233169556,0.326383501291275
higgs_public,NLL_OOD,Cov90_OOD,0.12,0.05,0.2,0.1,0.4,0.5,2.0,0.85,3.2778522968292236,254.64334106445312,4.005957126617432,0.728104829788208,251.3654887676239,0.6563720703125,0.6231689453125,0.2200927734375,0.02698296681046486,0.5021302103996277
higgs_public,NLL_OOD,Cov90_OOD,0.12,0.05,0.2,0.0,0.4,0.25,2.0,0.85,3.2778522968292236,254.64334106445312,4.626644611358643,1.348792314529419,251.3654887676239,0.6563720703125,0.609375,0.2200927734375,0.06332620233297348,0.326383501291275
higgs_public,NLL_OOD,Cov90_OOD,0.12,0.05,0.2,0.0,0.4,0.5,1.0,-1.0,3.2778522968292236,254.64334106445312,3.874887466430664,0.5970351696014404,251.3654887676239,0.6563720703125,0.613037109375,0.2200927734375,0.44661614298820496,0.326383501291275
higgs_public,NLL_OOD,Cov90_OOD,0.12,0.05,0.2,0.2,0.4,0.25,1.0,-1.0,3.2778522968292236,254.64334106445312,4.01881742477417,0.7409651279449463,251.3654887676239,0.6563720703125,0.59521484375,0.2200927734375,0.250225692987442,0.6620259284973145
higgs_public,NLL_OOD,Cov90_OOD,0.12,0.05,0.2,0.0,0.4,0.5,1.0,0.85,3.2778522968292236,254.64334106445312,4.243352890014648,0.9655005931854248,251.3654887676239,0.6563720703125,0.610107421875,0.2200927734375,0.13731099665164948,0.326383501291275
higgs_public,NLL_OOD,Cov90_OOD,0.12,0.05,0.2,0.2,0.4,0.25,1.0,0.85,3.2778522968292236,254.64334106445312,4.420767784118652,1.1429154872894287,251.3654887676239,0.6563720703125,0.5850830078125,0.2200927734375,0.038088731467723846,0.6620259284973145
higgs_public,NLL_OOD,Cov90_OOD,0.12,0.05,0.2,0.0,0.4,0.5,2.0,-1.0,3.2778522968292236,254.64334106445312,4.000799655914307,0.722947359085083,251.3654887676239,0.6563720703125,0.6116943359375,0.2200927734375,0.31005579233169556,0.326383501291275
higgs_public,NLL_OOD,Cov90_OOD,0.12,0.05,0.2,0.2,0.4,0.25,2.0,-1.0,3.2778522968292236,254.64334106445312,4.174412727355957,0.8965604305267334,251.3654887676239,0.6563720703125,0.5926513671875,0.2200927734375,0.14499017596244812,0.6620259284973145
higgs_public,NLL_OOD,Cov90_OOD,0.12,0.05,0.2,0.0,0.4,0.5,2.0,0.85,3.2778522968292236,254.64334106445312,4.161618709564209,0.8837664127349854,251.3654887676239,0.6563720703125,0.6187744140625,0.2200927734375,0.06332620233297348,0.326383501291275
higgs_public,NLL_OOD,Cov90_OOD,0.12,0.05,0.2,0.2,0.4,0.25,2.0,0.85,3.2778522968292236,254.64334106445312,4.128635883331299,0.8507835865020752,251.3654887676239,0.6563720703125,0.6236572265625,0.2200927734375,0.013396188616752625,0.6620259284973145
higgs_public,NLL_OOD,Cov90_OOD,0.12,0.05,0.2,0.1,0.4,0.25,1.0,-1.0,3.2778522968292236,254.64334106445312,3.994826316833496,0.7169740200042725,251.3654887676239,0.6563720703125,0.6015625,0.2200927734375,0.3251212239265442,0.5021302103996277
higgs_public,NLL_OOD,Cov90_OOD,0.12,0.05,0.2,0.2,0.4,0.5,1.0,-1.0,3.2778522968292236,254.64334106445312,3.6507272720336914,0.3728749752044678,251.3654887676239,0.6563720703125,0.6007080078125,0.2200927734375,0.250225692987442,0.6620259284973145
higgs_public,NLL_OOD,Cov90_OOD,0.12,0.05,0.2,0.1,0.4,0.25,1.0,0.85,3.2778522968292236,254.64334106445312,4.38798189163208,1.1101295948028564,251.3654887676239,0.6563720703125,0.5975341796875,0.2200927734375,0.06956668943166733,0.5021302103996277
higgs_public,NLL_OOD,Cov90_OOD,0.12,0.05,0.2,0.2,0.4,0.5,1.0,0.85,3.2778522968292236,254.64334106445312,4.110986709594727,0.8331344127655029,251.3654887676239,0.6563720703125,0.59765625,0.2200927734375,0.038088731467723846,0.6620259284973145
higgs_public,NLL_OOD,Cov90_OOD,0.12,0.05,0.2,0.1,0.4,0.25,2.0,-1.0,3.2778522968292236,254.64334106445312,4.176194190979004,0.8983418941497803,251.3654887676239,0.6563720703125,0.59716796875,0.2200927734375,0.2042904794216156,0.5021302103996277
higgs_public,NLL_OOD,Cov90_OOD,0.12,0.05,0.2,0.2,0.4,0.5,2.0,-1.0,3.2778522968292236,254.64334106445312,3.853334903717041,0.5754826068878174,251.3654887676239,0.6563720703125,0.595947265625,0.2200927734375,0.14499017596244812,0.6620259284973145
higgs_public,NLL_OOD,Cov90_OOD,0.12,0.05,0.2,0.1,0.4,0.25,2.0,0.85,3.2778522968292236,254.64334106445312,4.299835205078125,1.0219829082489014,251.3654887676239,0.6563720703125,0.609619140625,0.2200927734375,0.02698296681046486,0.5021302103996277
higgs_public,NLL_OOD,Cov90_OOD,0.12,0.05,0.2,0.2,0.4,0.5,2.0,0.85,3.2778522968292236,254.64334106445312,3.974687099456787,0.6968348026275635,251.3654887676239,0.6563720703125,0.614013671875,0.2200927734375,0.013396188616752625,0.6620259284973145
higgs_public,NLL_OOD,Cov90_OOD,0.12,0.05,0.2,0.1,0.4,0.5,1.0,-1.0,3.2778522968292236,254.64334106445312,3.6441709995269775,0.3663187026977539,251.3654887676239,0.6563720703125,0.6104736328125,0.2200927734375,0.3251212239265442,0.5021302103996277
higgs_public,NLL_OOD,Cov90_OOD,0.12,0.1,0.0,0.0,0.4,0.25,1.0,-1.0,3.2778522968292236,254.64334106445312,4.251884460449219,0.9740321636199951,251.3654887676239,0.6563720703125,0.6378173828125,0.2200927734375,0.7784748673439026,0.04221619293093681
higgs_public,NLL_OOD,Cov90_OOD,0.12,0.1,0.0,0.0,0.4,0.25,1.0,0.85,3.2778522968292236,254.64334106445312,4.2407402992248535,0.9628880023956299,251.3654887676239,0.6563720703125,0.6351318359375,0.2200927734375,0.5089439749717712,0.04221619293093681
higgs_public,NLL_OOD,Cov90_OOD,0.12,0.05,0.2,0.1,0.4,0.5,1.0,0.85,3.2778522968292236,254.64334106445312,4.057912349700928,0.7800600528717041,251.3654887676239,0.6563720703125,0.6123046875,0.2200927734375,0.06956668943166733,0.5021302103996277
higgs_public,NLL_OOD,Cov90_OOD,0.12,0.1,0.0,0.0,0.4,0.25,2.0,-1.0,3.2778522968292236,254.64334106445312,4.213992118835449,0.9361398220062256,251.3654887676239,0.6563720703125,0.6380615234375,0.2200927734375,0.6616530418395996,0.04221619293093681
higgs_public,NLL_OOD,Cov90_OOD,0.12,0.05,0.2,0.1,0.4,0.5,2.0,-1.0,3.2778522968292236,254.64334106445312,3.8212218284606934,0.5433695316314697,251.3654887676239,0.6563720703125,0.6070556640625,0.2200927734375,0.2042904794216156,0.5021302103996277
higgs_public,NLL_OOD,Cov90_OOD,0.12,0.1,0.0,0.0,0.4,0.25,2.0,0.85,3.2778522968292236,254.64334106445312,4.2655134201049805,0.9876611232757568,251.3654887676239,0.6563720703125,0.634765625,0.2200927734375,0.3421025574207306,0.04221619293093681
higgs_public,NLL_OOD,Cov90_OOD,0.12,0.05,0.2,0.1,0.4,0.5,2.0,0.85,3.2778522968292236,254.64334106445312,4.005957126617432,0.728104829788208,251.3654887676239,0.6563720703125,0.6231689453125,0.2200927734375,0.02698296681046486,0.5021302103996277
higgs_public,NLL_OOD,Cov90_OOD,0.12,0.1,0.0,0.0,0.4,0.5,1.0,-1.0,3.2778522968292236,254.64334106445312,3.9231274127960205,0.6452751159667969,251.3654887676239,0.6563720703125,0.648193359375,0.2200927734375,0.7784748673439026,0.04221619293093681
higgs_public,NLL_OOD,Cov90_OOD,0.12,0.05,0.2,0.2,0.4,0.25,1.0,-1.0,3.2778522968292236,254.64334106445312,4.01881742477417,0.7409651279449463,251.3654887676239,0.6563720703125,0.59521484375,0.2200927734375,0.250225692987442,0.6620259284973145
higgs_public,NLL_OOD,Cov90_OOD,0.12,0.1,0.0,0.0,0.4,0.5,1.0,0.85,3.2778522968292236,254.64334106445312,3.9659740924835205,0.6881217956542969,251.3654887676239,0.6563720703125,0.646728515625,0.2200927734375,0.5089439749717712,0.04221619293093681
higgs_public,NLL_OOD,Cov90_OOD,0.12,0.05,0.2,0.2,0.4,0.25,1.0,0.85,3.2778522968292236,254.64334106445312,4.420767784118652,1.1429154872894287,251.3654887676239,0.6563720703125,0.5850830078125,0.2200927734375,0.038088731467723846,0.6620259284973145
higgs_public,NLL_OOD,Cov90_OOD,0.12,0.1,0.0,0.0,0.4,0.5,2.0,-1.0,3.2778522968292236,254.64334106445312,3.9694032669067383,0.6915509700775146,251.3654887676239,0.6563720703125,0.647216796875,0.2200927734375,0.6616530418395996,0.04221619293093681
higgs_public,NLL_OOD,Cov90_OOD,0.12,0.05,0.2,0.2,0.4,0.25,2.0,-1.0,3.2778522968292236,254.64334106445312,4.174412727355957,0.8965604305267334,251.3654887676239,0.6563720703125,0.5926513671875,0.2200927734375,0.14499017596244812,0.6620259284973145
higgs_public,NLL_OOD,Cov90_OOD,0.12,0.1,0.0,0.0,0.4,0.5,2.0,0.85,3.2778522968292236,254.64334106445312,4.020757675170898,0.7429053783416748,251.3654887676239,0.6563720703125,0.641845703125,0.2200927734375,0.3421025574207306,0.04221619293093681
higgs_public,NLL_OOD,Cov90_OOD,0.12,0.05,0.2,0.2,0.4,0.25,2.0,0.85,3.2778522968292236,254.64334106445312,4.128635883331299,0.8507835865020752,251.3654887676239,0.6563720703125,0.6236572265625,0.2200927734375,0.013396188616752625,0.6620259284973145
higgs_public,NLL_OOD,Cov90_OOD,0.12,0.1,0.0,0.1,0.4,0.25,1.0,-1.0,3.2778522968292236,254.64334106445312,4.164858818054199,0.8870065212249756,251.3654887676239,0.6563720703125,0.6298828125,0.2200927734375,0.4037398099899292,0.3949587345123291
higgs_public,NLL_OOD,Cov90_OOD,0.12,0.05,0.2,0.2,0.4,0.5,1.0,-1.0,3.2778522968292236,254.64334106445312,3.6507272720336914,0.3728749752044678,251.3654887676239,0.6563720703125,0.6007080078125,0.2200927734375,0.250225692987442,0.6620259284973145
higgs_public,NLL_OOD,Cov90_OOD,0.12,0.1,0.0,0.1,0.4,0.25,1.0,0.85,3.2778522968292236,254.64334106445312,4.438752174377441,1.1608998775482178,251.3654887676239,0.6563720703125,0.630126953125,0.2200927734375,0.14712223410606384,0.3949587345123291
higgs_public,NLL_OOD,Cov90_OOD,0.12,0.05,0.2,0.2,0.4,0.5,1.0,0.85,3.2778522968292236,254.64334106445312,4.110986709594727,0.8331344127655029,251.3654887676239,0.6563720703125,0.59765625,0.2200927734375,0.038088731467723846,0.6620259284973145
higgs_public,NLL_OOD,Cov90_OOD,0.12,0.1,0.0,0.1,0.4,0.25,2.0,-1.0,3.2778522968292236,254.64334106445312,4.242639064788818,0.9647867679595947,251.3654887676239,0.6563720703125,0.6273193359375,0.2200927734375,0.2863016724586487,0.3949587345123291
higgs_public,NLL_OOD,Cov90_OOD,0.12,0.05,0.2,0.2,0.4,0.5,2.0,-1.0,3.2778522968292236,254.64334106445312,3.853334903717041,0.5754826068878174,251.3654887676239,0.6563720703125,0.595947265625,0.2200927734375,0.14499017596244812,0.6620259284973145
higgs_public,NLL_OOD,Cov90_OOD,0.12,0.1,0.0,0.1,0.4,0.25,2.0,0.85,3.2778522968292236,254.64334106445312,4.417250633239746,1.1393983364105225,251.3654887676239,0.6563720703125,0.6337890625,0.2200927734375,0.0802592784166336,0.3949587345123291
higgs_public,NLL_OOD,Cov90_OOD,0.12,0.05,0.2,0.2,0.4,0.5,2.0,0.85,3.2778522968292236,254.64334106445312,3.974687099456787,0.6968348026275635,251.3654887676239,0.6563720703125,0.614013671875,0.2200927734375,0.013396188616752625,0.6620259284973145
higgs_public,NLL_OOD,Cov90_OOD,0.12,0.1,0.0,0.1,0.4,0.5,1.0,-1.0,3.2778522968292236,254.64334106445312,3.831738233566284,0.5538859367370605,251.3654887676239,0.6563720703125,0.6351318359375,0.2200927734375,0.4037398099899292,0.3949587345123291
higgs_public,NLL_OOD,Cov90_OOD,0.12,0.1,0.0,0.0,0.4,0.25,1.0,-1.0,3.2778522968292236,254.64334106445312,4.251884460449219,0.9740321636199951,251.3654887676239,0.6563720703125,0.6378173828125,0.2200927734375,0.7784748673439026,0.04221619293093681
higgs_public,NLL_OOD,Cov90_OOD,0.12,0.1,0.0,0.1,0.4,0.5,1.0,0.85,3.2778522968292236,254.64334106445312,4.140570640563965,0.8627183437347412,251.3654887676239,0.6563720703125,0.629638671875,0.2200927734375,0.14712223410606384,0.3949587345123291
higgs_public,NLL_OOD,Cov90_OOD,0.12,0.1,0.0,0.0,0.4,0.25,1.0,0.85,3.2778522968292236,254.64334106445312,4.2407402992248535,0.9628880023956299,251.3654887676239,0.6563720703125,0.6351318359375,0.2200927734375,0.5089439749717712,0.04221619293093681
higgs_public,NLL_OOD,Cov90_OOD,0.12,0.1,0.0,0.1,0.4,0.5,2.0,-1.0,3.2778522968292236,254.64334106445312,3.9050614833831787,0.6272091865539551,251.3654887676239,0.6563720703125,0.6318359375,0.2200927734375,0.2863016724586487,0.3949587345123291
higgs_public,NLL_OOD,Cov90_OOD,0.12,0.1,0.0,0.0,0.4,0.25,2.0,-1.0,3.2778522968292236,254.64334106445312,4.213992118835449,0.9361398220062256,251.3654887676239,0.6563720703125,0.6380615234375,0.2200927734375,0.6616530418395996,0.04221619293093681
higgs_public,NLL_OOD,Cov90_OOD,0.12,0.1,0.0,0.1,0.4,0.5,2.0,0.85,3.2778522968292236,254.64334106445312,4.194002151489258,0.9161498546600342,251.3654887676239,0.6563720703125,0.6331787109375,0.2200927734375,0.0802592784166336,0.3949587345123291
higgs_public,NLL_OOD,Cov90_OOD,0.12,0.1,0.0,0.0,0.4,0.25,2.0,0.85,3.2778522968292236,254.64334106445312,4.2655134201049805,0.9876611232757568,251.3654887676239,0.6563720703125,0.634765625,0.2200927734375,0.3421025574207306,0.04221619293093681
higgs_public,NLL_OOD,Cov90_OOD,0.12,0.1,0.0,0.2,0.4,0.25,1.0,-1.0,3.2778522968292236,254.64334106445312,4.032486915588379,0.7546346187591553,251.3654887676239,0.6563720703125,0.6220703125,0.2200927734375,0.2547873556613922,0.7322065234184265
higgs_public,NLL_OOD,Cov90_OOD,0.12,0.1,0.0,0.0,0.4,0.5,1.0,-1.0,3.2778522968292236,254.64334106445312,3.9231274127960205,0.6452751159667969,251.3654887676239,0.6563720703125,0.648193359375,0.2200927734375,0.7784748673439026,0.04221619293093681
higgs_public,NLL_OOD,Cov90_OOD,0.12,0.1,0.0,0.2,0.4,0.25,1.0,0.85,3.2778522968292236,254.64334106445312,4.493849754333496,1.2159974575042725,251.3654887676239,0.6563720703125,0.621826171875,0.2200927734375,0.06310668587684631,0.7322065234184265
higgs_public,NLL_OOD,Cov90_OOD,0.12,0.1,0.0,0.0,0.4,0.5,1.0,0.85,3.2778522968292236,254.64334106445312,3.9659740924835205,0.6881217956542969,251.3654887676239,0.6563720703125,0.646728515625,0.2200927734375,0.5089439749717712,0.04221619293093681
higgs_public,NLL_OOD,Cov90_OOD,0.12,0.1,0.0,0.2,0.4,0.25,2.0,-1.0,3.2778522968292236,254.64334106445312,4.1592302322387695,0.8813779354095459,251.3654887676239,0.6563720703125,0.618896484375,0.2200927734375,0.16263222694396973,0.7322065234184265
higgs_public,NLL_OOD,Cov90_OOD,0.12,0.1,0.0,0.0,0.4,0.5,2.0,-1.0,3.2778522968292236,254.64334106445312,3.9694032669067383,0.6915509700775146,251.3654887676239,0.6563720703125,0.647216796875,0.2200927734375,0.6616530418395996,0.04221619293093681
higgs_public,NLL_OOD,Cov90_OOD,0.12,0.1,0.0,0.2,0.4,0.25,2.0,0.85,3.2778522968292236,254.64334106445312,4.371543884277344,1.0936915874481201,251.3654887676239,0.6563720703125,0.635009765625,0.2200927734375,0.02867656573653221,0.7322065234184265
higgs_public,NLL_OOD,Cov90_OOD,0.12,0.1,0.0,0.0,0.4,0.5,2.0,0.85,3.2778522968292236,254.64334106445312,4.020757675170898,0.7429053783416748,251.3654887676239,0.6563720703125,0.641845703125,0.2200927734375,0.3421025574207306,0.04221619293093681
higgs_public,NLL_OOD,Cov90_OOD,0.12,0.1,0.0,0.2,0.4,0.5,1.0,-1.0,3.2778522968292236,254.64334106445312,3.6631460189819336,0.38529372215270996,251.3654887676239,0.6563720703125,0.6280517578125,0.2200927734375,0.2547873556613922,0.7322065234184265
higgs_public,NLL_OOD,Cov90_OOD,0.12,0.1,0.0,0.1,0.4,0.25,1.0,-1.0,3.2778522968292236,254.64334106445312,4.164858818054199,0.8870065212249756,251.3654887676239,0.6563720703125,0.6298828125,0.2200927734375,0.4037398099899292,0.3949587345123291
higgs_public,NLL_OOD,Cov90_OOD,0.12,0.1,0.0,0.2,0.4,0.5,1.0,0.85,3.2778522968292236,254.64334106445312,4.13486909866333,0.8570168018341064,251.3654887676239,0.6563720703125,0.626953125,0.2200927734375,0.06310668587684631,0.7322065234184265
higgs_public,NLL_OOD,Cov90_OOD,0.12,0.1,0.0,0.1,0.4,0.25,1.0,0.85,3.2778522968292236,254.64334106445312,4.438752174377441,1.1608998775482178,251.3654887676239,0.6563720703125,0.630126953125,0.2200927734375,0.14712223410606384,0.3949587345123291
higgs_public,NLL_OOD,Cov90_OOD,0.12,0.1,0.0,0.2,0.4,0.5,2.0,-1.0,3.2778522968292236,254.64334106445312,3.807868719100952,0.5300164222717285,251.3654887676239,0.6563720703125,0.6234130859375,0.2200927734375,0.16263222694396973,0.7322065234184265
higgs_public,NLL_OOD,Cov90_OOD,0.12,0.1,0.0,0.1,0.4,0.25,2.0,-1.0,3.2778522968292236,254.64334106445312,4.242639064788818,0.9647867679595947,251.3654887676239,0.6563720703125,0.6273193359375,0.2200927734375,0.2863016724586487,0.3949587345123291
higgs_public,NLL_OOD,Cov90_OOD,0.12,0.1,0.0,0.2,0.4,0.5,2.0,0.85,3.2778522968292236,254.64334106445312,4.076611518859863,0.7987592220306396,251.3654887676239,0.6563720703125,0.6390380859375,0.2200927734375,0.02867656573653221,0.7322065234184265
higgs_public,NLL_OOD,Cov90_OOD,0.12,0.1,0.0,0.1,0.4,0.25,2.0,0.85,3.2778522968292236,254.64334106445312,4.417250633239746,1.1393983364105225,251.3654887676239,0.6563720703125,0.6337890625,0.2200927734375,0.0802592784166336,0.3949587345123291
higgs_public,NLL_OOD,Cov90_OOD,0.12,0.1,0.1,0.0,0.4,0.25,1.0,-1.0,3.2778522968292236,254.64334106445312,4.364899635314941,1.0870473384857178,251.3654887676239,0.6563720703125,0.6322021484375,0.2200927734375,0.5334903597831726,0.1912536919116974
higgs_public,NLL_OOD,Cov90_OOD,0.12,0.1,0.0,0.1,0.4,0.5,1.0,-1.0,3.2778522968292236,254.64334106445312,3.831738233566284,0.5538859367370605,251.3654887676239,0.6563720703125,0.6351318359375,0.2200927734375,0.4037398099899292,0.3949587345123291
higgs_public,NLL_OOD,Cov90_OOD,0.12,0.1,0.1,0.0,0.4,0.25,1.0,0.85,3.2778522968292236,254.64334106445312,4.420509338378906,1.1426570415496826,251.3654887676239,0.6563720703125,0.6239013671875,0.2200927734375,0.21572554111480713,0.1912536919116974
higgs_public,NLL_OOD,Cov90_OOD,0.12,0.1,0.0,0.1,0.4,0.5,1.0,0.85,3.2778522968292236,254.64334106445312,4.140570640563965,0.8627183437347412,251.3654887676239,0.6563720703125,0.629638671875,0.2200927734375,0.14712223410606384,0.3949587345123291
higgs_public,NLL_OOD,Cov90_OOD,0.12,0.1,0.1,0.0,0.4,0.25,2.0,-1.0,3.2778522968292236,254.64334106445312,4.4020209312438965,1.1241686344146729,251.3654887676239,0.6563720703125,0.627685546875,0.2200927734375,0.3957710862159729,0.1912536919116974
higgs_public,NLL_OOD,Cov90_OOD,0.12,0.1,0.0,0.1,0.4,0.5,2.0,-1.0,3.2778522968292236,254.64334106445312,3.9050614833831787,0.6272091865539551,251.3654887676239,0.6563720703125,0.6318359375,0.2200927734375,0.2863016724586487,0.3949587345123291
higgs_public,NLL_OOD,Cov90_OOD,0.12,0.1,0.1,0.0,0.4,0.25,2.0,0.85,3.2778522968292236,254.64334106445312,4.491946220397949,1.2140939235687256,251.3654887676239,0.6563720703125,0.63037109375,0.2200927734375,0.1132245734333992,0.1912536919116974
higgs_public,NLL_OOD,Cov90_OOD,0.12,0.1,0.0,0.1,0.4,0.5,2.0,0.85,3.2778522968292236,254.64334106445312,4.194002151489258,0.9161498546600342,251.3654887676239,0.6563720703125,0.6331787109375,0.2200927734375,0.0802592784166336,0.3949587345123291
higgs_public,NLL_OOD,Cov90_OOD,0.12,0.1,0.1,0.0,0.4,0.5,1.0,-1.0,3.2778522968292236,254.64334106445312,3.883425712585449,0.6055734157562256,251.3654887676239,0.6563720703125,0.6334228515625,0.2200927734375,0.5334903597831726,0.1912536919116974
higgs_public,NLL_OOD,Cov90_OOD,0.12,0.1,0.0,0.2,0.4,0.25,1.0,-1.0,3.2778522968292236,254.64334106445312,4.032486915588379,0.7546346187591553,251.3654887676239,0.6563720703125,0.6220703125,0.2200927734375,0.2547873556613922,0.7322065234184265
higgs_public,NLL_OOD,Cov90_OOD,0.12,0.1,0.1,0.0,0.4,0.5,1.0,0.85,3.2778522968292236,254.64334106445312,4.119459629058838,0.8416073322296143,251.3654887676239,0.6563720703125,0.6337890625,0.2200927734375,0.21572554111480713,0.1912536919116974
higgs_public,NLL_OOD,Cov90_OOD,0.12,0.1,0.0,0.2,0.4,0.25,1.0,0.85,3.2778522968292236,254.64334106445312,4.493849754333496,1.2159974575042725,251.3654887676239,0.6563720703125,0.621826171875,0.2200927734375,0.06310668587684631,0.7322065234184265
higgs_public,NLL_OOD,Cov90_OOD,0.12,0.1,0.1,0.0,0.4,0.5,2.0,-1.0,3.2778522968292236,254.64334106445312,3.969850540161133,0.6919982433319092,251.3654887676239,0.6563720703125,0.63037109375,0.2200927734375,0.3957710862159729,0.1912536919116974
higgs_public,NLL_OOD,Cov90_OOD,0.12,0.1,0.0,0.2,0.4,0.25,2.0,-1.0,3.2778522968292236,254.64334106445312,4.1592302322387695,0.8813779354095459,251.3654887676239,0.6563720703125,0.618896484375,0.2200927734375,0.16263222694396973,0.7322065234184265
higgs_public,NLL_OOD,Cov90_OOD,0.12,0.1,0.1,0.0,0.4,0.5,2.0,0.85,3.2778522968292236,254.64334106445312,4.122310638427734,0.8444583415985107,251.3654887676239,0.6563720703125,0.63330078125,0.2200927734375,0.1132245734333992,0.1912536919116974
higgs_public,NLL_OOD,Cov90_OOD,0.12,0.1,0.0,0.2,0.4,0.25,2.0,0.85,3.2778522968292236,254.64334106445312,4.371543884277344,1.0936915874481201,251.3654887676239,0.6563720703125,0.635009765625,0.2200927734375,0.02867656573653221,0.7322065234184265
higgs_public,NLL_OOD,Cov90_OOD,0.12,0.1,0.1,0.1,0.4,0.25,1.0,-1.0,3.2778522968292236,254.64334106445312,3.942711591720581,0.6648592948913574,251.3654887676239,0.6563720703125,0.6221923828125,0.2200927734375,0.34132373332977295,0.45879510045051575
higgs_public,NLL_OOD,Cov90_OOD,0.12,0.1,0.0,0.2,0.4,0.5,1.0,-1.0,3.2778522968292236,254.64334106445312,3.6631460189819336,0.38529372215270996,251.3654887676239,0.6563720703125,0.6280517578125,0.2200927734375,0.2547873556613922,0.7322065234184265
higgs_public,NLL_OOD,Cov90_OOD,0.12,0.1,0.1,0.1,0.4,0.25,1.0,0.85,3.2778522968292236,254.64334106445312,4.285606384277344,1.0077540874481201,251.3654887676239,0.6563720703125,0.6162109375,0.2200927734375,0.08995825052261353,0.45879510045051575
higgs_public,NLL_OOD,Cov90_OOD,0.12,0.1,0.0,0.2,0.4,0.5,1.0,0.85,3.2778522968292236,254.64334106445312,4.13486909866333,0.8570168018341064,251.3654887676239,0.6563720703125,0.626953125,0.2200927734375,0.06310668587684631,0.7322065234184265
higgs_public,NLL_OOD,Cov90_OOD,0.12,0.1,0.1,0.1,0.4,0.25,2.0,-1.0,3.2778522968292236,254.64334106445312,4.004307270050049,0.7264549732208252,251.3654887676239,0.6563720703125,0.6185302734375,0.2200927734375,0.22480639815330505,0.45879510045051575
higgs_public,NLL_OOD,Cov90_OOD,0.12,0.1,0.0,0.2,0.4,0.5,2.0,-1.0,3.2778522968292236,254.64334106445312,3.807868719100952,0.5300164222717285,251.3654887676239,0.6563720703125,0.6234130859375,0.2200927734375,0.16263222694396973,0.7322065234184265
higgs_public,NLL_OOD,Cov90_OOD,0.12,0.1,0.1,0.1,0.4,0.25,2.0,0.85,3.2778522968292236,254.64334106445312,4.214982986450195,0.9371306896209717,251.3654887676239,0.6563720703125,0.6171875,0.2200927734375,0.040001627057790756,0.45879510045051575
higgs_public,NLL_OOD,Cov90_OOD,0.12,0.1,0.0,0.2,0.4,0.5,2.0,0.85,3.2778522968292236,254.64334106445312,4.076611518859863,0.7987592220306396,251.3654887676239,0.6563720703125,0.6390380859375,0.2200927734375,0.02867656573653221,0.7322065234184265
higgs_public,NLL_OOD,Cov90_OOD,0.12,0.1,0.1,0.1,0.4,0.5,1.0,-1.0,3.2778522968292236,254.64334106445312,3.6207001209259033,0.3428478240966797,251.3654887676239,0.6563720703125,0.629150390625,0.2200927734375,0.34132373332977295,0.45879510045051575
higgs_public,NLL_OOD,Cov90_OOD,0.12,0.1,0.1,0.0,0.4,0.25,1.0,-1.0,3.2778522968292236,254.64334106445312,4.364899635314941,1.0870473384857178,251.3654887676239,0.6563720703125,0.6322021484375,0.2200927734375,0.5334903597831726,0.1912536919116974
higgs_public,NLL_OOD,Cov90_OOD,0.12,0.1,0.1,0.1,0.4,0.5,1.0,0.85,3.2778522968292236,254.64334106445312,3.978308916091919,0.7004566192626953,251.3654887676239,0.6563720703125,0.621826171875,0.2200927734375,0.08995825052261353,0.45879510045051575
higgs_public,NLL_OOD,Cov90_OOD,0.12,0.1,0.1,0.0,0.4,0.25,1.0,0.85,3.2778522968292236,254.64334106445312,4.420509338378906,1.1426570415496826,251.3654887676239,0.6563720703125,0.6239013671875,0.2200927734375,0.21572554111480713,0.1912536919116974
higgs_public,NLL_OOD,Cov90_OOD,0.12,0.1,0.1,0.1,0.4,0.5,2.0,-1.0,3.2778522968292236,254.64334106445312,3.742954969406128,0.4651026725769043,251.3654887676239,0.6563720703125,0.6236572265625,0.2200927734375,0.22480639815330505,0.45879510045051575
higgs_public,NLL_OOD,Cov90_OOD,0.12,0.1,0.1,0.0,0.4,0.25,2.0,-1.0,3.2778522968292236,254.64334106445312,4.4020209312438965,1.1241686344146729,251.3654887676239,0.6563720703125,0.627685546875,0.2200927734375,0.3957710862159729,0.1912536919116974
higgs_public,NLL_OOD,Cov90_OOD,0.12,0.1,0.1,0.1,0.4,0.5,2.0,0.85,3.2778522968292236,254.64334106445312,3.8958253860473633,0.6179730892181396,251.3654887676239,0.6563720703125,0.6278076171875,0.2200927734375,0.040001627057790756,0.45879510045051575
higgs_public,NLL_OOD,Cov90_OOD,0.12,0.1,0.1,0.0,0.4,0.25,2.0,0.85,3.2778522968292236,254.64334106445312,4.491946220397949,1.2140939235687256,251.3654887676239,0.6563720703125,0.63037109375,0.2200927734375,0.1132245734333992,0.1912536919116974
higgs_public,NLL_OOD,Cov90_OOD,0.12,0.1,0.1,0.2,0.4,0.25,1.0,-1.0,3.2778522968292236,254.64334106445312,3.9288368225097656,0.650984525680542,251.3654887676239,0.6563720703125,0.6072998046875,0.2200927734375,0.24165195226669312,0.7081891298294067
higgs_public,NLL_OOD,Cov90_OOD,0.12,0.1,0.1,0.0,0.4,0.5,1.0,-1.0,3.2778522968292236,254.64334106445312,3.883425712585449,0.6055734157562256,251.3654887676239,0.6563720703125,0.6334228515625,0.2200927734375,0.5334903597831726,0.1912536919116974
higgs_public,NLL_OOD,Cov90_OOD,0.12,0.1,0.1,0.2,0.4,0.25,1.0,0.85,3.2778522968292236,254.64334106445312,4.18748664855957,0.9096343517303467,251.3654887676239,0.6563720703125,0.6202392578125,0.2200927734375,0.04647593945264816,0.7081891298294067
higgs_public,NLL_OOD,Cov90_OOD,0.12,0.1,0.1,0.0,0.4,0.5,1.0,0.85,3.2778522968292236,254.64334106445312,4.119459629058838,0.8416073322296143,251.3654887676239,0.6563720703125,0.6337890625,0.2200927734375,0.21572554111480713,0.1912536919116974
higgs_public,NLL_OOD,Cov90_OOD,0.12,0.1,0.1,0.2,0.4,0.25,2.0,-1.0,3.2778522968292236,254.64334106445312,4.065432071685791,0.7875797748565674,251.3654887676239,0.6563720703125,0.6070556640625,0.2200927734375,0.1461450159549713,0.7081891298294067
higgs_public,NLL_OOD,Cov90_OOD,0.12,0.1,0.1,0.0,0.4,0.5,2.0,-1.0,3.2778522968292236,254.64334106445312,3.969850540161133,0.6919982433319092,251.3654887676239,0.6563720703125,0.63037109375,0.2200927734375,0.3957710862159729,0.1912536919116974
higgs_public,NLL_OOD,Cov90_OOD,0.12,0.1,0.1,0.2,0.4,0.25,2.0,0.85,3.2778522968292236,254.64334106445312,4.129147529602051,0.8512952327728271,251.3654887676239,0.6563720703125,0.6331787109375,0.2200927734375,0.01695224456489086,0.7081891298294067
higgs_public,NLL_OOD,Cov90_OOD,0.12,0.1,0.1,0.0,0.4,0.5,2.0,0.85,3.2778522968292236,254.64334106445312,4.122310638427734,0.8444583415985107,251.3654887676239,0.6563720703125,0.63330078125,0.2200927734375,0.1132245734333992,0.1912536919116974
higgs_public,NLL_OOD,Cov90_OOD,0.12,0.1,0.1,0.2,0.4,0.5,1.0,-1.0,3.2778522968292236,254.64334106445312,3.563828468322754,0.2859761714935303,251.3654887676239,0.6563720703125,0.61767578125,0.2200927734375,0.24165195226669312,0.7081891298294067
higgs_public,NLL_OOD,Cov90_OOD,0.12,0.1,0.1,0.1,0.4,0.25,1.0,-1.0,3.2778522968292236,254.64334106445312,3.942711591720581,0.6648592948913574,251.3654887676239,0.6563720703125,0.6221923828125,0.2200927734375,0.34132373332977295,0.45879510045051575
higgs_public,NLL_OOD,Cov90_OOD,0.12,0.1,0.1,0.2,0.4,0.5,1.0,0.85,3.2778522968292236,254.64334106445312,3.848266839981079,0.5704145431518555,251.3654887676239,0.6563720703125,0.625,0.2200927734375,0.04647593945264816,0.7081891298294067
higgs_public,NLL_OOD,Cov90_OOD,0.12,0.1,0.1,0.1,0.4,0.25,1.0,0.85,3.2778522968292236,254.64334106445312,4.285606384277344,1.0077540874481201,251.3654887676239,0.6563720703125,0.6162109375,0.2200927734375,0.08995825052261353,0.45879510045051575
higgs_public,NLL_OOD,Cov90_OOD,0.12,0.1,0.1,0.2,0.4,0.5,2.0,-1.0,3.2778522968292236,254.64334106445312,3.7193658351898193,0.4415135383605957,251.3654887676239,0.6563720703125,0.61181640625,0.2200927734375,0.1461450159549713,0.7081891298294067
higgs_public,NLL_OOD,Cov90_OOD,0.12,0.1,0.1,0.1,0.4,0.25,2.0,-1.0,3.2778522968292236,254.64334106445312,4.004307270050049,0.7264549732208252,251.3654887676239,0.6563720703125,0.6185302734375,0.2200927734375,0.22480639815330505,0.45879510045051575
higgs_public,NLL_OOD,Cov90_OOD,0.12,0.1,0.1,0.2,0.4,0.5,2.0,0.85,3.2778522968292236,254.64334106445312,3.996100902557373,0.7182486057281494,251.3654887676239,0.6563720703125,0.62255859375,0.2200927734375,0.01695224456489086,0.7081891298294067
higgs_public,NLL_OOD,Cov90_OOD,0.12,0.1,0.1,0.1,0.4,0.25,2.0,0.85,3.2778522968292236,254.64334106445312,4.214982986450195,0.9371306896209717,251.3654887676239,0.6563720703125,0.6171875,0.2200927734375,0.040001627057790756,0.45879510045051575
higgs_public,NLL_OOD,Cov90_OOD,0.12,0.1,0.2,0.0,0.4,0.25,1.0,-1.0,3.2778522968292236,254.64334106445312,4.322160720825195,1.0443084239959717,251.3654887676239,0.6563720703125,0.6168212890625,0.2200927734375,0.4181094169616699,0.3415980935096741
higgs_public,NLL_OOD,Cov90_OOD,0.12,0.1,0.1,0.1,0.4,0.5,1.0,-1.0,3.2778522968292236,254.64334106445312,3.6207001209259033,0.3428478240966797,251.3654887676239,0.6563720703125,0.629150390625,0.2200927734375,0.34132373332977295,0.45879510045051575
higgs_public,NLL_OOD,Cov90_OOD,0.12,0.1,0.2,0.0,0.4,0.25,1.0,0.85,3.2778522968292236,254.64334106445312,4.559444427490234,1.2815921306610107,251.3654887676239,0.6563720703125,0.608642578125,0.2200927734375,0.11491252481937408,0.3415980935096741
higgs_public,NLL_OOD,Cov90_OOD,0.12,0.1,0.1,0.1,0.4,0.5,1.0,0.85,3.2778522968292236,254.64334106445312,3.978308916091919,0.7004566192626953,251.3654887676239,0.6563720703125,0.621826171875,0.2200927734375,0.08995825052261353,0.45879510045051575
higgs_public,NLL_OOD,Cov90_OOD,0.12,0.1,0.2,0.0,0.4,0.25,2.0,-1.0,3.2778522968292236,254.64334106445312,4.430543422698975,1.152691125869751,251.3654887676239,0.6563720703125,0.61376953125,0.2200927734375,0.28196412324905396,0.3415980935096741
higgs_public,NLL_OOD,Cov90_OOD,0.12,0.1,0.1,0.1,0.4,0.5,2.0,-1.0,3.2778522968292236,254.64334106445312,3.742954969406128,0.4651026725769043,251.3654887676239,0.6563720703125,0.6236572265625,0.2200927734375,0.22480639815330505,0.45879510045051575
higgs_public,NLL_OOD,Cov90_OOD,0.12,0.1,0.2,0.0,0.4,0.25,2.0,0.85,3.2778522968292236,254.64334106445312,4.500563621520996,1.2227113246917725,251.3654887676239,0.6563720703125,0.609130859375,0.2200927734375,0.05181794613599777,0.3415980935096741
higgs_public,NLL_OOD,Cov90_OOD,0.12,0.1,0.1,0.1,0.4,0.5,2.0,0.85,3.2778522968292236,254.64334106445312,3.8958253860473633,0.6179730892181396,251.3654887676239,0.6563720703125,0.6278076171875,0.2200927734375,0.040001627057790756,0.45879510045051575
higgs_public,NLL_OOD,Cov90_OOD,0.12,0.1,0.2,0.0,0.4,0.5,1.0,-1.0,3.2778522968292236,254.64334106445312,3.843531608581543,0.5656793117523193,251.3654887676239,0.6563720703125,0.61669921875,0.2200927734375,0.4181094169616699,0.3415980935096741
higgs_public,NLL_OOD,Cov90_OOD,0.12,0.1,0.1,0.2,0.4,0.25,1.0,-1.0,3.2778522968292236,254.64334106445312,3.9288368225097656,0.650984525680542,251.3654887676239,0.6563720703125,0.6072998046875,0.2200927734375,0.24165195226669312,0.7081891298294067
higgs_public,NLL_OOD,Cov90_OOD,0.12,0.1,0.2,0.0,0.4,0.5,1.0,0.85,3.2778522968292236,254.64334106445312,4.162641525268555,0.884789228439331,251.3654887676239,0.6563720703125,0.615966796875,0.2200927734375,0.11491252481937408,0.3415980935096741
higgs_public,NLL_OOD,Cov90_OOD,0.12,0.1,0.1,0.2,0.4,0.25,1.0,0.85,3.2778522968292236,254.64334106445312,4.18748664855957,0.9096343517303467,251.3654887676239,0.6563720703125,0.6202392578125,0.2200927734375,0.04647593945264816,0.7081891298294067
higgs_public,NLL_OOD,Cov90_OOD,0.12,0.1,0.2,0.0,0.4,0.5,2.0,-1.0,3.2778522968292236,254.64334106445312,3.9921083450317383,0.7142560482025146,251.3654887676239,0.6563720703125,0.6143798828125,0.2200927734375,0.28196412324905396,0.3415980935096741
higgs_public,NLL_OOD,Cov90_OOD,0.12,0.1,0.1,0.2,0.4,0.25,2.0,-1.0,3.2778522968292236,254.64334106445312,4.065432071685791,0.7875797748565674,251.3654887676239,0.6563720703125,0.6070556640625,0.2200927734375,0.1461450159549713,0.7081891298294067
higgs_public,NLL_OOD,Cov90_OOD,0.12,0.1,0.2,0.0,0.4,0.5,2.0,0.85,3.2778522968292236,254.64334106445312,4.196685791015625,0.9188334941864014,251.3654887676239,0.6563720703125,0.6160888671875,0.2200927734375,0.05181794613599777,0.3415980935096741
higgs_public,NLL_OOD,Cov90_OOD,0.12,0.1,0.1,0.2,0.4,0.25,2.0,0.85,3.2778522968292236,254.64334106445312,4.129147529602051,0.8512952327728271,251.3654887676239,0.6563720703125,0.6331787109375,0.2200927734375,0.01695224456489086,0.7081891298294067
higgs_public,NLL_OOD,Cov90_OOD,0.12,0.1,0.2,0.1,0.4,0.25,1.0,-1.0,3.2778522968292236,254.64334106445312,4.006957530975342,0.7291052341461182,251.3654887676239,0.6563720703125,0.6016845703125,0.2200927734375,0.30676254630088806,0.5174785852432251
higgs_public,NLL_OOD,Cov90_OOD,0.12,0.1,0.1,0.2,0.4,0.5,1.0,-1.0,3.2778522968292236,254.64334106445312,3.563828468322754,0.2859761714935303,251.3654887676239,0.6563720703125,0.61767578125,0.2200927734375,0.24165195226669312,0.7081891298294067
higgs_public,NLL_OOD,Cov90_OOD,0.12,0.1,0.2,0.1,0.4,0.25,1.0,0.85,3.2778522968292236,254.64334106445312,4.257923126220703,0.9800708293914795,251.3654887676239,0.6563720703125,0.6005859375,0.2200927734375,0.06036784499883652,0.5174785852432251
higgs_public,NLL_OOD,Cov90_OOD,0.12,0.1,0.1,0.2,0.4,0.5,1.0,0.85,3.2778522968292236,254.64334106445312,3.848266839981079,0.5704145431518555,251.3654887676239,0.6563720703125,0.625,0.2200927734375,0.04647593945264816,0.7081891298294067
higgs_public,NLL_OOD,Cov90_OOD,0.12,0.1,0.2,0.1,0.4,0.25,2.0,-1.0,3.2778522968292236,254.64334106445312,4.157982349395752,0.8801300525665283,251.3654887676239,0.6563720703125,0.59765625,0.2200927734375,0.18842987716197968,0.5174785852432251
higgs_public,NLL_OOD,Cov90_OOD,0.12,0.1,0.1,0.2,0.4,0.5,2.0,-1.0,3.2778522968292236,254.64334106445312,3.7193658351898193,0.4415135383605957,251.3654887676239,0.6563720703125,0.61181640625,0.2200927734375,0.1461450159549713,0.7081891298294067
higgs_public,NLL_OOD,Cov90_OOD,0.12,0.1,0.2,0.1,0.4,0.25,2.0,0.85,3.2778522968292236,254.64334106445312,4.257308483123779,0.9794561862945557,251.3654887676239,0.6563720703125,0.6103515625,0.2200927734375,0.023243647068738937,0.5174785852432251
higgs_public,NLL_OOD,Cov90_OOD,0.12,0.1,0.1,0.2,0.4,0.5,2.0,0.85,3.2778522968292236,254.64334106445312,3.996100902557373,0.7182486057281494,251.3654887676239,0.6563720703125,0.62255859375,0.2200927734375,0.01695224456489086,0.7081891298294067
higgs_public,NLL_OOD,Cov90_OOD,0.12,0.1,0.2,0.1,0.4,0.5,1.0,-1.0,3.2778522968292236,254.64334106445312,3.6154537200927734,0.3376014232635498,251.3654887676239,0.6563720703125,0.6129150390625,0.2200927734375,0.30676254630088806,0.5174785852432251
higgs_public,NLL_OOD,Cov90_OOD,0.12,0.1,0.2,0.0,0.4,0.25,1.0,-1.0,3.2778522968292236,254.64334106445312,4.322160720825195,1.0443084239959717,251.3654887676239,0.6563720703125,0.6168212890625,0.2200927734375,0.4181094169616699,0.3415980935096741
higgs_public,NLL_OOD,Cov90_OOD,0.12,0.1,0.2,0.1,0.4,0.5,1.0,0.85,3.2778522968292236,254.64334106445312,3.999054431915283,0.7212021350860596,251.3654887676239,0.6563720703125,0.6075439453125,0.2200927734375,0.06036784499883652,0.5174785852432251
higgs_public,NLL_OOD,Cov90_OOD,0.12,0.1,0.2,0.0,0.4,0.25,1.0,0.85,3.2778522968292236,254.64334106445312,4.559444427490234,1.2815921306610107,251.3654887676239,0.6563720703125,0.608642578125,0.2200927734375,0.11491252481937408,0.3415980935096741
higgs_public,NLL_OOD,Cov90_OOD,0.12,0.1,0.2,0.1,0.4,0.5,2.0,-1.0,3.2778522968292236,254.64334106445312,3.7892818450927734,0.5114295482635498,251.3654887676239,0.6563720703125,0.606689453125,0.2200927734375,0.18842987716197968,0.5174785852432251
higgs_public,NLL_OOD,Cov90_OOD,0.12,0.1,0.2,0.0,0.4,0.25,2.0,-1.0,3.2778522968292236,254.64334106445312,4.430543422698975,1.152691125869751,251.3654887676239,0.6563720703125,0.61376953125,0.2200927734375,0.28196412324905396,0.3415980935096741
higgs_public,NLL_OOD,Cov90_OOD,0.12,0.1,0.2,0.1,0.4,0.5,2.0,0.85,3.2778522968292236,254.64334106445312,3.9758849143981934,0.6980326175689697,251.3654887676239,0.6563720703125,0.6248779296875,0.2200927734375,0.023243647068738937,0.5174785852432251
higgs_public,NLL_OOD,Cov90_OOD,0.12,0.1,0.2,0.0,0.4,0.25,2.0,0.85,3.2778522968292236,254.64334106445312,4.500563621520996,1.2227113246917725,251.3654887676239,0.6563720703125,0.609130859375,0.2200927734375,0.05181794613599777,0.3415980935096741
higgs_public,NLL_OOD,Cov90_OOD,0.12,0.1,0.2,0.2,0.4,0.25,1.0,-1.0,3.2778522968292236,254.64334106445312,3.9953954219818115,0.7175431251525879,251.3654887676239,0.6563720703125,0.5948486328125,0.2200927734375,0.23729990422725677,0.6757634282112122
higgs_public,NLL_OOD,Cov90_OOD,0.12,0.1,0.2,0.0,0.4,0.5,1.0,-1.0,3.2778522968292236,254.64334106445312,3.843531608581543,0.5656793117523193,251.3654887676239,0.6563720703125,0.61669921875,0.2200927734375,0.4181094169616699,0.3415980935096741
higgs_public,NLL_OOD,Cov90_OOD,0.12,0.1,0.2,0.2,0.4,0.25,1.0,0.85,3.2778522968292236,254.64334106445312,4.418221473693848,1.140369176864624,251.3654887676239,0.6563720703125,0.590576171875,0.2200927734375,0.03226318955421448,0.6757634282112122
higgs_public,NLL_OOD,Cov90_OOD,0.12,0.1,0.2,0.0,0.4,0.5,1.0,0.85,3.2778522968292236,254.64334106445312,4.162641525268555,0.884789228439331,251.3654887676239,0.6563720703125,0.615966796875,0.2200927734375,0.11491252481937408,0.3415980935096741
higgs_public,NLL_OOD,Cov90_OOD,0.12,0.1,0.2,0.2,0.4,0.25,2.0,-1.0,3.2778522968292236,254.64334106445312,4.147512435913086,0.8696601390838623,251.3654887676239,0.6563720703125,0.59033203125,0.2200927734375,0.13465607166290283,0.6757634282112122
higgs_public,NLL_OOD,Cov90_OOD,0.12,0.1,0.2,0.0,0.4,0.5,2.0,-1.0,3.2778522968292236,254.64334106445312,3.9921083450317383,0.7142560482025146,251.3654887676239,0.6563720703125,0.6143798828125,0.2200927734375,0.28196412324905396,0.3415980935096741
higgs_public,NLL_OOD,Cov90_OOD,0.12,0.1,0.2,0.2,0.4,0.25,2.0,0.85,3.2778522968292236,254.64334106445312,4.284804821014404,1.0069525241851807,251.3654887676239,0.6563720703125,0.6068115234375,0.2200927734375,0.011054811999201775,0.6757634282112122
higgs_public,NLL_OOD,Cov90_OOD,0.12,0.1,0.2,0.0,0.4,0.5,2.0,0.85,3.2778522968292236,254.64334106445312,4.196685791015625,0.9188334941864014,251.3654887676239,0.6563720703125,0.6160888671875,0.2200927734375,0.05181794613599777,0.3415980935096741
higgs_public,NLL_OOD,Cov90_OOD,0.12,0.1,0.2,0.2,0.4,0.5,1.0,-1.0,3.2778522968292236,254.64334106445312,3.6028614044189453,0.3250091075897217,251.3654887676239,0.6563720703125,0.60302734375,0.2200927734375,0.23729990422725677,0.6757634282112122
higgs_public,NLL_OOD,Cov90_OOD,0.12,0.1,0.2,0.1,0.4,0.25,1.0,-1.0,3.2778522968292236,254.64334106445312,4.006957530975342,0.7291052341461182,251.3654887676239,0.6563720703125,0.6016845703125,0.2200927734375,0.30676254630088806,0.5174785852432251
higgs_public,NLL_OOD,Cov90_OOD,0.12,0.1,0.2,0.2,0.4,0.5,1.0,0.85,3.2778522968292236,254.64334106445312,4.089265823364258,0.8114135265350342,251.3654887676239,0.6563720703125,0.6029052734375,0.2200927734375,0.03226318955421448,0.6757634282112122
higgs_public,NLL_OOD,Cov90_OOD,0.12,0.1,0.2,0.1,0.4,0.25,1.0,0.85,3.2778522968292236,254.64334106445312,4.257923126220703,0.9800708293914795,251.3654887676239,0.6563720703125,0.6005859375,0.2200927734375,0.06036784499883652,0.5174785852432251
higgs_public,NLL_OOD,Cov90_OOD,0.12,0.1,0.2,0.2,0.4,0.5,2.0,-1.0,3.2778522968292236,254.64334106445312,3.83351731300354,0.5556650161743164,251.3654887676239,0.6563720703125,0.59814453125,0.2200927734375,0.13465607166290283,0.6757634282112122
higgs_public,NLL_OOD,Cov90_OOD,0.12,0.1,0.2,0.1,0.4,0.25,2.0,-1.0,3.2778522968292236,254.64334106445312,4.157982349395752,0.8801300525665283,251.3654887676239,0.6563720703125,0.59765625,0.2200927734375,0.18842987716197968,0.5174785852432251
higgs_public,NLL_OOD,Cov90_OOD,0.12,0.1,0.2,0.2,0.4,0.5,2.0,0.85,3.2778522968292236,254.64334106445312,3.983502149581909,0.7056498527526855,251.3654887676239,0.6563720703125,0.6304931640625,0.2200927734375,0.011054811999201775,0.6757634282112122
higgs_public,NLL_OOD,Cov90_OOD,0.12,0.1,0.2,0.1,0.4,0.25,2.0,0.85,3.2778522968292236,254.64334106445312,4.257308483123779,0.9794561862945557,251.3654887676239,0.6563720703125,0.6103515625,0.2200927734375,0.023243647068738937,0.5174785852432251
higgs_public,NLL_OOD,Cov90_OOD,0.18,0.02,0.0,0.0,0.4,0.25,1.0,-1.0,3.2778522968292236,254.64334106445312,4.240128517150879,0.9622762203216553,251.3654887676239,0.6563720703125,0.6392822265625,0.2200927734375,0.9909670948982239,0.0016555041074752808
higgs_public,NLL_OOD,Cov90_OOD,0.12,0.1,0.2,0.1,0.4,0.5,1.0,-1.0,3.2778522968292236,254.64334106445312,3.6154537200927734,0.3376014232635498,251.3654887676239,0.6563720703125,0.6129150390625,0.2200927734375,0.30676254630088806,0.5174785852432251
higgs_public,NLL_OOD,Cov90_OOD,0.18,0.02,0.0,0.0,0.4,0.25,1.0,0.85,3.2778522968292236,254.64334106445312,4.240128517150879,0.9622762203216553,251.3654887676239,0.6563720703125,0.6392822265625,0.2200927734375,0.9904247522354126,0.0016555041074752808
higgs_public,NLL_OOD,Cov90_OOD,0.12,0.1,0.2,0.1,0.4,0.5,1.0,0.85,3.2778522968292236,254.64334106445312,3.999054431915283,0.7212021350860596,251.3654887676239,0.6563720703125,0.6075439453125,0.2200927734375,0.06036784499883652,0.5174785852432251
higgs_public,NLL_OOD,Cov90_OOD,0.18,0.02,0.0,0.0,0.4,0.25,2.0,-1.0,3.2778522968292236,254.64334106445312,4.30004358291626,1.0221912860870361,251.3654887676239,0.6563720703125,0.6383056640625,0.2200927734375,0.9822467565536499,0.0016555041074752808
higgs_public,NLL_OOD,Cov90_OOD,0.12,0.1,0.2,0.1,0.4,0.5,2.0,-1.0,3.2778522968292236,254.64334106445312,3.7892818450927734,0.5114295482635498,251.3654887676239,0.6563720703125,0.606689453125,0.2200927734375,0.18842987716197968,0.5174785852432251
higgs_public,NLL_OOD,Cov90_OOD,0.18,0.02,0.0,0.0,0.4,0.25,2.0,0.85,3.2778522968292236,254.64334106445312,4.30004358291626,1.0221912860870361,251.3654887676239,0.6563720703125,0.6383056640625,0.2200927734375,0.9750123023986816,0.0016555041074752808
higgs_public,NLL_OOD,Cov90_OOD,0.12,0.1,0.2,0.1,0.4,0.5,2.0,0.85,3.2778522968292236,254.64334106445312,3.9758849143981934,0.6980326175689697,251.3654887676239,0.6563720703125,0.6248779296875,0.2200927734375,0.023243647068738937,0.5174785852432251
higgs_public,NLL_OOD,Cov90_OOD,0.18,0.02,0.0,0.0,0.4,0.5,1.0,-1.0,3.2778522968292236,254.64334106445312,4.0379414558410645,0.7600891590118408,251.3654887676239,0.6563720703125,0.6431884765625,0.2200927734375,0.9909670948982239,0.0016555041074752808
higgs_public,NLL_OOD,Cov90_OOD,0.12,0.1,0.2,0.2,0.4,0.25,1.0,-1.0,3.2778522968292236,254.64334106445312,3.9953954219818115,0.7175431251525879,251.3654887676239,0.6563720703125,0.5948486328125,0.2200927734375,0.23729990422725677,0.6757634282112122
higgs_public,NLL_OOD,Cov90_OOD,0.18,0.02,0.0,0.0,0.4,0.5,1.0,0.85,3.2778522968292236,254.64334106445312,4.0379414558410645,0.7600891590118408,251.3654887676239,0.6563720703125,0.6431884765625,0.2200927734375,0.9904247522354126,0.0016555041074752808
higgs_public,NLL_OOD,Cov90_OOD,0.12,0.1,0.2,0.2,0.4,0.25,1.0,0.85,3.2778522968292236,254.64334106445312,4.418221473693848,1.140369176864624,251.3654887676239,0.6563720703125,0.590576171875,0.2200927734375,0.03226318955421448,0.6757634282112122
higgs_public,NLL_OOD,Cov90_OOD,0.18,0.02,0.0,0.0,0.4,0.5,2.0,-1.0,3.2778522968292236,254.64334106445312,4.099122524261475,0.821270227432251,251.3654887676239,0.6563720703125,0.642822265625,0.2200927734375,0.9822467565536499,0.0016555041074752808
higgs_public,NLL_OOD,Cov90_OOD,0.12,0.1,0.2,0.2,0.4,0.25,2.0,-1.0,3.2778522968292236,254.64334106445312,4.147512435913086,0.8696601390838623,251.3654887676239,0.6563720703125,0.59033203125,0.2200927734375,0.13465607166290283,0.6757634282112122
higgs_public,NLL_OOD,Cov90_OOD,0.18,0.02,0.0,0.0,0.4,0.5,2.0,0.85,3.2778522968292236,254.64334106445312,4.099122524261475,0.821270227432251,251.3654887676239,0.6563720703125,0.642822265625,0.2200927734375,0.9750123023986816,0.0016555041074752808
higgs_public,NLL_OOD,Cov90_OOD,0.12,0.1,0.2,0.2,0.4,0.25,2.0,0.85,3.2778522968292236,254.64334106445312,4.284804821014404,1.0069525241851807,251.3654887676239,0.6563720703125,0.6068115234375,0.2200927734375,0.011054811999201775,0.6757634282112122
higgs_public,NLL_OOD,Cov90_OOD,0.18,0.02,0.0,0.1,0.4,0.25,1.0,-1.0,3.2778522968292236,254.64334106445312,4.205700397491455,0.9278481006622314,251.3654887676239,0.6563720703125,0.6307373046875,0.2200927734375,0.5249061584472656,0.35957926511764526
higgs_public,NLL_OOD,Cov90_OOD,0.12,0.1,0.2,0.2,0.4,0.5,1.0,-1.0,3.2778522968292236,254.64334106445312,3.6028614044189453,0.3250091075897217,251.3654887676239,0.6563720703125,0.60302734375,0.2200927734375,0.23729990422725677,0.6757634282112122
higgs_public,NLL_OOD,Cov90_OOD,0.18,0.02,0.0,0.1,0.4,0.25,1.0,0.85,3.2778522968292236,254.64334106445312,4.476922988891602,1.199070692062378,251.3654887676239,0.6563720703125,0.6253662109375,0.2200927734375,0.26533937454223633,0.35957926511764526
higgs_public,NLL_OOD,Cov90_OOD,0.12,0.1,0.2,0.2,0.4,0.5,1.0,0.85,3.2778522968292236,254.64334106445312,4.089265823364258,0.8114135265350342,251.3654887676239,0.6563720703125,0.6029052734375,0.2200927734375,0.03226318955421448,0.6757634282112122
higgs_public,NLL_OOD,Cov90_OOD,0.18,0.02,0.0,0.1,0.4,0.25,2.0,-1.0,3.2778522968292236,254.64334106445312,4.252751350402832,0.9748990535736084,251.3654887676239,0.6563720703125,0.62841796875,0.2200927734375,0.40704458951950073,0.35957926511764526
higgs_public,NLL_OOD,Cov90_OOD,0.12,0.1,0.2,0.2,0.4,0.5,2.0,-1.0,3.2778522968292236,254.64334106445312,3.83351731300354,0.5556650161743164,251.3654887676239,0.6563720703125,0.59814453125,0.2200927734375,0.13465607166290283,0.6757634282112122
higgs_public,NLL_OOD,Cov90_OOD,0.18,0.02,0.0,0.1,0.4,0.25,2.0,0.85,3.2778522968292236,254.64334106445312,4.56126594543457,1.2834136486053467,251.3654887676239,0.6563720703125,0.6282958984375,0.2200927734375,0.17192342877388,0.35957926511764526
higgs_public,NLL_OOD,Cov90_OOD,0.12,0.1,0.2,0.2,0.4,0.5,2.0,0.85,3.2778522968292236,254.64334106445312,3.983502149581909,0.7056498527526855,251.3654887676239,0.6563720703125,0.6304931640625,0.2200927734375,0.011054811999201775,0.6757634282112122
higgs_public,NLL_OOD,Cov90_OOD,0.18,0.02,0.0,0.1,0.4,0.5,1.0,-1.0,3.2778522968292236,254.64334106445312,3.857496976852417,0.5796446800231934,251.3654887676239,0.6563720703125,0.6357421875,0.2200927734375,0.5249061584472656,0.35957926511764526
higgs_public,NLL_OOD,Cov90_OOD,0.18,0.02,0.0,0.0,0.4,0.25,1.0,-1.0,3.2778522968292236,254.64334106445312,4.240128517150879,0.9622762203216553,251.3654887676239,0.6563720703125,0.6392822265625,0.2200927734375,0.9909670948982239,0.0016555041074752808
higgs_public,NLL_OOD,Cov90_OOD,0.18,0.02,0.0,0.1,0.4,0.5,1.0,0.85,3.2778522968292236,254.64334106445312,4.117075443267822,0.8392231464385986,251.3654887676239,0.6563720703125,0.6290283203125,0.2200927734375,0.26533937454223633,0.35957926511764526
higgs_public,NLL_OOD,Cov90_OOD,0.18,0.02,0.0,0.0,0.4,0.25,1.0,0.85,3.2778522968292236,254.64334106445312,4.240128517150879,0.9622762203216553,251.3654887676239,0.6563720703125,0.6392822265625,0.2200927734375,0.9904247522354126,0.0016555041074752808
higgs_public,NLL_OOD,Cov90_OOD,0.18,0.02,0.0,0.1,0.4,0.5,2.0,-1.0,3.2778522968292236,254.64334106445312,3.9390101432800293,0.6611578464508057,251.3654887676239,0.6563720703125,0.632568359375,0.2200927734375,0.40704458951950073,0.35957926511764526
higgs_public,NLL_OOD,Cov90_OOD,0.18,0.02,0.0,0.0,0.4,0.25,2.0,-1.0,3.2778522968292236,254.64334106445312,4.30004358291626,1.0221912860870361,251.3654887676239,0.6563720703125,0.6383056640625,0.2200927734375,0.9822467565536499,0.0016555041074752808
higgs_public,NLL_OOD,Cov90_OOD,0.18,0.02,0.0,0.1,0.4,0.5,2.0,0.85,3.2778522968292236,254.64334106445312,4.228379249572754,0.9505269527435303,251.3654887676239,0.6563720703125,0.6260986328125,0.2200927734375,0.17192342877388,0.35957926511764526
higgs_public,NLL_OOD,Cov90_OOD,0.18,0.02,0.0,0.0,0.4,0.25,2.0,0.85,3.2778522968292236,254.64334106445312,4.30004358291626,1.0221912860870361,251.3654887676239,0.6563720703125,0.6383056640625,0.2200927734375,0.9750123023986816,0.0016555041074752808
higgs_public,NLL_OOD,Cov90_OOD,0.18,0.02,0.0,0.2,0.4,0.25,1.0,-1.0,3.2778522968292236,254.64334106445312,4.054746150970459,0.7768938541412354,251.3654887676239,0.6563720703125,0.6185302734375,0.2200927734375,0.3442121744155884,0.7027351260185242
higgs_public,NLL_OOD,Cov90_OOD,0.18,0.02,0.0,0.0,0.4,0.5,1.0,-1.0,3.2778522968292236,254.64334106445312,4.0379414558410645,0.7600891590118408,251.3654887676239,0.6563720703125,0.6431884765625,0.2200927734375,0.9909670948982239,0.0016555041074752808
higgs_public,NLL_OOD,Cov90_OOD,0.18,0.02,0.0,0.2,0.4,0.25,1.0,0.85,3.2778522968292236,254.64334106445312,4.48115873336792,1.2033064365386963,251.3654887676239,0.6563720703125,0.6185302734375,0.2200927734375,0.11890073120594025,0.7027351260185242
higgs_public,NLL_OOD,Cov90_OOD,0.18,0.02,0.0,0.0,0.4,0.5,1.0,0.85,3.2778522968292236,254.64334106445312,4.0379414558410645,0.7600891590118408,251.3654887676239,0.6563720703125,0.6431884765625,0.2200927734375,0.9904247522354126,0.0016555041074752808
higgs_public,NLL_OOD,Cov90_OOD,0.18,0.02,0.0,0.0,0.4,0.5,2.0,-1.0,3.2778522968292236,254.64334106445312,4.099122524261475,0.821270227432251,251.3654887676239,0.6563720703125,0.642822265625,0.2200927734375,0.9822467565536499,0.0016555041074752808
higgs_public,NLL_OOD,Cov90_OOD,0.18,0.02,0.0,0.2,0.4,0.25,2.0,-1.0,3.2778522968292236,254.64334106445312,4.128322124481201,0.8504698276519775,251.3654887676239,0.6563720703125,0.6190185546875,0.2200927734375,0.23878854513168335,0.7027351260185242
higgs_public,NLL_OOD,Cov90_OOD,0.18,0.02,0.0,0.0,0.4,0.5,2.0,0.85,3.2778522968292236,254.64334106445312,4.099122524261475,0.821270227432251,251.3654887676239,0.6563720703125,0.642822265625,0.2200927734375,0.9750123023986816,0.0016555041074752808
higgs_public,NLL_OOD,Cov90_OOD,0.18,0.02,0.0,0.2,0.4,0.25,2.0,0.85,3.2778522968292236,254.64334106445312,4.570237159729004,1.2923848628997803,251.3654887676239,0.6563720703125,0.6298828125,0.2200927734375,0.06374700367450714,0.7027351260185242
higgs_public,NLL_OOD,Cov90_OOD,0.18,0.02,0.0,0.1,0.4,0.25,1.0,-1.0,3.2778522968292236,254.64334106445312,4.205700397491455,0.9278481006622314,251.3654887676239,0.6563720703125,0.6307373046875,0.2200927734375,0.5249061584472656,0.35957926511764526
higgs_public,NLL_OOD,Cov90_OOD,0.18,0.02,0.0,0.2,0.4,0.5,1.0,-1.0,3.2778522968292236,254.64334106445312,3.6265928745269775,0.3487405776977539,251.3654887676239,0.6563720703125,0.628173828125,0.2200927734375,0.3442121744155884,0.7027351260185242
higgs_public,NLL_OOD,Cov90_OOD,0.18,0.02,0.0,0.1,0.4,0.25,1.0,0.85,3.2778522968292236,254.64334106445312,4.476922988891602,1.199070692062378,251.3654887676239,0.6563720703125,0.6253662109375,0.2200927734375,0.26533937454223633,0.35957926511764526
higgs_public,NLL_OOD,Cov90_OOD,0.18,0.02,0.0,0.2,0.4,0.5,1.0,0.85,3.2778522968292236,254.64334106445312,4.161070823669434,0.88321852684021,251.3654887676239,0.6563720703125,0.621337890625,0.2200927734375,0.11890073120594025,0.7027351260185242
higgs_public,NLL_OOD,Cov90_OOD,0.18,0.02,0.0,0.1,0.4,0.25,2.0,-1.0,3.2778522968292236,254.64334106445312,4.252751350402832,0.9748990535736084,251.3654887676239,0.6563720703125,0.62841796875,0.2200927734375,0.40704458951950073,0.35957926511764526
higgs_public,NLL_OOD,Cov90_OOD,0.18,0.02,0.0,0.2,0.4,0.5,2.0,-1.0,3.2778522968292236,254.64334106445312,3.8129844665527344,0.5351321697235107,251.3654887676239,0.6563720703125,0.623779296875,0.2200927734375,0.23878854513168335,0.7027351260185242
higgs_public,NLL_OOD,Cov90_OOD,0.18,0.02,0.0,0.1,0.4,0.25,2.0,0.85,3.2778522968292236,254.64334106445312,4.56126594543457,1.2834136486053467,251.3654887676239,0.6563720703125,0.6282958984375,0.2200927734375,0.17192342877388,0.35957926511764526
higgs_public,NLL_OOD,Cov90_OOD,0.18,0.02,0.0,0.2,0.4,0.5,2.0,0.85,3.2778522968292236,254.64334106445312,4.297657012939453,1.0198047161102295,251.3654887676239,0.6563720703125,0.6268310546875,0.2200927734375,0.06374700367450714,0.7027351260185242
higgs_public,NLL_OOD,Cov90_OOD,0.18,0.02,0.0,0.1,0.4,0.5,1.0,-1.0,3.2778522968292236,254.64334106445312,3.857496976852417,0.5796446800231934,251.3654887676239,0.6563720703125,0.6357421875,0.2200927734375,0.5249061584472656,0.35957926511764526
higgs_public,NLL_OOD,Cov90_OOD,0.18,0.02,0.1,0.0,0.4,0.25,1.0,-1.0,3.2778522968292236,254.64334106445312,4.382599830627441,1.1047475337982178,251.3654887676239,0.6563720703125,0.629150390625,0.2200927734375,0.6759123206138611,0.16049998998641968
higgs_public,NLL_OOD,Cov90_OOD,0.18,0.02,0.0,0.1,0.4,0.5,1.0,0.85,3.2778522968292236,254.64334106445312,4.117075443267822,0.8392231464385986,251.3654887676239,0.6563720703125,0.6290283203125,0.2200927734375,0.26533937454223633,0.35957926511764526
higgs_public,NLL_OOD,Cov90_OOD,0.18,0.02,0.1,0.0,0.4,0.25,1.0,0.85,3.2778522968292236,254.64334106445312,4.546861171722412,1.2690088748931885,251.3654887676239,0.6563720703125,0.6224365234375,0.2200927734375,0.3951192796230316,0.16049998998641968
higgs_public,NLL_OOD,Cov90_OOD,0.18,0.02,0.0,0.1,0.4,0.5,2.0,-1.0,3.2778522968292236,254.64334106445312,3.9390101432800293,0.6611578464508057,251.3654887676239,0.6563720703125,0.632568359375,0.2200927734375,0.40704458951950073,0.35957926511764526
higgs_public,NLL_OOD,Cov90_OOD,0.18,0.02,0.1,0.0,0.4,0.25,2.0,-1.0,3.2778522968292236,254.64334106445312,4.477853775024414,1.2000014781951904,251.3654887676239,0.6563720703125,0.6259765625,0.2200927734375,0.5539409518241882,0.16049998998641968
higgs_public,NLL_OOD,Cov90_OOD,0.18,0.02,0.0,0.1,0.4,0.5,2.0,0.85,3.2778522968292236,254.64334106445312,4.228379249572754,0.9505269527435303,251.3654887676239,0.6563720703125,0.6260986328125,0.2200927734375,0.17192342877388,0.35957926511764526
higgs_public,NLL_OOD,Cov90_OOD,0.18,0.02,0.1,0.0,0.4,0.25,2.0,0.85,3.2778522968292236,254.64334106445312,4.6347880363464355,1.356935739517212,251.3654887676239,0.6563720703125,0.6248779296875,0.2200927734375,0.2474406361579895,0.16049998998641968
higgs_public,NLL_OOD,Cov90_OOD,0.18,0.02,0.0,0.2,0.4,0.25,1.0,-1.0,3.2778522968292236,254.64334106445312,4.054746150970459,0.7768938541412354,251.3654887676239,0.6563720703125,0.6185302734375,0.2200927734375,0.3442121744155884,0.7027351260185242
higgs_public,NLL_OOD,Cov90_OOD,0.18,0.02,0.1,0.0,0.4,0.5,1.0,-1.0,3.2778522968292236,254.64334106445312,3.927436351776123,0.6495840549468994,251.3654887676239,0.6563720703125,0.6307373046875,0.2200927734375,0.6759123206138611,0.16049998998641968
higgs_public,NLL_OOD,Cov90_OOD,0.18,0.02,0.0,0.2,0.4,0.25,1.0,0.85,3.2778522968292236,254.64334106445312,4.48115873336792,1.2033064365386963,251.3654887676239,0.6563720703125,0.6185302734375,0.2200927734375,0.11890073120594025,0.7027351260185242
higgs_public,NLL_OOD,Cov90_OOD,0.18,0.02,0.1,0.0,0.4,0.5,1.0,0.85,3.2778522968292236,254.64334106445312,4.113697052001953,0.8358447551727295,251.3654887676239,0.6563720703125,0.629638671875,0.2200927734375,0.3951192796230316,0.16049998998641968
higgs_public,NLL_OOD,Cov90_OOD,0.18,0.02,0.0,0.2,0.4,0.25,2.0,-1.0,3.2778522968292236,254.64334106445312,4.128322124481201,0.8504698276519775,251.3654887676239,0.6563720703125,0.6190185546875,0.2200927734375,0.23878854513168335,0.7027351260185242
higgs_public,NLL_OOD,Cov90_OOD,0.18,0.02,0.1,0.0,0.4,0.5,2.0,-1.0,3.2778522968292236,254.64334106445312,3.995724678039551,0.7178723812103271,251.3654887676239,0.6563720703125,0.63037109375,0.2200927734375,0.5539409518241882,0.16049998998641968
higgs_public,NLL_OOD,Cov90_OOD,0.18,0.02,0.0,0.2,0.4,0.25,2.0,0.85,3.2778522968292236,254.64334106445312,4.570237159729004,1.2923848628997803,251.3654887676239,0.6563720703125,0.6298828125,0.2200927734375,0.06374700367450714,0.7027351260185242
higgs_public,NLL_OOD,Cov90_OOD,0.18,0.02,0.1,0.0,0.4,0.5,2.0,0.85,3.2778522968292236,254.64334106445312,4.219882011413574,0.9420297145843506,251.3654887676239,0.6563720703125,0.62939453125,0.2200927734375,0.2474406361579895,0.16049998998641968
higgs_public,NLL_OOD,Cov90_OOD,0.18,0.02,0.0,0.2,0.4,0.5,1.0,-1.0,3.2778522968292236,254.64334106445312,3.6265928745269775,0.3487405776977539,251.3654887676239,0.6563720703125,0.628173828125,0.2200927734375,0.3442121744155884,0.7027351260185242
higgs_public,NLL_OOD,Cov90_OOD,0.18,0.02,0.1,0.1,0.4,0.25,1.0,-1.0,3.2778522968292236,254.64334106445312,3.92354154586792,0.6456892490386963,251.3654887676239,0.6563720703125,0.6199951171875,0.2200927734375,0.45113420486450195,0.4299253225326538
higgs_public,NLL_OOD,Cov90_OOD,0.18,0.02,0.0,0.2,0.4,0.5,1.0,0.85,3.2778522968292236,254.64334106445312,4.161070823669434,0.88321852684021,251.3654887676239,0.6563720703125,0.621337890625,0.2200927734375,0.11890073120594025,0.7027351260185242
higgs_public,NLL_OOD,Cov90_OOD,0.18,0.02,0.1,0.1,0.4,0.25,1.0,0.85,3.2778522968292236,254.64334106445312,4.302083969116211,1.0242316722869873,251.3654887676239,0.6563720703125,0.619140625,0.2200927734375,0.16747929155826569,0.4299253225326538
higgs_public,NLL_OOD,Cov90_OOD,0.18,0.02,0.0,0.2,0.4,0.5,2.0,-1.0,3.2778522968292236,254.64334106445312,3.8129844665527344,0.5351321697235107,251.3654887676239,0.6563720703125,0.623779296875,0.2200927734375,0.23878854513168335,0.7027351260185242
higgs_public,NLL_OOD,Cov90_OOD,0.18,0.02,0.1,0.1,0.4,0.25,2.0,-1.0,3.2778522968292236,254.64334106445312,4.036241054534912,0.7583887577056885,251.3654887676239,0.6563720703125,0.615966796875,0.2200927734375,0.3248334228992462,0.4299253225326538
higgs_public,NLL_OOD,Cov90_OOD,0.18,0.02,0.0,0.2,0.4,0.5,2.0,0.85,3.2778522968292236,254.64334106445312,4.297657012939453,1.0198047161102295,251.3654887676239,0.6563720703125,0.6268310546875,0.2200927734375,0.06374700367450714,0.7027351260185242
higgs_public,NLL_OOD,Cov90_OOD,0.18,0.02,0.1,0.1,0.4,0.25,2.0,0.85,3.2778522968292236,254.64334106445312,4.220702171325684,0.94284987449646,251.3654887676239,0.6563720703125,0.62109375,0.2200927734375,0.08694152534008026,0.4299253225326538
higgs_public,NLL_OOD,Cov90_OOD,0.18,0.02,0.1,0.0,0.4,0.25,1.0,-1.0,3.2778522968292236,254.64334106445312,4.382599830627441,1.1047475337982178,251.3654887676239,0.6563720703125,0.629150390625,0.2200927734375,0.6759123206138611,0.16049998998641968
higgs_public,NLL_OOD,Cov90_OOD,0.18,0.02,0.1,0.1,0.4,0.5,1.0,-1.0,3.2778522968292236,254.64334106445312,3.638025999069214,0.36017370223999023,251.3654887676239,0.6563720703125,0.6246337890625,0.2200927734375,0.45113420486450195,0.4299253225326538
higgs_public,NLL_OOD,Cov90_OOD,0.18,0.02,0.1,0.0,0.4,0.25,1.0,0.85,3.2778522968292236,254.64334106445312,4.546861171722412,1.2690088748931885,251.3654887676239,0.6563720703125,0.6224365234375,0.2200927734375,0.3951192796230316,0.16049998998641968
higgs_public,NLL_OOD,Cov90_OOD,0.18,0.02,0.1,0.1,0.4,0.5,1.0,0.85,3.2778522968292236,254.64334106445312,4.007923126220703,0.7300708293914795,251.3654887676239,0.6563720703125,0.6217041015625,0.2200927734375,0.16747929155826569,0.4299253225326538
higgs_public,NLL_OOD,Cov90_OOD,0.18,0.02,0.1,0.0,0.4,0.25,2.0,-1.0,3.2778522968292236,254.64334106445312,4.477853775024414,1.2000014781951904,251.3654887676239,0.6563720703125,0.6259765625,0.2200927734375,0.5539409518241882,0.16049998998641968
higgs_public,NLL_OOD,Cov90_OOD,0.18,0.02,0.1,0.1,0.4,0.5,2.0,-1.0,3.2778522968292236,254.64334106445312,3.749669075012207,0.4718167781829834,251.3654887676239,0.6563720703125,0.6226806640625,0.2200927734375,0.3248334228992462,0.4299253225326538
higgs_public,NLL_OOD,Cov90_OOD,0.18,0.02,0.1,0.0,0.4,0.25,2.0,0.85,3.2778522968292236,254.64334106445312,4.6347880363464355,1.356935739517212,251.3654887676239,0.6563720703125,0.6248779296875,0.2200927734375,0.2474406361579895,0.16049998998641968
higgs_public,NLL_OOD,Cov90_OOD,0.18,0.02,0.1,0.1,0.4,0.5,2.0,0.85,3.2778522968292236,254.64334106445312,3.949265956878662,0.6714136600494385,251.3654887676239,0.6563720703125,0.6214599609375,0.2200927734375,0.08694152534008026,0.4299253225326538
higgs_public,NLL_OOD,Cov90_OOD,0.18,0.02,0.1,0.0,0.4,0.5,1.0,-1.0,3.2778522968292236,254.64334106445312,3.927436351776123,0.6495840549468994,251.3654887676239,0.6563720703125,0.6307373046875,0.2200927734375,0.6759123206138611,0.16049998998641968
higgs_public,NLL_OOD,Cov90_OOD,0.18,0.02,0.1,0.2,0.4,0.25,1.0,-1.0,3.2778522968292236,254.64334106445312,3.8720855712890625,0.5942332744598389,251.3654887676239,0.6563720703125,0.6124267578125,0.2200927734375,0.3305637836456299,0.6835980415344238
higgs_public,NLL_OOD,Cov90_OOD,0.18,0.02,0.1,0.0,0.4,0.5,1.0,0.85,3.2778522968292236,254.64334106445312,4.113697052001953,0.8358447551727295,251.3654887676239,0.6563720703125,0.629638671875,0.2200927734375,0.3951192796230316,0.16049998998641968
higgs_public,NLL_OOD,Cov90_OOD,0.18,0.02,0.1,0.2,0.4,0.25,1.0,0.85,3.2778522968292236,254.64334106445312,4.263298034667969,0.9854457378387451,251.3654887676239,0.6563720703125,0.616943359375,0.2200927734375,0.08945003151893616,0.6835980415344238
higgs_public,NLL_OOD,Cov90_OOD,0.18,0.02,0.1,0.0,0.4,0.5,2.0,-1.0,3.2778522968292236,254.64334106445312,3.995724678039551,0.7178723812103271,251.3654887676239,0.6563720703125,0.63037109375,0.2200927734375,0.5539409518241882,0.16049998998641968
higgs_public,NLL_OOD,Cov90_OOD,0.18,0.02,0.1,0.2,0.4,0.25,2.0,-1.0,3.2778522968292236,254.64334106445312,3.990114450454712,0.7122621536254883,251.3654887676239,0.6563720703125,0.6048583984375,0.2200927734375,0.21835821866989136,0.6835980415344238
higgs_public,NLL_OOD,Cov90_OOD,0.18,0.02,0.1,0.0,0.4,0.5,2.0,0.85,3.2778522968292236,254.64334106445312,4.219882011413574,0.9420297145843506,251.3654887676239,0.6563720703125,0.62939453125,0.2200927734375,0.2474406361579895,0.16049998998641968
higgs_public,NLL_OOD,Cov90_OOD,0.18,0.02,0.1,0.2,0.4,0.25,2.0,0.85,3.2778522968292236,254.64334106445312,4.212599754333496,0.9347474575042725,251.3654887676239,0.6563720703125,0.6258544921875,0.2200927734375,0.04036333039402962,0.6835980415344238
higgs_public,NLL_OOD,Cov90_OOD,0.18,0.02,0.1,0.1,0.4,0.25,1.0,-1.0,3.2778522968292236,254.64334106445312,3.92354154586792,0.6456892490386963,251.3654887676239,0.6563720703125,0.6199951171875,0.2200927734375,0.45113420486450195,0.4299253225326538
higgs_public,NLL_OOD,Cov90_OOD,0.18,0.02,0.1,0.2,0.4,0.5,1.0,-1.0,3.2778522968292236,254.64334106445312,3.493058204650879,0.21520590782165527,251.3654887676239,0.6563720703125,0.617919921875,0.2200927734375,0.3305637836456299,0.6835980415344238
higgs_public,NLL_OOD,Cov90_OOD,0.18,0.02,0.1,0.1,0.4,0.25,1.0,0.85,3.2778522968292236,254.64334106445312,4.302083969116211,1.0242316722869873,251.3654887676239,0.6563720703125,0.619140625,0.2200927734375,0.16747929155826569,0.4299253225326538
higgs_public,NLL_OOD,Cov90_OOD,0.18,0.02,0.1,0.2,0.4,0.5,1.0,0.85,3.2778522968292236,254.64334106445312,3.9852612018585205,0.7074089050292969,251.3654887676239,0.6563720703125,0.6197509765625,0.2200927734375,0.08945003151893616,0.6835980415344238
higgs_public,NLL_OOD,Cov90_OOD,0.18,0.02,0.1,0.1,0.4,0.25,2.0,-1.0,3.2778522968292236,254.64334106445312,4.036241054534912,0.7583887577056885,251.3654887676239,0.6563720703125,0.615966796875,0.2200927734375,0.3248334228992462,0.4299253225326538
higgs_public,NLL_OOD,Cov90_OOD,0.18,0.02,0.1,0.2,0.4,0.5,2.0,-1.0,3.2778522968292236,254.64334106445312,3.707646131515503,0.4297938346862793,251.3654887676239,0.6563720703125,0.611572265625,0.2200927734375,0.21835821866989136,0.6835980415344238
higgs_public,NLL_OOD,Cov90_OOD,0.18,0.02,0.1,0.1,0.4,0.25,2.0,0.85,3.2778522968292236,254.64334106445312,4.220702171325684,0.94284987449646,251.3654887676239,0.6563720703125,0.62109375,0.2200927734375,0.08694152534008026,0.4299253225326538
higgs_public,NLL_OOD,Cov90_OOD,0.18,0.02,0.1,0.2,0.4,0.5,2.0,0.85,3.2778522968292236,254.64334106445312,3.9588425159454346,0.6809902191162109,251.3654887676239,0.6563720703125,0.6353759765625,0.2200927734375,0.04036333039402962,0.6835980415344238
higgs_public,NLL_OOD,Cov90_OOD,0.18,0.02,0.1,0.1,0.4,0.5,1.0,-1.0,3.2778522968292236,254.64334106445312,3.638025999069214,0.36017370223999023,251.3654887676239,0.6563720703125,0.6246337890625,0.2200927734375,0.45113420486450195,0.4299253225326538
higgs_public,NLL_OOD,Cov90_OOD,0.18,0.02,0.2,0.0,0.4,0.25,1.0,-1.0,3.2778522968292236,254.64334106445312,4.262988090515137,0.9851357936859131,251.3654887676239,0.6563720703125,0.611572265625,0.2200927734375,0.5358518362045288,0.32233214378356934
higgs_public,NLL_OOD,Cov90_OOD,0.18,0.02,0.1,0.1,0.4,0.5,1.0,0.85,3.2778522968292236,254.64334106445312,4.007923126220703,0.7300708293914795,251.3654887676239,0.6563720703125,0.6217041015625,0.2200927734375,0.16747929155826569,0.4299253225326538
higgs_public,NLL_OOD,Cov90_OOD,0.18,0.02,0.2,0.0,0.4,0.25,1.0,0.85,3.2778522968292236,254.64334106445312,4.666751861572266,1.388899564743042,251.3654887676239,0.6563720703125,0.6043701171875,0.2200927734375,0.21430546045303345,0.32233214378356934
higgs_public,NLL_OOD,Cov90_OOD,0.18,0.02,0.1,0.1,0.4,0.5,2.0,-1.0,3.2778522968292236,254.64334106445312,3.749669075012207,0.4718167781829834,251.3654887676239,0.6563720703125,0.6226806640625,0.2200927734375,0.3248334228992462,0.4299253225326538
higgs_public,NLL_OOD,Cov90_OOD,0.18,0.02,0.2,0.0,0.4,0.25,2.0,-1.0,3.2778522968292236,254.64334106445312,4.410968780517578,1.1331164836883545,251.3654887676239,0.6563720703125,0.6107177734375,0.2200927734375,0.3981437087059021,0.32233214378356934
higgs_public,NLL_OOD,Cov90_OOD,0.18,0.02,0.1,0.1,0.4,0.5,2.0,0.85,3.2778522968292236,254.64334106445312,3.949265956878662,0.6714136600494385,251.3654887676239,0.6563720703125,0.6214599609375,0.2200927734375,0.08694152534008026,0.4299253225326538
higgs_public,NLL_OOD,Cov90_OOD,0.18,0.02,0.2,0.0,0.4,0.25,2.0,0.85,3.2778522968292236,254.64334106445312,4.527700424194336,1.2498481273651123,251.3654887676239,0.6563720703125,0.606201171875,0.2200927734375,0.10803193598985672,0.32233214378356934
higgs_public,NLL_OOD,Cov90_OOD,0.18,0.02,0.1,0.2,0.4,0.25,1.0,-1.0,3.2778522968292236,254.64334106445312,3.8720855712890625,0.5942332744598389,251.3654887676239,0.6563720703125,0.6124267578125,0.2200927734375,0.3305637836456299,0.6835980415344238
higgs_public,NLL_OOD,Cov90_OOD,0.18,0.02,0.2,0.0,0.4,0.5,1.0,-1.0,3.2778522968292236,254.64334106445312,3.8512039184570312,0.5733516216278076,251.3654887676239,0.6563720703125,0.6168212890625,0.2200927734375,0.5358518362045288,0.32233214378356934
higgs_public,NLL_OOD,Cov90_OOD,0.18,0.02,0.1,0.2,0.4,0.25,1.0,0.85,3.2778522968292236,254.64334106445312,4.263298034667969,0.9854457378387451,251.3654887676239,0.6563720703125,0.616943359375,0.2200927734375,0.08945003151893616,0.6835980415344238
higgs_public,NLL_OOD,Cov90_OOD,0.18,0.02,0.2,0.0,0.4,0.5,1.0,0.85,3.2778522968292236,254.64334106445312,4.234325408935547,0.9564731121063232,251.3654887676239,0.6563720703125,0.6126708984375,0.2200927734375,0.21430546045303345,0.32233214378356934
higgs_public,NLL_OOD,Cov90_OOD,0.18,0.02,0.1,0.2,0.4,0.25,2.0,-1.0,3.2778522968292236,254.64334106445312,3.990114450454712,0.7122621536254883,251.3654887676239,0.6563720703125,0.6048583984375,0.2200927734375,0.21835821866989136,0.6835980415344238
higgs_public,NLL_OOD,Cov90_OOD,0.18,0.02,0.2,0.0,0.4,0.5,2.0,-1.0,3.2778522968292236,254.64334106445312,3.9623961448669434,0.6845438480377197,251.3654887676239,0.6563720703125,0.61328125,0.2200927734375,0.3981437087059021,0.32233214378356934
higgs_public,NLL_OOD,Cov90_OOD,0.18,0.02,0.1,0.2,0.4,0.25,2.0,0.85,3.2778522968292236,254.64334106445312,4.212599754333496,0.9347474575042725,251.3654887676239,0.6563720703125,0.6258544921875,0.2200927734375,0.04036333039402962,0.6835980415344238
higgs_public,NLL_OOD,Cov90_OOD,0.18,0.02,0.2,0.0,0.4,0.5,2.0,0.85,3.2778522968292236,254.64334106445312,4.234224319458008,0.9563720226287842,251.3654887676239,0.6563720703125,0.611328125,0.2200927734375,0.10803193598985672,0.32233214378356934
higgs_public,NLL_OOD,Cov90_OOD,0.18,0.02,0.1,0.2,0.4,0.5,1.0,-1.0,3.2778522968292236,254.64334106445312,3.493058204650879,0.21520590782165527,251.3654887676239,0.6563720703125,0.617919921875,0.2200927734375,0.3305637836456299,0.6835980415344238
higgs_public,NLL_OOD,Cov90_OOD,0.18,0.02,0.2,0.1,0.4,0.25,1.0,-1.0,3.2778522968292236,254.64334106445312,3.8886101245880127,0.6107578277587891,251.3654887676239,0.6563720703125,0.6060791015625,0.2200927734375,0.4102141559123993,0.49756571650505066
higgs_public,NLL_OOD,Cov90_OOD,0.18,0.02,0.1,0.2,0.4,0.5,1.0,0.85,3.2778522968292236,254.64334106445312,3.9852612018585205,0.7074089050292969,251.3654887676239,0.6563720703125,0.6197509765625,0.2200927734375,0.08945003151893616,0.6835980415344238
higgs_public,NLL_OOD,Cov90_OOD,0.18,0.02,0.2,0.1,0.4,0.25,1.0,0.85,3.2778522968292236,254.64334106445312,4.312160015106201,1.0343077182769775,251.3654887676239,0.6563720703125,0.597900390625,0.2200927734375,0.11381327360868454,0.49756571650505066
higgs_public,NLL_OOD,Cov90_OOD,0.18,0.02,0.1,0.2,0.4,0.5,2.0,-1.0,3.2778522968292236,254.64334106445312,3.707646131515503,0.4297938346862793,251.3654887676239,0.6563720703125,0.611572265625,0.2200927734375,0.21835821866989136,0.6835980415344238
higgs_public,NLL_OOD,Cov90_OOD,0.18,0.02,0.2,0.1,0.4,0.25,2.0,-1.0,3.2778522968292236,254.64334106445312,4.097166061401367,0.8193137645721436,251.3654887676239,0.6563720703125,0.599609375,0.2200927734375,0.27750715613365173,0.49756571650505066
higgs_public,NLL_OOD,Cov90_OOD,0.18,0.02,0.1,0.2,0.4,0.5,2.0,0.85,3.2778522968292236,254.64334106445312,3.9588425159454346,0.6809902191162109,251.3654887676239,0.6563720703125,0.6353759765625,0.2200927734375,0.04036333039402962,0.6835980415344238
higgs_public,NLL_OOD,Cov90_OOD,0.18,0.02,0.2,0.1,0.4,0.25,2.0,0.85,3.2778522968292236,254.64334106445312,4.24263858795166,0.9647862911224365,251.3654887676239,0.6563720703125,0.607421875,0.2200927734375,0.04987246170639992,0.49756571650505066
higgs_public,NLL_OOD,Cov90_OOD,0.18,0.02,0.2,0.0,0.4,0.25,1.0,-1.0,3.2778522968292236,254.64334106445312,4.262988090515137,0.9851357936859131,251.3654887676239,0.6563720703125,0.611572265625,0.2200927734375,0.5358518362045288,0.32233214378356934
higgs_public,NLL_OOD,Cov90_OOD,0.18,0.02,0.2,0.1,0.4,0.5,1.0,-1.0,3.2778522968292236,254.64334106445312,3.6075539588928223,0.32970166206359863,251.3654887676239,0.6563720703125,0.6090087890625,0.2200927734375,0.4102141559123993,0.49756571650505066
higgs_public,NLL_OOD,Cov90_OOD,0.18,0.02,0.2,0.0,0.4,0.25,1.0,0.85,3.2778522968292236,254.64334106445312,4.666751861572266,1.388899564743042,251.3654887676239,0.6563720703125,0.6043701171875,0.2200927734375,0.21430546045303345,0.32233214378356934
higgs_public,NLL_OOD,Cov90_OOD,0.18,0.02,0.2,0.1,0.4,0.5,1.0,0.85,3.2778522968292236,254.64334106445312,4.074412822723389,0.796560525894165,251.3654887676239,0.6563720703125,0.603271484375,0.2200927734375,0.11381327360868454,0.49756571650505066
higgs_public,NLL_OOD,Cov90_OOD,0.18,0.02,0.2,0.0,0.4,0.25,2.0,-1.0,3.2778522968292236,254.64334106445312,4.410968780517578,1.1331164836883545,251.3654887676239,0.6563720703125,0.6107177734375,0.2200927734375,0.3981437087059021,0.32233214378356934
higgs_public,NLL_OOD,Cov90_OOD,0.18,0.02,0.2,0.1,0.4,0.5,2.0,-1.0,3.2778522968292236,254.64334106445312,3.745269775390625,0.46741747856140137,251.3654887676239,0.6563720703125,0.606201171875,0.2200927734375,0.27750715613365173,0.49756571650505066
higgs_public,NLL_OOD,Cov90_OOD,0.18,0.02,0.2,0.0,0.4,0.25,2.0,0.85,3.2778522968292236,254.64334106445312,4.527700424194336,1.2498481273651123,251.3654887676239,0.6563720703125,0.606201171875,0.2200927734375,0.10803193598985672,0.32233214378356934
higgs_public,NLL_OOD,Cov90_OOD,0.18,0.02,0.2,0.1,0.4,0.5,2.0,0.85,3.2778522968292236,254.64334106445312,4.008138656616211,0.7302863597869873,251.3654887676239,0.6563720703125,0.6126708984375,0.2200927734375,0.04987246170639992,0.49756571650505066
higgs_public,NLL_OOD,Cov90_OOD,0.18,0.02,0.2,0.0,0.4,0.5,1.0,-1.0,3.2778522968292236,254.64334106445312,3.8512039184570312,0.5733516216278076,251.3654887676239,0.6563720703125,0.6168212890625,0.2200927734375,0.5358518362045288,0.32233214378356934
higgs_public,NLL_OOD,Cov90_OOD,0.18,0.02,0.2,0.2,0.4,0.25,1.0,-1.0,3.2778522968292236,254.64334106445312,3.929806709289551,0.6519544124603271,251.3654887676239,0.6563720703125,0.5968017578125,0.2200927734375,0.3284970223903656,0.6581594944000244
higgs_public,NLL_OOD,Cov90_OOD,0.18,0.02,0.2,0.0,0.4,0.5,1.0,0.85,3.2778522968292236,254.64334106445312,4.234325408935547,0.9564731121063232,251.3654887676239,0.6563720703125,0.6126708984375,0.2200927734375,0.21430546045303345,0.32233214378356934
higgs_public,NLL_OOD,Cov90_OOD,0.18,0.02,0.2,0.2,0.4,0.25,1.0,0.85,3.2778522968292236,254.64334106445312,4.371405601501465,1.0935533046722412,251.3654887676239,0.6563720703125,0.5853271484375,0.2200927734375,0.06733398139476776,0.6581594944000244
higgs_public,NLL_OOD,Cov90_OOD,0.18,0.02,0.2,0.0,0.4,0.5,2.0,-1.0,3.2778522968292236,254.64334106445312,3.9623961448669434,0.6845438480377197,251.3654887676239,0.6563720703125,0.61328125,0.2200927734375,0.3981437087059021,0.32233214378356934
higgs_public,NLL_OOD,Cov90_OOD,0.18,0.02,0.2,0.2,0.4,0.25,2.0,-1.0,3.2778522968292236,254.64334106445312,4.052075386047363,0.7742230892181396,251.3654887676239,0.6563720703125,0.5927734375,0.2200927734375,0.20646879076957703,0.6581594944000244
higgs_public,NLL_OOD,Cov90_OOD,0.18,0.02,0.2,0.0,0.4,0.5,2.0,0.85,3.2778522968292236,254.64334106445312,4.234224319458008,0.9563720226287842,251.3654887676239,0.6563720703125,0.611328125,0.2200927734375,0.10803193598985672,0.32233214378356934
higgs_public,NLL_OOD,Cov90_OOD,0.18,0.02,0.2,0.2,0.4,0.25,2.0,0.85,3.2778522968292236,254.64334106445312,4.36998987197876,1.0921375751495361,251.3654887676239,0.6563720703125,0.5975341796875,0.2200927734375,0.026821624487638474,0.6581594944000244
higgs_public,NLL_OOD,Cov90_OOD,0.18,0.02,0.2,0.1,0.4,0.25,1.0,-1.0,3.2778522968292236,254.64334106445312,3.8886101245880127,0.6107578277587891,251.3654887676239,0.6563720703125,0.6060791015625,0.2200927734375,0.4102141559123993,0.49756571650505066
higgs_public,NLL_OOD,Cov90_OOD,0.18,0.02,0.2,0.2,0.4,0.5,1.0,-1.0,3.2778522968292236,254.64334106445312,3.579440116882324,0.3015878200531006,251.3654887676239,0.6563720703125,0.5994873046875,0.2200927734375,0.3284970223903656,0.6581594944000244
higgs_public,NLL_OOD,Cov90_OOD,0.18,0.02,0.2,0.1,0.4,0.25,1.0,0.85,3.2778522968292236,254.64334106445312,4.312160015106201,1.0343077182769775,251.3654887676239,0.6563720703125,0.597900390625,0.2200927734375,0.11381327360868454,0.49756571650505066
higgs_public,NLL_OOD,Cov90_OOD,0.18,0.02,0.2,0.2,0.4,0.5,1.0,0.85,3.2778522968292236,254.64334106445312,4.068674564361572,0.7908222675323486,251.3654887676239,0.6563720703125,0.6004638671875,0.2200927734375,0.06733398139476776,0.6581594944000244
higgs_public,NLL_OOD,Cov90_OOD,0.18,0.02,0.2,0.1,0.4,0.25,2.0,-1.0,3.2778522968292236,254.64334106445312,4.097166061401367,0.8193137645721436,251.3654887676239,0.6563720703125,0.599609375,0.2200927734375,0.27750715613365173,0.49756571650505066
higgs_public,NLL_OOD,Cov90_OOD,0.18,0.02,0.2,0.2,0.4,0.5,2.0,-1.0,3.2778522968292236,254.64334106445312,3.761871099472046,0.48401880264282227,251.3654887676239,0.6563720703125,0.596923828125,0.2200927734375,0.20646879076957703,0.6581594944000244
higgs_public,NLL_OOD,Cov90_OOD,0.18,0.02,0.2,0.1,0.4,0.25,2.0,0.85,3.2778522968292236,254.64334106445312,4.24263858795166,0.9647862911224365,251.3654887676239,0.6563720703125,0.607421875,0.2200927734375,0.04987246170639992,0.49756571650505066
higgs_public,NLL_OOD,Cov90_OOD,0.18,0.02,0.2,0.2,0.4,0.5,2.0,0.85,3.2778522968292236,254.64334106445312,4.073232173919678,0.7953798770904541,251.3654887676239,0.6563720703125,0.6005859375,0.2200927734375,0.026821624487638474,0.6581594944000244
higgs_public,NLL_OOD,Cov90_OOD,0.18,0.02,0.2,0.1,0.4,0.5,1.0,-1.0,3.2778522968292236,254.64334106445312,3.6075539588928223,0.32970166206359863,251.3654887676239,0.6563720703125,0.6090087890625,0.2200927734375,0.4102141559123993,0.49756571650505066
higgs_public,NLL_OOD,Cov90_OOD,0.18,0.05,0.0,0.0,0.4,0.25,1.0,-1.0,3.2778522968292236,254.64334106445312,4.317428112030029,1.0395758152008057,251.3654887676239,0.6563720703125,0.63916015625,0.2200927734375,0.9480752944946289,0.010372677817940712
higgs_public,NLL_OOD,Cov90_OOD,0.18,0.02,0.2,0.1,0.4,0.5,1.0,0.85,3.2778522968292236,254.64334106445312,4.074412822723389,0.796560525894165,251.3654887676239,0.6563720703125,0.603271484375,0.2200927734375,0.11381327360868454,0.49756571650505066
higgs_public,NLL_OOD,Cov90_OOD,0.18,0.05,0.0,0.0,0.4,0.25,1.0,0.85,3.2778522968292236,254.64334106445312,4.313570022583008,1.0357177257537842,251.3654887676239,0.6563720703125,0.635498046875,0.2200927734375,0.8836526870727539,0.010372677817940712
higgs_public,NLL_OOD,Cov90_OOD,0.18,0.02,0.2,0.1,0.4,0.5,2.0,-1.0,3.2778522968292236,254.64334106445312,3.745269775390625,0.46741747856140137,251.3654887676239,0.6563720703125,0.606201171875,0.2200927734375,0.27750715613365173,0.49756571650505066
higgs_public,NLL_OOD,Cov90_OOD,0.18,0.05,0.0,0.0,0.4,0.25,2.0,-1.0,3.2778522968292236,254.64334106445312,4.2476630210876465,0.9698107242584229,251.3654887676239,0.6563720703125,0.63671875,0.2200927734375,0.9049147963523865,0.010372677817940712
higgs_public,NLL_OOD,Cov90_OOD,0.18,0.02,0.2,0.1,0.4,0.5,2.0,0.85,3.2778522968292236,254.64334106445312,4.008138656616211,0.7302863597869873,251.3654887676239,0.6563720703125,0.6126708984375,0.2200927734375,0.04987246170639992,0.49756571650505066
higgs_public,NLL_OOD,Cov90_OOD,0.18,0.05,0.0,0.0,0.4,0.25,2.0,0.85,3.2778522968292236,254.64334106445312,4.320825576782227,1.042973279953003,251.3654887676239,0.6563720703125,0.63623046875,0.2200927734375,0.7671791911125183,0.010372677817940712
higgs_public,NLL_OOD,Cov90_OOD,0.18,0.02,0.2,0.2,0.4,0.25,1.0,-1.0,3.2778522968292236,254.64334106445312,3.929806709289551,0.6519544124603271,251.3654887676239,0.6563720703125,0.5968017578125,0.2200927734375,0.3284970223903656,0.6581594944000244
higgs_public,NLL_OOD,Cov90_OOD,0.18,0.05,0.0,0.0,0.4,0.5,1.0,-1.0,3.2778522968292236,254.64334106445312,3.99690580368042,0.7190535068511963,251.3654887676239,0.6563720703125,0.644287109375,0.2200927734375,0.9480752944946289,0.010372677817940712
higgs_public,NLL_OOD,Cov90_OOD,0.18,0.02,0.2,0.2,0.4,0.25,1.0,0.85,3.2778522968292236,254.64334106445312,4.371405601501465,1.0935533046722412,251.3654887676239,0.6563720703125,0.5853271484375,0.2200927734375,0.06733398139476776,0.6581594944000244
higgs_public,NLL_OOD,Cov90_OOD,0.18,0.05,0.0,0.0,0.4,0.5,1.0,0.85,3.2778522968292236,254.64334106445312,4.002804756164551,0.7249524593353271,251.3654887676239,0.6563720703125,0.64404296875,0.2200927734375,0.8836526870727539,0.010372677817940712
higgs_public,NLL_OOD,Cov90_OOD,0.18,0.02,0.2,0.2,0.4,0.25,2.0,-1.0,3.2778522968292236,254.64334106445312,4.052075386047363,0.7742230892181396,251.3654887676239,0.6563720703125,0.5927734375,0.2200927734375,0.20646879076957703,0.6581594944000244
higgs_public,NLL_OOD,Cov90_OOD,0.18,0.05,0.0,0.0,0.4,0.5,2.0,-1.0,3.2778522968292236,254.64334106445312,3.995626211166382,0.7177739143371582,251.3654887676239,0.6563720703125,0.6424560546875,0.2200927734375,0.9049147963523865,0.010372677817940712
higgs_public,NLL_OOD,Cov90_OOD,0.18,0.02,0.2,0.2,0.4,0.25,2.0,0.85,3.2778522968292236,254.64334106445312,4.36998987197876,1.0921375751495361,251.3654887676239,0.6563720703125,0.5975341796875,0.2200927734375,0.026821624487638474,0.6581594944000244
higgs_public,NLL_OOD,Cov90_OOD,0.18,0.05,0.0,0.0,0.4,0.5,2.0,0.85,3.2778522968292236,254.64334106445312,3.9904088973999023,0.7125566005706787,251.3654887676239,0.6563720703125,0.6436767578125,0.2200927734375,0.7671791911125183,0.010372677817940712
higgs_public,NLL_OOD,Cov90_OOD,0.18,0.02,0.2,0.2,0.4,0.5,1.0,-1.0,3.2778522968292236,254.64334106445312,3.579440116882324,0.3015878200531006,251.3654887676239,0.6563720703125,0.5994873046875,0.2200927734375,0.3284970223903656,0.6581594944000244
higgs_public,NLL_OOD,Cov90_OOD,0.18,0.05,0.0,0.1,0.4,0.25,1.0,-1.0,3.2778522968292236,254.64334106445312,4.180935859680176,0.9030835628509521,251.3654887676239,0.6563720703125,0.6322021484375,0.2200927734375,0.5135245323181152,0.36729663610458374
higgs_public,NLL_OOD,Cov90_OOD,0.18,0.02,0.2,0.2,0.4,0.5,1.0,0.85,3.2778522968292236,254.64334106445312,4.068674564361572,0.7908222675323486,251.3654887676239,0.6563720703125,0.6004638671875,0.2200927734375,0.06733398139476776,0.6581594944000244
higgs_public,NLL_OOD,Cov90_OOD,0.18,0.05,0.0,0.1,0.4,0.25,1.0,0.85,3.2778522968292236,254.64334106445312,4.393638610839844,1.1157863140106201,251.3654887676239,0.6563720703125,0.6260986328125,0.2200927734375,0.24934294819831848,0.36729663610458374
higgs_public,NLL_OOD,Cov90_OOD,0.18,0.02,0.2,0.2,0.4,0.5,2.0,-1.0,3.2778522968292236,254.64334106445312,3.761871099472046,0.48401880264282227,251.3654887676239,0.6563720703125,0.596923828125,0.2200927734375,0.20646879076957703,0.6581594944000244
higgs_public,NLL_OOD,Cov90_OOD,0.18,0.05,0.0,0.1,0.4,0.25,2.0,-1.0,3.2778522968292236,254.64334106445312,4.286341667175293,1.0084893703460693,251.3654887676239,0.6563720703125,0.62939453125,0.2200927734375,0.3936503231525421,0.36729663610458374
higgs_public,NLL_OOD,Cov90_OOD,0.18,0.02,0.2,0.2,0.4,0.5,2.0,0.85,3.2778522968292236,254.64334106445312,4.073232173919678,0.7953798770904541,251.3654887676239,0.6563720703125,0.6005859375,0.2200927734375,0.026821624487638474,0.6581594944000244
higgs_public,NLL_OOD,Cov90_OOD,0.18,0.05,0.0,0.1,0.4,0.25,2.0,0.85,3.2778522968292236,254.64334106445312,4.480020999908447,1.2021687030792236,251.3654887676239,0.6563720703125,0.62939453125,0.2200927734375,0.15454065799713135,0.36729663610458374
higgs_public,NLL_OOD,Cov90_OOD,0.18,0.05,0.0,0.0,0.4,0.25,1.0,-1.0,3.2778522968292236,254.64334106445312,4.317428112030029,1.0395758152008057,251.3654887676239,0.6563720703125,0.63916015625,0.2200927734375,0.9480752944946289,0.010372677817940712
higgs_public,NLL_OOD,Cov90_OOD,0.18,0.05,0.0,0.1,0.4,0.5,1.0,-1.0,3.2778522968292236,254.64334106445312,3.788900375366211,0.5110480785369873,251.3654887676239,0.6563720703125,0.6351318359375,0.2200927734375,0.5135245323181152,0.36729663610458374
higgs_public,NLL_OOD,Cov90_OOD,0.18,0.05,0.0,0.0,0.4,0.25,1.0,0.85,3.2778522968292236,254.64334106445312,4.313570022583008,1.0357177257537842,251.3654887676239,0.6563720703125,0.635498046875,0.2200927734375,0.8836526870727539,0.010372677817940712
higgs_public,NLL_OOD,Cov90_OOD,0.18,0.05,0.0,0.1,0.4,0.5,1.0,0.85,3.2778522968292236,254.64334106445312,4.102717399597168,0.8248651027679443,251.3654887676239,0.6563720703125,0.629150390625,0.2200927734375,0.24934294819831848,0.36729663610458374
higgs_public,NLL_OOD,Cov90_OOD,0.18,0.05,0.0,0.0,0.4,0.25,2.0,-1.0,3.2778522968292236,254.64334106445312,4.2476630210876465,0.9698107242584229,251.3654887676239,0.6563720703125,0.63671875,0.2200927734375,0.9049147963523865,0.010372677817940712
higgs_public,NLL_OOD,Cov90_OOD,0.18,0.05,0.0,0.1,0.4,0.5,2.0,-1.0,3.2778522968292236,254.64334106445312,3.93220591545105,0.6543536186218262,251.3654887676239,0.6563720703125,0.6324462890625,0.2200927734375,0.3936503231525421,0.36729663610458374
higgs_public,NLL_OOD,Cov90_OOD,0.18,0.05,0.0,0.0,0.4,0.25,2.0,0.85,3.2778522968292236,254.64334106445312,4.320825576782227,1.042973279953003,251.3654887676239,0.6563720703125,0.63623046875,0.2200927734375,0.7671791911125183,0.010372677817940712
higgs_public,NLL_OOD,Cov90_OOD,0.18,0.05,0.0,0.0,0.4,0.5,1.0,-1.0,3.2778522968292236,254.64334106445312,3.99690580368042,0.7190535068511963,251.3654887676239,0.6563720703125,0.644287109375,0.2200927734375,0.9480752944946289,0.010372677817940712
higgs_public,NLL_OOD,Cov90_OOD,0.18,0.05,0.0,0.1,0.4,0.5,2.0,0.85,3.2778522968292236,254.64334106445312,4.191014766693115,0.9131624698638916,251.3654887676239,0.6563720703125,0.629638671875,0.2200927734375,0.15454065799713135,0.36729663610458374
higgs_public,NLL_OOD,Cov90_OOD,0.18,0.05,0.0,0.0,0.4,0.5,1.0,0.85,3.2778522968292236,254.64334106445312,4.002804756164551,0.7249524593353271,251.3654887676239,0.6563720703125,0.64404296875,0.2200927734375,0.8836526870727539,0.010372677817940712
higgs_public,NLL_OOD,Cov90_OOD,0.18,0.05,0.0,0.2,0.4,0.25,1.0,-1.0,3.2778522968292236,254.64334106445312,4.0012054443359375,0.7233531475067139,251.3654887676239,0.6563720703125,0.62060546875,0.2200927734375,0.33810508251190186,0.7092173099517822
higgs_public,NLL_OOD,Cov90_OOD,0.18,0.05,0.0,0.0,0.4,0.5,2.0,-1.0,3.2778522968292236,254.64334106445312,3.995626211166382,0.7177739143371582,251.3654887676239,0.6563720703125,0.6424560546875,0.2200927734375,0.9049147963523865,0.010372677817940712
higgs_public,NLL_OOD,Cov90_OOD,0.18,0.05,0.0,0.2,0.4,0.25,1.0,0.85,3.2778522968292236,254.64334106445312,4.481334686279297,1.2034823894500732,251.3654887676239,0.6563720703125,0.6173095703125,0.2200927734375,0.11326601356267929,0.7092173099517822
higgs_public,NLL_OOD,Cov90_OOD,0.18,0.05,0.0,0.0,0.4,0.5,2.0,0.85,3.2778522968292236,254.64334106445312,3.9904088973999023,0.7125566005706787,251.3654887676239,0.6563720703125,0.6436767578125,0.2200927734375,0.7671791911125183,0.010372677817940712
higgs_public,NLL_OOD,Cov90_OOD,0.18,0.05,0.0,0.2,0.4,0.25,2.0,-1.0,3.2778522968292236,254.64334106445312,4.149759769439697,0.8719074726104736,251.3654887676239,0.6563720703125,0.6185302734375,0.2200927734375,0.23254229128360748,0.7092173099517822
higgs_public,NLL_OOD,Cov90_OOD,0.18,0.05,0.0,0.1,0.4,0.25,1.0,-1.0,3.2778522968292236,254.64334106445312,4.180935859680176,0.9030835628509521,251.3654887676239,0.6563720703125,0.6322021484375,0.2200927734375,0.5135245323181152,0.36729663610458374
higgs_public,NLL_OOD,Cov90_OOD,0.18,0.05,0.0,0.2,0.4,0.25,2.0,0.85,3.2778522968292236,254.64334106445312,4.50029182434082,1.2224395275115967,251.3654887676239,0.6563720703125,0.6287841796875,0.2200927734375,0.05876465141773224,0.7092173099517822
higgs_public,NLL_OOD,Cov90_OOD,0.18,0.05,0.0,0.1,0.4,0.25,1.0,0.85,3.2778522968292236,254.64334106445312,4.393638610839844,1.1157863140106201,251.3654887676239,0.6563720703125,0.6260986328125,0.2200927734375,0.24934294819831848,0.36729663610458374
higgs_public,NLL_OOD,Cov90_OOD,0.18,0.05,0.0,0.2,0.4,0.5,1.0,-1.0,3.2778522968292236,254.64334106445312,3.581770420074463,0.30391812324523926,251.3654887676239,0.6563720703125,0.6290283203125,0.2200927734375,0.33810508251190186,0.7092173099517822
higgs_public,NLL_OOD,Cov90_OOD,0.18,0.05,0.0,0.1,0.4,0.25,2.0,-1.0,3.2778522968292236,254.64334106445312,4.286341667175293,1.0084893703460693,251.3654887676239,0.6563720703125,0.62939453125,0.2200927734375,0.3936503231525421,0.36729663610458374
higgs_public,NLL_OOD,Cov90_OOD,0.18,0.05,0.0,0.2,0.4,0.5,1.0,0.85,3.2778522968292236,254.64334106445312,4.169512748718262,0.8916604518890381,251.3654887676239,0.6563720703125,0.62109375,0.2200927734375,0.11326601356267929,0.7092173099517822
higgs_public,NLL_OOD,Cov90_OOD,0.18,0.05,0.0,0.1,0.4,0.25,2.0,0.85,3.2778522968292236,254.64334106445312,4.480020999908447,1.2021687030792236,251.3654887676239,0.6563720703125,0.62939453125,0.2200927734375,0.15454065799713135,0.36729663610458374
higgs_public,NLL_OOD,Cov90_OOD,0.18,0.05,0.0,0.2,0.4,0.5,2.0,-1.0,3.2778522968292236,254.64334106445312,3.7639431953430176,0.48609089851379395,251.3654887676239,0.6563720703125,0.625244140625,0.2200927734375,0.23254229128360748,0.7092173099517822
higgs_public,NLL_OOD,Cov90_OOD,0.18,0.05,0.0,0.1,0.4,0.5,1.0,-1.0,3.2778522968292236,254.64334106445312,3.788900375366211,0.5110480785369873,251.3654887676239,0.6563720703125,0.6351318359375,0.2200927734375,0.5135245323181152,0.36729663610458374
higgs_public,NLL_OOD,Cov90_OOD,0.18,0.05,0.0,0.2,0.4,0.5,2.0,0.85,3.2778522968292236,254.64334106445312,4.263591766357422,0.9857394695281982,251.3654887676239,0.6563720703125,0.630126953125,0.2200927734375,0.05876465141773224,0.7092173099517822
higgs_public,NLL_OOD,Cov90_OOD,0.18,0.05,0.0,0.1,0.4,0.5,1.0,0.85,3.2778522968292236,254.64334106445312,4.102717399597168,0.8248651027679443,251.3654887676239,0.6563720703125,0.629150390625,0.2200927734375,0.24934294819831848,0.36729663610458374
higgs_public,NLL_OOD,Cov90_OOD,0.18,0.05,0.1,0.0,0.4,0.25,1.0,-1.0,3.2778522968292236,254.64334106445312,4.31728458404541,1.0394322872161865,251.3654887676239,0.6563720703125,0.632568359375,0.2200927734375,0.659892737865448,0.167097806930542
higgs_public,NLL_OOD,Cov90_OOD,0.18,0.05,0.0,0.1,0.4,0.5,2.0,-1.0,3.2778522968292236,254.64334106445312,3.93220591545105,0.6543536186218262,251.3654887676239,0.6563720703125,0.6324462890625,0.2200927734375,0.3936503231525421,0.36729663610458374
higgs_public,NLL_OOD,Cov90_OOD,0.18,0.05,0.1,0.0,0.4,0.25,1.0,0.85,3.2778522968292236,254.64334106445312,4.4972004890441895,1.2193481922149658,251.3654887676239,0.6563720703125,0.624267578125,0.2200927734375,0.3690701127052307,0.167097806930542
higgs_public,NLL_OOD,Cov90_OOD,0.18,0.05,0.0,0.1,0.4,0.5,2.0,0.85,3.2778522968292236,254.64334106445312,4.191014766693115,0.9131624698638916,251.3654887676239,0.6563720703125,0.629638671875,0.2200927734375,0.15454065799713135,0.36729663610458374
higgs_public,NLL_OOD,Cov90_OOD,0.18,0.05,0.1,0.0,0.4,0.25,2.0,-1.0,3.2778522968292236,254.64334106445312,4.470335960388184,1.19248366355896,251.3654887676239,0.6563720703125,0.629150390625,0.2200927734375,0.5336454510688782,0.167097806930542
higgs_public,NLL_OOD,Cov90_OOD,0.18,0.05,0.0,0.2,0.4,0.25,1.0,-1.0,3.2778522968292236,254.64334106445312,4.0012054443359375,0.7233531475067139,251.3654887676239,0.6563720703125,0.62060546875,0.2200927734375,0.33810508251190186,0.7092173099517822
higgs_public,NLL_OOD,Cov90_OOD,0.18,0.05,0.1,0.0,0.4,0.25,2.0,0.85,3.2778522968292236,254.64334106445312,4.543251991271973,1.265399694442749,251.3654887676239,0.6563720703125,0.6236572265625,0.2200927734375,0.22181209921836853,0.167097806930542
higgs_public,NLL_OOD,Cov90_OOD,0.18,0.05,0.0,0.2,0.4,0.25,1.0,0.85,3.2778522968292236,254.64334106445312,4.481334686279297,1.2034823894500732,251.3654887676239,0.6563720703125,0.6173095703125,0.2200927734375,0.11326601356267929,0.7092173099517822
higgs_public,NLL_OOD,Cov90_OOD,0.18,0.05,0.1,0.0,0.4,0.5,1.0,-1.0,3.2778522968292236,254.64334106445312,3.9291794300079346,0.6513271331787109,251.3654887676239,0.6563720703125,0.630126953125,0.2200927734375,0.659892737865448,0.167097806930542
higgs_public,NLL_OOD,Cov90_OOD,0.18,0.05,0.0,0.2,0.4,0.25,2.0,-1.0,3.2778522968292236,254.64334106445312,4.149759769439697,0.8719074726104736,251.3654887676239,0.6563720703125,0.6185302734375,0.2200927734375,0.23254229128360748,0.7092173099517822
higgs_public,NLL_OOD,Cov90_OOD,0.18,0.05,0.1,0.0,0.4,0.5,1.0,0.85,3.2778522968292236,254.64334106445312,4.12339448928833,0.8455421924591064,251.3654887676239,0.6563720703125,0.6326904296875,0.2200927734375,0.3690701127052307,0.167097806930542
higgs_public,NLL_OOD,Cov90_OOD,0.18,0.05,0.0,0.2,0.4,0.25,2.0,0.85,3.2778522968292236,254.64334106445312,4.50029182434082,1.2224395275115967,251.3654887676239,0.6563720703125,0.6287841796875,0.2200927734375,0.05876465141773224,0.7092173099517822
higgs_public,NLL_OOD,Cov90_OOD,0.18,0.05,0.1,0.0,0.4,0.5,2.0,-1.0,3.2778522968292236,254.64334106445312,4.002240180969238,0.7243878841400146,251.3654887676239,0.6563720703125,0.6280517578125,0.2200927734375,0.5336454510688782,0.167097806930542
higgs_public,NLL_OOD,Cov90_OOD,0.18,0.05,0.0,0.2,0.4,0.5,1.0,-1.0,3.2778522968292236,254.64334106445312,3.581770420074463,0.30391812324523926,251.3654887676239,0.6563720703125,0.6290283203125,0.2200927734375,0.33810508251190186,0.7092173099517822
higgs_public,NLL_OOD,Cov90_OOD,0.18,0.05,0.1,0.0,0.4,0.5,2.0,0.85,3.2778522968292236,254.64334106445312,4.168946266174316,0.8910939693450928,251.3654887676239,0.6563720703125,0.6290283203125,0.2200927734375,0.22181209921836853,0.167097806930542
higgs_public,NLL_OOD,Cov90_OOD,0.18,0.05,0.0,0.2,0.4,0.5,1.0,0.85,3.2778522968292236,254.64334106445312,4.169512748718262,0.8916604518890381,251.3654887676239,0.6563720703125,0.62109375,0.2200927734375,0.11326601356267929,0.7092173099517822
higgs_public,NLL_OOD,Cov90_OOD,0.18,0.05,0.1,0.1,0.4,0.25,1.0,-1.0,3.2778522968292236,254.64334106445312,3.959456443786621,0.6816041469573975,251.3654887676239,0.6563720703125,0.6202392578125,0.2200927734375,0.44301581382751465,0.4364781379699707
higgs_public,NLL_OOD,Cov90_OOD,0.18,0.05,0.0,0.2,0.4,0.5,2.0,-1.0,3.2778522968292236,254.64334106445312,3.7639431953430176,0.48609089851379395,251.3654887676239,0.6563720703125,0.625244140625,0.2200927734375,0.23254229128360748,0.7092173099517822
higgs_public,NLL_OOD,Cov90_OOD,0.18,0.05,0.1,0.1,0.4,0.25,1.0,0.85,3.2778522968292236,254.64334106445312,4.2430877685546875,0.9652354717254639,251.3654887676239,0.6563720703125,0.6142578125,0.2200927734375,0.15969741344451904,0.4364781379699707
higgs_public,NLL_OOD,Cov90_OOD,0.18,0.05,0.0,0.2,0.4,0.5,2.0,0.85,3.2778522968292236,254.64334106445312,4.263591766357422,0.9857394695281982,251.3654887676239,0.6563720703125,0.630126953125,0.2200927734375,0.05876465141773224,0.7092173099517822
higgs_public,NLL_OOD,Cov90_OOD,0.18,0.05,0.1,0.0,0.4,0.25,1.0,-1.0,3.2778522968292236,254.64334106445312,4.31728458404541,1.0394322872161865,251.3654887676239,0.6563720703125,0.632568359375,0.2200927734375,0.659892737865448,0.167097806930542
higgs_public,NLL_OOD,Cov90_OOD,0.18,0.05,0.1,0.1,0.4,0.25,2.0,-1.0,3.2778522968292236,254.64334106445312,4.069494247436523,0.7916419506072998,251.3654887676239,0.6563720703125,0.615966796875,0.2200927734375,0.31638404726982117,0.4364781379699707
higgs_public,NLL_OOD,Cov90_OOD,0.18,0.05,0.1,0.0,0.4,0.25,1.0,0.85,3.2778522968292236,254.64334106445312,4.4972004890441895,1.2193481922149658,251.3654887676239,0.6563720703125,0.624267578125,0.2200927734375,0.3690701127052307,0.167097806930542
higgs_public,NLL_OOD,Cov90_OOD,0.18,0.05,0.1,0.1,0.4,0.25,2.0,0.85,3.2778522968292236,254.64334106445312,4.355367660522461,1.0775153636932373,251.3654887676239,0.6563720703125,0.610595703125,0.2200927734375,0.08165097236633301,0.4364781379699707
higgs_public,NLL_OOD,Cov90_OOD,0.18,0.05,0.1,0.0,0.4,0.25,2.0,-1.0,3.2778522968292236,254.64334106445312,4.470335960388184,1.19248366355896,251.3654887676239,0.6563720703125,0.629150390625,0.2200927734375,0.5336454510688782,0.167097806930542
higgs_public,NLL_OOD,Cov90_OOD,0.18,0.05,0.1,0.1,0.4,0.5,1.0,-1.0,3.2778522968292236,254.64334106445312,3.609663963317871,0.33181166648864746,251.3654887676239,0.6563720703125,0.6246337890625,0.2200927734375,0.44301581382751465,0.4364781379699707
higgs_public,NLL_OOD,Cov90_OOD,0.18,0.05,0.1,0.0,0.4,0.25,2.0,0.85,3.2778522968292236,254.64334106445312,4.543251991271973,1.265399694442749,251.3654887676239,0.6563720703125,0.6236572265625,0.2200927734375,0.22181209921836853,0.167097806930542
higgs_public,NLL_OOD,Cov90_OOD,0.18,0.05,0.1,0.1,0.4,0.5,1.0,0.85,3.2778522968292236,254.64334106445312,3.927086114883423,0.6492338180541992,251.3654887676239,0.6563720703125,0.625,0.2200927734375,0.15969741344451904,0.4364781379699707
higgs_public,NLL_OOD,Cov90_OOD,0.18,0.05,0.1,0.0,0.4,0.5,1.0,-1.0,3.2778522968292236,254.64334106445312,3.9291794300079346,0.6513271331787109,251.3654887676239,0.6563720703125,0.630126953125,0.2200927734375,0.659892737865448,0.167097806930542
higgs_public,NLL_OOD,Cov90_OOD,0.18,0.05,0.1,0.1,0.4,0.5,2.0,-1.0,3.2778522968292236,254.64334106445312,3.710740089416504,0.4328877925872803,251.3654887676239,0.6563720703125,0.623779296875,0.2200927734375,0.31638404726982117,0.4364781379699707
higgs_public,NLL_OOD,Cov90_OOD,0.18,0.05,0.1,0.0,0.4,0.5,1.0,0.85,3.2778522968292236,254.64334106445312,4.12339448928833,0.8455421924591064,251.3654887676239,0.6563720703125,0.6326904296875,0.2200927734375,0.3690701127052307,0.167097806930542
higgs_public,NLL_OOD,Cov90_OOD,0.18,0.05,0.1,0.1,0.4,0.5,2.0,0.85,3.2778522968292236,254.64334106445312,3.9837584495544434,0.7059061527252197,251.3654887676239,0.6563720703125,0.618896484375,0.2200927734375,0.08165097236633301,0.4364781379699707
higgs_public,NLL_OOD,Cov90_OOD,0.18,0.05,0.1,0.0,0.4,0.5,2.0,-1.0,3.2778522968292236,254.64334106445312,4.002240180969238,0.7243878841400146,251.3654887676239,0.6563720703125,0.6280517578125,0.2200927734375,0.5336454510688782,0.167097806930542
higgs_public,NLL_OOD,Cov90_OOD,0.18,0.05,0.1,0.2,0.4,0.25,1.0,-1.0,3.2778522968292236,254.64334106445312,3.885413646697998,0.6075613498687744,251.3654887676239,0.6563720703125,0.612060546875,0.2200927734375,0.32544878125190735,0.6891570091247559
higgs_public,NLL_OOD,Cov90_OOD,0.18,0.05,0.1,0.0,0.4,0.5,2.0,0.85,3.2778522968292236,254.64334106445312,4.168946266174316,0.8910939693450928,251.3654887676239,0.6563720703125,0.6290283203125,0.2200927734375,0.22181209921836853,0.167097806930542
higgs_public,NLL_OOD,Cov90_OOD,0.18,0.05,0.1,0.2,0.4,0.25,1.0,0.85,3.2778522968292236,254.64334106445312,4.197872161865234,0.9200198650360107,251.3654887676239,0.6563720703125,0.6177978515625,0.2200927734375,0.08579768240451813,0.6891570091247559
higgs_public,NLL_OOD,Cov90_OOD,0.18,0.05,0.1,0.1,0.4,0.25,1.0,-1.0,3.2778522968292236,254.64334106445312,3.959456443786621,0.6816041469573975,251.3654887676239,0.6563720703125,0.6202392578125,0.2200927734375,0.44301581382751465,0.4364781379699707
higgs_public,NLL_OOD,Cov90_OOD,0.18,0.05,0.1,0.2,0.4,0.25,2.0,-1.0,3.2778522968292236,254.64334106445312,4.002455234527588,0.7246029376983643,251.3654887676239,0.6563720703125,0.6036376953125,0.2200927734375,0.21363955736160278,0.6891570091247559
higgs_public,NLL_OOD,Cov90_OOD,0.18,0.05,0.1,0.1,0.4,0.25,1.0,0.85,3.2778522968292236,254.64334106445312,4.2430877685546875,0.9652354717254639,251.3654887676239,0.6563720703125,0.6142578125,0.2200927734375,0.15969741344451904,0.4364781379699707
higgs_public,NLL_OOD,Cov90_OOD,0.18,0.05,0.1,0.2,0.4,0.25,2.0,0.85,3.2778522968292236,254.64334106445312,4.205104827880859,0.9272525310516357,251.3654887676239,0.6563720703125,0.620361328125,0.2200927734375,0.03751925751566887,0.6891570091247559
higgs_public,NLL_OOD,Cov90_OOD,0.18,0.05,0.1,0.1,0.4,0.25,2.0,-1.0,3.2778522968292236,254.64334106445312,4.069494247436523,0.7916419506072998,251.3654887676239,0.6563720703125,0.615966796875,0.2200927734375,0.31638404726982117,0.4364781379699707
higgs_public,NLL_OOD,Cov90_OOD,0.18,0.05,0.1,0.2,0.4,0.5,1.0,-1.0,3.2778522968292236,254.64334106445312,3.513572931289673,0.23572063446044922,251.3654887676239,0.6563720703125,0.6171875,0.2200927734375,0.32544878125190735,0.6891570091247559
higgs_public,NLL_OOD,Cov90_OOD,0.18,0.05,0.1,0.1,0.4,0.25,2.0,0.85,3.2778522968292236,254.64334106445312,4.355367660522461,1.0775153636932373,251.3654887676239,0.6563720703125,0.610595703125,0.2200927734375,0.08165097236633301,0.4364781379699707
higgs_public,NLL_OOD,Cov90_OOD,0.18,0.05,0.1,0.2,0.4,0.5,1.0,0.85,3.2778522968292236,254.64334106445312,3.984626531600952,0.7067742347717285,251.3654887676239,0.6563720703125,0.617431640625,0.2200927734375,0.08579768240451813,0.6891570091247559
higgs_public,NLL_OOD,Cov90_OOD,0.18,0.05,0.1,0.1,0.4,0.5,1.0,-1.0,3.2778522968292236,254.64334106445312,3.609663963317871,0.33181166648864746,251.3654887676239,0.6563720703125,0.6246337890625,0.2200927734375,0.44301581382751465,0.4364781379699707
higgs_public,NLL_OOD,Cov90_OOD,0.18,0.05,0.1,0.2,0.4,0.5,2.0,-1.0,3.2778522968292236,254.64334106445312,3.656128406524658,0.37827610969543457,251.3654887676239,0.6563720703125,0.6121826171875,0.2200927734375,0.21363955736160278,0.6891570091247559
higgs_public,NLL_OOD,Cov90_OOD,0.18,0.05,0.1,0.1,0.4,0.5,1.0,0.85,3.2778522968292236,254.64334106445312,3.927086114883423,0.6492338180541992,251.3654887676239,0.6563720703125,0.625,0.2200927734375,0.15969741344451904,0.4364781379699707
higgs_public,NLL_OOD,Cov90_OOD,0.18,0.05,0.1,0.2,0.4,0.5,2.0,0.85,3.2778522968292236,254.64334106445312,3.879962205886841,0.6021099090576172,251.3654887676239,0.6563720703125,0.6312255859375,0.2200927734375,0.03751925751566887,0.6891570091247559
higgs_public,NLL_OOD,Cov90_OOD,0.18,0.05,0.1,0.1,0.4,0.5,2.0,-1.0,3.2778522968292236,254.64334106445312,3.710740089416504,0.4328877925872803,251.3654887676239,0.6563720703125,0.623779296875,0.2200927734375,0.31638404726982117,0.4364781379699707
higgs_public,NLL_OOD,Cov90_OOD,0.18,0.05,0.2,0.0,0.4,0.25,1.0,-1.0,3.2778522968292236,254.64334106445312,4.28441047668457,1.0065581798553467,251.3654887676239,0.6563720703125,0.6177978515625,0.2200927734375,0.5276799201965332,0.326383501291275
higgs_public,NLL_OOD,Cov90_OOD,0.18,0.05,0.1,0.1,0.4,0.5,2.0,0.85,3.2778522968292236,254.64334106445312,3.9837584495544434,0.7059061527252197,251.3654887676239,0.6563720703125,0.618896484375,0.2200927734375,0.08165097236633301,0.4364781379699707
higgs_public,NLL_OOD,Cov90_OOD,0.18,0.05,0.2,0.0,0.4,0.25,1.0,0.85,3.2778522968292236,254.64334106445312,4.6107659339904785,1.3329136371612549,251.3654887676239,0.6563720703125,0.602783203125,0.2200927734375,0.20374152064323425,0.326383501291275
higgs_public,NLL_OOD,Cov90_OOD,0.18,0.05,0.1,0.2,0.4,0.25,1.0,-1.0,3.2778522968292236,254.64334106445312,3.885413646697998,0.6075613498687744,251.3654887676239,0.6563720703125,0.612060546875,0.2200927734375,0.32544878125190735,0.6891570091247559
higgs_public,NLL_OOD,Cov90_OOD,0.18,0.05,0.2,0.0,0.4,0.25,2.0,-1.0,3.2778522968292236,254.64334106445312,4.398673057556152,1.1208207607269287,251.3654887676239,0.6563720703125,0.6094970703125,0.2200927734375,0.3888362646102905,0.326383501291275
higgs_public,NLL_OOD,Cov90_OOD,0.18,0.05,0.1,0.2,0.4,0.25,1.0,0.85,3.2778522968292236,254.64334106445312,4.197872161865234,0.9200198650360107,251.3654887676239,0.6563720703125,0.6177978515625,0.2200927734375,0.08579768240451813,0.6891570091247559
higgs_public,NLL_OOD,Cov90_OOD,0.18,0.05,0.2,0.0,0.4,0.25,2.0,0.85,3.2778522968292236,254.64334106445312,4.551403522491455,1.2735512256622314,251.3654887676239,0.6563720703125,0.60693359375,0.2200927734375,0.10196735709905624,0.326383501291275
higgs_public,NLL_OOD,Cov90_OOD,0.18,0.05,0.1,0.2,0.4,0.25,2.0,-1.0,3.2778522968292236,254.64334106445312,4.002455234527588,0.7246029376983643,251.3654887676239,0.6563720703125,0.6036376953125,0.2200927734375,0.21363955736160278,0.6891570091247559
higgs_public,NLL_OOD,Cov90_OOD,0.18,0.05,0.2,0.0,0.4,0.5,1.0,-1.0,3.2778522968292236,254.64334106445312,3.821033477783203,0.5431811809539795,251.3654887676239,0.6563720703125,0.617431640625,0.2200927734375,0.5276799201965332,0.326383501291275
higgs_public,NLL_OOD,Cov90_OOD,0.18,0.05,0.1,0.2,0.4,0.25,2.0,0.85,3.2778522968292236,254.64334106445312,4.205104827880859,0.9272525310516357,251.3654887676239,0.6563720703125,0.620361328125,0.2200927734375,0.03751925751566887,0.6891570091247559
higgs_public,NLL_OOD,Cov90_OOD,0.18,0.05,0.2,0.0,0.4,0.5,1.0,0.85,3.2778522968292236,254.64334106445312,4.164579391479492,0.8867270946502686,251.3654887676239,0.6563720703125,0.6124267578125,0.2200927734375,0.20374152064323425,0.326383501291275
higgs_public,NLL_OOD,Cov90_OOD,0.18,0.05,0.1,0.2,0.4,0.5,1.0,-1.0,3.2778522968292236,254.64334106445312,3.513572931289673,0.23572063446044922,251.3654887676239,0.6563720703125,0.6171875,0.2200927734375,0.32544878125190735,0.6891570091247559
higgs_public,NLL_OOD,Cov90_OOD,0.18,0.05,0.2,0.0,0.4,0.5,2.0,-1.0,3.2778522968292236,254.64334106445312,3.936056613922119,0.6582043170928955,251.3654887676239,0.6563720703125,0.6156005859375,0.2200927734375,0.3888362646102905,0.326383501291275
higgs_public,NLL_OOD,Cov90_OOD,0.18,0.05,0.1,0.2,0.4,0.5,1.0,0.85,3.2778522968292236,254.64334106445312,3.984626531600952,0.7067742347717285,251.3654887676239,0.6563720703125,0.617431640625,0.2200927734375,0.08579768240451813,0.6891570091247559
higgs_public,NLL_OOD,Cov90_OOD,0.18,0.05,0.2,0.0,0.4,0.5,2.0,0.85,3.2778522968292236,254.64334106445312,4.1996564865112305,0.9218041896820068,251.3654887676239,0.6563720703125,0.6146240234375,0.2200927734375,0.10196735709905624,0.326383501291275
higgs_public,NLL_OOD,Cov90_OOD,0.18,0.05,0.1,0.2,0.4,0.5,2.0,-1.0,3.2778522968292236,254.64334106445312,3.656128406524658,0.37827610969543457,251.3654887676239,0.6563720703125,0.6121826171875,0.2200927734375,0.21363955736160278,0.6891570091247559
higgs_public,NLL_OOD,Cov90_OOD,0.18,0.05,0.2,0.1,0.4,0.25,1.0,-1.0,3.2778522968292236,254.64334106445312,3.919522285461426,0.6416699886322021,251.3654887676239,0.6563720703125,0.603759765625,0.2200927734375,0.40450620651245117,0.5021302103996277
higgs_public,NLL_OOD,Cov90_OOD,0.18,0.05,0.1,0.2,0.4,0.5,2.0,0.85,3.2778522968292236,254.64334106445312,3.879962205886841,0.6021099090576172,251.3654887676239,0.6563720703125,0.6312255859375,0.2200927734375,0.03751925751566887,0.6891570091247559
higgs_public,NLL_OOD,Cov90_OOD,0.18,0.05,0.2,0.0,0.4,0.25,1.0,-1.0,3.2778522968292236,254.64334106445312,4.28441047668457,1.0065581798553467,251.3654887676239,0.6563720703125,0.6177978515625,0.2200927734375,0.5276799201965332,0.326383501291275
higgs_public,NLL_OOD,Cov90_OOD,0.18,0.05,0.2,0.1,0.4,0.25,1.0,0.85,3.2778522968292236,254.64334106445312,4.317686557769775,1.0398342609405518,251.3654887676239,0.6563720703125,0.5963134765625,0.2200927734375,0.1090603619813919,0.5021302103996277
higgs_public,NLL_OOD,Cov90_OOD,0.18,0.05,0.2,0.0,0.4,0.25,1.0,0.85,3.2778522968292236,254.64334106445312,4.6107659339904785,1.3329136371612549,251.3654887676239,0.6563720703125,0.602783203125,0.2200927734375,0.20374152064323425,0.326383501291275
higgs_public,NLL_OOD,Cov90_OOD,0.18,0.05,0.2,0.1,0.4,0.25,2.0,-1.0,3.2778522968292236,254.64334106445312,4.026784896850586,0.7489326000213623,251.3654887676239,0.6563720703125,0.6007080078125,0.2200927734375,0.2720222771167755,0.5021302103996277
higgs_public,NLL_OOD,Cov90_OOD,0.18,0.05,0.2,0.0,0.4,0.25,2.0,-1.0,3.2778522968292236,254.64334106445312,4.398673057556152,1.1208207607269287,251.3654887676239,0.6563720703125,0.6094970703125,0.2200927734375,0.3888362646102905,0.326383501291275
higgs_public,NLL_OOD,Cov90_OOD,0.18,0.05,0.2,0.1,0.4,0.25,2.0,0.85,3.2778522968292236,254.64334106445312,4.342273235321045,1.0644209384918213,251.3654887676239,0.6563720703125,0.6026611328125,0.2200927734375,0.04913230240345001,0.5021302103996277
higgs_public,NLL_OOD,Cov90_OOD,0.18,0.05,0.2,0.0,0.4,0.25,2.0,0.85,3.2778522968292236,254.64334106445312,4.551403522491455,1.2735512256622314,251.3654887676239,0.6563720703125,0.60693359375,0.2200927734375,0.10196735709905624,0.326383501291275
higgs_public,NLL_OOD,Cov90_OOD,0.18,0.05,0.2,0.1,0.4,0.5,1.0,-1.0,3.2778522968292236,254.64334106445312,3.621857166290283,0.34400486946105957,251.3654887676239,0.6563720703125,0.6077880859375,0.2200927734375,0.40450620651245117,0.5021302103996277
higgs_public,NLL_OOD,Cov90_OOD,0.18,0.05,0.2,0.0,0.4,0.5,1.0,-1.0,3.2778522968292236,254.64334106445312,3.821033477783203,0.5431811809539795,251.3654887676239,0.6563720703125,0.617431640625,0.2200927734375,0.5276799201965332,0.326383501291275
higgs_public,NLL_OOD,Cov90_OOD,0.18,0.05,0.2,0.1,0.4,0.5,1.0,0.85,3.2778522968292236,254.64334106445312,4.078012466430664,0.8001601696014404,251.3654887676239,0.6563720703125,0.603759765625,0.2200927734375,0.1090603619813919,0.5021302103996277
higgs_public,NLL_OOD,Cov90_OOD,0.18,0.05,0.2,0.0,0.4,0.5,1.0,0.85,3.2778522968292236,254.64334106445312,4.164579391479492,0.8867270946502686,251.3654887676239,0.6563720703125,0.6124267578125,0.2200927734375,0.20374152064323425,0.326383501291275
higgs_public,NLL_OOD,Cov90_OOD,0.18,0.05,0.2,0.1,0.4,0.5,2.0,-1.0,3.2778522968292236,254.64334106445312,3.7484354972839355,0.4705832004547119,251.3654887676239,0.6563720703125,0.6060791015625,0.2200927734375,0.2720222771167755,0.5021302103996277
higgs_public,NLL_OOD,Cov90_OOD,0.18,0.05,0.2,0.0,0.4,0.5,2.0,-1.0,3.2778522968292236,254.64334106445312,3.936056613922119,0.6582043170928955,251.3654887676239,0.6563720703125,0.6156005859375,0.2200927734375,0.3888362646102905,0.326383501291275
higgs_public,NLL_OOD,Cov90_OOD,0.18,0.05,0.2,0.1,0.4,0.5,2.0,0.85,3.2778522968292236,254.64334106445312,4.043107986450195,0.7652556896209717,251.3654887676239,0.6563720703125,0.6185302734375,0.2200927734375,0.04913230240345001,0.5021302103996277
higgs_public,NLL_OOD,Cov90_OOD,0.18,0.05,0.2,0.0,0.4,0.5,2.0,0.85,3.2778522968292236,254.64334106445312,4.1996564865112305,0.9218041896820068,251.3654887676239,0.6563720703125,0.6146240234375,0.2200927734375,0.10196735709905624,0.326383501291275
higgs_public,NLL_OOD,Cov90_OOD,0.18,0.05,0.2,0.2,0.4,0.25,1.0,-1.0,3.2778522968292236,254.64334106445312,3.914330005645752,0.6364777088165283,251.3654887676239,0.6563720703125,0.5960693359375,0.2200927734375,0.32440510392189026,0.6620259284973145
higgs_public,NLL_OOD,Cov90_OOD,0.18,0.05,0.2,0.1,0.4,0.25,1.0,-1.0,3.2778522968292236,254.64334106445312,3.919522285461426,0.6416699886322021,251.3654887676239,0.6563720703125,0.603759765625,0.2200927734375,0.40450620651245117,0.5021302103996277
higgs_public,NLL_OOD,Cov90_OOD,0.18,0.05,0.2,0.2,0.4,0.25,1.0,0.85,3.2778522968292236,254.64334106445312,4.435698509216309,1.157846212387085,251.3654887676239,0.6563720703125,0.583740234375,0.2200927734375,0.06517428904771805,0.6620259284973145
higgs_public,NLL_OOD,Cov90_OOD,0.18,0.05,0.2,0.1,0.4,0.25,1.0,0.85,3.2778522968292236,254.64334106445312,4.317686557769775,1.0398342609405518,251.3654887676239,0.6563720703125,0.5963134765625,0.2200927734375,0.1090603619813919,0.5021302103996277
higgs_public,NLL_OOD,Cov90_OOD,0.18,0.05,0.2,0.2,0.4,0.25,2.0,-1.0,3.2778522968292236,254.64334106445312,4.029053688049316,0.7512013912200928,251.3654887676239,0.6563720703125,0.593505859375,0.2200927734375,0.2027510553598404,0.6620259284973145
higgs_public,NLL_OOD,Cov90_OOD,0.18,0.05,0.2,0.1,0.4,0.25,2.0,-1.0,3.2778522968292236,254.64334106445312,4.026784896850586,0.7489326000213623,251.3654887676239,0.6563720703125,0.6007080078125,0.2200927734375,0.2720222771167755,0.5021302103996277
higgs_public,NLL_OOD,Cov90_OOD,0.18,0.05,0.2,0.2,0.4,0.25,2.0,0.85,3.2778522968292236,254.64334106445312,4.428563594818115,1.1507112979888916,251.3654887676239,0.6563720703125,0.5980224609375,0.2200927734375,0.025628365576267242,0.6620259284973145
higgs_public,NLL_OOD,Cov90_OOD,0.18,0.05,0.2,0.1,0.4,0.25,2.0,0.85,3.2778522968292236,254.64334106445312,4.342273235321045,1.0644209384918213,251.3654887676239,0.6563720703125,0.6026611328125,0.2200927734375,0.04913230240345001,0.5021302103996277
higgs_public,NLL_OOD,Cov90_OOD,0.18,0.05,0.2,0.2,0.4,0.5,1.0,-1.0,3.2778522968292236,254.64334106445312,3.537111282348633,0.2592589855194092,251.3654887676239,0.6563720703125,0.6002197265625,0.2200927734375,0.32440510392189026,0.6620259284973145
higgs_public,NLL_OOD,Cov90_OOD,0.18,0.05,0.2,0.1,0.4,0.5,1.0,-1.0,3.2778522968292236,254.64334106445312,3.621857166290283,0.34400486946105957,251.3654887676239,0.6563720703125,0.6077880859375,0.2200927734375,0.40450620651245117,0.5021302103996277
higgs_public,NLL_OOD,Cov90_OOD,0.18,0.05,0.2,0.2,0.4,0.5,1.0,0.85,3.2778522968292236,254.64334106445312,4.134031295776367,0.8561789989471436,251.3654887676239,0.6563720703125,0.5966796875,0.2200927734375,0.06517428904771805,0.6620259284973145
higgs_public,NLL_OOD,Cov90_OOD,0.18,0.05,0.2,0.1,0.4,0.5,1.0,0.85,3.2778522968292236,254.64334106445312,4.078012466430664,0.8001601696014404,251.3654887676239,0.6563720703125,0.603759765625,0.2200927734375,0.1090603619813919,0.5021302103996277
higgs_public,NLL_OOD,Cov90_OOD,0.18,0.05,0.2,0.2,0.4,0.5,2.0,-1.0,3.2778522968292236,254.64334106445312,3.75005841255188,0.47220611572265625,251.3654887676239,0.6563720703125,0.596923828125,0.2200927734375,0.2027510553598404,0.6620259284973145
higgs_public,NLL_OOD,Cov90_OOD,0.18,0.05,0.2,0.1,0.4,0.5,2.0,-1.0,3.2778522968292236,254.64334106445312,3.7484354972839355,0.4705832004547119,251.3654887676239,0.6563720703125,0.6060791015625,0.2200927734375,0.2720222771167755,0.5021302103996277
higgs_public,NLL_OOD,Cov90_OOD,0.18,0.05,0.2,0.2,0.4,0.5,2.0,0.85,3.2778522968292236,254.64334106445312,4.08919620513916,0.8113439083099365,251.3654887676239,0.6563720703125,0.60595703125,0.2200927734375,0.025628365576267242,0.6620259284973145
higgs_public,NLL_OOD,Cov90_OOD,0.18,0.05,0.2,0.1,0.4,0.5,2.0,0.85,3.2778522968292236,254.64334106445312,4.043107986450195,0.7652556896209717,251.3654887676239,0.6563720703125,0.6185302734375,0.2200927734375,0.04913230240345001,0.5021302103996277
higgs_public,NLL_OOD,Cov90_OOD,0.18,0.1,0.0,0.0,0.4,0.25,1.0,-1.0,3.2778522968292236,254.64334106445312,4.190030097961426,0.9121778011322021,251.3654887676239,0.6563720703125,0.6356201171875,0.2200927734375,0.8335071802139282,0.04221619293093681
higgs_public,NLL_OOD,Cov90_OOD,0.18,0.05,0.2,0.2,0.4,0.25,1.0,-1.0,3.2778522968292236,254.64334106445312,3.914330005645752,0.6364777088165283,251.3654887676239,0.6563720703125,0.5960693359375,0.2200927734375,0.32440510392189026,0.6620259284973145
higgs_public,NLL_OOD,Cov90_OOD,0.18,0.1,0.0,0.0,0.4,0.25,1.0,0.85,3.2778522968292236,254.64334106445312,4.238865852355957,0.9610135555267334,251.3654887676239,0.6563720703125,0.63671875,0.2200927734375,0.6102781891822815,0.04221619293093681
higgs_public,NLL_OOD,Cov90_OOD,0.18,0.05,0.2,0.2,0.4,0.25,1.0,0.85,3.2778522968292236,254.64334106445312,4.435698509216309,1.157846212387085,251.3654887676239,0.6563720703125,0.583740234375,0.2200927734375,0.06517428904771805,0.6620259284973145
higgs_public,NLL_OOD,Cov90_OOD,0.18,0.1,0.0,0.0,0.4,0.25,2.0,-1.0,3.2778522968292236,254.64334106445312,4.256536483764648,0.9786841869354248,251.3654887676239,0.6563720703125,0.6414794921875,0.2200927734375,0.7332100868225098,0.04221619293093681
higgs_public,NLL_OOD,Cov90_OOD,0.18,0.05,0.2,0.2,0.4,0.25,2.0,-1.0,3.2778522968292236,254.64334106445312,4.029053688049316,0.7512013912200928,251.3654887676239,0.6563720703125,0.593505859375,0.2200927734375,0.2027510553598404,0.6620259284973145
higgs_public,NLL_OOD,Cov90_OOD,0.18,0.1,0.0,0.0,0.4,0.25,2.0,0.85,3.2778522968292236,254.64334106445312,4.230221748352051,0.9523694515228271,251.3654887676239,0.6563720703125,0.635498046875,0.2200927734375,0.43737903237342834,0.04221619293093681
higgs_public,NLL_OOD,Cov90_OOD,0.18,0.05,0.2,0.2,0.4,0.25,2.0,0.85,3.2778522968292236,254.64334106445312,4.428563594818115,1.1507112979888916,251.3654887676239,0.6563720703125,0.5980224609375,0.2200927734375,0.025628365576267242,0.6620259284973145
higgs_public,NLL_OOD,Cov90_OOD,0.18,0.1,0.0,0.0,0.4,0.5,1.0,-1.0,3.2778522968292236,254.64334106445312,3.9410994052886963,0.6632471084594727,251.3654887676239,0.6563720703125,0.6478271484375,0.2200927734375,0.8335071802139282,0.04221619293093681
higgs_public,NLL_OOD,Cov90_OOD,0.18,0.05,0.2,0.2,0.4,0.5,1.0,-1.0,3.2778522968292236,254.64334106445312,3.537111282348633,0.2592589855194092,251.3654887676239,0.6563720703125,0.6002197265625,0.2200927734375,0.32440510392189026,0.6620259284973145
higgs_public,NLL_OOD,Cov90_OOD,0.18,0.1,0.0,0.0,0.4,0.5,1.0,0.85,3.2778522968292236,254.64334106445312,3.9682393074035645,0.6903870105743408,251.3654887676239,0.6563720703125,0.6468505859375,0.2200927734375,0.6102781891822815,0.04221619293093681
higgs_public,NLL_OOD,Cov90_OOD,0.18,0.05,0.2,0.2,0.4,0.5,1.0,0.85,3.2778522968292236,254.64334106445312,4.134031295776367,0.8561789989471436,251.3654887676239,0.6563720703125,0.5966796875,0.2200927734375,0.06517428904771805,0.6620259284973145
higgs_public,NLL_OOD,Cov90_OOD,0.18,0.1,0.0,0.0,0.4,0.5,2.0,-1.0,3.2778522968292236,254.64334106445312,3.953782081604004,0.6759297847747803,251.3654887676239,0.6563720703125,0.6458740234375,0.2200927734375,0.7332100868225098,0.04221619293093681
higgs_public,NLL_OOD,Cov90_OOD,0.18,0.05,0.2,0.2,0.4,0.5,2.0,-1.0,3.2778522968292236,254.64334106445312,3.75005841255188,0.47220611572265625,251.3654887676239,0.6563720703125,0.596923828125,0.2200927734375,0.2027510553598404,0.6620259284973145
higgs_public,NLL_OOD,Cov90_OOD,0.18,0.1,0.0,0.0,0.4,0.5,2.0,0.85,3.2778522968292236,254.64334106445312,3.9538354873657227,0.675983190536499,251.3654887676239,0.6563720703125,0.64501953125,0.2200927734375,0.43737903237342834,0.04221619293093681
higgs_public,NLL_OOD,Cov90_OOD,0.18,0.05,0.2,0.2,0.4,0.5,2.0,0.85,3.2778522968292236,254.64334106445312,4.08919620513916,0.8113439083099365,251.3654887676239,0.6563720703125,0.60595703125,0.2200927734375,0.025628365576267242,0.6620259284973145
higgs_public,NLL_OOD,Cov90_OOD,0.18,0.1,0.0,0.1,0.4,0.25,1.0,-1.0,3.2778522968292236,254.64334106445312,4.093898773193359,0.8160464763641357,251.3654887676239,0.6563720703125,0.6326904296875,0.2200927734375,0.4771499037742615,0.3949587345123291
higgs_public,NLL_OOD,Cov90_OOD,0.18,0.1,0.0,0.0,0.4,0.25,1.0,-1.0,3.2778522968292236,254.64334106445312,4.190030097961426,0.9121778011322021,251.3654887676239,0.6563720703125,0.6356201171875,0.2200927734375,0.8335071802139282,0.04221619293093681
higgs_public,NLL_OOD,Cov90_OOD,0.18,0.1,0.0,0.1,0.4,0.25,1.0,0.85,3.2778522968292236,254.64334106445312,4.3578267097473145,1.0799744129180908,251.3654887676239,0.6563720703125,0.626708984375,0.2200927734375,0.20349857211112976,0.3949587345123291
higgs_public,NLL_OOD,Cov90_OOD,0.18,0.1,0.0,0.0,0.4,0.25,1.0,0.85,3.2778522968292236,254.64334106445312,4.238865852355957,0.9610135555267334,251.3654887676239,0.6563720703125,0.63671875,0.2200927734375,0.6102781891822815,0.04221619293093681
higgs_public,NLL_OOD,Cov90_OOD,0.18,0.1,0.0,0.1,0.4,0.25,2.0,-1.0,3.2778522968292236,254.64334106445312,4.216855049133301,0.9390027523040771,251.3654887676239,0.6563720703125,0.63037109375,0.2200927734375,0.3533308804035187,0.3949587345123291
higgs_public,NLL_OOD,Cov90_OOD,0.18,0.1,0.0,0.0,0.4,0.25,2.0,-1.0,3.2778522968292236,254.64334106445312,4.256536483764648,0.9786841869354248,251.3654887676239,0.6563720703125,0.6414794921875,0.2200927734375,0.7332100868225098,0.04221619293093681
higgs_public,NLL_OOD,Cov90_OOD,0.18,0.1,0.0,0.1,0.4,0.25,2.0,0.85,3.2778522968292236,254.64334106445312,4.4161481857299805,1.1382958889007568,251.3654887676239,0.6563720703125,0.6312255859375,0.2200927734375,0.11616817116737366,0.3949587345123291
higgs_public,NLL_OOD,Cov90_OOD,0.18,0.1,0.0,0.0,0.4,0.25,2.0,0.85,3.2778522968292236,254.64334106445312,4.230221748352051,0.9523694515228271,251.3654887676239,0.6563720703125,0.635498046875,0.2200927734375,0.43737903237342834,0.04221619293093681
higgs_public,NLL_OOD,Cov90_OOD,0.18,0.1,0.0,0.1,0.4,0.5,1.0,-1.0,3.2778522968292236,254.64334106445312,3.7667083740234375,0.48885607719421387,251.3654887676239,0.6563720703125,0.6378173828125,0.2200927734375,0.4771499037742615,0.3949587345123291
higgs_public,NLL_OOD,Cov90_OOD,0.18,0.1,0.0,0.0,0.4,0.5,1.0,-1.0,3.2778522968292236,254.64334106445312,3.9410994052886963,0.6632471084594727,251.3654887676239,0.6563720703125,0.6478271484375,0.2200927734375,0.8335071802139282,0.04221619293093681
higgs_public,NLL_OOD,Cov90_OOD,0.18,0.1,0.0,0.1,0.4,0.5,1.0,0.85,3.2778522968292236,254.64334106445312,4.042194843292236,0.7643425464630127,251.3654887676239,0.6563720703125,0.6297607421875,0.2200927734375,0.20349857211112976,0.3949587345123291
higgs_public,NLL_OOD,Cov90_OOD,0.18,0.1,0.0,0.0,0.4,0.5,1.0,0.85,3.2778522968292236,254.64334106445312,3.9682393074035645,0.6903870105743408,251.3654887676239,0.6563720703125,0.6468505859375,0.2200927734375,0.6102781891822815,0.04221619293093681
higgs_public,NLL_OOD,Cov90_OOD,0.18,0.1,0.0,0.0,0.4,0.5,2.0,-1.0,3.2778522968292236,254.64334106445312,3.953782081604004,0.6759297847747803,251.3654887676239,0.6563720703125,0.6458740234375,0.2200927734375,0.7332100868225098,0.04221619293093681
higgs_public,NLL_OOD,Cov90_OOD,0.18,0.1,0.0,0.1,0.4,0.5,2.0,-1.0,3.2778522968292236,254.64334106445312,3.8680527210235596,0.5902004241943359,251.3654887676239,0.6563720703125,0.635009765625,0.2200927734375,0.3533308804035187,0.3949587345123291
higgs_public,NLL_OOD,Cov90_OOD,0.18,0.1,0.0,0.0,0.4,0.5,2.0,0.85,3.2778522968292236,254.64334106445312,3.9538354873657227,0.675983190536499,251.3654887676239,0.6563720703125,0.64501953125,0.2200927734375,0.43737903237342834,0.04221619293093681
higgs_public,NLL_OOD,Cov90_OOD,0.18,0.1,0.0,0.1,0.4,0.5,2.0,0.85,3.2778522968292236,254.64334106445312,4.048657417297363,0.7708051204681396,251.3654887676239,0.6563720703125,0.6336669921875,0.2200927734375,0.11616817116737366,0.3949587345123291
higgs_public,NLL_OOD,Cov90_OOD,0.18,0.1,0.0,0.1,0.4,0.25,1.0,-1.0,3.2778522968292236,254.64334106445312,4.093898773193359,0.8160464763641357,251.3654887676239,0.6563720703125,0.6326904296875,0.2200927734375,0.4771499037742615,0.3949587345123291
higgs_public,NLL_OOD,Cov90_OOD,0.18,0.1,0.0,0.2,0.4,0.25,1.0,-1.0,3.2778522968292236,254.64334106445312,3.909036636352539,0.6311843395233154,251.3654887676239,0.6563720703125,0.6239013671875,0.2200927734375,0.31876659393310547,0.7322065234184265
higgs_public,NLL_OOD,Cov90_OOD,0.18,0.1,0.0,0.1,0.4,0.25,1.0,0.85,3.2778522968292236,254.64334106445312,4.3578267097473145,1.0799744129180908,251.3654887676239,0.6563720703125,0.626708984375,0.2200927734375,0.20349857211112976,0.3949587345123291
higgs_public,NLL_OOD,Cov90_OOD,0.18,0.1,0.0,0.2,0.4,0.25,1.0,0.85,3.2778522968292236,254.64334106445312,4.4684553146362305,1.1906030178070068,251.3654887676239,0.6563720703125,0.61572265625,0.2200927734375,0.09509941935539246,0.7322065234184265
higgs_public,NLL_OOD,Cov90_OOD,0.18,0.1,0.0,0.1,0.4,0.25,2.0,-1.0,3.2778522968292236,254.64334106445312,4.216855049133301,0.9390027523040771,251.3654887676239,0.6563720703125,0.63037109375,0.2200927734375,0.3533308804035187,0.3949587345123291
higgs_public,NLL_OOD,Cov90_OOD,0.18,0.1,0.0,0.2,0.4,0.25,2.0,-1.0,3.2778522968292236,254.64334106445312,4.109466552734375,0.8316142559051514,251.3654887676239,0.6563720703125,0.619384765625,0.2200927734375,0.2137146294116974,0.7322065234184265
higgs_public,NLL_OOD,Cov90_OOD,0.18,0.1,0.0,0.1,0.4,0.25,2.0,0.85,3.2778522968292236,254.64334106445312,4.4161481857299805,1.1382958889007568,251.3654887676239,0.6563720703125,0.6312255859375,0.2200927734375,0.11616817116737366,0.3949587345123291
higgs_public,NLL_OOD,Cov90_OOD,0.18,0.1,0.0,0.2,0.4,0.25,2.0,0.85,3.2778522968292236,254.64334106445312,4.503696441650391,1.225844144821167,251.3654887676239,0.6563720703125,0.6253662109375,0.2200927734375,0.046225059777498245,0.7322065234184265
higgs_public,NLL_OOD,Cov90_OOD,0.18,0.1,0.0,0.1,0.4,0.5,1.0,-1.0,3.2778522968292236,254.64334106445312,3.7667083740234375,0.48885607719421387,251.3654887676239,0.6563720703125,0.6378173828125,0.2200927734375,0.4771499037742615,0.3949587345123291
higgs_public,NLL_OOD,Cov90_OOD,0.18,0.1,0.0,0.2,0.4,0.5,1.0,-1.0,3.2778522968292236,254.64334106445312,3.538017749786377,0.2601654529571533,251.3654887676239,0.6563720703125,0.6319580078125,0.2200927734375,0.31876659393310547,0.7322065234184265
higgs_public,NLL_OOD,Cov90_OOD,0.18,0.1,0.0,0.1,0.4,0.5,1.0,0.85,3.2778522968292236,254.64334106445312,4.042194843292236,0.7643425464630127,251.3654887676239,0.6563720703125,0.6297607421875,0.2200927734375,0.20349857211112976,0.3949587345123291
higgs_public,NLL_OOD,Cov90_OOD,0.18,0.1,0.0,0.2,0.4,0.5,1.0,0.85,3.2778522968292236,254.64334106445312,4.138588905334473,0.860736608505249,251.3654887676239,0.6563720703125,0.6236572265625,0.2200927734375,0.09509941935539246,0.7322065234184265
higgs_public,NLL_OOD,Cov90_OOD,0.18,0.1,0.0,0.1,0.4,0.5,2.0,-1.0,3.2778522968292236,254.64334106445312,3.8680527210235596,0.5902004241943359,251.3654887676239,0.6563720703125,0.635009765625,0.2200927734375,0.3533308804035187,0.3949587345123291
higgs_public,NLL_OOD,Cov90_OOD,0.18,0.1,0.0,0.2,0.4,0.5,2.0,-1.0,3.2778522968292236,254.64334106445312,3.724001407623291,0.4461491107940674,251.3654887676239,0.6563720703125,0.6265869140625,0.2200927734375,0.2137146294116974,0.7322065234184265
higgs_public,NLL_OOD,Cov90_OOD,0.18,0.1,0.0,0.1,0.4,0.5,2.0,0.85,3.2778522968292236,254.64334106445312,4.048657417297363,0.7708051204681396,251.3654887676239,0.6563720703125,0.6336669921875,0.2200927734375,0.11616817116737366,0.3949587345123291
higgs_public,NLL_OOD,Cov90_OOD,0.18,0.1,0.0,0.2,0.4,0.5,2.0,0.85,3.2778522968292236,254.64334106445312,4.145865440368652,0.8680131435394287,251.3654887676239,0.6563720703125,0.6365966796875,0.2200927734375,0.046225059777498245,0.7322065234184265
higgs_public,NLL_OOD,Cov90_OOD,0.18,0.1,0.0,0.2,0.4,0.25,1.0,-1.0,3.2778522968292236,254.64334106445312,3.909036636352539,0.6311843395233154,251.3654887676239,0.6563720703125,0.6239013671875,0.2200927734375,0.31876659393310547,0.7322065234184265
higgs_public,NLL_OOD,Cov90_OOD,0.18,0.1,0.1,0.0,0.4,0.25,1.0,-1.0,3.2778522968292236,254.64334106445312,4.317428112030029,1.0395758152008057,251.3654887676239,0.6563720703125,0.6336669921875,0.2200927734375,0.611543595790863,0.1912536919116974
higgs_public,NLL_OOD,Cov90_OOD,0.18,0.1,0.0,0.2,0.4,0.25,1.0,0.85,3.2778522968292236,254.64334106445312,4.4684553146362305,1.1906030178070068,251.3654887676239,0.6563720703125,0.61572265625,0.2200927734375,0.09509941935539246,0.7322065234184265
higgs_public,NLL_OOD,Cov90_OOD,0.18,0.1,0.1,0.0,0.4,0.25,1.0,0.85,3.2778522968292236,254.64334106445312,4.525757789611816,1.2479054927825928,251.3654887676239,0.6563720703125,0.622802734375,0.2200927734375,0.295548677444458,0.1912536919116974
higgs_public,NLL_OOD,Cov90_OOD,0.18,0.1,0.0,0.2,0.4,0.25,2.0,-1.0,3.2778522968292236,254.64334106445312,4.109466552734375,0.8316142559051514,251.3654887676239,0.6563720703125,0.619384765625,0.2200927734375,0.2137146294116974,0.7322065234184265
higgs_public,NLL_OOD,Cov90_OOD,0.18,0.1,0.1,0.0,0.4,0.25,2.0,-1.0,3.2778522968292236,254.64334106445312,4.388852119445801,1.1109998226165771,251.3654887676239,0.6563720703125,0.6300048828125,0.2200927734375,0.4763643145561218,0.1912536919116974
higgs_public,NLL_OOD,Cov90_OOD,0.18,0.1,0.0,0.2,0.4,0.25,2.0,0.85,3.2778522968292236,254.64334106445312,4.503696441650391,1.225844144821167,251.3654887676239,0.6563720703125,0.6253662109375,0.2200927734375,0.046225059777498245,0.7322065234184265
higgs_public,NLL_OOD,Cov90_OOD,0.18,0.1,0.1,0.0,0.4,0.25,2.0,0.85,3.2778522968292236,254.64334106445312,4.572788715362549,1.2949364185333252,251.3654887676239,0.6563720703125,0.624267578125,0.2200927734375,0.16728755831718445,0.1912536919116974
higgs_public,NLL_OOD,Cov90_OOD,0.18,0.1,0.0,0.2,0.4,0.5,1.0,-1.0,3.2778522968292236,254.64334106445312,3.538017749786377,0.2601654529571533,251.3654887676239,0.6563720703125,0.6319580078125,0.2200927734375,0.31876659393310547,0.7322065234184265
higgs_public,NLL_OOD,Cov90_OOD,0.18,0.1,0.1,0.0,0.4,0.5,1.0,-1.0,3.2778522968292236,254.64334106445312,3.858206272125244,0.5803539752960205,251.3654887676239,0.6563720703125,0.633056640625,0.2200927734375,0.611543595790863,0.1912536919116974
higgs_public,NLL_OOD,Cov90_OOD,0.18,0.1,0.0,0.2,0.4,0.5,1.0,0.85,3.2778522968292236,254.64334106445312,4.138588905334473,0.860736608505249,251.3654887676239,0.6563720703125,0.6236572265625,0.2200927734375,0.09509941935539246,0.7322065234184265
higgs_public,NLL_OOD,Cov90_OOD,0.18,0.1,0.1,0.0,0.4,0.5,1.0,0.85,3.2778522968292236,254.64334106445312,4.095338821411133,0.8174865245819092,251.3654887676239,0.6563720703125,0.629150390625,0.2200927734375,0.295548677444458,0.1912536919116974
higgs_public,NLL_OOD,Cov90_OOD,0.18,0.1,0.0,0.2,0.4,0.5,2.0,-1.0,3.2778522968292236,254.64334106445312,3.724001407623291,0.4461491107940674,251.3654887676239,0.6563720703125,0.6265869140625,0.2200927734375,0.2137146294116974,0.7322065234184265
higgs_public,NLL_OOD,Cov90_OOD,0.18,0.1,0.1,0.0,0.4,0.5,2.0,-1.0,3.2778522968292236,254.64334106445312,3.9117319583892822,0.6338796615600586,251.3654887676239,0.6563720703125,0.6304931640625,0.2200927734375,0.4763643145561218,0.1912536919116974
higgs_public,NLL_OOD,Cov90_OOD,0.18,0.1,0.0,0.2,0.4,0.5,2.0,0.85,3.2778522968292236,254.64334106445312,4.145865440368652,0.8680131435394287,251.3654887676239,0.6563720703125,0.6365966796875,0.2200927734375,0.046225059777498245,0.7322065234184265
higgs_public,NLL_OOD,Cov90_OOD,0.18,0.1,0.1,0.0,0.4,0.5,2.0,0.85,3.2778522968292236,254.64334106445312,4.106110572814941,0.8282582759857178,251.3654887676239,0.6563720703125,0.6324462890625,0.2200927734375,0.16728755831718445,0.1912536919116974
higgs_public,NLL_OOD,Cov90_OOD,0.18,0.1,0.1,0.0,0.4,0.25,1.0,-1.0,3.2778522968292236,254.64334106445312,4.317428112030029,1.0395758152008057,251.3654887676239,0.6563720703125,0.6336669921875,0.2200927734375,0.611543595790863,0.1912536919116974
higgs_public,NLL_OOD,Cov90_OOD,0.18,0.1,0.1,0.1,0.4,0.25,1.0,-1.0,3.2778522968292236,254.64334106445312,3.8928000926971436,0.6149477958679199,251.3654887676239,0.6563720703125,0.625,0.2200927734375,0.4172986149787903,0.45879510045051575
higgs_public,NLL_OOD,Cov90_OOD,0.18,0.1,0.1,0.0,0.4,0.25,1.0,0.85,3.2778522968292236,254.64334106445312,4.525757789611816,1.2479054927825928,251.3654887676239,0.6563720703125,0.622802734375,0.2200927734375,0.295548677444458,0.1912536919116974
higgs_public,NLL_OOD,Cov90_OOD,0.18,0.1,0.1,0.1,0.4,0.25,1.0,0.85,3.2778522968292236,254.64334106445312,4.228122711181641,0.950270414352417,251.3654887676239,0.6563720703125,0.616943359375,0.2200927734375,0.13722020387649536,0.45879510045051575
higgs_public,NLL_OOD,Cov90_OOD,0.18,0.1,0.1,0.0,0.4,0.25,2.0,-1.0,3.2778522968292236,254.64334106445312,4.388852119445801,1.1109998226165771,251.3654887676239,0.6563720703125,0.6300048828125,0.2200927734375,0.4763643145561218,0.1912536919116974
higgs_public,NLL_OOD,Cov90_OOD,0.18,0.1,0.1,0.1,0.4,0.25,2.0,-1.0,3.2778522968292236,254.64334106445312,3.977426767349243,0.6995744705200195,251.3654887676239,0.6563720703125,0.61962890625,0.2200927734375,0.29044008255004883,0.45879510045051575
higgs_public,NLL_OOD,Cov90_OOD,0.18,0.1,0.1,0.0,0.4,0.25,2.0,0.85,3.2778522968292236,254.64334106445312,4.572788715362549,1.2949364185333252,251.3654887676239,0.6563720703125,0.624267578125,0.2200927734375,0.16728755831718445,0.1912536919116974
higgs_public,NLL_OOD,Cov90_OOD,0.18,0.1,0.1,0.1,0.4,0.25,2.0,0.85,3.2778522968292236,254.64334106445312,4.216945171356201,0.9390928745269775,251.3654887676239,0.6563720703125,0.6175537109375,0.2200927734375,0.0659702718257904,0.45879510045051575
higgs_public,NLL_OOD,Cov90_OOD,0.18,0.1,0.1,0.0,0.4,0.5,1.0,-1.0,3.2778522968292236,254.64334106445312,3.858206272125244,0.5803539752960205,251.3654887676239,0.6563720703125,0.633056640625,0.2200927734375,0.611543595790863,0.1912536919116974
higgs_public,NLL_OOD,Cov90_OOD,0.18,0.1,0.1,0.0,0.4,0.5,1.0,0.85,3.2778522968292236,254.64334106445312,4.095338821411133,0.8174865245819092,251.3654887676239,0.6563720703125,0.629150390625,0.2200927734375,0.295548677444458,0.1912536919116974
higgs_public,NLL_OOD,Cov90_OOD,0.18,0.1,0.1,0.1,0.4,0.5,1.0,-1.0,3.2778522968292236,254.64334106445312,3.5600943565368652,0.2822420597076416,251.3654887676239,0.6563720703125,0.6278076171875,0.2200927734375,0.4172986149787903,0.45879510045051575
higgs_public,NLL_OOD,Cov90_OOD,0.18,0.1,0.1,0.0,0.4,0.5,2.0,-1.0,3.2778522968292236,254.64334106445312,3.9117319583892822,0.6338796615600586,251.3654887676239,0.6563720703125,0.6304931640625,0.2200927734375,0.4763643145561218,0.1912536919116974
higgs_public,NLL_OOD,Cov90_OOD,0.18,0.1,0.1,0.1,0.4,0.5,1.0,0.85,3.2778522968292236,254.64334106445312,3.936603546142578,0.6587512493133545,251.3654887676239,0.6563720703125,0.6175537109375,0.2200927734375,0.13722020387649536,0.45879510045051575
higgs_public,NLL_OOD,Cov90_OOD,0.18,0.1,0.1,0.0,0.4,0.5,2.0,0.85,3.2778522968292236,254.64334106445312,4.106110572814941,0.8282582759857178,251.3654887676239,0.6563720703125,0.6324462890625,0.2200927734375,0.16728755831718445,0.1912536919116974
higgs_public,NLL_OOD,Cov90_OOD,0.18,0.1,0.1,0.1,0.4,0.5,2.0,-1.0,3.2778522968292236,254.64334106445312,3.6933810710906982,0.4155287742614746,251.3654887676239,0.6563720703125,0.62548828125,0.2200927734375,0.29044008255004883,0.45879510045051575
higgs_public,NLL_OOD,Cov90_OOD,0.18,0.1,0.1,0.1,0.4,0.25,1.0,-1.0,3.2778522968292236,254.64334106445312,3.8928000926971436,0.6149477958679199,251.3654887676239,0.6563720703125,0.625,0.2200927734375,0.4172986149787903,0.45879510045051575
higgs_public,NLL_OOD,Cov90_OOD,0.18,0.1,0.1,0.1,0.4,0.5,2.0,0.85,3.2778522968292236,254.64334106445312,3.9871010780334473,0.7092487812042236,251.3654887676239,0.6563720703125,0.6185302734375,0.2200927734375,0.0659702718257904,0.45879510045051575
higgs_public,NLL_OOD,Cov90_OOD,0.18,0.1,0.1,0.1,0.4,0.25,1.0,0.85,3.2778522968292236,254.64334106445312,4.228122711181641,0.950270414352417,251.3654887676239,0.6563720703125,0.616943359375,0.2200927734375,0.13722020387649536,0.45879510045051575
higgs_public,NLL_OOD,Cov90_OOD,0.18,0.1,0.1,0.2,0.4,0.25,1.0,-1.0,3.2778522968292236,254.64334106445312,3.8286640644073486,0.550811767578125,251.3654887676239,0.6563720703125,0.6163330078125,0.2200927734375,0.30909281969070435,0.7081891298294067
higgs_public,NLL_OOD,Cov90_OOD,0.18,0.1,0.1,0.1,0.4,0.25,2.0,-1.0,3.2778522968292236,254.64334106445312,3.977426767349243,0.6995744705200195,251.3654887676239,0.6563720703125,0.61962890625,0.2200927734375,0.29044008255004883,0.45879510045051575
higgs_public,NLL_OOD,Cov90_OOD,0.18,0.1,0.1,0.2,0.4,0.25,1.0,0.85,3.2778522968292236,254.64334106445312,4.215195655822754,0.9373433589935303,251.3654887676239,0.6563720703125,0.6099853515625,0.2200927734375,0.07601960003376007,0.7081891298294067
higgs_public,NLL_OOD,Cov90_OOD,0.18,0.1,0.1,0.1,0.4,0.25,2.0,0.85,3.2778522968292236,254.64334106445312,4.216945171356201,0.9390928745269775,251.3654887676239,0.6563720703125,0.6175537109375,0.2200927734375,0.0659702718257904,0.45879510045051575
higgs_public,NLL_OOD,Cov90_OOD,0.18,0.1,0.1,0.2,0.4,0.25,2.0,-1.0,3.2778522968292236,254.64334106445312,3.9754066467285156,0.697554349899292,251.3654887676239,0.6563720703125,0.6107177734375,0.2200927734375,0.19873061776161194,0.7081891298294067
higgs_public,NLL_OOD,Cov90_OOD,0.18,0.1,0.1,0.1,0.4,0.5,1.0,-1.0,3.2778522968292236,254.64334106445312,3.5600943565368652,0.2822420597076416,251.3654887676239,0.6563720703125,0.6278076171875,0.2200927734375,0.4172986149787903,0.45879510045051575
higgs_public,NLL_OOD,Cov90_OOD,0.18,0.1,0.1,0.2,0.4,0.25,2.0,0.85,3.2778522968292236,254.64334106445312,4.13084077835083,0.8529884815216064,251.3654887676239,0.6563720703125,0.620849609375,0.2200927734375,0.03087669610977173,0.7081891298294067
higgs_public,NLL_OOD,Cov90_OOD,0.18,0.1,0.1,0.1,0.4,0.5,1.0,0.85,3.2778522968292236,254.64334106445312,3.936603546142578,0.6587512493133545,251.3654887676239,0.6563720703125,0.6175537109375,0.2200927734375,0.13722020387649536,0.45879510045051575
higgs_public,NLL_OOD,Cov90_OOD,0.18,0.1,0.1,0.2,0.4,0.5,1.0,-1.0,3.2778522968292236,254.64334106445312,3.5080630779266357,0.2302107810974121,251.3654887676239,0.6563720703125,0.6204833984375,0.2200927734375,0.30909281969070435,0.7081891298294067
higgs_public,NLL_OOD,Cov90_OOD,0.18,0.1,0.1,0.1,0.4,0.5,2.0,-1.0,3.2778522968292236,254.64334106445312,3.6933810710906982,0.4155287742614746,251.3654887676239,0.6563720703125,0.62548828125,0.2200927734375,0.29044008255004883,0.45879510045051575
higgs_public,NLL_OOD,Cov90_OOD,0.18,0.1,0.1,0.2,0.4,0.5,1.0,0.85,3.2778522968292236,254.64334106445312,3.9530091285705566,0.675156831741333,251.3654887676239,0.6563720703125,0.6123046875,0.2200927734375,0.07601960003376007,0.7081891298294067
higgs_public,NLL_OOD,Cov90_OOD,0.18,0.1,0.1,0.1,0.4,0.5,2.0,0.85,3.2778522968292236,254.64334106445312,3.9871010780334473,0.7092487812042236,251.3654887676239,0.6563720703125,0.6185302734375,0.2200927734375,0.0659702718257904,0.45879510045051575
higgs_public,NLL_OOD,Cov90_OOD,0.18,0.1,0.1,0.2,0.4,0.5,2.0,-1.0,3.2778522968292236,254.64334106445312,3.652855634689331,0.3750033378601074,251.3654887676239,0.6563720703125,0.6156005859375,0.2200927734375,0.19873061776161194,0.7081891298294067
higgs_public,NLL_OOD,Cov90_OOD,0.18,0.1,0.1,0.2,0.4,0.25,1.0,-1.0,3.2778522968292236,254.64334106445312,3.8286640644073486,0.550811767578125,251.3654887676239,0.6563720703125,0.6163330078125,0.2200927734375,0.30909281969070435,0.7081891298294067
higgs_public,NLL_OOD,Cov90_OOD,0.18,0.1,0.1,0.2,0.4,0.5,2.0,0.85,3.2778522968292236,254.64334106445312,3.9932174682617188,0.7153651714324951,251.3654887676239,0.6563720703125,0.616943359375,0.2200927734375,0.03087669610977173,0.7081891298294067
higgs_public,NLL_OOD,Cov90_OOD,0.18,0.1,0.1,0.2,0.4,0.25,1.0,0.85,3.2778522968292236,254.64334106445312,4.215195655822754,0.9373433589935303,251.3654887676239,0.6563720703125,0.6099853515625,0.2200927734375,0.07601960003376007,0.7081891298294067
higgs_public,NLL_OOD,Cov90_OOD,0.18,0.1,0.2,0.0,0.4,0.25,1.0,-1.0,3.2778522968292236,254.64334106445312,4.211484909057617,0.9336326122283936,251.3654887676239,0.6563720703125,0.6181640625,0.2200927734375,0.5011147856712341,0.3415980935096741
higgs_public,NLL_OOD,Cov90_OOD,0.18,0.1,0.1,0.2,0.4,0.25,2.0,-1.0,3.2778522968292236,254.64334106445312,3.9754066467285156,0.697554349899292,251.3654887676239,0.6563720703125,0.6107177734375,0.2200927734375,0.19873061776161194,0.7081891298294067
higgs_public,NLL_OOD,Cov90_OOD,0.18,0.1,0.2,0.0,0.4,0.25,1.0,0.85,3.2778522968292236,254.64334106445312,4.4789581298828125,1.2011058330535889,251.3654887676239,0.6563720703125,0.6109619140625,0.2200927734375,0.1730327308177948,0.3415980935096741
higgs_public,NLL_OOD,Cov90_OOD,0.18,0.1,0.1,0.2,0.4,0.25,2.0,0.85,3.2778522968292236,254.64334106445312,4.13084077835083,0.8529884815216064,251.3654887676239,0.6563720703125,0.620849609375,0.2200927734375,0.03087669610977173,0.7081891298294067
higgs_public,NLL_OOD,Cov90_OOD,0.18,0.1,0.2,0.0,0.4,0.25,2.0,-1.0,3.2778522968292236,254.64334106445312,4.381152153015137,1.103299856185913,251.3654887676239,0.6563720703125,0.61328125,0.2200927734375,0.3598972260951996,0.3415980935096741
higgs_public,NLL_OOD,Cov90_OOD,0.18,0.1,0.1,0.2,0.4,0.5,1.0,-1.0,3.2778522968292236,254.64334106445312,3.5080630779266357,0.2302107810974121,251.3654887676239,0.6563720703125,0.6204833984375,0.2200927734375,0.30909281969070435,0.7081891298294067
higgs_public,NLL_OOD,Cov90_OOD,0.18,0.1,0.2,0.0,0.4,0.25,2.0,0.85,3.2778522968292236,254.64334106445312,4.5733184814453125,1.2954661846160889,251.3654887676239,0.6563720703125,0.6082763671875,0.2200927734375,0.08390691876411438,0.3415980935096741
higgs_public,NLL_OOD,Cov90_OOD,0.18,0.1,0.1,0.2,0.4,0.5,1.0,0.85,3.2778522968292236,254.64334106445312,3.9530091285705566,0.675156831741333,251.3654887676239,0.6563720703125,0.6123046875,0.2200927734375,0.07601960003376007,0.7081891298294067
higgs_public,NLL_OOD,Cov90_OOD,0.18,0.1,0.2,0.0,0.4,0.5,1.0,-1.0,3.2778522968292236,254.64334106445312,3.776937484741211,0.4990851879119873,251.3654887676239,0.6563720703125,0.6171875,0.2200927734375,0.5011147856712341,0.3415980935096741
higgs_public,NLL_OOD,Cov90_OOD,0.18,0.1,0.1,0.2,0.4,0.5,2.0,-1.0,3.2778522968292236,254.64334106445312,3.652855634689331,0.3750033378601074,251.3654887676239,0.6563720703125,0.6156005859375,0.2200927734375,0.19873061776161194,0.7081891298294067
higgs_public,NLL_OOD,Cov90_OOD,0.18,0.1,0.2,0.0,0.4,0.5,1.0,0.85,3.2778522968292236,254.64334106445312,4.176886558532715,0.8990342617034912,251.3654887676239,0.6563720703125,0.6138916015625,0.2200927734375,0.1730327308177948,0.3415980935096741
higgs_public,NLL_OOD,Cov90_OOD,0.18,0.1,0.1,0.2,0.4,0.5,2.0,0.85,3.2778522968292236,254.64334106445312,3.9932174682617188,0.7153651714324951,251.3654887676239,0.6563720703125,0.616943359375,0.2200927734375,0.03087669610977173,0.7081891298294067
higgs_public,NLL_OOD,Cov90_OOD,0.18,0.1,0.2,0.0,0.4,0.5,2.0,-1.0,3.2778522968292236,254.64334106445312,3.940300703048706,0.6624484062194824,251.3654887676239,0.6563720703125,0.6136474609375,0.2200927734375,0.3598972260951996,0.3415980935096741
higgs_public,NLL_OOD,Cov90_OOD,0.18,0.1,0.2,0.0,0.4,0.25,1.0,-1.0,3.2778522968292236,254.64334106445312,4.211484909057617,0.9336326122283936,251.3654887676239,0.6563720703125,0.6181640625,0.2200927734375,0.5011147856712341,0.3415980935096741
higgs_public,NLL_OOD,Cov90_OOD,0.18,0.1,0.2,0.0,0.4,0.5,2.0,0.85,3.2778522968292236,254.64334106445312,4.259315013885498,0.9814627170562744,251.3654887676239,0.6563720703125,0.612548828125,0.2200927734375,0.08390691876411438,0.3415980935096741
higgs_public,NLL_OOD,Cov90_OOD,0.18,0.1,0.2,0.0,0.4,0.25,1.0,0.85,3.2778522968292236,254.64334106445312,4.4789581298828125,1.2011058330535889,251.3654887676239,0.6563720703125,0.6109619140625,0.2200927734375,0.1730327308177948,0.3415980935096741
higgs_public,NLL_OOD,Cov90_OOD,0.18,0.1,0.2,0.1,0.4,0.25,1.0,-1.0,3.2778522968292236,254.64334106445312,3.8924100399017334,0.6145577430725098,251.3654887676239,0.6563720703125,0.6082763671875,0.2200927734375,0.38610658049583435,0.5174785852432251
higgs_public,NLL_OOD,Cov90_OOD,0.18,0.1,0.2,0.0,0.4,0.25,2.0,-1.0,3.2778522968292236,254.64334106445312,4.381152153015137,1.103299856185913,251.3654887676239,0.6563720703125,0.61328125,0.2200927734375,0.3598972260951996,0.3415980935096741
higgs_public,NLL_OOD,Cov90_OOD,0.18,0.1,0.2,0.1,0.4,0.25,1.0,0.85,3.2778522968292236,254.64334106445312,4.3189191818237305,1.0410668849945068,251.3654887676239,0.6563720703125,0.6016845703125,0.2200927734375,0.09661141037940979,0.5174785852432251
higgs_public,NLL_OOD,Cov90_OOD,0.18,0.1,0.2,0.0,0.4,0.25,2.0,0.85,3.2778522968292236,254.64334106445312,4.5733184814453125,1.2954661846160889,251.3654887676239,0.6563720703125,0.6082763671875,0.2200927734375,0.08390691876411438,0.3415980935096741
higgs_public,NLL_OOD,Cov90_OOD,0.18,0.1,0.2,0.1,0.4,0.25,2.0,-1.0,3.2778522968292236,254.64334106445312,4.040808200836182,0.762955904006958,251.3654887676239,0.6563720703125,0.6016845703125,0.2200927734375,0.2543560862541199,0.5174785852432251
higgs_public,NLL_OOD,Cov90_OOD,0.18,0.1,0.2,0.0,0.4,0.5,1.0,-1.0,3.2778522968292236,254.64334106445312,3.776937484741211,0.4990851879119873,251.3654887676239,0.6563720703125,0.6171875,0.2200927734375,0.5011147856712341,0.3415980935096741
higgs_public,NLL_OOD,Cov90_OOD,0.18,0.1,0.2,0.1,0.4,0.25,2.0,0.85,3.2778522968292236,254.64334106445312,4.362825393676758,1.0849730968475342,251.3654887676239,0.6563720703125,0.6016845703125,0.2200927734375,0.042257651686668396,0.5174785852432251
higgs_public,NLL_OOD,Cov90_OOD,0.18,0.1,0.2,0.0,0.4,0.5,1.0,0.85,3.2778522968292236,254.64334106445312,4.176886558532715,0.8990342617034912,251.3654887676239,0.6563720703125,0.6138916015625,0.2200927734375,0.1730327308177948,0.3415980935096741
higgs_public,NLL_OOD,Cov90_OOD,0.18,0.1,0.2,0.1,0.4,0.5,1.0,-1.0,3.2778522968292236,254.64334106445312,3.547037363052368,0.26918506622314453,251.3654887676239,0.6563720703125,0.6124267578125,0.2200927734375,0.38610658049583435,0.5174785852432251
higgs_public,NLL_OOD,Cov90_OOD,0.18,0.1,0.2,0.0,0.4,0.5,2.0,-1.0,3.2778522968292236,254.64334106445312,3.940300703048706,0.6624484062194824,251.3654887676239,0.6563720703125,0.6136474609375,0.2200927734375,0.3598972260951996,0.3415980935096741
higgs_public,NLL_OOD,Cov90_OOD,0.18,0.1,0.2,0.0,0.4,0.5,2.0,0.85,3.2778522968292236,254.64334106445312,4.259315013885498,0.9814627170562744,251.3654887676239,0.6563720703125,0.612548828125,0.2200927734375,0.08390691876411438,0.3415980935096741
higgs_public,NLL_OOD,Cov90_OOD,0.18,0.1,0.2,0.1,0.4,0.5,1.0,0.85,3.2778522968292236,254.64334106445312,4.016027450561523,0.7381751537322998,251.3654887676239,0.6563720703125,0.61376953125,0.2200927734375,0.09661141037940979,0.5174785852432251
higgs_public,NLL_OOD,Cov90_OOD,0.18,0.1,0.2,0.1,0.4,0.25,1.0,-1.0,3.2778522968292236,254.64334106445312,3.8924100399017334,0.6145577430725098,251.3654887676239,0.6563720703125,0.6082763671875,0.2200927734375,0.38610658049583435,0.5174785852432251
higgs_public,NLL_OOD,Cov90_OOD,0.18,0.1,0.2,0.1,0.4,0.5,2.0,-1.0,3.2778522968292236,254.64334106445312,3.7171614170074463,0.43930912017822266,251.3654887676239,0.6563720703125,0.6090087890625,0.2200927734375,0.2543560862541199,0.5174785852432251
higgs_public,NLL_OOD,Cov90_OOD,0.18,0.1,0.2,0.1,0.4,0.25,1.0,0.85,3.2778522968292236,254.64334106445312,4.3189191818237305,1.0410668849945068,251.3654887676239,0.6563720703125,0.6016845703125,0.2200927734375,0.09661141037940979,0.5174785852432251
higgs_public,NLL_OOD,Cov90_OOD,0.18,0.1,0.2,0.1,0.4,0.5,2.0,0.85,3.2778522968292236,254.64334106445312,4.032050609588623,0.7541983127593994,251.3654887676239,0.6563720703125,0.617431640625,0.2200927734375,0.042257651686668396,0.5174785852432251
higgs_public,NLL_OOD,Cov90_OOD,0.18,0.1,0.2,0.1,0.4,0.25,2.0,-1.0,3.2778522968292236,254.64334106445312,4.040808200836182,0.762955904006958,251.3654887676239,0.6563720703125,0.6016845703125,0.2200927734375,0.2543560862541199,0.5174785852432251
higgs_public,NLL_OOD,Cov90_OOD,0.18,0.1,0.2,0.2,0.4,0.25,1.0,-1.0,3.2778522968292236,254.64334106445312,3.8839540481567383,0.6061017513275146,251.3654887676239,0.6563720703125,0.59912109375,0.2200927734375,0.3108961582183838,0.6757634282112122
higgs_public,NLL_OOD,Cov90_OOD,0.18,0.1,0.2,0.1,0.4,0.25,2.0,0.85,3.2778522968292236,254.64334106445312,4.362825393676758,1.0849730968475342,251.3654887676239,0.6563720703125,0.6016845703125,0.2200927734375,0.042257651686668396,0.5174785852432251
higgs_public,NLL_OOD,Cov90_OOD,0.18,0.1,0.2,0.2,0.4,0.25,1.0,0.85,3.2778522968292236,254.64334106445312,4.353447914123535,1.0755956172943115,251.3654887676239,0.6563720703125,0.58837890625,0.2200927734375,0.05804872512817383,0.6757634282112122
higgs_public,NLL_OOD,Cov90_OOD,0.18,0.1,0.2,0.1,0.4,0.5,1.0,-1.0,3.2778522968292236,254.64334106445312,3.547037363052368,0.26918506622314453,251.3654887676239,0.6563720703125,0.6124267578125,0.2200927734375,0.38610658049583435,0.5174785852432251
higgs_public,NLL_OOD,Cov90_OOD,0.18,0.1,0.2,0.2,0.4,0.25,2.0,-1.0,3.2778522968292236,254.64334106445312,4.033080101013184,0.75522780418396,251.3654887676239,0.6563720703125,0.5941162109375,0.2200927734375,0.19069740176200867,0.6757634282112122
higgs_public,NLL_OOD,Cov90_OOD,0.18,0.1,0.2,0.1,0.4,0.5,1.0,0.85,3.2778522968292236,254.64334106445312,4.016027450561523,0.7381751537322998,251.3654887676239,0.6563720703125,0.61376953125,0.2200927734375,0.09661141037940979,0.5174785852432251
higgs_public,NLL_OOD,Cov90_OOD,0.18,0.1,0.2,0.2,0.4,0.25,2.0,0.85,3.2778522968292236,254.64334106445312,4.354470252990723,1.076617956161499,251.3654887676239,0.6563720703125,0.6038818359375,0.2200927734375,0.021136349067091942,0.6757634282112122
higgs_public,NLL_OOD,Cov90_OOD,0.18,0.1,0.2,0.1,0.4,0.5,2.0,-1.0,3.2778522968292236,254.64334106445312,3.7171614170074463,0.43930912017822266,251.3654887676239,0.6563720703125,0.6090087890625,0.2200927734375,0.2543560862541199,0.5174785852432251
higgs_public,NLL_OOD,Cov90_OOD,0.18,0.1,0.2,0.2,0.4,0.5,1.0,-1.0,3.2778522968292236,254.64334106445312,3.5104565620422363,0.2326042652130127,251.3654887676239,0.6563720703125,0.6025390625,0.2200927734375,0.3108961582183838,0.6757634282112122
higgs_public,NLL_OOD,Cov90_OOD,0.18,0.1,0.2,0.1,0.4,0.5,2.0,0.85,3.2778522968292236,254.64334106445312,4.032050609588623,0.7541983127593994,251.3654887676239,0.6563720703125,0.617431640625,0.2200927734375,0.042257651686668396,0.5174785852432251
higgs_public,NLL_OOD,Cov90_OOD,0.18,0.1,0.2,0.2,0.4,0.5,1.0,0.85,3.2778522968292236,254.64334106445312,4.089079856872559,0.811227560043335,251.3654887676239,0.6563720703125,0.5948486328125,0.2200927734375,0.05804872512817383,0.6757634282112122
higgs_public,NLL_OOD,Cov90_OOD,0.18,0.1,0.2,0.2,0.4,0.25,1.0,-1.0,3.2778522968292236,254.64334106445312,3.8839540481567383,0.6061017513275146,251.3654887676239,0.6563720703125,0.59912109375,0.2200927734375,0.3108961582183838,0.6757634282112122
higgs_public,NLL_OOD,Cov90_OOD,0.18,0.1,0.2,0.2,0.4,0.5,2.0,-1.0,3.2778522968292236,254.64334106445312,3.7242116928100586,0.44635939598083496,251.3654887676239,0.6563720703125,0.5965576171875,0.2200927734375,0.19069740176200867,0.6757634282112122
higgs_public,NLL_OOD,Cov90_OOD,0.18,0.1,0.2,0.2,0.4,0.25,1.0,0.85,3.2778522968292236,254.64334106445312,4.353447914123535,1.0755956172943115,251.3654887676239,0.6563720703125,0.58837890625,0.2200927734375,0.05804872512817383,0.6757634282112122
higgs_public,NLL_OOD,Cov90_OOD,0.18,0.1,0.2,0.2,0.4,0.5,2.0,0.85,3.2778522968292236,254.64334106445312,4.000858783721924,0.7230064868927002,251.3654887676239,0.6563720703125,0.60693359375,0.2200927734375,0.021136349067091942,0.6757634282112122
higgs_public,NLL_OOD,Cov90_OOD,0.18,0.1,0.2,0.2,0.4,0.25,2.0,-1.0,3.2778522968292236,254.64334106445312,4.033080101013184,0.75522780418396,251.3654887676239,0.6563720703125,0.5941162109375,0.2200927734375,0.19069740176200867,0.6757634282112122
higgs_public,NLL_OOD,Cov90_OOD,0.28,0.02,0.0,0.0,0.4,0.25,1.0,-1.0,3.2778522968292236,254.64334106445312,4.322480201721191,1.0446279048919678,251.3654887676239,0.6563720703125,0.6375732421875,0.2200927734375,0.9941560626029968,0.0016555041074752808
higgs_public,NLL_OOD,Cov90_OOD,0.18,0.1,0.2,0.2,0.4,0.25,2.0,0.85,3.2778522968292236,254.64334106445312,4.354470252990723,1.076617956161499,251.3654887676239,0.6563720703125,0.6038818359375,0.2200927734375,0.021136349067091942,0.6757634282112122
higgs_public,NLL_OOD,Cov90_OOD,0.28,0.02,0.0,0.0,0.4,0.25,1.0,0.85,3.2778522968292236,254.64334106445312,4.322480201721191,1.0446279048919678,251.3654887676239,0.6563720703125,0.6375732421875,0.2200927734375,0.9940804839134216,0.0016555041074752808
higgs_public,NLL_OOD,Cov90_OOD,0.18,0.1,0.2,0.2,0.4,0.5,1.0,-1.0,3.2778522968292236,254.64334106445312,3.5104565620422363,0.2326042652130127,251.3654887676239,0.6563720703125,0.6025390625,0.2200927734375,0.3108961582183838,0.6757634282112122
higgs_public,NLL_OOD,Cov90_OOD,0.28,0.02,0.0,0.0,0.4,0.25,2.0,-1.0,3.2778522968292236,254.64334106445312,4.29287052154541,1.0150182247161865,251.3654887676239,0.6563720703125,0.6378173828125,0.2200927734375,0.9884447455406189,0.0016555041074752808
higgs_public,NLL_OOD,Cov90_OOD,0.18,0.1,0.2,0.2,0.4,0.5,1.0,0.85,3.2778522968292236,254.64334106445312,4.089079856872559,0.811227560043335,251.3654887676239,0.6563720703125,0.5948486328125,0.2200927734375,0.05804872512817383,0.6757634282112122
higgs_public,NLL_OOD,Cov90_OOD,0.28,0.02,0.0,0.0,0.4,0.25,2.0,0.85,3.2778522968292236,254.64334106445312,4.29287052154541,1.0150182247161865,251.3654887676239,0.6563720703125,0.6378173828125,0.2200927734375,0.9869134426116943,0.0016555041074752808
higgs_public,NLL_OOD,Cov90_OOD,0.18,0.1,0.2,0.2,0.4,0.5,2.0,-1.0,3.2778522968292236,254.64334106445312,3.7242116928100586,0.44635939598083496,251.3654887676239,0.6563720703125,0.5965576171875,0.2200927734375,0.19069740176200867,0.6757634282112122
higgs_public,NLL_OOD,Cov90_OOD,0.28,0.02,0.0,0.0,0.4,0.5,1.0,-1.0,3.2778522968292236,254.64334106445312,4.044858455657959,0.7670061588287354,251.3654887676239,0.6563720703125,0.64208984375,0.2200927734375,0.9941560626029968,0.0016555041074752808
higgs_public,NLL_OOD,Cov90_OOD,0.18,0.1,0.2,0.2,0.4,0.5,2.0,0.85,3.2778522968292236,254.64334106445312,4.000858783721924,0.7230064868927002,251.3654887676239,0.6563720703125,0.60693359375,0.2200927734375,0.021136349067091942,0.6757634282112122
higgs_public,NLL_OOD,Cov90_OOD,0.28,0.02,0.0,0.0,0.4,0.5,1.0,0.85,3.2778522968292236,254.64334106445312,4.044858455657959,0.7670061588287354,251.3654887676239,0.6563720703125,0.64208984375,0.2200927734375,0.9940804839134216,0.0016555041074752808
higgs_public,NLL_OOD,Cov90_OOD,0.28,0.02,0.0,0.0,0.4,0.25,1.0,-1.0,3.2778522968292236,254.64334106445312,4.322480201721191,1.0446279048919678,251.3654887676239,0.6563720703125,0.6375732421875,0.2200927734375,0.9941560626029968,0.0016555041074752808
higgs_public,NLL_OOD,Cov90_OOD,0.28,0.02,0.0,0.0,0.4,0.5,2.0,-1.0,3.2778522968292236,254.64334106445312,4.053065299987793,0.7752130031585693,251.3654887676239,0.6563720703125,0.6419677734375,0.2200927734375,0.9884447455406189,0.0016555041074752808
higgs_public,NLL_OOD,Cov90_OOD,0.28,0.02,0.0,0.0,0.4,0.25,1.0,0.85,3.2778522968292236,254.64334106445312,4.322480201721191,1.0446279048919678,251.3654887676239,0.6563720703125,0.6375732421875,0.2200927734375,0.9940804839134216,0.0016555041074752808
higgs_public,NLL_OOD,Cov90_OOD,0.28,0.02,0.0,0.0,0.4,0.5,2.0,0.85,3.2778522968292236,254.64334106445312,4.053065299987793,0.7752130031585693,251.3654887676239,0.6563720703125,0.6419677734375,0.2200927734375,0.9869134426116943,0.0016555041074752808
higgs_public,NLL_OOD,Cov90_OOD,0.28,0.02,0.0,0.0,0.4,0.25,2.0,-1.0,3.2778522968292236,254.64334106445312,4.29287052154541,1.0150182247161865,251.3654887676239,0.6563720703125,0.6378173828125,0.2200927734375,0.9884447455406189,0.0016555041074752808
higgs_public,NLL_OOD,Cov90_OOD,0.28,0.02,0.0,0.1,0.4,0.25,1.0,-1.0,3.2778522968292236,254.64334106445312,4.087139129638672,0.8092868328094482,251.3654887676239,0.6563720703125,0.634765625,0.2200927734375,0.5997952222824097,0.35957926511764526
higgs_public,NLL_OOD,Cov90_OOD,0.28,0.02,0.0,0.0,0.4,0.25,2.0,0.85,3.2778522968292236,254.64334106445312,4.29287052154541,1.0150182247161865,251.3654887676239,0.6563720703125,0.6378173828125,0.2200927734375,0.9869134426116943,0.0016555041074752808
higgs_public,NLL_OOD,Cov90_OOD,0.28,0.02,0.0,0.1,0.4,0.25,1.0,0.85,3.2778522968292236,254.64334106445312,4.450368404388428,1.172516107559204,251.3654887676239,0.6563720703125,0.6273193359375,0.2200927734375,0.337597131729126,0.35957926511764526
higgs_public,NLL_OOD,Cov90_OOD,0.28,0.02,0.0,0.0,0.4,0.5,1.0,-1.0,3.2778522968292236,254.64334106445312,4.044858455657959,0.7670061588287354,251.3654887676239,0.6563720703125,0.64208984375,0.2200927734375,0.9941560626029968,0.0016555041074752808
higgs_public,NLL_OOD,Cov90_OOD,0.28,0.02,0.0,0.1,0.4,0.25,2.0,-1.0,3.2778522968292236,254.64334106445312,4.211483955383301,0.9336316585540771,251.3654887676239,0.6563720703125,0.630615234375,0.2200927734375,0.4818362891674042,0.35957926511764526
higgs_public,NLL_OOD,Cov90_OOD,0.28,0.02,0.0,0.0,0.4,0.5,1.0,0.85,3.2778522968292236,254.64334106445312,4.044858455657959,0.7670061588287354,251.3654887676239,0.6563720703125,0.64208984375,0.2200927734375,0.9940804839134216,0.0016555041074752808
higgs_public,NLL_OOD,Cov90_OOD,0.28,0.02,0.0,0.1,0.4,0.25,2.0,0.85,3.2778522968292236,254.64334106445312,4.5086259841918945,1.230773687362671,251.3654887676239,0.6563720703125,0.625244140625,0.2200927734375,0.2280392199754715,0.35957926511764526
higgs_public,NLL_OOD,Cov90_OOD,0.28,0.02,0.0,0.0,0.4,0.5,2.0,-1.0,3.2778522968292236,254.64334106445312,4.053065299987793,0.7752130031585693,251.3654887676239,0.6563720703125,0.6419677734375,0.2200927734375,0.9884447455406189,0.0016555041074752808
higgs_public,NLL_OOD,Cov90_OOD,0.28,0.02,0.0,0.1,0.4,0.5,1.0,-1.0,3.2778522968292236,254.64334106445312,3.752066135406494,0.4742138385772705,251.3654887676239,0.6563720703125,0.6363525390625,0.2200927734375,0.5997952222824097,0.35957926511764526
higgs_public,NLL_OOD,Cov90_OOD,0.28,0.02,0.0,0.0,0.4,0.5,2.0,0.85,3.2778522968292236,254.64334106445312,4.053065299987793,0.7752130031585693,251.3654887676239,0.6563720703125,0.6419677734375,0.2200927734375,0.9869134426116943,0.0016555041074752808
higgs_public,NLL_OOD,Cov90_OOD,0.28,0.02,0.0,0.1,0.4,0.5,1.0,0.85,3.2778522968292236,254.64334106445312,4.051940441131592,0.7740881443023682,251.3654887676239,0.6563720703125,0.6282958984375,0.2200927734375,0.337597131729126,0.35957926511764526
higgs_public,NLL_OOD,Cov90_OOD,0.28,0.02,0.0,0.1,0.4,0.25,1.0,-1.0,3.2778522968292236,254.64334106445312,4.087139129638672,0.8092868328094482,251.3654887676239,0.6563720703125,0.634765625,0.2200927734375,0.5997952222824097,0.35957926511764526
higgs_public,NLL_OOD,Cov90_OOD,0.28,0.02,0.0,0.1,0.4,0.5,2.0,-1.0,3.2778522968292236,254.64334106445312,3.8350830078125,0.5572307109832764,251.3654887676239,0.6563720703125,0.634521484375,0.2200927734375,0.4818362891674042,0.35957926511764526
higgs_public,NLL_OOD,Cov90_OOD,0.28,0.02,0.0,0.1,0.4,0.25,1.0,0.85,3.2778522968292236,254.64334106445312,4.450368404388428,1.172516107559204,251.3654887676239,0.6563720703125,0.6273193359375,0.2200927734375,0.337597131729126,0.35957926511764526
higgs_public,NLL_OOD,Cov90_OOD,0.28,0.02,0.0,0.1,0.4,0.5,2.0,0.85,3.2778522968292236,254.64334106445312,4.1160407066345215,0.8381884098052979,251.3654887676239,0.6563720703125,0.6292724609375,0.2200927734375,0.2280392199754715,0.35957926511764526
higgs_public,NLL_OOD,Cov90_OOD,0.28,0.02,0.0,0.1,0.4,0.25,2.0,-1.0,3.2778522968292236,254.64334106445312,4.211483955383301,0.9336316585540771,251.3654887676239,0.6563720703125,0.630615234375,0.2200927734375,0.4818362891674042,0.35957926511764526
higgs_public,NLL_OOD,Cov90_OOD,0.28,0.02,0.0,0.2,0.4,0.25,1.0,-1.0,3.2778522968292236,254.64334106445312,3.866178035736084,0.5883257389068604,251.3654887676239,0.6563720703125,0.6268310546875,0.2200927734375,0.4193730056285858,0.7027351260185242
higgs_public,NLL_OOD,Cov90_OOD,0.28,0.02,0.0,0.1,0.4,0.25,2.0,0.85,3.2778522968292236,254.64334106445312,4.5086259841918945,1.230773687362671,251.3654887676239,0.6563720703125,0.625244140625,0.2200927734375,0.2280392199754715,0.35957926511764526
higgs_public,NLL_OOD,Cov90_OOD,0.28,0.02,0.0,0.2,0.4,0.25,1.0,0.85,3.2778522968292236,254.64334106445312,4.444190979003906,1.1663386821746826,251.3654887676239,0.6563720703125,0.6177978515625,0.2200927734375,0.16815650463104248,0.7027351260185242
higgs_public,NLL_OOD,Cov90_OOD,0.28,0.02,0.0,0.1,0.4,0.5,1.0,-1.0,3.2778522968292236,254.64334106445312,3.752066135406494,0.4742138385772705,251.3654887676239,0.6563720703125,0.6363525390625,0.2200927734375,0.5997952222824097,0.35957926511764526
higgs_public,NLL_OOD,Cov90_OOD,0.28,0.02,0.0,0.2,0.4,0.25,2.0,-1.0,3.2778522968292236,254.64334106445312,4.053522109985352,0.7756698131561279,251.3654887676239,0.6563720703125,0.617431640625,0.2200927734375,0.303965300321579,0.7027351260185242
higgs_public,NLL_OOD,Cov90_OOD,0.28,0.02,0.0,0.1,0.4,0.5,1.0,0.85,3.2778522968292236,254.64334106445312,4.051940441131592,0.7740881443023682,251.3654887676239,0.6563720703125,0.6282958984375,0.2200927734375,0.337597131729126,0.35957926511764526
higgs_public,NLL_OOD,Cov90_OOD,0.28,0.02,0.0,0.2,0.4,0.25,2.0,0.85,3.2778522968292236,254.64334106445312,4.576233863830566,1.2983815670013428,251.3654887676239,0.6563720703125,0.621826171875,0.2200927734375,0.09603476524353027,0.7027351260185242
higgs_public,NLL_OOD,Cov90_OOD,0.28,0.02,0.0,0.1,0.4,0.5,2.0,-1.0,3.2778522968292236,254.64334106445312,3.8350830078125,0.5572307109832764,251.3654887676239,0.6563720703125,0.634521484375,0.2200927734375,0.4818362891674042,0.35957926511764526
higgs_public,NLL_OOD,Cov90_OOD,0.28,0.02,0.0,0.2,0.4,0.5,1.0,-1.0,3.2778522968292236,254.64334106445312,3.5105955600738525,0.2327432632446289,251.3654887676239,0.6563720703125,0.6319580078125,0.2200927734375,0.4193730056285858,0.7027351260185242
higgs_public,NLL_OOD,Cov90_OOD,0.28,0.02,0.0,0.1,0.4,0.5,2.0,0.85,3.2778522968292236,254.64334106445312,4.1160407066345215,0.8381884098052979,251.3654887676239,0.6563720703125,0.6292724609375,0.2200927734375,0.2280392199754715,0.35957926511764526
higgs_public,NLL_OOD,Cov90_OOD,0.28,0.02,0.0,0.2,0.4,0.5,1.0,0.85,3.2778522968292236,254.64334106445312,4.066959381103516,0.789107084274292,251.3654887676239,0.6563720703125,0.6197509765625,0.2200927734375,0.16815650463104248,0.7027351260185242
higgs_public,NLL_OOD,Cov90_OOD,0.28,0.02,0.0,0.2,0.4,0.25,1.0,-1.0,3.2778522968292236,254.64334106445312,3.866178035736084,0.5883257389068604,251.3654887676239,0.6563720703125,0.6268310546875,0.2200927734375,0.4193730056285858,0.7027351260185242
higgs_public,NLL_OOD,Cov90_OOD,0.28,0.02,0.0,0.2,0.4,0.5,2.0,-1.0,3.2778522968292236,254.64334106445312,3.673360586166382,0.3955082893371582,251.3654887676239,0.6563720703125,0.626220703125,0.2200927734375,0.303965300321579,0.7027351260185242
higgs_public,NLL_OOD,Cov90_OOD,0.28,0.02,0.0,0.2,0.4,0.25,1.0,0.85,3.2778522968292236,254.64334106445312,4.444190979003906,1.1663386821746826,251.3654887676239,0.6563720703125,0.6177978515625,0.2200927734375,0.16815650463104248,0.7027351260185242
higgs_public,NLL_OOD,Cov90_OOD,0.28,0.02,0.0,0.2,0.4,0.25,2.0,-1.0,3.2778522968292236,254.64334106445312,4.053522109985352,0.7756698131561279,251.3654887676239,0.6563720703125,0.617431640625,0.2200927734375,0.303965300321579,0.7027351260185242
higgs_public,NLL_OOD,Cov90_OOD,0.28,0.02,0.0,0.2,0.4,0.5,2.0,0.85,3.2778522968292236,254.64334106445312,4.1243696212768555,0.8465173244476318,251.3654887676239,0.6563720703125,0.62548828125,0.2200927734375,0.09603476524353027,0.7027351260185242
higgs_public,NLL_OOD,Cov90_OOD,0.28,0.02,0.0,0.2,0.4,0.25,2.0,0.85,3.2778522968292236,254.64334106445312,4.576233863830566,1.2983815670013428,251.3654887676239,0.6563720703125,0.621826171875,0.2200927734375,0.09603476524353027,0.7027351260185242
higgs_public,NLL_OOD,Cov90_OOD,0.28,0.02,0.1,0.0,0.4,0.25,1.0,-1.0,3.2778522968292236,254.64334106445312,4.381771087646484,1.1039187908172607,251.3654887676239,0.6563720703125,0.6309814453125,0.2200927734375,0.7438634634017944,0.16049998998641968
higgs_public,NLL_OOD,Cov90_OOD,0.28,0.02,0.0,0.2,0.4,0.5,1.0,-1.0,3.2778522968292236,254.64334106445312,3.5105955600738525,0.2327432632446289,251.3654887676239,0.6563720703125,0.6319580078125,0.2200927734375,0.4193730056285858,0.7027351260185242
higgs_public,NLL_OOD,Cov90_OOD,0.28,0.02,0.1,0.0,0.4,0.25,1.0,0.85,3.2778522968292236,254.64334106445312,4.536571025848389,1.258718729019165,251.3654887676239,0.6563720703125,0.6224365234375,0.2200927734375,0.49908584356307983,0.16049998998641968
higgs_public,NLL_OOD,Cov90_OOD,0.28,0.02,0.0,0.2,0.4,0.5,1.0,0.85,3.2778522968292236,254.64334106445312,4.066959381103516,0.789107084274292,251.3654887676239,0.6563720703125,0.6197509765625,0.2200927734375,0.16815650463104248,0.7027351260185242
higgs_public,NLL_OOD,Cov90_OOD,0.28,0.02,0.1,0.0,0.4,0.25,2.0,-1.0,3.2778522968292236,254.64334106445312,4.477860927581787,1.2000086307525635,251.3654887676239,0.6563720703125,0.6273193359375,0.2200927734375,0.6335785984992981,0.16049998998641968
higgs_public,NLL_OOD,Cov90_OOD,0.28,0.02,0.0,0.2,0.4,0.5,2.0,-1.0,3.2778522968292236,254.64334106445312,3.673360586166382,0.3955082893371582,251.3654887676239,0.6563720703125,0.626220703125,0.2200927734375,0.303965300321579,0.7027351260185242
higgs_public,NLL_OOD,Cov90_OOD,0.28,0.02,0.1,0.0,0.4,0.25,2.0,0.85,3.2778522968292236,254.64334106445312,4.542141437530518,1.264289140701294,251.3654887676239,0.6563720703125,0.6217041015625,0.2200927734375,0.33873260021209717,0.16049998998641968
higgs_public,NLL_OOD,Cov90_OOD,0.28,0.02,0.0,0.2,0.4,0.5,2.0,0.85,3.2778522968292236,254.64334106445312,4.1243696212768555,0.8465173244476318,251.3654887676239,0.6563720703125,0.62548828125,0.2200927734375,0.09603476524353027,0.7027351260185242
higgs_public,NLL_OOD,Cov90_OOD,0.28,0.02,0.1,0.0,0.4,0.5,1.0,-1.0,3.2778522968292236,254.64334106445312,3.926671266555786,0.6488189697265625,251.3654887676239,0.6563720703125,0.6314697265625,0.2200927734375,0.7438634634017944,0.16049998998641968
higgs_public,NLL_OOD,Cov90_OOD,0.28,0.02,0.1,0.0,0.4,0.25,1.0,-1.0,3.2778522968292236,254.64334106445312,4.381771087646484,1.1039187908172607,251.3654887676239,0.6563720703125,0.6309814453125,0.2200927734375,0.7438634634017944,0.16049998998641968
higgs_public,NLL_OOD,Cov90_OOD,0.28,0.02,0.1,0.0,0.4,0.5,1.0,0.85,3.2778522968292236,254.64334106445312,4.144552230834961,0.8666999340057373,251.3654887676239,0.6563720703125,0.6297607421875,0.2200927734375,0.49908584356307983,0.16049998998641968
higgs_public,NLL_OOD,Cov90_OOD,0.28,0.02,0.1,0.0,0.4,0.25,1.0,0.85,3.2778522968292236,254.64334106445312,4.536571025848389,1.258718729019165,251.3654887676239,0.6563720703125,0.6224365234375,0.2200927734375,0.49908584356307983,0.16049998998641968
higgs_public,NLL_OOD,Cov90_OOD,0.28,0.02,0.1,0.0,0.4,0.5,2.0,-1.0,3.2778522968292236,254.64334106445312,3.9431896209716797,0.665337324142456,251.3654887676239,0.6563720703125,0.6307373046875,0.2200927734375,0.6335785984992981,0.16049998998641968
higgs_public,NLL_OOD,Cov90_OOD,0.28,0.02,0.1,0.0,0.4,0.25,2.0,-1.0,3.2778522968292236,254.64334106445312,4.477860927581787,1.2000086307525635,251.3654887676239,0.6563720703125,0.6273193359375,0.2200927734375,0.6335785984992981,0.16049998998641968
higgs_public,NLL_OOD,Cov90_OOD,0.28,0.02,0.1,0.0,0.4,0.5,2.0,0.85,3.2778522968292236,254.64334106445312,4.121811389923096,0.8439590930938721,251.3654887676239,0.6563720703125,0.6279296875,0.2200927734375,0.33873260021209717,0.16049998998641968
higgs_public,NLL_OOD,Cov90_OOD,0.28,0.02,0.1,0.0,0.4,0.25,2.0,0.85,3.2778522968292236,254.64334106445312,4.542141437530518,1.264289140701294,251.3654887676239,0.6563720703125,0.6217041015625,0.2200927734375,0.33873260021209717,0.16049998998641968
higgs_public,NLL_OOD,Cov90_OOD,0.28,0.02,0.1,0.1,0.4,0.25,1.0,-1.0,3.2778522968292236,254.64334106445312,3.8658969402313232,0.5880446434020996,251.3654887676239,0.6563720703125,0.623291015625,0.2200927734375,0.5340014696121216,0.4299253225326538
higgs_public,NLL_OOD,Cov90_OOD,0.28,0.02,0.1,0.0,0.4,0.5,1.0,-1.0,3.2778522968292236,254.64334106445312,3.926671266555786,0.6488189697265625,251.3654887676239,0.6563720703125,0.6314697265625,0.2200927734375,0.7438634634017944,0.16049998998641968
higgs_public,NLL_OOD,Cov90_OOD,0.28,0.02,0.1,0.1,0.4,0.25,1.0,0.85,3.2778522968292236,254.64334106445312,4.207433700561523,0.9295814037322998,251.3654887676239,0.6563720703125,0.61181640625,0.2200927734375,0.24093258380889893,0.4299253225326538
higgs_public,NLL_OOD,Cov90_OOD,0.28,0.02,0.1,0.0,0.4,0.5,1.0,0.85,3.2778522968292236,254.64334106445312,4.144552230834961,0.8666999340057373,251.3654887676239,0.6563720703125,0.6297607421875,0.2200927734375,0.49908584356307983,0.16049998998641968
higgs_public,NLL_OOD,Cov90_OOD,0.28,0.02,0.1,0.1,0.4,0.25,2.0,-1.0,3.2778522968292236,254.64334106445312,3.987987995147705,0.7101356983184814,251.3654887676239,0.6563720703125,0.6192626953125,0.2200927734375,0.4043389856815338,0.4299253225326538
higgs_public,NLL_OOD,Cov90_OOD,0.28,0.02,0.1,0.0,0.4,0.5,2.0,-1.0,3.2778522968292236,254.64334106445312,3.9431896209716797,0.665337324142456,251.3654887676239,0.6563720703125,0.6307373046875,0.2200927734375,0.6335785984992981,0.16049998998641968
higgs_public,NLL_OOD,Cov90_OOD,0.28,0.02,0.1,0.1,0.4,0.25,2.0,0.85,3.2778522968292236,254.64334106445312,4.245543479919434,0.96769118309021,251.3654887676239,0.6563720703125,0.6204833984375,0.2200927734375,0.13409002125263214,0.4299253225326538
higgs_public,NLL_OOD,Cov90_OOD,0.28,0.02,0.1,0.0,0.4,0.5,2.0,0.85,3.2778522968292236,254.64334106445312,4.121811389923096,0.8439590930938721,251.3654887676239,0.6563720703125,0.6279296875,0.2200927734375,0.33873260021209717,0.16049998998641968
higgs_public,NLL_OOD,Cov90_OOD,0.28,0.02,0.1,0.1,0.4,0.5,1.0,-1.0,3.2778522968292236,254.64334106445312,3.5685558319091797,0.29070353507995605,251.3654887676239,0.6563720703125,0.625244140625,0.2200927734375,0.5340014696121216,0.4299253225326538
higgs_public,NLL_OOD,Cov90_OOD,0.28,0.02,0.1,0.1,0.4,0.25,1.0,-1.0,3.2778522968292236,254.64334106445312,3.8658969402313232,0.5880446434020996,251.3654887676239,0.6563720703125,0.623291015625,0.2200927734375,0.5340014696121216,0.4299253225326538
higgs_public,NLL_OOD,Cov90_OOD,0.28,0.02,0.1,0.1,0.4,0.5,1.0,0.85,3.2778522968292236,254.64334106445312,3.8994688987731934,0.6216166019439697,251.3654887676239,0.6563720703125,0.6240234375,0.2200927734375,0.24093258380889893,0.4299253225326538
higgs_public,NLL_OOD,Cov90_OOD,0.28,0.02,0.1,0.1,0.4,0.25,1.0,0.85,3.2778522968292236,254.64334106445312,4.207433700561523,0.9295814037322998,251.3654887676239,0.6563720703125,0.61181640625,0.2200927734375,0.24093258380889893,0.4299253225326538
higgs_public,NLL_OOD,Cov90_OOD,0.28,0.02,0.1,0.1,0.4,0.5,2.0,-1.0,3.2778522968292236,254.64334106445312,3.6606345176696777,0.3827822208404541,251.3654887676239,0.6563720703125,0.6251220703125,0.2200927734375,0.4043389856815338,0.4299253225326538
higgs_public,NLL_OOD,Cov90_OOD,0.28,0.02,0.1,0.1,0.4,0.25,2.0,-1.0,3.2778522968292236,254.64334106445312,3.987987995147705,0.7101356983184814,251.3654887676239,0.6563720703125,0.6192626953125,0.2200927734375,0.4043389856815338,0.4299253225326538
higgs_public,NLL_OOD,Cov90_OOD,0.28,0.02,0.1,0.1,0.4,0.5,2.0,0.85,3.2778522968292236,254.64334106445312,4.041250228881836,0.7633979320526123,251.3654887676239,0.6563720703125,0.6212158203125,0.2200927734375,0.13409002125263214,0.4299253225326538
higgs_public,NLL_OOD,Cov90_OOD,0.28,0.02,0.1,0.1,0.4,0.25,2.0,0.85,3.2778522968292236,254.64334106445312,4.245543479919434,0.96769118309021,251.3654887676239,0.6563720703125,0.6204833984375,0.2200927734375,0.13409002125263214,0.4299253225326538
higgs_public,NLL_OOD,Cov90_OOD,0.28,0.02,0.1,0.2,0.4,0.25,1.0,-1.0,3.2778522968292236,254.64334106445312,3.736001491546631,0.4581491947174072,251.3654887676239,0.6563720703125,0.621337890625,0.2200927734375,0.41080617904663086,0.6835980415344238
higgs_public,NLL_OOD,Cov90_OOD,0.28,0.02,0.1,0.1,0.4,0.5,1.0,-1.0,3.2778522968292236,254.64334106445312,3.5685558319091797,0.29070353507995605,251.3654887676239,0.6563720703125,0.625244140625,0.2200927734375,0.5340014696121216,0.4299253225326538
higgs_public,NLL_OOD,Cov90_OOD,0.28,0.02,0.1,0.2,0.4,0.25,1.0,0.85,3.2778522968292236,254.64334106445312,4.224730491638184,0.94687819480896,251.3654887676239,0.6563720703125,0.610595703125,0.2200927734375,0.13908171653747559,0.6835980415344238
higgs_public,NLL_OOD,Cov90_OOD,0.28,0.02,0.1,0.1,0.4,0.5,1.0,0.85,3.2778522968292236,254.64334106445312,3.8994688987731934,0.6216166019439697,251.3654887676239,0.6563720703125,0.6240234375,0.2200927734375,0.24093258380889893,0.4299253225326538
higgs_public,NLL_OOD,Cov90_OOD,0.28,0.02,0.1,0.2,0.4,0.25,2.0,-1.0,3.2778522968292236,254.64334106445312,3.913494825363159,0.6356425285339355,251.3654887676239,0.6563720703125,0.6097412109375,0.2200927734375,0.2875545620918274,0.6835980415344238
higgs_public,NLL_OOD,Cov90_OOD,0.28,0.02,0.1,0.1,0.4,0.5,2.0,-1.0,3.2778522968292236,254.64334106445312,3.6606345176696777,0.3827822208404541,251.3654887676239,0.6563720703125,0.6251220703125,0.2200927734375,0.4043389856815338,0.4299253225326538
higgs_public,NLL_OOD,Cov90_OOD,0.28,0.02,0.1,0.2,0.4,0.25,2.0,0.85,3.2778522968292236,254.64334106445312,4.192359447479248,0.9145071506500244,251.3654887676239,0.6563720703125,0.621337890625,0.2200927734375,0.06771132349967957,0.6835980415344238
higgs_public,NLL_OOD,Cov90_OOD,0.28,0.02,0.1,0.1,0.4,0.5,2.0,0.85,3.2778522968292236,254.64334106445312,4.041250228881836,0.7633979320526123,251.3654887676239,0.6563720703125,0.6212158203125,0.2200927734375,0.13409002125263214,0.4299253225326538
higgs_public,NLL_OOD,Cov90_OOD,0.28,0.02,0.1,0.2,0.4,0.5,1.0,-1.0,3.2778522968292236,254.64334106445312,3.4233922958374023,0.1455399990081787,251.3654887676239,0.6563720703125,0.620361328125,0.2200927734375,0.41080617904663086,0.6835980415344238
higgs_public,NLL_OOD,Cov90_OOD,0.28,0.02,0.1,0.2,0.4,0.25,1.0,-1.0,3.2778522968292236,254.64334106445312,3.736001491546631,0.4581491947174072,251.3654887676239,0.6563720703125,0.621337890625,0.2200927734375,0.41080617904663086,0.6835980415344238
higgs_public,NLL_OOD,Cov90_OOD,0.28,0.02,0.1,0.2,0.4,0.25,1.0,0.85,3.2778522968292236,254.64334106445312,4.224730491638184,0.94687819480896,251.3654887676239,0.6563720703125,0.610595703125,0.2200927734375,0.13908171653747559,0.6835980415344238
higgs_public,NLL_OOD,Cov90_OOD,0.28,0.02,0.1,0.2,0.4,0.5,1.0,0.85,3.2778522968292236,254.64334106445312,3.9559547901153564,0.6781024932861328,251.3654887676239,0.6563720703125,0.61181640625,0.2200927734375,0.13908171653747559,0.6835980415344238
higgs_public,NLL_OOD,Cov90_OOD,0.28,0.02,0.1,0.2,0.4,0.25,2.0,-1.0,3.2778522968292236,254.64334106445312,3.913494825363159,0.6356425285339355,251.3654887676239,0.6563720703125,0.6097412109375,0.2200927734375,0.2875545620918274,0.6835980415344238
higgs_public,NLL_OOD,Cov90_OOD,0.28,0.02,0.1,0.2,0.4,0.5,2.0,-1.0,3.2778522968292236,254.64334106445312,3.570310592651367,0.29245829582214355,251.3654887676239,0.6563720703125,0.6173095703125,0.2200927734375,0.2875545620918274,0.6835980415344238
higgs_public,NLL_OOD,Cov90_OOD,0.28,0.02,0.1,0.2,0.4,0.25,2.0,0.85,3.2778522968292236,254.64334106445312,4.192359447479248,0.9145071506500244,251.3654887676239,0.6563720703125,0.621337890625,0.2200927734375,0.06771132349967957,0.6835980415344238
higgs_public,NLL_OOD,Cov90_OOD,0.28,0.02,0.1,0.2,0.4,0.5,2.0,0.85,3.2778522968292236,254.64334106445312,4.003900527954102,0.7260482311248779,251.3654887676239,0.6563720703125,0.6170654296875,0.2200927734375,0.06771132349967957,0.6835980415344238
higgs_public,NLL_OOD,Cov90_OOD,0.28,0.02,0.1,0.2,0.4,0.5,1.0,-1.0,3.2778522968292236,254.64334106445312,3.4233922958374023,0.1455399990081787,251.3654887676239,0.6563720703125,0.620361328125,0.2200927734375,0.41080617904663086,0.6835980415344238
higgs_public,NLL_OOD,Cov90_OOD,0.28,0.02,0.2,0.0,0.4,0.25,1.0,-1.0,3.2778522968292236,254.64334106445312,4.220373153686523,0.9425208568572998,251.3654887676239,0.6563720703125,0.6195068359375,0.2200927734375,0.6187376976013184,0.32233214378356934
higgs_public,NLL_OOD,Cov90_OOD,0.28,0.02,0.1,0.2,0.4,0.5,1.0,0.85,3.2778522968292236,254.64334106445312,3.9559547901153564,0.6781024932861328,251.3654887676239,0.6563720703125,0.61181640625,0.2200927734375,0.13908171653747559,0.6835980415344238
higgs_public,NLL_OOD,Cov90_OOD,0.28,0.02,0.2,0.0,0.4,0.25,1.0,0.85,3.2778522968292236,254.64334106445312,4.598644256591797,1.3207919597625732,251.3654887676239,0.6563720703125,0.603515625,0.2200927734375,0.3057546615600586,0.32233214378356934
higgs_public,NLL_OOD,Cov90_OOD,0.28,0.02,0.1,0.2,0.4,0.5,2.0,-1.0,3.2778522968292236,254.64334106445312,3.570310592651367,0.29245829582214355,251.3654887676239,0.6563720703125,0.6173095703125,0.2200927734375,0.2875545620918274,0.6835980415344238
higgs_public,NLL_OOD,Cov90_OOD,0.28,0.02,0.2,0.0,0.4,0.25,2.0,-1.0,3.2778522968292236,254.64334106445312,4.274480819702148,0.9966285228729248,251.3654887676239,0.6563720703125,0.6097412109375,0.2200927734375,0.48638784885406494,0.32233214378356934
higgs_public,NLL_OOD,Cov90_OOD,0.28,0.02,0.1,0.2,0.4,0.5,2.0,0.85,3.2778522968292236,254.64334106445312,4.003900527954102,0.7260482311248779,251.3654887676239,0.6563720703125,0.6170654296875,0.2200927734375,0.06771132349967957,0.6835980415344238
higgs_public,NLL_OOD,Cov90_OOD,0.28,0.02,0.2,0.0,0.4,0.25,2.0,0.85,3.2778522968292236,254.64334106445312,4.620242595672607,1.3423902988433838,251.3654887676239,0.6563720703125,0.603271484375,0.2200927734375,0.16861575841903687,0.32233214378356934
higgs_public,NLL_OOD,Cov90_OOD,0.28,0.02,0.2,0.0,0.4,0.25,1.0,-1.0,3.2778522968292236,254.64334106445312,4.220373153686523,0.9425208568572998,251.3654887676239,0.6563720703125,0.6195068359375,0.2200927734375,0.6187376976013184,0.32233214378356934
higgs_public,NLL_OOD,Cov90_OOD,0.28,0.02,0.2,0.0,0.4,0.5,1.0,-1.0,3.2778522968292236,254.64334106445312,3.768979787826538,0.49112749099731445,251.3654887676239,0.6563720703125,0.6202392578125,0.2200927734375,0.6187376976013184,0.32233214378356934
higgs_public,NLL_OOD,Cov90_OOD,0.28,0.02,0.2,0.0,0.4,0.25,1.0,0.85,3.2778522968292236,254.64334106445312,4.598644256591797,1.3207919597625732,251.3654887676239,0.6563720703125,0.603515625,0.2200927734375,0.3057546615600586,0.32233214378356934
higgs_public,NLL_OOD,Cov90_OOD,0.28,0.02,0.2,0.0,0.4,0.5,1.0,0.85,3.2778522968292236,254.64334106445312,4.168889999389648,0.8910377025604248,251.3654887676239,0.6563720703125,0.6085205078125,0.2200927734375,0.3057546615600586,0.32233214378356934
higgs_public,NLL_OOD,Cov90_OOD,0.28,0.02,0.2,0.0,0.4,0.25,2.0,-1.0,3.2778522968292236,254.64334106445312,4.274480819702148,0.9966285228729248,251.3654887676239,0.6563720703125,0.6097412109375,0.2200927734375,0.48638784885406494,0.32233214378356934
higgs_public,NLL_OOD,Cov90_OOD,0.28,0.02,0.2,0.0,0.4,0.5,2.0,-1.0,3.2778522968292236,254.64334106445312,3.9117164611816406,0.633864164352417,251.3654887676239,0.6563720703125,0.615234375,0.2200927734375,0.48638784885406494,0.32233214378356934
higgs_public,NLL_OOD,Cov90_OOD,0.28,0.02,0.2,0.0,0.4,0.25,2.0,0.85,3.2778522968292236,254.64334106445312,4.620242595672607,1.3423902988433838,251.3654887676239,0.6563720703125,0.603271484375,0.2200927734375,0.16861575841903687,0.32233214378356934
higgs_public,NLL_OOD,Cov90_OOD,0.28,0.02,0.2,0.0,0.4,0.5,2.0,0.85,3.2778522968292236,254.64334106445312,4.228267669677734,0.9504153728485107,251.3654887676239,0.6563720703125,0.612060546875,0.2200927734375,0.16861575841903687,0.32233214378356934
higgs_public,NLL_OOD,Cov90_OOD,0.28,0.02,0.2,0.0,0.4,0.5,1.0,-1.0,3.2778522968292236,254.64334106445312,3.768979787826538,0.49112749099731445,251.3654887676239,0.6563720703125,0.6202392578125,0.2200927734375,0.6187376976013184,0.32233214378356934
higgs_public,NLL_OOD,Cov90_OOD,0.28,0.02,0.2,0.1,0.4,0.25,1.0,-1.0,3.2778522968292236,254.64334106445312,3.843296527862549,0.5654442310333252,251.3654887676239,0.6563720703125,0.6075439453125,0.2200927734375,0.4984081983566284,0.49756571650505066
higgs_public,NLL_OOD,Cov90_OOD,0.28,0.02,0.2,0.0,0.4,0.5,1.0,0.85,3.2778522968292236,254.64334106445312,4.168889999389648,0.8910377025604248,251.3654887676239,0.6563720703125,0.6085205078125,0.2200927734375,0.3057546615600586,0.32233214378356934
higgs_public,NLL_OOD,Cov90_OOD,0.28,0.02,0.2,0.1,0.4,0.25,1.0,0.85,3.2778522968292236,254.64334106445312,4.280704498291016,1.002852201461792,251.3654887676239,0.6563720703125,0.6005859375,0.2200927734375,0.17801319062709808,0.49756571650505066
higgs_public,NLL_OOD,Cov90_OOD,0.28,0.02,0.2,0.0,0.4,0.5,2.0,-1.0,3.2778522968292236,254.64334106445312,3.9117164611816406,0.633864164352417,251.3654887676239,0.6563720703125,0.615234375,0.2200927734375,0.48638784885406494,0.32233214378356934
higgs_public,NLL_OOD,Cov90_OOD,0.28,0.02,0.2,0.1,0.4,0.25,2.0,-1.0,3.2778522968292236,254.64334106445312,3.960516929626465,0.6826646327972412,251.3654887676239,0.6563720703125,0.603759765625,0.2200927734375,0.36058366298675537,0.49756571650505066
higgs_public,NLL_OOD,Cov90_OOD,0.28,0.02,0.2,0.0,0.4,0.5,2.0,0.85,3.2778522968292236,254.64334106445312,4.228267669677734,0.9504153728485107,251.3654887676239,0.6563720703125,0.612060546875,0.2200927734375,0.16861575841903687,0.32233214378356934
higgs_public,NLL_OOD,Cov90_OOD,0.28,0.02,0.2,0.1,0.4,0.25,2.0,0.85,3.2778522968292236,254.64334106445312,4.351839065551758,1.0739867687225342,251.3654887676239,0.6563720703125,0.603759765625,0.2200927734375,0.08715036511421204,0.49756571650505066
higgs_public,NLL_OOD,Cov90_OOD,0.28,0.02,0.2,0.1,0.4,0.25,1.0,-1.0,3.2778522968292236,254.64334106445312,3.843296527862549,0.5654442310333252,251.3654887676239,0.6563720703125,0.6075439453125,0.2200927734375,0.4984081983566284,0.49756571650505066
higgs_public,NLL_OOD,Cov90_OOD,0.28,0.02,0.2,0.1,0.4,0.5,1.0,-1.0,3.2778522968292236,254.64334106445312,3.5496668815612793,0.27181458473205566,251.3654887676239,0.6563720703125,0.6112060546875,0.2200927734375,0.4984081983566284,0.49756571650505066
higgs_public,NLL_OOD,Cov90_OOD,0.28,0.02,0.2,0.1,0.4,0.25,1.0,0.85,3.2778522968292236,254.64334106445312,4.280704498291016,1.002852201461792,251.3654887676239,0.6563720703125,0.6005859375,0.2200927734375,0.17801319062709808,0.49756571650505066
higgs_public,NLL_OOD,Cov90_OOD,0.28,0.02,0.2,0.1,0.4,0.5,1.0,0.85,3.2778522968292236,254.64334106445312,3.9699156284332275,0.6920633316040039,251.3654887676239,0.6563720703125,0.604248046875,0.2200927734375,0.17801319062709808,0.49756571650505066
higgs_public,NLL_OOD,Cov90_OOD,0.28,0.02,0.2,0.1,0.4,0.25,2.0,-1.0,3.2778522968292236,254.64334106445312,3.960516929626465,0.6826646327972412,251.3654887676239,0.6563720703125,0.603759765625,0.2200927734375,0.36058366298675537,0.49756571650505066
higgs_public,NLL_OOD,Cov90_OOD,0.28,0.02,0.2,0.1,0.4,0.5,2.0,-1.0,3.2778522968292236,254.64334106445312,3.6795496940612793,0.40169739723205566,251.3654887676239,0.6563720703125,0.6058349609375,0.2200927734375,0.36058366298675537,0.49756571650505066
higgs_public,NLL_OOD,Cov90_OOD,0.28,0.02,0.2,0.1,0.4,0.25,2.0,0.85,3.2778522968292236,254.64334106445312,4.351839065551758,1.0739867687225342,251.3654887676239,0.6563720703125,0.603759765625,0.2200927734375,0.08715036511421204,0.49756571650505066
higgs_public,NLL_OOD,Cov90_OOD,0.28,0.02,0.2,0.1,0.4,0.5,2.0,0.85,3.2778522968292236,254.64334106445312,4.06983757019043,0.791985273361206,251.3654887676239,0.6563720703125,0.60986328125,0.2200927734375,0.08715036511421204,0.49756571650505066
higgs_public,NLL_OOD,Cov90_OOD,0.28,0.02,0.2,0.1,0.4,0.5,1.0,-1.0,3.2778522968292236,254.64334106445312,3.5496668815612793,0.27181458473205566,251.3654887676239,0.6563720703125,0.6112060546875,0.2200927734375,0.4984081983566284,0.49756571650505066
higgs_public,NLL_OOD,Cov90_OOD,0.28,0.02,0.2,0.2,0.4,0.25,1.0,-1.0,3.2778522968292236,254.64334106445312,3.7473835945129395,0.4695312976837158,251.3654887676239,0.6563720703125,0.603271484375,0.2200927734375,0.4153261184692383,0.6581594944000244
higgs_public,NLL_OOD,Cov90_OOD,0.28,0.02,0.2,0.1,0.4,0.5,1.0,0.85,3.2778522968292236,254.64334106445312,3.9699156284332275,0.6920633316040039,251.3654887676239,0.6563720703125,0.604248046875,0.2200927734375,0.17801319062709808,0.49756571650505066
higgs_public,NLL_OOD,Cov90_OOD,0.28,0.02,0.2,0.2,0.4,0.25,1.0,0.85,3.2778522968292236,254.64334106445312,4.271641731262207,0.9937894344329834,251.3654887676239,0.6563720703125,0.5875244140625,0.2200927734375,0.11360134184360504,0.6581594944000244
higgs_public,NLL_OOD,Cov90_OOD,0.28,0.02,0.2,0.1,0.4,0.5,2.0,-1.0,3.2778522968292236,254.64334106445312,3.6795496940612793,0.40169739723205566,251.3654887676239,0.6563720703125,0.6058349609375,0.2200927734375,0.36058366298675537,0.49756571650505066
higgs_public,NLL_OOD,Cov90_OOD,0.28,0.02,0.2,0.2,0.4,0.25,2.0,-1.0,3.2778522968292236,254.64334106445312,3.956878185272217,0.6790258884429932,251.3654887676239,0.6563720703125,0.5965576171875,0.2200927734375,0.28159695863723755,0.6581594944000244
higgs_public,NLL_OOD,Cov90_OOD,0.28,0.02,0.2,0.1,0.4,0.5,2.0,0.85,3.2778522968292236,254.64334106445312,4.06983757019043,0.791985273361206,251.3654887676239,0.6563720703125,0.60986328125,0.2200927734375,0.08715036511421204,0.49756571650505066
higgs_public,NLL_OOD,Cov90_OOD,0.28,0.02,0.2,0.2,0.4,0.25,2.0,0.85,3.2778522968292236,254.64334106445312,4.378134727478027,1.1002824306488037,251.3654887676239,0.6563720703125,0.5869140625,0.2200927734375,0.04844766855239868,0.6581594944000244
higgs_public,NLL_OOD,Cov90_OOD,0.28,0.02,0.2,0.2,0.4,0.25,1.0,-1.0,3.2778522968292236,254.64334106445312,3.7473835945129395,0.4695312976837158,251.3654887676239,0.6563720703125,0.603271484375,0.2200927734375,0.4153261184692383,0.6581594944000244
higgs_public,NLL_OOD,Cov90_OOD,0.28,0.02,0.2,0.2,0.4,0.5,1.0,-1.0,3.2778522968292236,254.64334106445312,3.4451215267181396,0.16726922988891602,251.3654887676239,0.6563720703125,0.6033935546875,0.2200927734375,0.4153261184692383,0.6581594944000244
higgs_public,NLL_OOD,Cov90_OOD,0.28,0.02,0.2,0.2,0.4,0.25,1.0,0.85,3.2778522968292236,254.64334106445312,4.271641731262207,0.9937894344329834,251.3654887676239,0.6563720703125,0.5875244140625,0.2200927734375,0.11360134184360504,0.6581594944000244
higgs_public,NLL_OOD,Cov90_OOD,0.28,0.02,0.2,0.2,0.4,0.5,1.0,0.85,3.2778522968292236,254.64334106445312,4.060956954956055,0.783104658126831,251.3654887676239,0.6563720703125,0.589111328125,0.2200927734375,0.11360134184360504,0.6581594944000244
higgs_public,NLL_OOD,Cov90_OOD,0.28,0.02,0.2,0.2,0.4,0.25,2.0,-1.0,3.2778522968292236,254.64334106445312,3.956878185272217,0.6790258884429932,251.3654887676239,0.6563720703125,0.5965576171875,0.2200927734375,0.28159695863723755,0.6581594944000244
higgs_public,NLL_OOD,Cov90_OOD,0.28,0.02,0.2,0.2,0.4,0.5,2.0,-1.0,3.2778522968292236,254.64334106445312,3.629471778869629,0.3516194820404053,251.3654887676239,0.6563720703125,0.601318359375,0.2200927734375,0.28159695863723755,0.6581594944000244
higgs_public,NLL_OOD,Cov90_OOD,0.28,0.02,0.2,0.2,0.4,0.25,2.0,0.85,3.2778522968292236,254.64334106445312,4.378134727478027,1.1002824306488037,251.3654887676239,0.6563720703125,0.5869140625,0.2200927734375,0.04844766855239868,0.6581594944000244
higgs_public,NLL_OOD,Cov90_OOD,0.28,0.02,0.2,0.2,0.4,0.5,2.0,0.85,3.2778522968292236,254.64334106445312,4.150282859802246,0.8724305629730225,251.3654887676239,0.6563720703125,0.5975341796875,0.2200927734375,0.04844766855239868,0.6581594944000244
higgs_public,NLL_OOD,Cov90_OOD,0.28,0.02,0.2,0.2,0.4,0.5,1.0,-1.0,3.2778522968292236,254.64334106445312,3.4451215267181396,0.16726922988891602,251.3654887676239,0.6563720703125,0.6033935546875,0.2200927734375,0.4153261184692383,0.6581594944000244
higgs_public,NLL_OOD,Cov90_OOD,0.28,0.05,0.0,0.0,0.4,0.25,1.0,-1.0,3.2778522968292236,254.64334106445312,4.275021553039551,0.9971692562103271,251.3654887676239,0.6563720703125,0.6373291015625,0.2200927734375,0.9654299020767212,0.010372677817940712
higgs_public,NLL_OOD,Cov90_OOD,0.28,0.02,0.2,0.2,0.4,0.5,1.0,0.85,3.2778522968292236,254.64334106445312,4.060956954956055,0.783104658126831,251.3654887676239,0.6563720703125,0.589111328125,0.2200927734375,0.11360134184360504,0.6581594944000244
higgs_public,NLL_OOD,Cov90_OOD,0.28,0.05,0.0,0.0,0.4,0.25,1.0,0.85,3.2778522968292236,254.64334106445312,4.302959442138672,1.0251071453094482,251.3654887676239,0.6563720703125,0.6378173828125,0.2200927734375,0.9315631985664368,0.010372677817940712
higgs_public,NLL_OOD,Cov90_OOD,0.28,0.02,0.2,0.2,0.4,0.5,2.0,-1.0,3.2778522968292236,254.64334106445312,3.629471778869629,0.3516194820404053,251.3654887676239,0.6563720703125,0.601318359375,0.2200927734375,0.28159695863723755,0.6581594944000244
higgs_public,NLL_OOD,Cov90_OOD,0.28,0.05,0.0,0.0,0.4,0.25,2.0,-1.0,3.2778522968292236,254.64334106445312,4.2982892990112305,1.0204370021820068,251.3654887676239,0.6563720703125,0.638916015625,0.2200927734375,0.9349896907806396,0.010372677817940712
higgs_public,NLL_OOD,Cov90_OOD,0.28,0.02,0.2,0.2,0.4,0.5,2.0,0.85,3.2778522968292236,254.64334106445312,4.150282859802246,0.8724305629730225,251.3654887676239,0.6563720703125,0.5975341796875,0.2200927734375,0.04844766855239868,0.6581594944000244
higgs_public,NLL_OOD,Cov90_OOD,0.28,0.05,0.0,0.0,0.4,0.25,2.0,0.85,3.2778522968292236,254.64334106445312,4.247297286987305,0.969444990158081,251.3654887676239,0.6563720703125,0.6376953125,0.2200927734375,0.8465917110443115,0.010372677817940712
higgs_public,NLL_OOD,Cov90_OOD,0.28,0.05,0.0,0.0,0.4,0.25,1.0,-1.0,3.2778522968292236,254.64334106445312,4.275021553039551,0.9971692562103271,251.3654887676239,0.6563720703125,0.6373291015625,0.2200927734375,0.9654299020767212,0.010372677817940712
higgs_public,NLL_OOD,Cov90_OOD,0.28,0.05,0.0,0.0,0.4,0.25,1.0,0.85,3.2778522968292236,254.64334106445312,4.302959442138672,1.0251071453094482,251.3654887676239,0.6563720703125,0.6378173828125,0.2200927734375,0.9315631985664368,0.010372677817940712
higgs_public,NLL_OOD,Cov90_OOD,0.28,0.05,0.0,0.0,0.4,0.5,1.0,-1.0,3.2778522968292236,254.64334106445312,4.028725624084473,0.750873327255249,251.3654887676239,0.6563720703125,0.6436767578125,0.2200927734375,0.9654299020767212,0.010372677817940712
higgs_public,NLL_OOD,Cov90_OOD,0.28,0.05,0.0,0.0,0.4,0.25,2.0,-1.0,3.2778522968292236,254.64334106445312,4.2982892990112305,1.0204370021820068,251.3654887676239,0.6563720703125,0.638916015625,0.2200927734375,0.9349896907806396,0.010372677817940712
higgs_public,NLL_OOD,Cov90_OOD,0.28,0.05,0.0,0.0,0.4,0.5,1.0,0.85,3.2778522968292236,254.64334106445312,4.011763095855713,0.7339107990264893,251.3654887676239,0.6563720703125,0.6439208984375,0.2200927734375,0.9315631985664368,0.010372677817940712
higgs_public,NLL_OOD,Cov90_OOD,0.28,0.05,0.0,0.0,0.4,0.25,2.0,0.85,3.2778522968292236,254.64334106445312,4.247297286987305,0.969444990158081,251.3654887676239,0.6563720703125,0.6376953125,0.2200927734375,0.8465917110443115,0.010372677817940712
higgs_public,NLL_OOD,Cov90_OOD,0.28,0.05,0.0,0.0,0.4,0.5,2.0,-1.0,3.2778522968292236,254.64334106445312,3.9853968620300293,0.7075445652008057,251.3654887676239,0.6563720703125,0.64404296875,0.2200927734375,0.9349896907806396,0.010372677817940712
higgs_public,NLL_OOD,Cov90_OOD,0.28,0.05,0.0,0.0,0.4,0.5,1.0,-1.0,3.2778522968292236,254.64334106445312,4.028725624084473,0.750873327255249,251.3654887676239,0.6563720703125,0.6436767578125,0.2200927734375,0.9654299020767212,0.010372677817940712
higgs_public,NLL_OOD,Cov90_OOD,0.28,0.05,0.0,0.0,0.4,0.5,2.0,0.85,3.2778522968292236,254.64334106445312,4.057196617126465,0.7793443202972412,251.3654887676239,0.6563720703125,0.6427001953125,0.2200927734375,0.8465917110443115,0.010372677817940712
higgs_public,NLL_OOD,Cov90_OOD,0.28,0.05,0.0,0.0,0.4,0.5,1.0,0.85,3.2778522968292236,254.64334106445312,4.011763095855713,0.7339107990264893,251.3654887676239,0.6563720703125,0.6439208984375,0.2200927734375,0.9315631985664368,0.010372677817940712
higgs_public,NLL_OOD,Cov90_OOD,0.28,0.05,0.0,0.1,0.4,0.25,1.0,-1.0,3.2778522968292236,254.64334106445312,4.089591979980469,0.8117396831512451,251.3654887676239,0.6563720703125,0.6357421875,0.2200927734375,0.5900408625602722,0.36729663610458374
higgs_public,NLL_OOD,Cov90_OOD,0.28,0.05,0.0,0.0,0.4,0.5,2.0,-1.0,3.2778522968292236,254.64334106445312,3.9853968620300293,0.7075445652008057,251.3654887676239,0.6563720703125,0.64404296875,0.2200927734375,0.9349896907806396,0.010372677817940712
higgs_public,NLL_OOD,Cov90_OOD,0.28,0.05,0.0,0.1,0.4,0.25,1.0,0.85,3.2778522968292236,254.64334106445312,4.380122661590576,1.1022703647613525,251.3654887676239,0.6563720703125,0.626220703125,0.2200927734375,0.32259589433670044,0.36729663610458374
higgs_public,NLL_OOD,Cov90_OOD,0.28,0.05,0.0,0.0,0.4,0.5,2.0,0.85,3.2778522968292236,254.64334106445312,4.057196617126465,0.7793443202972412,251.3654887676239,0.6563720703125,0.6427001953125,0.2200927734375,0.8465917110443115,0.010372677817940712
higgs_public,NLL_OOD,Cov90_OOD,0.28,0.05,0.0,0.1,0.4,0.25,2.0,-1.0,3.2778522968292236,254.64334106445312,4.179713249206543,0.9018609523773193,251.3654887676239,0.6563720703125,0.630859375,0.2200927734375,0.46963176131248474,0.36729663610458374
higgs_public,NLL_OOD,Cov90_OOD,0.28,0.05,0.0,0.1,0.4,0.25,1.0,-1.0,3.2778522968292236,254.64334106445312,4.089591979980469,0.8117396831512451,251.3654887676239,0.6563720703125,0.6357421875,0.2200927734375,0.5900408625602722,0.36729663610458374
higgs_public,NLL_OOD,Cov90_OOD,0.28,0.05,0.0,0.1,0.4,0.25,2.0,0.85,3.2778522968292236,254.64334106445312,4.521705627441406,1.2438533306121826,251.3654887676239,0.6563720703125,0.625244140625,0.2200927734375,0.21299245953559875,0.36729663610458374
higgs_public,NLL_OOD,Cov90_OOD,0.28,0.05,0.0,0.1,0.4,0.25,1.0,0.85,3.2778522968292236,254.64334106445312,4.380122661590576,1.1022703647613525,251.3654887676239,0.6563720703125,0.626220703125,0.2200927734375,0.32259589433670044,0.36729663610458374
higgs_public,NLL_OOD,Cov90_OOD,0.28,0.05,0.0,0.1,0.4,0.5,1.0,-1.0,3.2778522968292236,254.64334106445312,3.7239694595336914,0.4461171627044678,251.3654887676239,0.6563720703125,0.638427734375,0.2200927734375,0.5900408625602722,0.36729663610458374
higgs_public,NLL_OOD,Cov90_OOD,0.28,0.05,0.0,0.1,0.4,0.25,2.0,-1.0,3.2778522968292236,254.64334106445312,4.179713249206543,0.9018609523773193,251.3654887676239,0.6563720703125,0.630859375,0.2200927734375,0.46963176131248474,0.36729663610458374
higgs_public,NLL_OOD,Cov90_OOD,0.28,0.05,0.0,0.1,0.4,0.5,1.0,0.85,3.2778522968292236,254.64334106445312,4.019911289215088,0.7420589923858643,251.3654887676239,0.6563720703125,0.6292724609375,0.2200927734375,0.32259589433670044,0.36729663610458374
higgs_public,NLL_OOD,Cov90_OOD,0.28,0.05,0.0,0.1,0.4,0.25,2.0,0.85,3.2778522968292236,254.64334106445312,4.521705627441406,1.2438533306121826,251.3654887676239,0.6563720703125,0.625244140625,0.2200927734375,0.21299245953559875,0.36729663610458374
higgs_public,NLL_OOD,Cov90_OOD,0.28,0.05,0.0,0.1,0.4,0.5,2.0,-1.0,3.2778522968292236,254.64334106445312,3.8144257068634033,0.5365734100341797,251.3654887676239,0.6563720703125,0.6356201171875,0.2200927734375,0.46963176131248474,0.36729663610458374
higgs_public,NLL_OOD,Cov90_OOD,0.28,0.05,0.0,0.1,0.4,0.5,1.0,-1.0,3.2778522968292236,254.64334106445312,3.7239694595336914,0.4461171627044678,251.3654887676239,0.6563720703125,0.638427734375,0.2200927734375,0.5900408625602722,0.36729663610458374
higgs_public,NLL_OOD,Cov90_OOD,0.28,0.05,0.0,0.1,0.4,0.5,2.0,0.85,3.2778522968292236,254.64334106445312,4.137111663818359,0.8592593669891357,251.3654887676239,0.6563720703125,0.629638671875,0.2200927734375,0.21299245953559875,0.36729663610458374
higgs_public,NLL_OOD,Cov90_OOD,0.28,0.05,0.0,0.1,0.4,0.5,1.0,0.85,3.2778522968292236,254.64334106445312,4.019911289215088,0.7420589923858643,251.3654887676239,0.6563720703125,0.6292724609375,0.2200927734375,0.32259589433670044,0.36729663610458374
higgs_public,NLL_OOD,Cov90_OOD,0.28,0.05,0.0,0.2,0.4,0.25,1.0,-1.0,3.2778522968292236,254.64334106445312,3.887557029724121,0.6097047328948975,251.3654887676239,0.6563720703125,0.627197265625,0.2200927734375,0.41369467973709106,0.7092173099517822
higgs_public,NLL_OOD,Cov90_OOD,0.28,0.05,0.0,0.1,0.4,0.5,2.0,-1.0,3.2778522968292236,254.64334106445312,3.8144257068634033,0.5365734100341797,251.3654887676239,0.6563720703125,0.6356201171875,0.2200927734375,0.46963176131248474,0.36729663610458374
higgs_public,NLL_OOD,Cov90_OOD,0.28,0.05,0.0,0.2,0.4,0.25,1.0,0.85,3.2778522968292236,254.64334106445312,4.449322700500488,1.1714704036712646,251.3654887676239,0.6563720703125,0.616455078125,0.2200927734375,0.16272804141044617,0.7092173099517822
higgs_public,NLL_OOD,Cov90_OOD,0.28,0.05,0.0,0.1,0.4,0.5,2.0,0.85,3.2778522968292236,254.64334106445312,4.137111663818359,0.8592593669891357,251.3654887676239,0.6563720703125,0.629638671875,0.2200927734375,0.21299245953559875,0.36729663610458374
higgs_public,NLL_OOD,Cov90_OOD,0.28,0.05,0.0,0.2,0.4,0.25,2.0,-1.0,3.2778522968292236,254.64334106445312,4.024621963500977,0.7467696666717529,251.3654887676239,0.6563720703125,0.6195068359375,0.2200927734375,0.29772618412971497,0.7092173099517822
higgs_public,NLL_OOD,Cov90_OOD,0.28,0.05,0.0,0.2,0.4,0.25,1.0,-1.0,3.2778522968292236,254.64334106445312,3.887557029724121,0.6097047328948975,251.3654887676239,0.6563720703125,0.627197265625,0.2200927734375,0.41369467973709106,0.7092173099517822
higgs_public,NLL_OOD,Cov90_OOD,0.28,0.05,0.0,0.2,0.4,0.25,2.0,0.85,3.2778522968292236,254.64334106445312,4.6299543380737305,1.3521020412445068,251.3654887676239,0.6563720703125,0.62109375,0.2200927734375,0.0905873030424118,0.7092173099517822
higgs_public,NLL_OOD,Cov90_OOD,0.28,0.05,0.0,0.2,0.4,0.25,1.0,0.85,3.2778522968292236,254.64334106445312,4.449322700500488,1.1714704036712646,251.3654887676239,0.6563720703125,0.616455078125,0.2200927734375,0.16272804141044617,0.7092173099517822
higgs_public,NLL_OOD,Cov90_OOD,0.28,0.05,0.0,0.2,0.4,0.5,1.0,-1.0,3.2778522968292236,254.64334106445312,3.4888854026794434,0.21103310585021973,251.3654887676239,0.6563720703125,0.6287841796875,0.2200927734375,0.41369467973709106,0.7092173099517822
higgs_public,NLL_OOD,Cov90_OOD,0.28,0.05,0.0,0.2,0.4,0.25,2.0,-1.0,3.2778522968292236,254.64334106445312,4.024621963500977,0.7467696666717529,251.3654887676239,0.6563720703125,0.6195068359375,0.2200927734375,0.29772618412971497,0.7092173099517822
higgs_public,NLL_OOD,Cov90_OOD,0.28,0.05,0.0,0.2,0.4,0.5,1.0,0.85,3.2778522968292236,254.64334106445312,4.045192241668701,0.7673399448394775,251.3654887676239,0.6563720703125,0.618896484375,0.2200927734375,0.16272804141044617,0.7092173099517822
higgs_public,NLL_OOD,Cov90_OOD,0.28,0.05,0.0,0.2,0.4,0.25,2.0,0.85,3.2778522968292236,254.64334106445312,4.6299543380737305,1.3521020412445068,251.3654887676239,0.6563720703125,0.62109375,0.2200927734375,0.0905873030424118,0.7092173099517822
higgs_public,NLL_OOD,Cov90_OOD,0.28,0.05,0.0,0.2,0.4,0.5,2.0,-1.0,3.2778522968292236,254.64334106445312,3.6545321941375732,0.3766798973083496,251.3654887676239,0.6563720703125,0.6282958984375,0.2200927734375,0.29772618412971497,0.7092173099517822
higgs_public,NLL_OOD,Cov90_OOD,0.28,0.05,0.0,0.2,0.4,0.5,1.0,-1.0,3.2778522968292236,254.64334106445312,3.4888854026794434,0.21103310585021973,251.3654887676239,0.6563720703125,0.6287841796875,0.2200927734375,0.41369467973709106,0.7092173099517822
higgs_public,NLL_OOD,Cov90_OOD,0.28,0.05,0.0,0.2,0.4,0.5,1.0,0.85,3.2778522968292236,254.64334106445312,4.045192241668701,0.7673399448394775,251.3654887676239,0.6563720703125,0.618896484375,0.2200927734375,0.16272804141044617,0.7092173099517822
higgs_public,NLL_OOD,Cov90_OOD,0.28,0.05,0.0,0.2,0.4,0.5,2.0,0.85,3.2778522968292236,254.64334106445312,4.166932106018066,0.8890798091888428,251.3654887676239,0.6563720703125,0.6246337890625,0.2200927734375,0.0905873030424118,0.7092173099517822
higgs_public,NLL_OOD,Cov90_OOD,0.28,0.05,0.0,0.2,0.4,0.5,2.0,-1.0,3.2778522968292236,254.64334106445312,3.6545321941375732,0.3766798973083496,251.3654887676239,0.6563720703125,0.6282958984375,0.2200927734375,0.29772618412971497,0.7092173099517822
higgs_public,NLL_OOD,Cov90_OOD,0.28,0.05,0.1,0.0,0.4,0.25,1.0,-1.0,3.2778522968292236,254.64334106445312,4.327224254608154,1.0493719577789307,251.3654887676239,0.6563720703125,0.633056640625,0.2200927734375,0.7309808731079102,0.167097806930542
higgs_public,NLL_OOD,Cov90_OOD,0.28,0.05,0.0,0.2,0.4,0.5,2.0,0.85,3.2778522968292236,254.64334106445312,4.166932106018066,0.8890798091888428,251.3654887676239,0.6563720703125,0.6246337890625,0.2200927734375,0.0905873030424118,0.7092173099517822
higgs_public,NLL_OOD,Cov90_OOD,0.28,0.05,0.1,0.0,0.4,0.25,1.0,0.85,3.2778522968292236,254.64334106445312,4.546590328216553,1.268738031387329,251.3654887676239,0.6563720703125,0.62255859375,0.2200927734375,0.4732583165168762,0.167097806930542
higgs_public,NLL_OOD,Cov90_OOD,0.28,0.05,0.1,0.0,0.4,0.25,1.0,-1.0,3.2778522968292236,254.64334106445312,4.327224254608154,1.0493719577789307,251.3654887676239,0.6563720703125,0.633056640625,0.2200927734375,0.7309808731079102,0.167097806930542
higgs_public,NLL_OOD,Cov90_OOD,0.28,0.05,0.1,0.0,0.4,0.25,2.0,-1.0,3.2778522968292236,254.64334106445312,4.409585475921631,1.1317331790924072,251.3654887676239,0.6563720703125,0.6285400390625,0.2200927734375,0.6158561110496521,0.167097806930542
higgs_public,NLL_OOD,Cov90_OOD,0.28,0.05,0.1,0.0,0.4,0.25,1.0,0.85,3.2778522968292236,254.64334106445312,4.546590328216553,1.268738031387329,251.3654887676239,0.6563720703125,0.62255859375,0.2200927734375,0.4732583165168762,0.167097806930542
higgs_public,NLL_OOD,Cov90_OOD,0.28,0.05,0.1,0.0,0.4,0.25,2.0,0.85,3.2778522968292236,254.64334106445312,4.528369426727295,1.2505171298980713,251.3654887676239,0.6563720703125,0.6202392578125,0.2200927734375,0.30989688634872437,0.167097806930542
higgs_public,NLL_OOD,Cov90_OOD,0.28,0.05,0.1,0.0,0.4,0.25,2.0,-1.0,3.2778522968292236,254.64334106445312,4.409585475921631,1.1317331790924072,251.3654887676239,0.6563720703125,0.6285400390625,0.2200927734375,0.6158561110496521,0.167097806930542
higgs_public,NLL_OOD,Cov90_OOD,0.28,0.05,0.1,0.0,0.4,0.5,1.0,-1.0,3.2778522968292236,254.64334106445312,3.853996753692627,0.5761444568634033,251.3654887676239,0.6563720703125,0.6322021484375,0.2200927734375,0.7309808731079102,0.167097806930542
higgs_public,NLL_OOD,Cov90_OOD,0.28,0.05,0.1,0.0,0.4,0.25,2.0,0.85,3.2778522968292236,254.64334106445312,4.528369426727295,1.2505171298980713,251.3654887676239,0.6563720703125,0.6202392578125,0.2200927734375,0.30989688634872437,0.167097806930542
higgs_public,NLL_OOD,Cov90_OOD,0.28,0.05,0.1,0.0,0.4,0.5,1.0,0.85,3.2778522968292236,254.64334106445312,4.157975196838379,0.8801229000091553,251.3654887676239,0.6563720703125,0.6275634765625,0.2200927734375,0.4732583165168762,0.167097806930542
higgs_public,NLL_OOD,Cov90_OOD,0.28,0.05,0.1,0.0,0.4,0.5,1.0,-1.0,3.2778522968292236,254.64334106445312,3.853996753692627,0.5761444568634033,251.3654887676239,0.6563720703125,0.6322021484375,0.2200927734375,0.7309808731079102,0.167097806930542
higgs_public,NLL_OOD,Cov90_OOD,0.28,0.05,0.1,0.0,0.4,0.5,2.0,-1.0,3.2778522968292236,254.64334106445312,3.9485626220703125,0.6707103252410889,251.3654887676239,0.6563720703125,0.630615234375,0.2200927734375,0.6158561110496521,0.167097806930542
higgs_public,NLL_OOD,Cov90_OOD,0.28,0.05,0.1,0.0,0.4,0.5,1.0,0.85,3.2778522968292236,254.64334106445312,4.157975196838379,0.8801229000091553,251.3654887676239,0.6563720703125,0.6275634765625,0.2200927734375,0.4732583165168762,0.167097806930542
higgs_public,NLL_OOD,Cov90_OOD,0.28,0.05,0.1,0.0,0.4,0.5,2.0,0.85,3.2778522968292236,254.64334106445312,4.1089606285095215,0.8311083316802979,251.3654887676239,0.6563720703125,0.6292724609375,0.2200927734375,0.30989688634872437,0.167097806930542
higgs_public,NLL_OOD,Cov90_OOD,0.28,0.05,0.1,0.0,0.4,0.5,2.0,-1.0,3.2778522968292236,254.64334106445312,3.9485626220703125,0.6707103252410889,251.3654887676239,0.6563720703125,0.630615234375,0.2200927734375,0.6158561110496521,0.167097806930542
higgs_public,NLL_OOD,Cov90_OOD,0.28,0.05,0.1,0.1,0.4,0.25,1.0,-1.0,3.2778522968292236,254.64334106445312,3.818084239959717,0.5402319431304932,251.3654887676239,0.6563720703125,0.6234130859375,0.2200927734375,0.5266280770301819,0.4364781379699707
higgs_public,NLL_OOD,Cov90_OOD,0.28,0.05,0.1,0.0,0.4,0.5,2.0,0.85,3.2778522968292236,254.64334106445312,4.1089606285095215,0.8311083316802979,251.3654887676239,0.6563720703125,0.6292724609375,0.2200927734375,0.30989688634872437,0.167097806930542
higgs_public,NLL_OOD,Cov90_OOD,0.28,0.05,0.1,0.1,0.4,0.25,1.0,0.85,3.2778522968292236,254.64334106445312,4.183335304260254,0.9054830074310303,251.3654887676239,0.6563720703125,0.6148681640625,0.2200927734375,0.23144808411598206,0.4364781379699707
higgs_public,NLL_OOD,Cov90_OOD,0.28,0.05,0.1,0.1,0.4,0.25,1.0,-1.0,3.2778522968292236,254.64334106445312,3.818084239959717,0.5402319431304932,251.3654887676239,0.6563720703125,0.6234130859375,0.2200927734375,0.5266280770301819,0.4364781379699707
higgs_public,NLL_OOD,Cov90_OOD,0.28,0.05,0.1,0.1,0.4,0.25,2.0,-1.0,3.2778522968292236,254.64334106445312,3.9812307357788086,0.703378438949585,251.3654887676239,0.6563720703125,0.6173095703125,0.2200927734375,0.39597034454345703,0.4364781379699707
higgs_public,NLL_OOD,Cov90_OOD,0.28,0.05,0.1,0.1,0.4,0.25,1.0,0.85,3.2778522968292236,254.64334106445312,4.183335304260254,0.9054830074310303,251.3654887676239,0.6563720703125,0.6148681640625,0.2200927734375,0.23144808411598206,0.4364781379699707
higgs_public,NLL_OOD,Cov90_OOD,0.28,0.05,0.1,0.1,0.4,0.25,2.0,0.85,3.2778522968292236,254.64334106445312,4.225151062011719,0.9472987651824951,251.3654887676239,0.6563720703125,0.61474609375,0.2200927734375,0.126853346824646,0.4364781379699707
higgs_public,NLL_OOD,Cov90_OOD,0.28,0.05,0.1,0.1,0.4,0.25,2.0,-1.0,3.2778522968292236,254.64334106445312,3.9812307357788086,0.703378438949585,251.3654887676239,0.6563720703125,0.6173095703125,0.2200927734375,0.39597034454345703,0.4364781379699707
higgs_public,NLL_OOD,Cov90_OOD,0.28,0.05,0.1,0.1,0.4,0.5,1.0,-1.0,3.2778522968292236,254.64334106445312,3.5381569862365723,0.26030468940734863,251.3654887676239,0.6563720703125,0.626220703125,0.2200927734375,0.5266280770301819,0.4364781379699707
higgs_public,NLL_OOD,Cov90_OOD,0.28,0.05,0.1,0.1,0.4,0.25,2.0,0.85,3.2778522968292236,254.64334106445312,4.225151062011719,0.9472987651824951,251.3654887676239,0.6563720703125,0.61474609375,0.2200927734375,0.126853346824646,0.4364781379699707
higgs_public,NLL_OOD,Cov90_OOD,0.28,0.05,0.1,0.1,0.4,0.5,1.0,0.85,3.2778522968292236,254.64334106445312,3.9083118438720703,0.6304595470428467,251.3654887676239,0.6563720703125,0.62255859375,0.2200927734375,0.23144808411598206,0.4364781379699707
higgs_public,NLL_OOD,Cov90_OOD,0.28,0.05,0.1,0.1,0.4,0.5,1.0,-1.0,3.2778522968292236,254.64334106445312,3.5381569862365723,0.26030468940734863,251.3654887676239,0.6563720703125,0.626220703125,0.2200927734375,0.5266280770301819,0.4364781379699707
higgs_public,NLL_OOD,Cov90_OOD,0.28,0.05,0.1,0.1,0.4,0.5,2.0,-1.0,3.2778522968292236,254.64334106445312,3.6484155654907227,0.370563268661499,251.3654887676239,0.6563720703125,0.62451171875,0.2200927734375,0.39597034454345703,0.4364781379699707
higgs_public,NLL_OOD,Cov90_OOD,0.28,0.05,0.1,0.1,0.4,0.5,1.0,0.85,3.2778522968292236,254.64334106445312,3.9083118438720703,0.6304595470428467,251.3654887676239,0.6563720703125,0.62255859375,0.2200927734375,0.23144808411598206,0.4364781379699707
higgs_public,NLL_OOD,Cov90_OOD,0.28,0.05,0.1,0.1,0.4,0.5,2.0,0.85,3.2778522968292236,254.64334106445312,3.9820637702941895,0.7042114734649658,251.3654887676239,0.6563720703125,0.6226806640625,0.2200927734375,0.126853346824646,0.4364781379699707
higgs_public,NLL_OOD,Cov90_OOD,0.28,0.05,0.1,0.1,0.4,0.5,2.0,-1.0,3.2778522968292236,254.64334106445312,3.6484155654907227,0.370563268661499,251.3654887676239,0.6563720703125,0.62451171875,0.2200927734375,0.39597034454345703,0.4364781379699707
higgs_public,NLL_OOD,Cov90_OOD,0.28,0.05,0.1,0.2,0.4,0.25,1.0,-1.0,3.2778522968292236,254.64334106445312,3.7086310386657715,0.43077874183654785,251.3654887676239,0.6563720703125,0.6170654296875,0.2200927734375,0.4058607220649719,0.6891570091247559
higgs_public,NLL_OOD,Cov90_OOD,0.28,0.05,0.1,0.1,0.4,0.5,2.0,0.85,3.2778522968292236,254.64334106445312,3.9820637702941895,0.7042114734649658,251.3654887676239,0.6563720703125,0.6226806640625,0.2200927734375,0.126853346824646,0.4364781379699707
higgs_public,NLL_OOD,Cov90_OOD,0.28,0.05,0.1,0.2,0.4,0.25,1.0,0.85,3.2778522968292236,254.64334106445312,4.288933753967285,1.0110814571380615,251.3654887676239,0.6563720703125,0.6055908203125,0.2200927734375,0.13384991884231567,0.6891570091247559
higgs_public,NLL_OOD,Cov90_OOD,0.28,0.05,0.1,0.2,0.4,0.25,1.0,-1.0,3.2778522968292236,254.64334106445312,3.7086310386657715,0.43077874183654785,251.3654887676239,0.6563720703125,0.6170654296875,0.2200927734375,0.4058607220649719,0.6891570091247559
higgs_public,NLL_OOD,Cov90_OOD,0.28,0.05,0.1,0.2,0.4,0.25,2.0,-1.0,3.2778522968292236,254.64334106445312,3.8810410499572754,0.6031887531280518,251.3654887676239,0.6563720703125,0.6097412109375,0.2200927734375,0.282496839761734,0.6891570091247559
higgs_public,NLL_OOD,Cov90_OOD,0.28,0.05,0.1,0.2,0.4,0.25,1.0,0.85,3.2778522968292236,254.64334106445312,4.288933753967285,1.0110814571380615,251.3654887676239,0.6563720703125,0.6055908203125,0.2200927734375,0.13384991884231567,0.6891570091247559
higgs_public,NLL_OOD,Cov90_OOD,0.28,0.05,0.1,0.2,0.4,0.25,2.0,0.85,3.2778522968292236,254.64334106445312,4.220350742340088,0.9424984455108643,251.3654887676239,0.6563720703125,0.6160888671875,0.2200927734375,0.06547331064939499,0.6891570091247559
higgs_public,NLL_OOD,Cov90_OOD,0.28,0.05,0.1,0.2,0.4,0.25,2.0,-1.0,3.2778522968292236,254.64334106445312,3.8810410499572754,0.6031887531280518,251.3654887676239,0.6563720703125,0.6097412109375,0.2200927734375,0.282496839761734,0.6891570091247559
higgs_public,NLL_OOD,Cov90_OOD,0.28,0.05,0.1,0.2,0.4,0.5,1.0,-1.0,3.2778522968292236,254.64334106445312,3.3976693153381348,0.11981701850891113,251.3654887676239,0.6563720703125,0.6195068359375,0.2200927734375,0.4058607220649719,0.6891570091247559
higgs_public,NLL_OOD,Cov90_OOD,0.28,0.05,0.1,0.2,0.4,0.25,2.0,0.85,3.2778522968292236,254.64334106445312,4.220350742340088,0.9424984455108643,251.3654887676239,0.6563720703125,0.6160888671875,0.2200927734375,0.06547331064939499,0.6891570091247559
higgs_public,NLL_OOD,Cov90_OOD,0.28,0.05,0.1,0.2,0.4,0.5,1.0,0.85,3.2778522968292236,254.64334106445312,3.9675867557525635,0.6897344589233398,251.3654887676239,0.6563720703125,0.60693359375,0.2200927734375,0.13384991884231567,0.6891570091247559
higgs_public,NLL_OOD,Cov90_OOD,0.28,0.05,0.1,0.2,0.4,0.5,1.0,-1.0,3.2778522968292236,254.64334106445312,3.3976693153381348,0.11981701850891113,251.3654887676239,0.6563720703125,0.6195068359375,0.2200927734375,0.4058607220649719,0.6891570091247559
higgs_public,NLL_OOD,Cov90_OOD,0.28,0.05,0.1,0.2,0.4,0.5,2.0,-1.0,3.2778522968292236,254.64334106445312,3.5650668144226074,0.2872145175933838,251.3654887676239,0.6563720703125,0.614013671875,0.2200927734375,0.282496839761734,0.6891570091247559
higgs_public,NLL_OOD,Cov90_OOD,0.28,0.05,0.1,0.2,0.4,0.5,1.0,0.85,3.2778522968292236,254.64334106445312,3.9675867557525635,0.6897344589233398,251.3654887676239,0.6563720703125,0.60693359375,0.2200927734375,0.13384991884231567,0.6891570091247559
higgs_public,NLL_OOD,Cov90_OOD,0.28,0.05,0.1,0.2,0.4,0.5,2.0,-1.0,3.2778522968292236,254.64334106445312,3.5650668144226074,0.2872145175933838,251.3654887676239,0.6563720703125,0.614013671875,0.2200927734375,0.282496839761734,0.6891570091247559
higgs_public,NLL_OOD,Cov90_OOD,0.28,0.05,0.1,0.2,0.4,0.5,2.0,0.85,3.2778522968292236,254.64334106445312,3.9697961807250977,0.691943883895874,251.3654887676239,0.6563720703125,0.6185302734375,0.2200927734375,0.06547331064939499,0.6891570091247559
higgs_public,NLL_OOD,Cov90_OOD,0.28,0.05,0.1,0.2,0.4,0.5,2.0,0.85,3.2778522968292236,254.64334106445312,3.9697961807250977,0.691943883895874,251.3654887676239,0.6563720703125,0.6185302734375,0.2200927734375,0.06547331064939499,0.6891570091247559
higgs_public,NLL_OOD,Cov90_OOD,0.28,0.05,0.2,0.0,0.4,0.25,1.0,-1.0,3.2778522968292236,254.64334106445312,4.219524383544922,0.9416720867156982,251.3654887676239,0.6563720703125,0.6187744140625,0.2200927734375,0.6118306517601013,0.326383501291275
higgs_public,NLL_OOD,Cov90_OOD,0.28,0.05,0.2,0.0,0.4,0.25,1.0,-1.0,3.2778522968292236,254.64334106445312,4.219524383544922,0.9416720867156982,251.3654887676239,0.6563720703125,0.6187744140625,0.2200927734375,0.6118306517601013,0.326383501291275
higgs_public,NLL_OOD,Cov90_OOD,0.28,0.05,0.2,0.0,0.4,0.25,1.0,0.85,3.2778522968292236,254.64334106445312,4.564000129699707,1.2861478328704834,251.3654887676239,0.6563720703125,0.604736328125,0.2200927734375,0.29312798380851746,0.326383501291275
higgs_public,NLL_OOD,Cov90_OOD,0.28,0.05,0.2,0.0,0.4,0.25,1.0,0.85,3.2778522968292236,254.64334106445312,4.564000129699707,1.2861478328704834,251.3654887676239,0.6563720703125,0.604736328125,0.2200927734375,0.29312798380851746,0.326383501291275
higgs_public,NLL_OOD,Cov90_OOD,0.28,0.05,0.2,0.0,0.4,0.25,2.0,-1.0,3.2778522968292236,254.64334106445312,4.308389663696289,1.0305373668670654,251.3654887676239,0.6563720703125,0.612548828125,0.2200927734375,0.4776490032672882,0.326383501291275
higgs_public,NLL_OOD,Cov90_OOD,0.28,0.05,0.2,0.0,0.4,0.25,2.0,-1.0,3.2778522968292236,254.64334106445312,4.308389663696289,1.0305373668670654,251.3654887676239,0.6563720703125,0.612548828125,0.2200927734375,0.4776490032672882,0.326383501291275
higgs_public,NLL_OOD,Cov90_OOD,0.28,0.05,0.2,0.0,0.4,0.25,2.0,0.85,3.2778522968292236,254.64334106445312,4.578710079193115,1.3008577823638916,251.3654887676239,0.6563720703125,0.603271484375,0.2200927734375,0.15940453112125397,0.326383501291275
higgs_public,NLL_OOD,Cov90_OOD,0.28,0.05,0.2,0.0,0.4,0.25,2.0,0.85,3.2778522968292236,254.64334106445312,4.578710079193115,1.3008577823638916,251.3654887676239,0.6563720703125,0.603271484375,0.2200927734375,0.15940453112125397,0.326383501291275
higgs_public,NLL_OOD,Cov90_OOD,0.28,0.05,0.2,0.0,0.4,0.5,1.0,-1.0,3.2778522968292236,254.64334106445312,3.800307273864746,0.5224549770355225,251.3654887676239,0.6563720703125,0.6195068359375,0.2200927734375,0.6118306517601013,0.326383501291275
higgs_public,NLL_OOD,Cov90_OOD,0.28,0.05,0.2,0.0,0.4,0.5,1.0,-1.0,3.2778522968292236,254.64334106445312,3.800307273864746,0.5224549770355225,251.3654887676239,0.6563720703125,0.6195068359375,0.2200927734375,0.6118306517601013,0.326383501291275
higgs_public,NLL_OOD,Cov90_OOD,0.28,0.05,0.2,0.0,0.4,0.5,1.0,0.85,3.2778522968292236,254.64334106445312,4.154053211212158,0.8762009143829346,251.3654887676239,0.6563720703125,0.609130859375,0.2200927734375,0.29312798380851746,0.326383501291275
higgs_public,NLL_OOD,Cov90_OOD,0.28,0.05,0.2,0.0,0.4,0.5,1.0,0.85,3.2778522968292236,254.64334106445312,4.154053211212158,0.8762009143829346,251.3654887676239,0.6563720703125,0.609130859375,0.2200927734375,0.29312798380851746,0.326383501291275
higgs_public,NLL_OOD,Cov90_OOD,0.28,0.05,0.2,0.0,0.4,0.5,2.0,-1.0,3.2778522968292236,254.64334106445312,3.8602499961853027,0.5823976993560791,251.3654887676239,0.6563720703125,0.6165771484375,0.2200927734375,0.4776490032672882,0.326383501291275
higgs_public,NLL_OOD,Cov90_OOD,0.28,0.05,0.2,0.0,0.4,0.5,2.0,-1.0,3.2778522968292236,254.64334106445312,3.8602499961853027,0.5823976993560791,251.3654887676239,0.6563720703125,0.6165771484375,0.2200927734375,0.4776490032672882,0.326383501291275
higgs_public,NLL_OOD,Cov90_OOD,0.28,0.05,0.2,0.0,0.4,0.5,2.0,0.85,3.2778522968292236,254.64334106445312,4.26212215423584,0.9842698574066162,251.3654887676239,0.6563720703125,0.6124267578125,0.2200927734375,0.15940453112125397,0.326383501291275
higgs_public,NLL_OOD,Cov90_OOD,0.28,0.05,0.2,0.0,0.4,0.5,2.0,0.85,3.2778522968292236,254.64334106445312,4.26212215423584,0.9842698574066162,251.3654887676239,0.6563720703125,0.6124267578125,0.2200927734375,0.15940453112125397,0.326383501291275
higgs_public,NLL_OOD,Cov90_OOD,0.28,0.05,0.2,0.1,0.4,0.25,1.0,-1.0,3.2778522968292236,254.64334106445312,3.8182270526885986,0.540374755859375,251.3654887676239,0.6563720703125,0.6087646484375,0.2200927734375,0.4930911660194397,0.5021302103996277
higgs_public,NLL_OOD,Cov90_OOD,0.28,0.05,0.2,0.1,0.4,0.25,1.0,-1.0,3.2778522968292236,254.64334106445312,3.8182270526885986,0.540374755859375,251.3654887676239,0.6563720703125,0.6087646484375,0.2200927734375,0.4930911660194397,0.5021302103996277
higgs_public,NLL_OOD,Cov90_OOD,0.28,0.05,0.2,0.1,0.4,0.25,1.0,0.85,3.2778522968292236,254.64334106445312,4.3089118003845215,1.0310595035552979,251.3654887676239,0.6563720703125,0.6004638671875,0.2200927734375,0.1726674735546112,0.5021302103996277
higgs_public,NLL_OOD,Cov90_OOD,0.28,0.05,0.2,0.1,0.4,0.25,1.0,0.85,3.2778522968292236,254.64334106445312,4.3089118003845215,1.0310595035552979,251.3654887676239,0.6563720703125,0.6004638671875,0.2200927734375,0.1726674735546112,0.5021302103996277
higgs_public,NLL_OOD,Cov90_OOD,0.28,0.05,0.2,0.1,0.4,0.25,2.0,-1.0,3.2778522968292236,254.64334106445312,3.980438709259033,0.7025864124298096,251.3654887676239,0.6563720703125,0.603759765625,0.2200927734375,0.35483330488204956,0.5021302103996277
higgs_public,NLL_OOD,Cov90_OOD,0.28,0.05,0.2,0.1,0.4,0.25,2.0,-1.0,3.2778522968292236,254.64334106445312,3.980438709259033,0.7025864124298096,251.3654887676239,0.6563720703125,0.603759765625,0.2200927734375,0.35483330488204956,0.5021302103996277
higgs_public,NLL_OOD,Cov90_OOD,0.28,0.05,0.2,0.1,0.4,0.25,2.0,0.85,3.2778522968292236,254.64334106445312,4.335981845855713,1.0581295490264893,251.3654887676239,0.6563720703125,0.5997314453125,0.2200927734375,0.08308249711990356,0.5021302103996277
higgs_public,NLL_OOD,Cov90_OOD,0.28,0.05,0.2,0.1,0.4,0.25,2.0,0.85,3.2778522968292236,254.64334106445312,4.335981845855713,1.0581295490264893,251.3654887676239,0.6563720703125,0.5997314453125,0.2200927734375,0.08308249711990356,0.5021302103996277
higgs_public,NLL_OOD,Cov90_OOD,0.28,0.05,0.2,0.1,0.4,0.5,1.0,-1.0,3.2778522968292236,254.64334106445312,3.5362565517425537,0.2584042549133301,251.3654887676239,0.6563720703125,0.6138916015625,0.2200927734375,0.4930911660194397,0.5021302103996277
higgs_public,NLL_OOD,Cov90_OOD,0.28,0.05,0.2,0.1,0.4,0.5,1.0,-1.0,3.2778522968292236,254.64334106445312,3.5362565517425537,0.2584042549133301,251.3654887676239,0.6563720703125,0.6138916015625,0.2200927734375,0.4930911660194397,0.5021302103996277
higgs_public,NLL_OOD,Cov90_OOD,0.28,0.05,0.2,0.1,0.4,0.5,1.0,0.85,3.2778522968292236,254.64334106445312,3.999286651611328,0.7214343547821045,251.3654887676239,0.6563720703125,0.5994873046875,0.2200927734375,0.1726674735546112,0.5021302103996277
higgs_public,NLL_OOD,Cov90_OOD,0.28,0.05,0.2,0.1,0.4,0.5,1.0,0.85,3.2778522968292236,254.64334106445312,3.999286651611328,0.7214343547821045,251.3654887676239,0.6563720703125,0.5994873046875,0.2200927734375,0.1726674735546112,0.5021302103996277
higgs_public,NLL_OOD,Cov90_OOD,0.28,0.05,0.2,0.1,0.4,0.5,2.0,-1.0,3.2778522968292236,254.64334106445312,3.6226871013641357,0.3448348045349121,251.3654887676239,0.6563720703125,0.61083984375,0.2200927734375,0.35483330488204956,0.5021302103996277
higgs_public,NLL_OOD,Cov90_OOD,0.28,0.05,0.2,0.1,0.4,0.5,2.0,-1.0,3.2778522968292236,254.64334106445312,3.6226871013641357,0.3448348045349121,251.3654887676239,0.6563720703125,0.61083984375,0.2200927734375,0.35483330488204956,0.5021302103996277
higgs_public,NLL_OOD,Cov90_OOD,0.28,0.05,0.2,0.1,0.4,0.5,2.0,0.85,3.2778522968292236,254.64334106445312,4.082616806030273,0.8047645092010498,251.3654887676239,0.6563720703125,0.6082763671875,0.2200927734375,0.08308249711990356,0.5021302103996277
higgs_public,NLL_OOD,Cov90_OOD,0.28,0.05,0.2,0.1,0.4,0.5,2.0,0.85,3.2778522968292236,254.64334106445312,4.082616806030273,0.8047645092010498,251.3654887676239,0.6563720703125,0.6082763671875,0.2200927734375,0.08308249711990356,0.5021302103996277
higgs_public,NLL_OOD,Cov90_OOD,0.28,0.05,0.2,0.2,0.4,0.25,1.0,-1.0,3.2778522968292236,254.64334106445312,3.743793487548828,0.4659411907196045,251.3654887676239,0.6563720703125,0.603759765625,0.2200927734375,0.411390483379364,0.6620259284973145
higgs_public,NLL_OOD,Cov90_OOD,0.28,0.05,0.2,0.2,0.4,0.25,1.0,-1.0,3.2778522968292236,254.64334106445312,3.743793487548828,0.4659411907196045,251.3654887676239,0.6563720703125,0.603759765625,0.2200927734375,0.411390483379364,0.6620259284973145
higgs_public,NLL_OOD,Cov90_OOD,0.28,0.05,0.2,0.2,0.4,0.25,1.0,0.85,3.2778522968292236,254.64334106445312,4.298644065856934,1.02079176902771,251.3654887676239,0.6563720703125,0.5921630859375,0.2200927734375,0.11066234111785889,0.6620259284973145
higgs_public,NLL_OOD,Cov90_OOD,0.28,0.05,0.2,0.2,0.4,0.25,1.0,0.85,3.2778522968292236,254.64334106445312,4.298644065856934,1.02079176902771,251.3654887676239,0.6563720703125,0.5921630859375,0.2200927734375,0.11066234111785889,0.6620259284973145
higgs_public,NLL_OOD,Cov90_OOD,0.28,0.05,0.2,0.2,0.4,0.25,2.0,-1.0,3.2778522968292236,254.64334106445312,3.9830408096313477,0.705188512802124,251.3654887676239,0.6563720703125,0.59521484375,0.2200927734375,0.2775559723377228,0.6620259284973145
higgs_public,NLL_OOD,Cov90_OOD,0.28,0.05,0.2,0.2,0.4,0.25,2.0,-1.0,3.2778522968292236,254.64334106445312,3.9830408096313477,0.705188512802124,251.3654887676239,0.6563720703125,0.59521484375,0.2200927734375,0.2775559723377228,0.6620259284973145
higgs_public,NLL_OOD,Cov90_OOD,0.28,0.05,0.2,0.2,0.4,0.25,2.0,0.85,3.2778522968292236,254.64334106445312,4.413586139678955,1.1357338428497314,251.3654887676239,0.6563720703125,0.58203125,0.2200927734375,0.047305215150117874,0.6620259284973145
higgs_public,NLL_OOD,Cov90_OOD,0.28,0.05,0.2,0.2,0.4,0.25,2.0,0.85,3.2778522968292236,254.64334106445312,4.413586139678955,1.1357338428497314,251.3654887676239,0.6563720703125,0.58203125,0.2200927734375,0.047305215150117874,0.6620259284973145
higgs_public,NLL_OOD,Cov90_OOD,0.28,0.05,0.2,0.2,0.4,0.5,1.0,-1.0,3.2778522968292236,254.64334106445312,3.4607088565826416,0.18285655975341797,251.3654887676239,0.6563720703125,0.6014404296875,0.2200927734375,0.411390483379364,0.6620259284973145
higgs_public,NLL_OOD,Cov90_OOD,0.28,0.05,0.2,0.2,0.4,0.5,1.0,-1.0,3.2778522968292236,254.64334106445312,3.4607088565826416,0.18285655975341797,251.3654887676239,0.6563720703125,0.6014404296875,0.2200927734375,0.411390483379364,0.6620259284973145
higgs_public,NLL_OOD,Cov90_OOD,0.28,0.05,0.2,0.2,0.4,0.5,1.0,0.85,3.2778522968292236,254.64334106445312,4.034364700317383,0.7565124034881592,251.3654887676239,0.6563720703125,0.5926513671875,0.2200927734375,0.11066234111785889,0.6620259284973145
higgs_public,NLL_OOD,Cov90_OOD,0.28,0.05,0.2,0.2,0.4,0.5,1.0,0.85,3.2778522968292236,254.64334106445312,4.034364700317383,0.7565124034881592,251.3654887676239,0.6563720703125,0.5926513671875,0.2200927734375,0.11066234111785889,0.6620259284973145
higgs_public,NLL_OOD,Cov90_OOD,0.28,0.05,0.2,0.2,0.4,0.5,2.0,-1.0,3.2778522968292236,254.64334106445312,3.5994248390197754,0.32157254219055176,251.3654887676239,0.6563720703125,0.6026611328125,0.2200927734375,0.2775559723377228,0.6620259284973145
higgs_public,NLL_OOD,Cov90_OOD,0.28,0.05,0.2,0.2,0.4,0.5,2.0,-1.0,3.2778522968292236,254.64334106445312,3.5994248390197754,0.32157254219055176,251.3654887676239,0.6563720703125,0.6026611328125,0.2200927734375,0.2775559723377228,0.6620259284973145
higgs_public,NLL_OOD,Cov90_OOD,0.28,0.05,0.2,0.2,0.4,0.5,2.0,0.85,3.2778522968292236,254.64334106445312,4.092581748962402,0.8147294521331787,251.3654887676239,0.6563720703125,0.599365234375,0.2200927734375,0.047305215150117874,0.6620259284973145
higgs_public,NLL_OOD,Cov90_OOD,0.28,0.05,0.2,0.2,0.4,0.5,2.0,0.85,3.2778522968292236,254.64334106445312,4.092581748962402,0.8147294521331787,251.3654887676239,0.6563720703125,0.599365234375,0.2200927734375,0.047305215150117874,0.6620259284973145
higgs_public,NLL_OOD,Cov90_OOD,0.28,0.1,0.0,0.0,0.4,0.25,1.0,-1.0,3.2778522968292236,254.64334106445312,4.187848091125488,0.9099957942962646,251.3654887676239,0.6563720703125,0.638427734375,0.2200927734375,0.881519615650177,0.04221619293093681
higgs_public,NLL_OOD,Cov90_OOD,0.28,0.1,0.0,0.0,0.4,0.25,1.0,-1.0,3.2778522968292236,254.64334106445312,4.187848091125488,0.9099957942962646,251.3654887676239,0.6563720703125,0.638427734375,0.2200927734375,0.881519615650177,0.04221619293093681
higgs_public,NLL_OOD,Cov90_OOD,0.28,0.1,0.0,0.0,0.4,0.25,1.0,0.85,3.2778522968292236,254.64334106445312,4.192844867706299,0.9149925708770752,251.3654887676239,0.6563720703125,0.6397705078125,0.2200927734375,0.7128040790557861,0.04221619293093681
higgs_public,NLL_OOD,Cov90_OOD,0.28,0.1,0.0,0.0,0.4,0.25,1.0,0.85,3.2778522968292236,254.64334106445312,4.192844867706299,0.9149925708770752,251.3654887676239,0.6563720703125,0.6397705078125,0.2200927734375,0.7128040790557861,0.04221619293093681
higgs_public,NLL_OOD,Cov90_OOD,0.28,0.1,0.0,0.0,0.4,0.25,2.0,-1.0,3.2778522968292236,254.64334106445312,4.189729690551758,0.9118773937225342,251.3654887676239,0.6563720703125,0.6397705078125,0.2200927734375,0.8006359934806824,0.04221619293093681
higgs_public,NLL_OOD,Cov90_OOD,0.28,0.1,0.0,0.0,0.4,0.25,2.0,-1.0,3.2778522968292236,254.64334106445312,4.189729690551758,0.9118773937225342,251.3654887676239,0.6563720703125,0.6397705078125,0.2200927734375,0.8006359934806824,0.04221619293093681
higgs_public,NLL_OOD,Cov90_OOD,0.28,0.1,0.0,0.0,0.4,0.25,2.0,0.85,3.2778522968292236,254.64334106445312,4.257546901702881,0.9796946048736572,251.3654887676239,0.6563720703125,0.6356201171875,0.2200927734375,0.5480456352233887,0.04221619293093681
higgs_public,NLL_OOD,Cov90_OOD,0.28,0.1,0.0,0.0,0.4,0.25,2.0,0.85,3.2778522968292236,254.64334106445312,4.257546901702881,0.9796946048736572,251.3654887676239,0.6563720703125,0.6356201171875,0.2200927734375,0.5480456352233887,0.04221619293093681
higgs_public,NLL_OOD,Cov90_OOD,0.28,0.1,0.0,0.0,0.4,0.5,1.0,-1.0,3.2778522968292236,254.64334106445312,3.9112651348114014,0.6334128379821777,251.3654887676239,0.6563720703125,0.6463623046875,0.2200927734375,0.881519615650177,0.04221619293093681
higgs_public,NLL_OOD,Cov90_OOD,0.28,0.1,0.0,0.0,0.4,0.5,1.0,-1.0,3.2778522968292236,254.64334106445312,3.9112651348114014,0.6334128379821777,251.3654887676239,0.6563720703125,0.6463623046875,0.2200927734375,0.881519615650177,0.04221619293093681
higgs_public,NLL_OOD,Cov90_OOD,0.28,0.1,0.0,0.0,0.4,0.5,1.0,0.85,3.2778522968292236,254.64334106445312,3.9338860511779785,0.6560337543487549,251.3654887676239,0.6563720703125,0.648681640625,0.2200927734375,0.7128040790557861,0.04221619293093681
higgs_public,NLL_OOD,Cov90_OOD,0.28,0.1,0.0,0.0,0.4,0.5,1.0,0.85,3.2778522968292236,254.64334106445312,3.9338860511779785,0.6560337543487549,251.3654887676239,0.6563720703125,0.648681640625,0.2200927734375,0.7128040790557861,0.04221619293093681
higgs_public,NLL_OOD,Cov90_OOD,0.28,0.1,0.0,0.0,0.4,0.5,2.0,-1.0,3.2778522968292236,254.64334106445312,3.9369499683380127,0.6590976715087891,251.3654887676239,0.6563720703125,0.6485595703125,0.2200927734375,0.8006359934806824,0.04221619293093681
higgs_public,NLL_OOD,Cov90_OOD,0.28,0.1,0.0,0.0,0.4,0.5,2.0,-1.0,3.2778522968292236,254.64334106445312,3.9369499683380127,0.6590976715087891,251.3654887676239,0.6563720703125,0.6485595703125,0.2200927734375,0.8006359934806824,0.04221619293093681
higgs_public,NLL_OOD,Cov90_OOD,0.28,0.1,0.0,0.0,0.4,0.5,2.0,0.85,3.2778522968292236,254.64334106445312,3.9596102237701416,0.681757926940918,251.3654887676239,0.6563720703125,0.64697265625,0.2200927734375,0.5480456352233887,0.04221619293093681
higgs_public,NLL_OOD,Cov90_OOD,0.28,0.1,0.0,0.0,0.4,0.5,2.0,0.85,3.2778522968292236,254.64334106445312,3.9596102237701416,0.681757926940918,251.3654887676239,0.6563720703125,0.64697265625,0.2200927734375,0.5480456352233887,0.04221619293093681
higgs_public,NLL_OOD,Cov90_OOD,0.28,0.1,0.0,0.1,0.4,0.25,1.0,-1.0,3.2778522968292236,254.64334106445312,4.0047149658203125,0.7268626689910889,251.3654887676239,0.6563720703125,0.63623046875,0.2200927734375,0.5578280091285706,0.3949587345123291
higgs_public,NLL_OOD,Cov90_OOD,0.28,0.1,0.0,0.1,0.4,0.25,1.0,-1.0,3.2778522968292236,254.64334106445312,4.0047149658203125,0.7268626689910889,251.3654887676239,0.6563720703125,0.63623046875,0.2200927734375,0.5578280091285706,0.3949587345123291
higgs_public,NLL_OOD,Cov90_OOD,0.28,0.1,0.0,0.1,0.4,0.25,1.0,0.85,3.2778522968292236,254.64334106445312,4.347258567810059,1.069406270980835,251.3654887676239,0.6563720703125,0.6259765625,0.2200927734375,0.27491602301597595,0.3949587345123291
higgs_public,NLL_OOD,Cov90_OOD,0.28,0.1,0.0,0.1,0.4,0.25,1.0,0.85,3.2778522968292236,254.64334106445312,4.347258567810059,1.069406270980835,251.3654887676239,0.6563720703125,0.6259765625,0.2200927734375,0.27491602301597595,0.3949587345123291
higgs_public,NLL_OOD,Cov90_OOD,0.28,0.1,0.0,0.1,0.4,0.25,2.0,-1.0,3.2778522968292236,254.64334106445312,4.100930213928223,0.823077917098999,251.3654887676239,0.6563720703125,0.632080078125,0.2200927734375,0.43142062425613403,0.3949587345123291
higgs_public,NLL_OOD,Cov90_OOD,0.28,0.1,0.0,0.1,0.4,0.25,2.0,-1.0,3.2778522968292236,254.64334106445312,4.100930213928223,0.823077917098999,251.3654887676239,0.6563720703125,0.632080078125,0.2200927734375,0.43142062425613403,0.3949587345123291
higgs_public,NLL_OOD,Cov90_OOD,0.28,0.1,0.0,0.1,0.4,0.25,2.0,0.85,3.2778522968292236,254.64334106445312,4.3750715255737305,1.0972192287445068,251.3654887676239,0.6563720703125,0.62841796875,0.2200927734375,0.165910542011261,0.3949587345123291
higgs_public,NLL_OOD,Cov90_OOD,0.28,0.1,0.0,0.1,0.4,0.25,2.0,0.85,3.2778522968292236,254.64334106445312,4.3750715255737305,1.0972192287445068,251.3654887676239,0.6563720703125,0.62841796875,0.2200927734375,0.165910542011261,0.3949587345123291
higgs_public,NLL_OOD,Cov90_OOD,0.28,0.1,0.0,0.1,0.4,0.5,1.0,-1.0,3.2778522968292236,254.64334106445312,3.6676764488220215,0.38982415199279785,251.3654887676239,0.6563720703125,0.6405029296875,0.2200927734375,0.5578280091285706,0.3949587345123291
higgs_public,NLL_OOD,Cov90_OOD,0.28,0.1,0.0,0.1,0.4,0.5,1.0,-1.0,3.2778522968292236,254.64334106445312,3.6676764488220215,0.38982415199279785,251.3654887676239,0.6563720703125,0.6405029296875,0.2200927734375,0.5578280091285706,0.3949587345123291
higgs_public,NLL_OOD,Cov90_OOD,0.28,0.1,0.0,0.1,0.4,0.5,1.0,0.85,3.2778522968292236,254.64334106445312,3.9903688430786133,0.7125165462493896,251.3654887676239,0.6563720703125,0.6282958984375,0.2200927734375,0.27491602301597595,0.3949587345123291
higgs_public,NLL_OOD,Cov90_OOD,0.28,0.1,0.0,0.1,0.4,0.5,1.0,0.85,3.2778522968292236,254.64334106445312,3.9903688430786133,0.7125165462493896,251.3654887676239,0.6563720703125,0.6282958984375,0.2200927734375,0.27491602301597595,0.3949587345123291
higgs_public,NLL_OOD,Cov90_OOD,0.28,0.1,0.0,0.1,0.4,0.5,2.0,-1.0,3.2778522968292236,254.64334106445312,3.7788853645324707,0.5010330677032471,251.3654887676239,0.6563720703125,0.63671875,0.2200927734375,0.43142062425613403,0.3949587345123291
higgs_public,NLL_OOD,Cov90_OOD,0.28,0.1,0.0,0.1,0.4,0.5,2.0,-1.0,3.2778522968292236,254.64334106445312,3.7788853645324707,0.5010330677032471,251.3654887676239,0.6563720703125,0.63671875,0.2200927734375,0.43142062425613403,0.3949587345123291
higgs_public,NLL_OOD,Cov90_OOD,0.28,0.1,0.0,0.1,0.4,0.5,2.0,0.85,3.2778522968292236,254.64334106445312,4.133289337158203,0.8554370403289795,251.3654887676239,0.6563720703125,0.62939453125,0.2200927734375,0.165910542011261,0.3949587345123291
higgs_public,NLL_OOD,Cov90_OOD,0.28,0.1,0.0,0.1,0.4,0.5,2.0,0.85,3.2778522968292236,254.64334106445312,4.133289337158203,0.8554370403289795,251.3654887676239,0.6563720703125,0.62939453125,0.2200927734375,0.165910542011261,0.3949587345123291
higgs_public,NLL_OOD,Cov90_OOD,0.28,0.1,0.0,0.2,0.4,0.25,1.0,-1.0,3.2778522968292236,254.64334106445312,3.8309926986694336,0.55314040184021,251.3654887676239,0.6563720703125,0.6248779296875,0.2200927734375,0.3951588571071625,0.7322065234184265
higgs_public,NLL_OOD,Cov90_OOD,0.28,0.1,0.0,0.2,0.4,0.25,1.0,-1.0,3.2778522968292236,254.64334106445312,3.8309926986694336,0.55314040184021,251.3654887676239,0.6563720703125,0.6248779296875,0.2200927734375,0.3951588571071625,0.7322065234184265
higgs_public,NLL_OOD,Cov90_OOD,0.28,0.1,0.0,0.2,0.4,0.25,1.0,0.85,3.2778522968292236,254.64334106445312,4.439956188201904,1.1621038913726807,251.3654887676239,0.6563720703125,0.6148681640625,0.2200927734375,0.14337024092674255,0.7322065234184265
higgs_public,NLL_OOD,Cov90_OOD,0.28,0.1,0.0,0.2,0.4,0.25,1.0,0.85,3.2778522968292236,254.64334106445312,4.439956188201904,1.1621038913726807,251.3654887676239,0.6563720703125,0.6148681640625,0.2200927734375,0.14337024092674255,0.7322065234184265
higgs_public,NLL_OOD,Cov90_OOD,0.28,0.1,0.0,0.2,0.4,0.25,2.0,-1.0,3.2778522968292236,254.64334106445312,4.006725311279297,0.7288730144500732,251.3654887676239,0.6563720703125,0.6241455078125,0.2200927734375,0.278322696685791,0.7322065234184265
higgs_public,NLL_OOD,Cov90_OOD,0.28,0.1,0.0,0.2,0.4,0.25,2.0,-1.0,3.2778522968292236,254.64334106445312,4.006725311279297,0.7288730144500732,251.3654887676239,0.6563720703125,0.6241455078125,0.2200927734375,0.278322696685791,0.7322065234184265
higgs_public,NLL_OOD,Cov90_OOD,0.28,0.1,0.0,0.2,0.4,0.25,2.0,0.85,3.2778522968292236,254.64334106445312,4.533596992492676,1.2557446956634521,251.3654887676239,0.6563720703125,0.6221923828125,0.2200927734375,0.07375212758779526,0.7322065234184265
higgs_public,NLL_OOD,Cov90_OOD,0.28,0.1,0.0,0.2,0.4,0.25,2.0,0.85,3.2778522968292236,254.64334106445312,4.533596992492676,1.2557446956634521,251.3654887676239,0.6563720703125,0.6221923828125,0.2200927734375,0.07375212758779526,0.7322065234184265
higgs_public,NLL_OOD,Cov90_OOD,0.28,0.1,0.0,0.2,0.4,0.5,1.0,-1.0,3.2778522968292236,254.64334106445312,3.4592270851135254,0.18137478828430176,251.3654887676239,0.6563720703125,0.63330078125,0.2200927734375,0.3951588571071625,0.7322065234184265
higgs_public,NLL_OOD,Cov90_OOD,0.28,0.1,0.0,0.2,0.4,0.5,1.0,-1.0,3.2778522968292236,254.64334106445312,3.4592270851135254,0.18137478828430176,251.3654887676239,0.6563720703125,0.63330078125,0.2200927734375,0.3951588571071625,0.7322065234184265
higgs_public,NLL_OOD,Cov90_OOD,0.28,0.1,0.0,0.2,0.4,0.5,1.0,0.85,3.2778522968292236,254.64334106445312,4.042806625366211,0.7649543285369873,251.3654887676239,0.6563720703125,0.6182861328125,0.2200927734375,0.14337024092674255,0.7322065234184265
higgs_public,NLL_OOD,Cov90_OOD,0.28,0.1,0.0,0.2,0.4,0.5,2.0,-1.0,3.2778522968292236,254.64334106445312,3.6219592094421387,0.34410691261291504,251.3654887676239,0.6563720703125,0.627685546875,0.2200927734375,0.278322696685791,0.7322065234184265
higgs_public,NLL_OOD,Cov90_OOD,0.28,0.1,0.0,0.2,0.4,0.5,1.0,0.85,3.2778522968292236,254.64334106445312,4.042806625366211,0.7649543285369873,251.3654887676239,0.6563720703125,0.6182861328125,0.2200927734375,0.14337024092674255,0.7322065234184265
higgs_public,NLL_OOD,Cov90_OOD,0.28,0.1,0.0,0.2,0.4,0.5,2.0,0.85,3.2778522968292236,254.64334106445312,4.150442600250244,0.8725903034210205,251.3654887676239,0.6563720703125,0.624267578125,0.2200927734375,0.07375212758779526,0.7322065234184265
higgs_public,NLL_OOD,Cov90_OOD,0.28,0.1,0.0,0.2,0.4,0.5,2.0,-1.0,3.2778522968292236,254.64334106445312,3.6219592094421387,0.34410691261291504,251.3654887676239,0.6563720703125,0.627685546875,0.2200927734375,0.278322696685791,0.7322065234184265
higgs_public,NLL_OOD,Cov90_OOD,0.28,0.1,0.1,0.0,0.4,0.25,1.0,-1.0,3.2778522968292236,254.64334106445312,4.252060890197754,0.9742085933685303,251.3654887676239,0.6563720703125,0.63525390625,0.2200927734375,0.6905356645584106,0.1912536919116974
higgs_public,NLL_OOD,Cov90_OOD,0.28,0.1,0.0,0.2,0.4,0.5,2.0,0.85,3.2778522968292236,254.64334106445312,4.150442600250244,0.8725903034210205,251.3654887676239,0.6563720703125,0.624267578125,0.2200927734375,0.07375212758779526,0.7322065234184265
higgs_public,NLL_OOD,Cov90_OOD,0.28,0.1,0.1,0.0,0.4,0.25,1.0,0.85,3.2778522968292236,254.64334106445312,4.564503192901611,1.2866508960723877,251.3654887676239,0.6563720703125,0.6220703125,0.2200927734375,0.3988131880760193,0.1912536919116974
higgs_public,NLL_OOD,Cov90_OOD,0.28,0.1,0.1,0.0,0.4,0.25,1.0,-1.0,3.2778522968292236,254.64334106445312,4.252060890197754,0.9742085933685303,251.3654887676239,0.6563720703125,0.63525390625,0.2200927734375,0.6905356645584106,0.1912536919116974
higgs_public,NLL_OOD,Cov90_OOD,0.28,0.1,0.1,0.0,0.4,0.25,2.0,-1.0,3.2778522968292236,254.64334106445312,4.36107063293457,1.0832183361053467,251.3654887676239,0.6563720703125,0.6334228515625,0.2200927734375,0.563626766204834,0.1912536919116974
higgs_public,NLL_OOD,Cov90_OOD,0.28,0.1,0.1,0.0,0.4,0.25,1.0,0.85,3.2778522968292236,254.64334106445312,4.564503192901611,1.2866508960723877,251.3654887676239,0.6563720703125,0.6220703125,0.2200927734375,0.3988131880760193,0.1912536919116974
higgs_public,NLL_OOD,Cov90_OOD,0.28,0.1,0.1,0.0,0.4,0.25,2.0,0.85,3.2778522968292236,254.64334106445312,4.5129714012146,1.235119104385376,251.3654887676239,0.6563720703125,0.6219482421875,0.2200927734375,0.24323487281799316,0.1912536919116974
higgs_public,NLL_OOD,Cov90_OOD,0.28,0.1,0.1,0.0,0.4,0.25,2.0,-1.0,3.2778522968292236,254.64334106445312,4.36107063293457,1.0832183361053467,251.3654887676239,0.6563720703125,0.6334228515625,0.2200927734375,0.563626766204834,0.1912536919116974
higgs_public,NLL_OOD,Cov90_OOD,0.28,0.1,0.1,0.0,0.4,0.5,1.0,-1.0,3.2778522968292236,254.64334106445312,3.847909450531006,0.5700571537017822,251.3654887676239,0.6563720703125,0.634521484375,0.2200927734375,0.6905356645584106,0.1912536919116974
higgs_public,NLL_OOD,Cov90_OOD,0.28,0.1,0.1,0.0,0.4,0.25,2.0,0.85,3.2778522968292236,254.64334106445312,4.5129714012146,1.235119104385376,251.3654887676239,0.6563720703125,0.6219482421875,0.2200927734375,0.24323487281799316,0.1912536919116974
higgs_public,NLL_OOD,Cov90_OOD,0.28,0.1,0.1,0.0,0.4,0.5,1.0,0.85,3.2778522968292236,254.64334106445312,4.055577754974365,0.7777254581451416,251.3654887676239,0.6563720703125,0.6309814453125,0.2200927734375,0.3988131880760193,0.1912536919116974
higgs_public,NLL_OOD,Cov90_OOD,0.28,0.1,0.1,0.0,0.4,0.5,1.0,-1.0,3.2778522968292236,254.64334106445312,3.847909450531006,0.5700571537017822,251.3654887676239,0.6563720703125,0.634521484375,0.2200927734375,0.6905356645584106,0.1912536919116974
higgs_public,NLL_OOD,Cov90_OOD,0.28,0.1,0.1,0.0,0.4,0.5,2.0,-1.0,3.2778522968292236,254.64334106445312,3.932349443435669,0.6544971466064453,251.3654887676239,0.6563720703125,0.6318359375,0.2200927734375,0.563626766204834,0.1912536919116974
higgs_public,NLL_OOD,Cov90_OOD,0.28,0.1,0.1,0.0,0.4,0.5,1.0,0.85,3.2778522968292236,254.64334106445312,4.055577754974365,0.7777254581451416,251.3654887676239,0.6563720703125,0.6309814453125,0.2200927734375,0.3988131880760193,0.1912536919116974
higgs_public,NLL_OOD,Cov90_OOD,0.28,0.1,0.1,0.0,0.4,0.5,2.0,0.85,3.2778522968292236,254.64334106445312,4.065981388092041,0.7881290912628174,251.3654887676239,0.6563720703125,0.633056640625,0.2200927734375,0.24323487281799316,0.1912536919116974
higgs_public,NLL_OOD,Cov90_OOD,0.28,0.1,0.1,0.0,0.4,0.5,2.0,-1.0,3.2778522968292236,254.64334106445312,3.932349443435669,0.6544971466064453,251.3654887676239,0.6563720703125,0.6318359375,0.2200927734375,0.563626766204834,0.1912536919116974
higgs_public,NLL_OOD,Cov90_OOD,0.28,0.1,0.1,0.1,0.4,0.25,1.0,-1.0,3.2778522968292236,254.64334106445312,3.7610933780670166,0.48324108123779297,251.3654887676239,0.6563720703125,0.630859375,0.2200927734375,0.5028954744338989,0.45879510045051575
higgs_public,NLL_OOD,Cov90_OOD,0.28,0.1,0.1,0.0,0.4,0.5,2.0,0.85,3.2778522968292236,254.64334106445312,4.065981388092041,0.7881290912628174,251.3654887676239,0.6563720703125,0.633056640625,0.2200927734375,0.24323487281799316,0.1912536919116974
higgs_public,NLL_OOD,Cov90_OOD,0.28,0.1,0.1,0.1,0.4,0.25,1.0,0.85,3.2778522968292236,254.64334106445312,4.189906120300293,0.9120538234710693,251.3654887676239,0.6563720703125,0.6124267578125,0.2200927734375,0.20406904816627502,0.45879510045051575
higgs_public,NLL_OOD,Cov90_OOD,0.28,0.1,0.1,0.1,0.4,0.25,1.0,-1.0,3.2778522968292236,254.64334106445312,3.7610933780670166,0.48324108123779297,251.3654887676239,0.6563720703125,0.630859375,0.2200927734375,0.5028954744338989,0.45879510045051575
higgs_public,NLL_OOD,Cov90_OOD,0.28,0.1,0.1,0.1,0.4,0.25,2.0,-1.0,3.2778522968292236,254.64334106445312,3.912405014038086,0.6345527172088623,251.3654887676239,0.6563720703125,0.620849609375,0.2200927734375,0.3697325587272644,0.45879510045051575
higgs_public,NLL_OOD,Cov90_OOD,0.28,0.1,0.1,0.1,0.4,0.25,1.0,0.85,3.2778522968292236,254.64334106445312,4.189906120300293,0.9120538234710693,251.3654887676239,0.6563720703125,0.6124267578125,0.2200927734375,0.20406904816627502,0.45879510045051575
higgs_public,NLL_OOD,Cov90_OOD,0.28,0.1,0.1,0.1,0.4,0.25,2.0,0.85,3.2778522968292236,254.64334106445312,4.252580642700195,0.9747283458709717,251.3654887676239,0.6563720703125,0.6126708984375,0.2200927734375,0.10679002851247787,0.45879510045051575
higgs_public,NLL_OOD,Cov90_OOD,0.28,0.1,0.1,0.1,0.4,0.25,2.0,-1.0,3.2778522968292236,254.64334106445312,3.912405014038086,0.6345527172088623,251.3654887676239,0.6563720703125,0.620849609375,0.2200927734375,0.3697325587272644,0.45879510045051575
higgs_public,NLL_OOD,Cov90_OOD,0.28,0.1,0.1,0.1,0.4,0.5,1.0,-1.0,3.2778522968292236,254.64334106445312,3.5058646202087402,0.2280123233795166,251.3654887676239,0.6563720703125,0.62939453125,0.2200927734375,0.5028954744338989,0.45879510045051575
higgs_public,NLL_OOD,Cov90_OOD,0.28,0.1,0.1,0.1,0.4,0.25,2.0,0.85,3.2778522968292236,254.64334106445312,4.252580642700195,0.9747283458709717,251.3654887676239,0.6563720703125,0.6126708984375,0.2200927734375,0.10679002851247787,0.45879510045051575
higgs_public,NLL_OOD,Cov90_OOD,0.28,0.1,0.1,0.1,0.4,0.5,1.0,0.85,3.2778522968292236,254.64334106445312,3.886531114578247,0.6086788177490234,251.3654887676239,0.6563720703125,0.6219482421875,0.2200927734375,0.20406904816627502,0.45879510045051575
higgs_public,NLL_OOD,Cov90_OOD,0.28,0.1,0.1,0.1,0.4,0.5,1.0,-1.0,3.2778522968292236,254.64334106445312,3.5058646202087402,0.2280123233795166,251.3654887676239,0.6563720703125,0.62939453125,0.2200927734375,0.5028954744338989,0.45879510045051575
higgs_public,NLL_OOD,Cov90_OOD,0.28,0.1,0.1,0.1,0.4,0.5,2.0,-1.0,3.2778522968292236,254.64334106445312,3.5976696014404297,0.31981730461120605,251.3654887676239,0.6563720703125,0.62890625,0.2200927734375,0.3697325587272644,0.45879510045051575
higgs_public,NLL_OOD,Cov90_OOD,0.28,0.1,0.1,0.1,0.4,0.5,1.0,0.85,3.2778522968292236,254.64334106445312,3.886531114578247,0.6086788177490234,251.3654887676239,0.6563720703125,0.6219482421875,0.2200927734375,0.20406904816627502,0.45879510045051575
higgs_public,NLL_OOD,Cov90_OOD,0.28,0.1,0.1,0.1,0.4,0.5,2.0,0.85,3.2778522968292236,254.64334106445312,3.9945297241210938,0.7166774272918701,251.3654887676239,0.6563720703125,0.620849609375,0.2200927734375,0.10679002851247787,0.45879510045051575
higgs_public,NLL_OOD,Cov90_OOD,0.28,0.1,0.1,0.1,0.4,0.5,2.0,-1.0,3.2778522968292236,254.64334106445312,3.5976696014404297,0.31981730461120605,251.3654887676239,0.6563720703125,0.62890625,0.2200927734375,0.3697325587272644,0.45879510045051575
higgs_public,NLL_OOD,Cov90_OOD,0.28,0.1,0.1,0.2,0.4,0.25,1.0,-1.0,3.2778522968292236,254.64334106445312,3.7100701332092285,0.4322178363800049,251.3654887676239,0.6563720703125,0.6199951171875,0.2200927734375,0.38985109329223633,0.7081891298294067
higgs_public,NLL_OOD,Cov90_OOD,0.28,0.1,0.1,0.1,0.4,0.5,2.0,0.85,3.2778522968292236,254.64334106445312,3.9945297241210938,0.7166774272918701,251.3654887676239,0.6563720703125,0.620849609375,0.2200927734375,0.10679002851247787,0.45879510045051575
higgs_public,NLL_OOD,Cov90_OOD,0.28,0.1,0.1,0.2,0.4,0.25,1.0,0.85,3.2778522968292236,254.64334106445312,4.22597599029541,0.9481236934661865,251.3654887676239,0.6563720703125,0.6085205078125,0.2200927734375,0.12001077085733414,0.7081891298294067
higgs_public,NLL_OOD,Cov90_OOD,0.28,0.1,0.1,0.2,0.4,0.25,2.0,-1.0,3.2778522968292236,254.64334106445312,3.916447877883911,0.6385955810546875,251.3654887676239,0.6563720703125,0.606201171875,0.2200927734375,0.2664036452770233,0.7081891298294067
higgs_public,NLL_OOD,Cov90_OOD,0.28,0.1,0.1,0.2,0.4,0.25,1.0,-1.0,3.2778522968292236,254.64334106445312,3.7100701332092285,0.4322178363800049,251.3654887676239,0.6563720703125,0.6199951171875,0.2200927734375,0.38985109329223633,0.7081891298294067
higgs_public,NLL_OOD,Cov90_OOD,0.28,0.1,0.1,0.2,0.4,0.25,2.0,0.85,3.2778522968292236,254.64334106445312,4.160239219665527,0.8823869228363037,251.3654887676239,0.6563720703125,0.623779296875,0.2200927734375,0.05671611428260803,0.7081891298294067
higgs_public,NLL_OOD,Cov90_OOD,0.28,0.1,0.1,0.2,0.4,0.25,1.0,0.85,3.2778522968292236,254.64334106445312,4.22597599029541,0.9481236934661865,251.3654887676239,0.6563720703125,0.6085205078125,0.2200927734375,0.12001077085733414,0.7081891298294067
higgs_public,NLL_OOD,Cov90_OOD,0.28,0.1,0.1,0.2,0.4,0.5,1.0,-1.0,3.2778522968292236,254.64334106445312,3.3583362102508545,0.08048391342163086,251.3654887676239,0.6563720703125,0.6221923828125,0.2200927734375,0.38985109329223633,0.7081891298294067
higgs_public,NLL_OOD,Cov90_OOD,0.28,0.1,0.1,0.2,0.4,0.25,2.0,-1.0,3.2778522968292236,254.64334106445312,3.916447877883911,0.6385955810546875,251.3654887676239,0.6563720703125,0.606201171875,0.2200927734375,0.2664036452770233,0.7081891298294067
higgs_public,NLL_OOD,Cov90_OOD,0.28,0.1,0.1,0.2,0.4,0.5,1.0,0.85,3.2778522968292236,254.64334106445312,3.8962152004241943,0.6183629035949707,251.3654887676239,0.6563720703125,0.6097412109375,0.2200927734375,0.12001077085733414,0.7081891298294067
higgs_public,NLL_OOD,Cov90_OOD,0.28,0.1,0.1,0.2,0.4,0.25,2.0,0.85,3.2778522968292236,254.64334106445312,4.160239219665527,0.8823869228363037,251.3654887676239,0.6563720703125,0.623779296875,0.2200927734375,0.05671611428260803,0.7081891298294067
higgs_public,NLL_OOD,Cov90_OOD,0.28,0.1,0.1,0.2,0.4,0.5,2.0,-1.0,3.2778522968292236,254.64334106445312,3.5497665405273438,0.2719142436981201,251.3654887676239,0.6563720703125,0.6168212890625,0.2200927734375,0.2664036452770233,0.7081891298294067
higgs_public,NLL_OOD,Cov90_OOD,0.28,0.1,0.1,0.2,0.4,0.5,1.0,-1.0,3.2778522968292236,254.64334106445312,3.3583362102508545,0.08048391342163086,251.3654887676239,0.6563720703125,0.6221923828125,0.2200927734375,0.38985109329223633,0.7081891298294067
higgs_public,NLL_OOD,Cov90_OOD,0.28,0.1,0.1,0.2,0.4,0.5,2.0,0.85,3.2778522968292236,254.64334106445312,3.930738925933838,0.6528866291046143,251.3654887676239,0.6563720703125,0.62353515625,0.2200927734375,0.05671611428260803,0.7081891298294067
higgs_public,NLL_OOD,Cov90_OOD,0.28,0.1,0.1,0.2,0.4,0.5,1.0,0.85,3.2778522968292236,254.64334106445312,3.8962152004241943,0.6183629035949707,251.3654887676239,0.6563720703125,0.6097412109375,0.2200927734375,0.12001077085733414,0.7081891298294067
higgs_public,NLL_OOD,Cov90_OOD,0.28,0.1,0.2,0.0,0.4,0.25,1.0,-1.0,3.2778522968292236,254.64334106445312,4.183765411376953,0.9059131145477295,251.3654887676239,0.6563720703125,0.621337890625,0.2200927734375,0.5887283086776733,0.3415980935096741
higgs_public,NLL_OOD,Cov90_OOD,0.28,0.1,0.1,0.2,0.4,0.5,2.0,-1.0,3.2778522968292236,254.64334106445312,3.5497665405273438,0.2719142436981201,251.3654887676239,0.6563720703125,0.6168212890625,0.2200927734375,0.2664036452770233,0.7081891298294067
higgs_public,NLL_OOD,Cov90_OOD,0.28,0.1,0.2,0.0,0.4,0.25,1.0,0.85,3.2778522968292236,254.64334106445312,4.5556182861328125,1.2777659893035889,251.3654887676239,0.6563720703125,0.605224609375,0.2200927734375,0.25884881615638733,0.3415980935096741
higgs_public,NLL_OOD,Cov90_OOD,0.28,0.1,0.1,0.2,0.4,0.5,2.0,0.85,3.2778522968292236,254.64334106445312,3.930738925933838,0.6528866291046143,251.3654887676239,0.6563720703125,0.62353515625,0.2200927734375,0.05671611428260803,0.7081891298294067
higgs_public,NLL_OOD,Cov90_OOD,0.28,0.1,0.2,0.0,0.4,0.25,2.0,-1.0,3.2778522968292236,254.64334106445312,4.280795097351074,1.0029428005218506,251.3654887676239,0.6563720703125,0.6103515625,0.2200927734375,0.44971007108688354,0.3415980935096741
higgs_public,NLL_OOD,Cov90_OOD,0.28,0.1,0.2,0.0,0.4,0.25,1.0,-1.0,3.2778522968292236,254.64334106445312,4.183765411376953,0.9059131145477295,251.3654887676239,0.6563720703125,0.621337890625,0.2200927734375,0.5887283086776733,0.3415980935096741
higgs_public,NLL_OOD,Cov90_OOD,0.28,0.1,0.2,0.0,0.4,0.25,2.0,0.85,3.2778522968292236,254.64334106445312,4.524863243103027,1.2470109462738037,251.3654887676239,0.6563720703125,0.6087646484375,0.2200927734375,0.13471795618534088,0.3415980935096741
higgs_public,NLL_OOD,Cov90_OOD,0.28,0.1,0.2,0.0,0.4,0.25,1.0,0.85,3.2778522968292236,254.64334106445312,4.5556182861328125,1.2777659893035889,251.3654887676239,0.6563720703125,0.605224609375,0.2200927734375,0.25884881615638733,0.3415980935096741
higgs_public,NLL_OOD,Cov90_OOD,0.28,0.1,0.2,0.0,0.4,0.5,1.0,-1.0,3.2778522968292236,254.64334106445312,3.7496864795684814,0.4718341827392578,251.3654887676239,0.6563720703125,0.6199951171875,0.2200927734375,0.5887283086776733,0.3415980935096741
higgs_public,NLL_OOD,Cov90_OOD,0.28,0.1,0.2,0.0,0.4,0.25,2.0,-1.0,3.2778522968292236,254.64334106445312,4.280795097351074,1.0029428005218506,251.3654887676239,0.6563720703125,0.6103515625,0.2200927734375,0.44971007108688354,0.3415980935096741
higgs_public,NLL_OOD,Cov90_OOD,0.28,0.1,0.2,0.0,0.4,0.5,1.0,0.85,3.2778522968292236,254.64334106445312,4.1858673095703125,0.9080150127410889,251.3654887676239,0.6563720703125,0.609375,0.2200927734375,0.25884881615638733,0.3415980935096741
higgs_public,NLL_OOD,Cov90_OOD,0.28,0.1,0.2,0.0,0.4,0.25,2.0,0.85,3.2778522968292236,254.64334106445312,4.524863243103027,1.2470109462738037,251.3654887676239,0.6563720703125,0.6087646484375,0.2200927734375,0.13471795618534088,0.3415980935096741
higgs_public,NLL_OOD,Cov90_OOD,0.28,0.1,0.2,0.0,0.4,0.5,2.0,-1.0,3.2778522968292236,254.64334106445312,3.7838380336761475,0.5059857368469238,251.3654887676239,0.6563720703125,0.6197509765625,0.2200927734375,0.44971007108688354,0.3415980935096741
higgs_public,NLL_OOD,Cov90_OOD,0.28,0.1,0.2,0.0,0.4,0.5,1.0,-1.0,3.2778522968292236,254.64334106445312,3.7496864795684814,0.4718341827392578,251.3654887676239,0.6563720703125,0.6199951171875,0.2200927734375,0.5887283086776733,0.3415980935096741
higgs_public,NLL_OOD,Cov90_OOD,0.28,0.1,0.2,0.0,0.4,0.5,2.0,0.85,3.2778522968292236,254.64334106445312,4.166375160217285,0.8885228633880615,251.3654887676239,0.6563720703125,0.6136474609375,0.2200927734375,0.13471795618534088,0.3415980935096741
higgs_public,NLL_OOD,Cov90_OOD,0.28,0.1,0.2,0.0,0.4,0.5,1.0,0.85,3.2778522968292236,254.64334106445312,4.1858673095703125,0.9080150127410889,251.3654887676239,0.6563720703125,0.609375,0.2200927734375,0.25884881615638733,0.3415980935096741
higgs_public,NLL_OOD,Cov90_OOD,0.28,0.1,0.2,0.1,0.4,0.25,1.0,-1.0,3.2778522968292236,254.64334106445312,3.8218111991882324,0.5439589023590088,251.3654887676239,0.6563720703125,0.6134033203125,0.2200927734375,0.4758519232273102,0.5174785852432251
higgs_public,NLL_OOD,Cov90_OOD,0.28,0.1,0.2,0.0,0.4,0.5,2.0,-1.0,3.2778522968292236,254.64334106445312,3.7838380336761475,0.5059857368469238,251.3654887676239,0.6563720703125,0.6197509765625,0.2200927734375,0.44971007108688354,0.3415980935096741
higgs_public,NLL_OOD,Cov90_OOD,0.28,0.1,0.2,0.1,0.4,0.25,1.0,0.85,3.2778522968292236,254.64334106445312,4.244819164276123,0.9669668674468994,251.3654887676239,0.6563720703125,0.6019287109375,0.2200927734375,0.1534203588962555,0.5174785852432251
higgs_public,NLL_OOD,Cov90_OOD,0.28,0.1,0.2,0.0,0.4,0.5,2.0,0.85,3.2778522968292236,254.64334106445312,4.166375160217285,0.8885228633880615,251.3654887676239,0.6563720703125,0.6136474609375,0.2200927734375,0.13471795618534088,0.3415980935096741
higgs_public,NLL_OOD,Cov90_OOD,0.28,0.1,0.2,0.1,0.4,0.25,2.0,-1.0,3.2778522968292236,254.64334106445312,3.9429545402526855,0.6651022434234619,251.3654887676239,0.6563720703125,0.6075439453125,0.2200927734375,0.33632826805114746,0.5174785852432251
higgs_public,NLL_OOD,Cov90_OOD,0.28,0.1,0.2,0.1,0.4,0.25,1.0,-1.0,3.2778522968292236,254.64334106445312,3.8218111991882324,0.5439589023590088,251.3654887676239,0.6563720703125,0.6134033203125,0.2200927734375,0.4758519232273102,0.5174785852432251
higgs_public,NLL_OOD,Cov90_OOD,0.28,0.1,0.2,0.1,0.4,0.25,2.0,0.85,3.2778522968292236,254.64334106445312,4.407986640930176,1.1301343441009521,251.3654887676239,0.6563720703125,0.5933837890625,0.2200927734375,0.07211795449256897,0.5174785852432251
higgs_public,NLL_OOD,Cov90_OOD,0.28,0.1,0.2,0.1,0.4,0.5,1.0,-1.0,3.2778522968292236,254.64334106445312,3.4910078048706055,0.21315550804138184,251.3654887676239,0.6563720703125,0.6146240234375,0.2200927734375,0.4758519232273102,0.5174785852432251
higgs_public,NLL_OOD,Cov90_OOD,0.28,0.1,0.2,0.1,0.4,0.25,1.0,0.85,3.2778522968292236,254.64334106445312,4.244819164276123,0.9669668674468994,251.3654887676239,0.6563720703125,0.6019287109375,0.2200927734375,0.1534203588962555,0.5174785852432251
higgs_public,NLL_OOD,Cov90_OOD,0.28,0.1,0.2,0.1,0.4,0.5,1.0,0.85,3.2778522968292236,254.64334106445312,3.9238638877868652,0.6460115909576416,251.3654887676239,0.6563720703125,0.603759765625,0.2200927734375,0.1534203588962555,0.5174785852432251
higgs_public,NLL_OOD,Cov90_OOD,0.28,0.1,0.2,0.1,0.4,0.25,2.0,-1.0,3.2778522968292236,254.64334106445312,3.9429545402526855,0.6651022434234619,251.3654887676239,0.6563720703125,0.6075439453125,0.2200927734375,0.33632826805114746,0.5174785852432251
higgs_public,NLL_OOD,Cov90_OOD,0.28,0.1,0.2,0.1,0.4,0.5,2.0,-1.0,3.2778522968292236,254.64334106445312,3.6047489643096924,0.32689666748046875,251.3654887676239,0.6563720703125,0.6099853515625,0.2200927734375,0.33632826805114746,0.5174785852432251
higgs_public,NLL_OOD,Cov90_OOD,0.28,0.1,0.2,0.1,0.4,0.25,2.0,0.85,3.2778522968292236,254.64334106445312,4.407986640930176,1.1301343441009521,251.3654887676239,0.6563720703125,0.5933837890625,0.2200927734375,0.07211795449256897,0.5174785852432251
higgs_public,NLL_OOD,Cov90_OOD,0.28,0.1,0.2,0.1,0.4,0.5,2.0,0.85,3.2778522968292236,254.64334106445312,4.057772636413574,0.7799203395843506,251.3654887676239,0.6563720703125,0.607177734375,0.2200927734375,0.07211795449256897,0.5174785852432251
higgs_public,NLL_OOD,Cov90_OOD,0.28,0.1,0.2,0.1,0.4,0.5,1.0,-1.0,3.2778522968292236,254.64334106445312,3.4910078048706055,0.21315550804138184,251.3654887676239,0.6563720703125,0.6146240234375,0.2200927734375,0.4758519232273102,0.5174785852432251
higgs_public,NLL_OOD,Cov90_OOD,0.28,0.1,0.2,0.2,0.4,0.25,1.0,-1.0,3.2778522968292236,254.64334106445312,3.735778331756592,0.45792603492736816,251.3654887676239,0.6563720703125,0.6033935546875,0.2200927734375,0.39819490909576416,0.6757634282112122
higgs_public,NLL_OOD,Cov90_OOD,0.28,0.1,0.2,0.1,0.4,0.5,1.0,0.85,3.2778522968292236,254.64334106445312,3.9238638877868652,0.6460115909576416,251.3654887676239,0.6563720703125,0.603759765625,0.2200927734375,0.1534203588962555,0.5174785852432251
higgs_public,NLL_OOD,Cov90_OOD,0.28,0.1,0.2,0.2,0.4,0.25,1.0,0.85,3.2778522968292236,254.64334106445312,4.246478080749512,0.9686257839202881,251.3654887676239,0.6563720703125,0.5927734375,0.2200927734375,0.1003212183713913,0.6757634282112122
higgs_public,NLL_OOD,Cov90_OOD,0.28,0.1,0.2,0.1,0.4,0.5,2.0,-1.0,3.2778522968292236,254.64334106445312,3.6047489643096924,0.32689666748046875,251.3654887676239,0.6563720703125,0.6099853515625,0.2200927734375,0.33632826805114746,0.5174785852432251
higgs_public,NLL_OOD,Cov90_OOD,0.28,0.1,0.2,0.2,0.4,0.25,2.0,-1.0,3.2778522968292236,254.64334106445312,3.9448750019073486,0.667022705078125,251.3654887676239,0.6563720703125,0.5963134765625,0.2200927734375,0.26431334018707275,0.6757634282112122
higgs_public,NLL_OOD,Cov90_OOD,0.28,0.1,0.2,0.1,0.4,0.5,2.0,0.85,3.2778522968292236,254.64334106445312,4.057772636413574,0.7799203395843506,251.3654887676239,0.6563720703125,0.607177734375,0.2200927734375,0.07211795449256897,0.5174785852432251
higgs_public,NLL_OOD,Cov90_OOD,0.28,0.1,0.2,0.2,0.4,0.25,2.0,0.85,3.2778522968292236,254.64334106445312,4.436394691467285,1.1585423946380615,251.3654887676239,0.6563720703125,0.582763671875,0.2200927734375,0.04087606072425842,0.6757634282112122
higgs_public,NLL_OOD,Cov90_OOD,0.28,0.1,0.2,0.2,0.4,0.25,1.0,-1.0,3.2778522968292236,254.64334106445312,3.735778331756592,0.45792603492736816,251.3654887676239,0.6563720703125,0.6033935546875,0.2200927734375,0.39819490909576416,0.6757634282112122
higgs_public,NLL_OOD,Cov90_OOD,0.28,0.1,0.2,0.2,0.4,0.5,1.0,-1.0,3.2778522968292236,254.64334106445312,3.3972153663635254,0.11936306953430176,251.3654887676239,0.6563720703125,0.6060791015625,0.2200927734375,0.39819490909576416,0.6757634282112122
higgs_public,NLL_OOD,Cov90_OOD,0.28,0.1,0.2,0.2,0.4,0.25,1.0,0.85,3.2778522968292236,254.64334106445312,4.246478080749512,0.9686257839202881,251.3654887676239,0.6563720703125,0.5927734375,0.2200927734375,0.1003212183713913,0.6757634282112122
higgs_public,NLL_OOD,Cov90_OOD,0.28,0.1,0.2,0.2,0.4,0.5,1.0,0.85,3.2778522968292236,254.64334106445312,3.9920315742492676,0.714179277420044,251.3654887676239,0.6563720703125,0.595458984375,0.2200927734375,0.1003212183713913,0.6757634282112122
higgs_public,NLL_OOD,Cov90_OOD,0.28,0.1,0.2,0.2,0.4,0.25,2.0,-1.0,3.2778522968292236,254.64334106445312,3.9448750019073486,0.667022705078125,251.3654887676239,0.6563720703125,0.5963134765625,0.2200927734375,0.26431334018707275,0.6757634282112122
higgs_public,NLL_OOD,Cov90_OOD,0.28,0.1,0.2,0.2,0.4,0.5,2.0,-1.0,3.2778522968292236,254.64334106445312,3.57224440574646,0.29439210891723633,251.3654887676239,0.6563720703125,0.60302734375,0.2200927734375,0.26431334018707275,0.6757634282112122
higgs_public,NLL_OOD,Cov90_OOD,0.28,0.1,0.2,0.2,0.4,0.25,2.0,0.85,3.2778522968292236,254.64334106445312,4.436394691467285,1.1585423946380615,251.3654887676239,0.6563720703125,0.582763671875,0.2200927734375,0.04087606072425842,0.6757634282112122
higgs_public,NLL_OOD,Cov90_OOD,0.28,0.1,0.2,0.2,0.4,0.5,2.0,0.85,3.2778522968292236,254.64334106445312,4.094168663024902,0.8163163661956787,251.3654887676239,0.6563720703125,0.5986328125,0.2200927734375,0.04087606072425842,0.6757634282112122
higgs_public,NLL_OOD,Cov90_OOD,0.28,0.1,0.2,0.2,0.4,0.5,1.0,-1.0,3.2778522968292236,254.64334106445312,3.3972153663635254,0.11936306953430176,251.3654887676239,0.6563720703125,0.6060791015625,0.2200927734375,0.39819490909576416,0.6757634282112122
higgs_public,NLL_OOD,Cov90_OOD,0.28,0.1,0.2,0.2,0.4,0.5,1.0,0.85,3.2778522968292236,254.64334106445312,3.9920315742492676,0.714179277420044,251.3654887676239,0.6563720703125,0.595458984375,0.2200927734375,0.1003212183713913,0.6757634282112122
higgs_public,NLL_OOD,Cov90_OOD,0.28,0.1,0.2,0.2,0.4,0.5,2.0,-1.0,3.2778522968292236,254.64334106445312,3.57224440574646,0.29439210891723633,251.3654887676239,0.6563720703125,0.60302734375,0.2200927734375,0.26431334018707275,0.6757634282112122
higgs_public,NLL_OOD,Cov90_OOD,0.28,0.1,0.2,0.2,0.4,0.5,2.0,0.85,3.2778522968292236,254.64334106445312,4.094168663024902,0.8163163661956787,251.3654887676239,0.6563720703125,0.5986328125,0.2200927734375,0.04087606072425842,0.6757634282112122
