Benchmark,ObjectiveMetric,ExtraMetric,tau,unlabeled_noise,feature_drop_prob,pseudo_weight,agreement_weight,weight_power,hard_weight_threshold,SupervisedObjective,ConfidenceObjective,SAGEObjective,SAGEMinusSupervised,ConfidenceMinusSupervised,SupervisedExtra,SAGEExtra,ConfidenceExtra,SAGEMeanWeight,SAGEMeanDisagreement
year,NLL,Cov90,0.12,0.02,0.0,0.8,0.25,1.0,-1.0,1.3018505573272705,2.1949737071990967,1.8166089057922363,0.5147583484649658,0.8931231498718262,0.860382080078125,0.786651611328125,0.649017333984375,0.9868404269218445,0.0016094213351607323
year,NLL,Cov90,0.12,0.02,0.0,0.8,0.25,1.0,0.85,1.3018505573272705,2.1949737071990967,1.8391671180725098,0.5373165607452393,0.8931231498718262,0.860382080078125,0.78680419921875,0.649017333984375,0.9889358282089233,0.0013442345662042499
year,NLL,Cov90,0.12,0.02,0.0,0.8,0.25,2.0,-1.0,1.3018505573272705,2.1949737071990967,1.6592872142791748,0.3574366569519043,0.8931231498718262,0.860382080078125,0.79931640625,0.649017333984375,0.9766690731048584,0.0014445327688008547
year,NLL,Cov90,0.12,0.02,0.0,0.8,0.25,2.0,0.85,1.3018505573272705,2.1949737071990967,1.848865032196045,0.5470144748687744,0.8931231498718262,0.860382080078125,0.77423095703125,0.649017333984375,0.9621972441673279,0.0015637920005246997
year,NLL,Cov90,0.12,0.02,0.0,0.8,0.5,1.0,-1.0,1.3018505573272705,2.1949737071990967,1.5577867031097412,0.2559361457824707,0.8931231498718262,0.860382080078125,0.79742431640625,0.649017333984375,0.9884603023529053,0.0014043746050447226
year,NLL,Cov90,0.12,0.02,0.0,0.8,0.5,1.0,0.85,1.3018505573272705,2.1949737071990967,1.5209170579910278,0.21906650066375732,0.8931231498718262,0.860382080078125,0.80780029296875,0.649017333984375,0.9899656772613525,0.0012201213976368308
year,NLL,Cov90,0.12,0.02,0.0,0.8,0.5,2.0,-1.0,1.3018505573272705,2.1949737071990967,1.5001485347747803,0.19829797744750977,0.8931231498718262,0.860382080078125,0.820587158203125,0.649017333984375,0.9772495031356812,0.0014060105895623565
year,NLL,Cov90,0.12,0.02,0.0,0.8,0.5,2.0,0.85,1.3018505573272705,2.1949737071990967,1.5450079441070557,0.24315738677978516,0.8931231498718262,0.860382080078125,0.808868408203125,0.649017333984375,0.9777654409408569,0.001274033566005528
year,NLL,Cov90,0.12,0.02,0.1,0.8,0.25,1.0,-1.0,1.3018505573272705,2.1949737071990967,1.8025357723236084,0.5006852149963379,0.8931231498718262,0.860382080078125,0.78009033203125,0.649017333984375,0.4113408923149109,0.365984171628952
year,NLL,Cov90,0.12,0.02,0.1,0.8,0.25,1.0,0.85,1.3018505573272705,2.1949737071990967,1.9956551790237427,0.6938046216964722,0.8931231498718262,0.860382080078125,0.778564453125,0.649017333984375,0.11081056296825409,0.26820147037506104
year,NLL,Cov90,0.12,0.02,0.1,0.8,0.25,2.0,-1.0,1.3018505573272705,2.1949737071990967,2.030778408050537,0.7289278507232666,0.8931231498718262,0.860382080078125,0.768646240234375,0.649017333984375,0.24481308460235596,0.29870349168777466
year,NLL,Cov90,0.12,0.02,0.1,0.8,0.25,2.0,0.85,1.3018505573272705,2.1949737071990967,2.05495548248291,0.7531049251556396,0.8931231498718262,0.860382080078125,0.777618408203125,0.649017333984375,0.03551720455288887,0.2784120440483093
year,NLL,Cov90,0.12,0.02,0.1,0.8,0.5,1.0,-1.0,1.3018505573272705,2.1949737071990967,1.7617557048797607,0.45990514755249023,0.8931231498718262,0.860382080078125,0.783477783203125,0.649017333984375,0.42749258875846863,0.2651100754737854
year,NLL,Cov90,0.12,0.02,0.1,0.8,0.5,1.0,0.85,1.3018505573272705,2.1949737071990967,1.7755944728851318,0.47374391555786133,0.8931231498718262,0.860382080078125,0.79949951171875,0.649017333984375,0.10561571270227432,0.2821221947669983
year,NLL,Cov90,0.12,0.02,0.1,0.8,0.5,2.0,-1.0,1.3018505573272705,2.1949737071990967,1.6790341138839722,0.37718355655670166,0.8931231498718262,0.860382080078125,0.79229736328125,0.649017333984375,0.278200626373291,0.2883033752441406
year,NLL,Cov90,0.12,0.02,0.1,0.8,0.5,2.0,0.85,1.3018505573272705,2.1949737071990967,1.9206706285476685,0.618820071220398,0.8931231498718262,0.860382080078125,0.80133056640625,0.649017333984375,0.05510350689291954,0.24240778386592865
year,NLL,Cov90,0.12,0.02,0.2,0.8,0.25,1.0,-1.0,1.3018505573272705,2.1949737071990967,1.8327546119689941,0.5309040546417236,0.8931231498718262,0.860382080078125,0.7862548828125,0.649017333984375,0.22662581503391266,0.46994298696517944
year,NLL,Cov90,0.12,0.02,0.2,0.8,0.25,1.0,0.85,1.3018505573272705,2.1949737071990967,1.8418065309524536,0.5399559736251831,0.8931231498718262,0.860382080078125,0.767669677734375,0.649017333984375,0.016028931364417076,0.5245685577392578
year,NLL,Cov90,0.12,0.02,0.2,0.8,0.25,2.0,-1.0,1.3018505573272705,2.1949737071990967,2.0424866676330566,0.7406361103057861,0.8931231498718262,0.860382080078125,0.780059814453125,0.649017333984375,0.12532593309879303,0.5030475854873657
year,NLL,Cov90,0.12,0.02,0.2,0.8,0.25,2.0,0.85,1.3018505573272705,2.1949737071990967,2.090073585510254,0.7882230281829834,0.8931231498718262,0.860382080078125,0.775482177734375,0.649017333984375,0.008758898824453354,0.5087789297103882
year,NLL,Cov90,0.12,0.02,0.2,0.8,0.5,1.0,-1.0,1.3018505573272705,2.1949737071990967,1.7305667400360107,0.42871618270874023,0.8931231498718262,0.860382080078125,0.80364990234375,0.649017333984375,0.2990903854370117,0.4144635796546936
year,NLL,Cov90,0.12,0.02,0.2,0.8,0.5,1.0,0.85,1.3018505573272705,2.1949737071990967,1.9533177614212036,0.6514672040939331,0.8931231498718262,0.860382080078125,0.80169677734375,0.649017333984375,0.04013032466173172,0.530413031578064
year,NLL,Cov90,0.12,0.02,0.2,0.8,0.5,2.0,-1.0,1.3018505573272705,2.1949737071990967,1.7620768547058105,0.46022629737854004,0.8931231498718262,0.860382080078125,0.807861328125,0.649017333984375,0.14849741756916046,0.38585150241851807
year,NLL,Cov90,0.12,0.02,0.2,0.8,0.5,2.0,0.85,1.3018505573272705,2.1949737071990967,1.9062690734863281,0.6044185161590576,0.8931231498718262,0.860382080078125,0.802459716796875,0.649017333984375,0.0068984366953372955,0.4605604410171509
year,NLL,Cov90,0.12,0.05,0.0,0.8,0.25,1.0,-1.0,1.3018505573272705,2.1949737071990967,1.7722630500793457,0.4704124927520752,0.8931231498718262,0.860382080078125,0.791290283203125,0.649017333984375,0.928023099899292,0.009745159186422825
year,NLL,Cov90,0.12,0.05,0.0,0.8,0.25,1.0,0.85,1.3018505573272705,2.1949737071990967,1.7547194957733154,0.4528689384460449,0.8931231498718262,0.860382080078125,0.7940673828125,0.649017333984375,0.8334686756134033,0.009351096116006374
year,NLL,Cov90,0.12,0.05,0.0,0.8,0.25,2.0,-1.0,1.3018505573272705,2.1949737071990967,1.8414818048477173,0.5396312475204468,0.8931231498718262,0.860382080078125,0.786468505859375,0.649017333984375,0.8738124370574951,0.008847402408719063
year,NLL,Cov90,0.12,0.05,0.0,0.8,0.25,2.0,0.85,1.3018505573272705,2.1949737071990967,1.9796305894851685,0.677780032157898,0.8931231498718262,0.860382080078125,0.7735595703125,0.649017333984375,0.6469590663909912,0.009716955944895744
year,NLL,Cov90,0.12,0.05,0.0,0.8,0.5,1.0,-1.0,1.3018505573272705,2.1949737071990967,1.579649806022644,0.27779924869537354,0.8931231498718262,0.860382080078125,0.797393798828125,0.649017333984375,0.9386687874794006,0.00798030849546194
year,NLL,Cov90,0.12,0.05,0.0,0.8,0.5,1.0,0.85,1.3018505573272705,2.1949737071990967,1.5454392433166504,0.24358868598937988,0.8931231498718262,0.860382080078125,0.807220458984375,0.649017333984375,0.8459369540214539,0.009072944521903992
year,NLL,Cov90,0.12,0.05,0.0,0.8,0.5,2.0,-1.0,1.3018505573272705,2.1949737071990967,1.5822184085845947,0.2803678512573242,0.8931231498718262,0.860382080078125,0.80780029296875,0.649017333984375,0.8767291903495789,0.008817199617624283
year,NLL,Cov90,0.12,0.05,0.0,0.8,0.5,2.0,0.85,1.3018505573272705,2.1949737071990967,1.7135813236236572,0.4117307662963867,0.8931231498718262,0.860382080078125,0.7860107421875,0.649017333984375,0.6852806806564331,0.008328143507242203
year,NLL,Cov90,0.12,0.05,0.1,0.8,0.25,1.0,-1.0,1.3018505573272705,2.1949737071990967,1.8743886947631836,0.5725381374359131,0.8931231498718262,0.860382080078125,0.77545166015625,0.649017333984375,0.3962777256965637,0.2852163016796112
year,NLL,Cov90,0.12,0.05,0.1,0.8,0.25,1.0,0.85,1.3018505573272705,2.1949737071990967,1.982050895690918,0.6802003383636475,0.8931231498718262,0.860382080078125,0.779144287109375,0.649017333984375,0.09009414911270142,0.3040141761302948
year,NLL,Cov90,0.12,0.05,0.1,0.8,0.25,2.0,-1.0,1.3018505573272705,2.1949737071990967,1.9375914335250854,0.6357408761978149,0.8931231498718262,0.860382080078125,0.776702880859375,0.649017333984375,0.23778745532035828,0.3388744592666626
year,NLL,Cov90,0.12,0.05,0.1,0.8,0.25,2.0,0.85,1.3018505573272705,2.1949737071990967,2.005476474761963,0.7036259174346924,0.8931231498718262,0.860382080078125,0.785980224609375,0.649017333984375,0.028090700507164,0.27408313751220703
year,NLL,Cov90,0.12,0.05,0.1,0.8,0.5,1.0,-1.0,1.3018505573272705,2.1949737071990967,1.7601107358932495,0.458260178565979,0.8931231498718262,0.860382080078125,0.802032470703125,0.649017333984375,0.42292988300323486,0.252603679895401
year,NLL,Cov90,0.12,0.05,0.1,0.8,0.5,1.0,0.85,1.3018505573272705,2.1949737071990967,1.9066760540008545,0.604825496673584,0.8931231498718262,0.860382080078125,0.789398193359375,0.649017333984375,0.09311845898628235,0.2638207674026489
year,NLL,Cov90,0.12,0.05,0.1,0.8,0.5,2.0,-1.0,1.3018505573272705,2.1949737071990967,1.7131900787353516,0.41133952140808105,0.8931231498718262,0.860382080078125,0.791961669921875,0.649017333984375,0.25335028767585754,0.3008938729763031
year,NLL,Cov90,0.12,0.05,0.1,0.8,0.5,2.0,0.85,1.3018505573272705,2.1949737071990967,1.9074652194976807,0.6056146621704102,0.8931231498718262,0.860382080078125,0.7957763671875,0.649017333984375,0.03889758139848709,0.2709854245185852
year,NLL,Cov90,0.12,0.05,0.2,0.8,0.25,1.0,-1.0,1.3018505573272705,2.1949737071990967,1.8091418743133545,0.507291316986084,0.8931231498718262,0.860382080078125,0.7801513671875,0.649017333984375,0.22056934237480164,0.5013061165809631
year,NLL,Cov90,0.12,0.05,0.2,0.8,0.25,1.0,0.85,1.3018505573272705,2.1949737071990967,2.0153770446777344,0.7135264873504639,0.8931231498718262,0.860382080078125,0.795440673828125,0.649017333984375,0.028326787054538727,0.5431596636772156
year,NLL,Cov90,0.12,0.05,0.2,0.8,0.25,2.0,-1.0,1.3018505573272705,2.1949737071990967,1.8916380405426025,0.589787483215332,0.8931231498718262,0.860382080078125,0.779388427734375,0.649017333984375,0.12902098894119263,0.411044716835022
year,NLL,Cov90,0.12,0.05,0.2,0.8,0.25,2.0,0.85,1.3018505573272705,2.1949737071990967,2.1876392364501953,0.8857886791229248,0.8931231498718262,0.860382080078125,0.77911376953125,0.649017333984375,0.008668316528201103,0.496319979429245
year,NLL,Cov90,0.12,0.05,0.2,0.8,0.5,1.0,-1.0,1.3018505573272705,2.1949737071990967,1.6821483373641968,0.38029778003692627,0.8931231498718262,0.860382080078125,0.809326171875,0.649017333984375,0.26419711112976074,0.4279571771621704
year,NLL,Cov90,0.12,0.05,0.2,0.8,0.5,1.0,0.85,1.3018505573272705,2.1949737071990967,1.840261697769165,0.5384111404418945,0.8931231498718262,0.860382080078125,0.800689697265625,0.649017333984375,0.0337049663066864,0.45635366439819336
year,NLL,Cov90,0.12,0.05,0.2,0.8,0.5,2.0,-1.0,1.3018505573272705,2.1949737071990967,1.76974618434906,0.46789562702178955,0.8931231498718262,0.860382080078125,0.78704833984375,0.649017333984375,0.15072807669639587,0.434747576713562
year,NLL,Cov90,0.12,0.05,0.2,0.8,0.5,2.0,0.85,1.3018505573272705,2.1949737071990967,1.808931589126587,0.5070810317993164,0.8931231498718262,0.860382080078125,0.814666748046875,0.649017333984375,0.010434316471219063,0.4102630615234375
year,NLL,Cov90,0.12,0.1,0.0,0.8,0.25,1.0,-1.0,1.3018505573272705,2.1949737071990967,1.6287237405776978,0.32687318325042725,0.8931231498718262,0.860382080078125,0.801116943359375,0.649017333984375,0.749916672706604,0.04243706166744232
year,NLL,Cov90,0.12,0.1,0.0,0.8,0.25,1.0,0.85,1.3018505573272705,2.1949737071990967,1.7450735569000244,0.4432229995727539,0.8931231498718262,0.860382080078125,0.786041259765625,0.649017333984375,0.4453909695148468,0.03780999779701233
year,NLL,Cov90,0.12,0.1,0.0,0.8,0.25,2.0,-1.0,1.3018505573272705,2.1949737071990967,1.770695686340332,0.4688451290130615,0.8931231498718262,0.860382080078125,0.78271484375,0.649017333984375,0.644295334815979,0.03651706129312515
year,NLL,Cov90,0.12,0.1,0.0,0.8,0.25,2.0,0.85,1.3018505573272705,2.1949737071990967,1.8000285625457764,0.49817800521850586,0.8931231498718262,0.860382080078125,0.767852783203125,0.649017333984375,0.23578116297721863,0.03875632584095001
year,NLL,Cov90,0.12,0.1,0.0,0.8,0.5,1.0,-1.0,1.3018505573272705,2.1949737071990967,1.557008147239685,0.25515758991241455,0.8931231498718262,0.860382080078125,0.81475830078125,0.649017333984375,0.7923146486282349,0.033029332756996155
year,NLL,Cov90,0.12,0.1,0.0,0.8,0.5,1.0,0.85,1.3018505573272705,2.1949737071990967,1.5118589401245117,0.2100083827972412,0.8931231498718262,0.860382080078125,0.820648193359375,0.649017333984375,0.4507720470428467,0.03786373510956764
year,NLL,Cov90,0.12,0.1,0.0,0.8,0.5,2.0,-1.0,1.3018505573272705,2.1949737071990967,1.4873733520507812,0.18552279472351074,0.8931231498718262,0.860382080078125,0.817108154296875,0.649017333984375,0.67466801404953,0.033078476786613464
year,NLL,Cov90,0.12,0.1,0.0,0.8,0.5,2.0,0.85,1.3018505573272705,2.1949737071990967,1.5520073175430298,0.2501567602157593,0.8931231498718262,0.860382080078125,0.79840087890625,0.649017333984375,0.2725803256034851,0.037434473633766174
year,NLL,Cov90,0.12,0.1,0.1,0.8,0.25,1.0,-1.0,1.3018505573272705,2.1949737071990967,1.9812123775482178,0.6793618202209473,0.8931231498718262,0.860382080078125,0.79669189453125,0.649017333984375,0.36650973558425903,0.2862958610057831
year,NLL,Cov90,0.12,0.1,0.1,0.8,0.25,1.0,0.85,1.3018505573272705,2.1949737071990967,1.96722412109375,0.6653735637664795,0.8931231498718262,0.860382080078125,0.7823486328125,0.649017333984375,0.06757903099060059,0.3202943801879883
year,NLL,Cov90,0.12,0.1,0.1,0.8,0.25,2.0,-1.0,1.3018505573272705,2.1949737071990967,1.719893217086792,0.4180426597595215,0.8931231498718262,0.860382080078125,0.79364013671875,0.649017333984375,0.234039768576622,0.29842913150787354
year,NLL,Cov90,0.12,0.1,0.1,0.8,0.25,2.0,0.85,1.3018505573272705,2.1949737071990967,2.0908918380737305,0.78904128074646,0.8931231498718262,0.860382080078125,0.78594970703125,0.649017333984375,0.013867484405636787,0.31519678235054016
year,NLL,Cov90,0.12,0.1,0.1,0.8,0.5,1.0,-1.0,1.3018505573272705,2.1949737071990967,1.7229293584823608,0.42107880115509033,0.8931231498718262,0.860382080078125,0.8101806640625,0.649017333984375,0.3894808888435364,0.2671434283256531
year,NLL,Cov90,0.12,0.1,0.1,0.8,0.5,1.0,0.85,1.3018505573272705,2.1949737071990967,2.020707607269287,0.7188570499420166,0.8931231498718262,0.860382080078125,0.788848876953125,0.649017333984375,0.054962556809186935,0.34596461057662964
year,NLL,Cov90,0.12,0.1,0.1,0.8,0.5,2.0,-1.0,1.3018505573272705,2.1949737071990967,1.7596704959869385,0.45781993865966797,0.8931231498718262,0.860382080078125,0.805389404296875,0.649017333984375,0.23569312691688538,0.29376161098480225
year,NLL,Cov90,0.12,0.1,0.1,0.8,0.5,2.0,0.85,1.3018505573272705,2.1949737071990967,1.8405206203460693,0.5386700630187988,0.8931231498718262,0.860382080078125,0.799041748046875,0.649017333984375,0.024302486330270767,0.2677241563796997
year,NLL,Cov90,0.12,0.1,0.2,0.8,0.25,1.0,-1.0,1.3018505573272705,2.1949737071990967,1.8530223369598389,0.5511717796325684,0.8931231498718262,0.860382080078125,0.79669189453125,0.649017333984375,0.24645179510116577,0.5270911455154419
year,NLL,Cov90,0.12,0.1,0.2,0.8,0.25,1.0,0.85,1.3018505573272705,2.1949737071990967,1.9400970935821533,0.6382465362548828,0.8931231498718262,0.860382080078125,0.8009033203125,0.649017333984375,0.02828317880630493,0.5707831382751465
year,NLL,Cov90,0.12,0.1,0.2,0.8,0.25,2.0,-1.0,1.3018505573272705,2.1949737071990967,1.8590766191482544,0.5572260618209839,0.8931231498718262,0.860382080078125,0.796112060546875,0.649017333984375,0.1179036870598793,0.5052648782730103
year,NLL,Cov90,0.12,0.1,0.2,0.8,0.25,2.0,0.85,1.3018505573272705,2.1949737071990967,2.088479995727539,0.7866294384002686,0.8931231498718262,0.860382080078125,0.77655029296875,0.649017333984375,0.003403003793209791,0.5688572525978088
year,NLL,Cov90,0.12,0.1,0.2,0.8,0.5,1.0,-1.0,1.3018505573272705,2.1949737071990967,1.7045975923538208,0.4027470350265503,0.8931231498718262,0.860382080078125,0.8028564453125,0.649017333984375,0.23681369423866272,0.5141084790229797
year,NLL,Cov90,0.12,0.1,0.2,0.8,0.5,1.0,0.85,1.3018505573272705,2.1949737071990967,1.6611241102218628,0.3592735528945923,0.8931231498718262,0.860382080078125,0.797088623046875,0.649017333984375,0.026945162564516068,0.48633819818496704
year,NLL,Cov90,0.12,0.1,0.2,0.8,0.5,2.0,-1.0,1.3018505573272705,2.1949737071990967,1.6299386024475098,0.32808804512023926,0.8931231498718262,0.860382080078125,0.808868408203125,0.649017333984375,0.12597648799419403,0.48874613642692566
year,NLL,Cov90,0.12,0.1,0.2,0.8,0.5,2.0,0.85,1.3018505573272705,2.1949737071990967,1.8083059787750244,0.5064554214477539,0.8931231498718262,0.860382080078125,0.810302734375,0.649017333984375,0.0051879617385566235,0.4201134145259857
year,NLL,Cov90,0.18,0.02,0.0,0.8,0.25,1.0,-1.0,1.3018505573272705,2.1949737071990967,1.7073264122009277,0.4054758548736572,0.8931231498718262,0.860382080078125,0.792572021484375,0.649017333984375,0.9915479421615601,0.0015382228884845972
year,NLL,Cov90,0.18,0.02,0.0,0.8,0.25,1.0,0.85,1.3018505573272705,2.1949737071990967,1.7306151390075684,0.42876458168029785,0.8931231498718262,0.860382080078125,0.7818603515625,0.649017333984375,0.9919942021369934,0.0014544585719704628
year,NLL,Cov90,0.18,0.02,0.0,0.8,0.25,2.0,-1.0,1.3018505573272705,2.1949737071990967,1.8558470010757446,0.5539964437484741,0.8931231498718262,0.860382080078125,0.787994384765625,0.649017333984375,0.9830320477485657,0.0015697987983003259
year,NLL,Cov90,0.18,0.02,0.0,0.8,0.25,2.0,0.85,1.3018505573272705,2.1949737071990967,1.7623084783554077,0.4604579210281372,0.8931231498718262,0.860382080078125,0.793853759765625,0.649017333984375,0.9801316261291504,0.0016766557237133384
year,NLL,Cov90,0.18,0.02,0.0,0.8,0.5,1.0,-1.0,1.3018505573272705,2.1949737071990967,1.633263111114502,0.33141255378723145,0.8931231498718262,0.860382080078125,0.805023193359375,0.649017333984375,0.9917213320732117,0.0015089669032022357
year,NLL,Cov90,0.18,0.02,0.0,0.8,0.5,1.0,0.85,1.3018505573272705,2.1949737071990967,1.4539661407470703,0.1521155834197998,0.8931231498718262,0.860382080078125,0.8282470703125,0.649017333984375,0.9926020503044128,0.0013458924368023872
year,NLL,Cov90,0.18,0.02,0.0,0.8,0.5,2.0,-1.0,1.3018505573272705,2.1949737071990967,1.5026357173919678,0.20078516006469727,0.8931231498718262,0.860382080078125,0.80938720703125,0.649017333984375,0.9851402640342712,0.0013637274969369173
year,NLL,Cov90,0.18,0.02,0.0,0.8,0.5,2.0,0.85,1.3018505573272705,2.1949737071990967,1.6806690692901611,0.3788185119628906,0.8931231498718262,0.860382080078125,0.80010986328125,0.649017333984375,0.983605146408081,0.0013622493715956807
year,NLL,Cov90,0.18,0.02,0.1,0.8,0.25,1.0,-1.0,1.3018505573272705,2.1949737071990967,1.7457494735717773,0.44389891624450684,0.8931231498718262,0.860382080078125,0.78350830078125,0.649017333984375,0.48515716195106506,0.26760441064834595
year,NLL,Cov90,0.18,0.02,0.1,0.8,0.25,1.0,0.85,1.3018505573272705,2.1949737071990967,2.0794548988342285,0.777604341506958,0.8931231498718262,0.860382080078125,0.770843505859375,0.649017333984375,0.16069185733795166,0.3132316470146179
year,NLL,Cov90,0.18,0.02,0.1,0.8,0.25,2.0,-1.0,1.3018505573272705,2.1949737071990967,1.9513689279556274,0.6495183706283569,0.8931231498718262,0.860382080078125,0.771636962890625,0.649017333984375,0.334514856338501,0.28101861476898193
year,NLL,Cov90,0.18,0.02,0.1,0.8,0.25,2.0,0.85,1.3018505573272705,2.1949737071990967,1.8126192092895508,0.5107686519622803,0.8931231498718262,0.860382080078125,0.79913330078125,0.649017333984375,0.07094918936491013,0.31289857625961304
year,NLL,Cov90,0.18,0.02,0.1,0.8,0.5,1.0,-1.0,1.3018505573272705,2.1949737071990967,1.648482322692871,0.3466317653656006,0.8931231498718262,0.860382080078125,0.801727294921875,0.649017333984375,0.5153059959411621,0.2545481026172638
year,NLL,Cov90,0.18,0.02,0.1,0.8,0.5,1.0,0.85,1.3018505573272705,2.1949737071990967,1.9266798496246338,0.6248292922973633,0.8931231498718262,0.860382080078125,0.789398193359375,0.649017333984375,0.18162834644317627,0.24015557765960693
year,NLL,Cov90,0.18,0.02,0.1,0.8,0.5,2.0,-1.0,1.3018505573272705,2.1949737071990967,1.6586805582046509,0.35683000087738037,0.8931231498718262,0.860382080078125,0.804290771484375,0.649017333984375,0.37856924533843994,0.264742910861969
year,NLL,Cov90,0.18,0.02,0.1,0.8,0.5,2.0,0.85,1.3018505573272705,2.1949737071990967,1.9758789539337158,0.6740283966064453,0.8931231498718262,0.860382080078125,0.805908203125,0.649017333984375,0.07261468470096588,0.24997057020664215
year,NLL,Cov90,0.18,0.02,0.2,0.8,0.25,1.0,-1.0,1.3018505573272705,2.1949737071990967,1.784013271331787,0.4821627140045166,0.8931231498718262,0.860382080078125,0.789154052734375,0.649017333984375,0.3264865279197693,0.4529189467430115
year,NLL,Cov90,0.18,0.02,0.2,0.8,0.25,1.0,0.85,1.3018505573272705,2.1949737071990967,2.161193370819092,0.8593428134918213,0.8931231498718262,0.860382080078125,0.77362060546875,0.649017333984375,0.0459882915019989,0.48231005668640137
year,NLL,Cov90,0.18,0.02,0.2,0.8,0.25,2.0,-1.0,1.3018505573272705,2.1949737071990967,2.0435190200805664,0.7416684627532959,0.8931231498718262,0.860382080078125,0.78448486328125,0.649017333984375,0.19667819142341614,0.4485122561454773
year,NLL,Cov90,0.18,0.02,0.2,0.8,0.25,2.0,0.85,1.3018505573272705,2.1949737071990967,1.9493584632873535,0.647507905960083,0.8931231498718262,0.860382080078125,0.7955322265625,0.649017333984375,0.01049299631267786,0.5056818723678589
year,NLL,Cov90,0.18,0.02,0.2,0.8,0.5,1.0,-1.0,1.3018505573272705,2.1949737071990967,1.547788143157959,0.24593758583068848,0.8931231498718262,0.860382080078125,0.80645751953125,0.649017333984375,0.3605164885520935,0.42432230710983276
year,NLL,Cov90,0.18,0.02,0.2,0.8,0.5,1.0,0.85,1.3018505573272705,2.1949737071990967,1.8831676244735718,0.5813170671463013,0.8931231498718262,0.860382080078125,0.7957763671875,0.649017333984375,0.038736552000045776,0.48544418811798096
year,NLL,Cov90,0.18,0.02,0.2,0.8,0.5,2.0,-1.0,1.3018505573272705,2.1949737071990967,1.6493134498596191,0.34746289253234863,0.8931231498718262,0.860382080078125,0.80267333984375,0.649017333984375,0.21561221778392792,0.43109130859375
year,NLL,Cov90,0.18,0.02,0.2,0.8,0.5,2.0,0.85,1.3018505573272705,2.1949737071990967,1.7894203662872314,0.48756980895996094,0.8931231498718262,0.860382080078125,0.8077392578125,0.649017333984375,0.013895638287067413,0.37887299060821533
year,NLL,Cov90,0.18,0.05,0.0,0.8,0.25,1.0,-1.0,1.3018505573272705,2.1949737071990967,1.7495163679122925,0.447665810585022,0.8931231498718262,0.860382080078125,0.81134033203125,0.649017333984375,0.9483864307403564,0.009916329756379128
year,NLL,Cov90,0.18,0.05,0.0,0.8,0.25,1.0,0.85,1.3018505573272705,2.1949737071990967,1.8876523971557617,0.5858018398284912,0.8931231498718262,0.860382080078125,0.7742919921875,0.649017333984375,0.8972978591918945,0.009943661279976368
year,NLL,Cov90,0.18,0.05,0.0,0.8,0.25,2.0,-1.0,1.3018505573272705,2.1949737071990967,1.6217111349105835,0.319860577583313,0.8931231498718262,0.860382080078125,0.78875732421875,0.649017333984375,0.8983258605003357,0.010593004524707794
year,NLL,Cov90,0.18,0.05,0.0,0.8,0.25,2.0,0.85,1.3018505573272705,2.1949737071990967,1.8514127731323242,0.5495622158050537,0.8931231498718262,0.860382080078125,0.774200439453125,0.649017333984375,0.7458921670913696,0.010077347978949547
year,NLL,Cov90,0.18,0.05,0.0,0.8,0.5,1.0,-1.0,1.3018505573272705,2.1949737071990967,1.5762025117874146,0.27435195446014404,0.8931231498718262,0.860382080078125,0.81048583984375,0.649017333984375,0.9571611881256104,0.008163810707628727
year,NLL,Cov90,0.18,0.05,0.0,0.8,0.5,1.0,0.85,1.3018505573272705,2.1949737071990967,1.5415256023406982,0.23967504501342773,0.8931231498718262,0.860382080078125,0.8067626953125,0.649017333984375,0.9185975193977356,0.008436170406639576
year,NLL,Cov90,0.18,0.05,0.0,0.8,0.5,2.0,-1.0,1.3018505573272705,2.1949737071990967,1.4627197980880737,0.16086924076080322,0.8931231498718262,0.860382080078125,0.827362060546875,0.649017333984375,0.9248042106628418,0.007428968325257301
year,NLL,Cov90,0.18,0.05,0.0,0.8,0.5,2.0,0.85,1.3018505573272705,2.1949737071990967,1.6913564205169678,0.38950586318969727,0.8931231498718262,0.860382080078125,0.796966552734375,0.649017333984375,0.7946054935455322,0.00825891736894846
year,NLL,Cov90,0.18,0.05,0.1,0.8,0.25,1.0,-1.0,1.3018505573272705,2.1949737071990967,1.7049704790115356,0.40311992168426514,0.8931231498718262,0.860382080078125,0.794342041015625,0.649017333984375,0.4953587055206299,0.26442819833755493
year,NLL,Cov90,0.18,0.05,0.1,0.8,0.25,1.0,0.85,1.3018505573272705,2.1949737071990967,2.085160970687866,0.7833104133605957,0.8931231498718262,0.860382080078125,0.759918212890625,0.649017333984375,0.12340656667947769,0.3101443350315094
year,NLL,Cov90,0.18,0.05,0.1,0.8,0.25,2.0,-1.0,1.3018505573272705,2.1949737071990967,1.9420254230499268,0.6401748657226562,0.8931231498718262,0.860382080078125,0.797210693359375,0.649017333984375,0.3378850817680359,0.28884297609329224
year,NLL,Cov90,0.18,0.05,0.1,0.8,0.25,2.0,0.85,1.3018505573272705,2.1949737071990967,1.696329116821289,0.39447855949401855,0.8931231498718262,0.860382080078125,0.811614990234375,0.649017333984375,0.06619615852832794,0.2423742562532425
year,NLL,Cov90,0.18,0.05,0.1,0.8,0.5,1.0,-1.0,1.3018505573272705,2.1949737071990967,1.7191524505615234,0.41730189323425293,0.8931231498718262,0.860382080078125,0.795074462890625,0.649017333984375,0.5126045942306519,0.2520037293434143
year,NLL,Cov90,0.18,0.05,0.1,0.8,0.5,1.0,0.85,1.3018505573272705,2.1949737071990967,1.9802829027175903,0.6784323453903198,0.8931231498718262,0.860382080078125,0.792144775390625,0.649017333984375,0.1538599133491516,0.31180086731910706
year,NLL,Cov90,0.18,0.05,0.1,0.8,0.5,2.0,-1.0,1.3018505573272705,2.1949737071990967,1.7553598880767822,0.4535093307495117,0.8931231498718262,0.860382080078125,0.79345703125,0.649017333984375,0.34734559059143066,0.25830191373825073
year,NLL,Cov90,0.18,0.05,0.1,0.8,0.5,2.0,0.85,1.3018505573272705,2.1949737071990967,1.980424165725708,0.6785736083984375,0.8931231498718262,0.860382080078125,0.799591064453125,0.649017333984375,0.07473933696746826,0.2345089614391327
year,NLL,Cov90,0.18,0.05,0.2,0.8,0.25,1.0,-1.0,1.3018505573272705,2.1949737071990967,1.7103043794631958,0.4084538221359253,0.8931231498718262,0.860382080078125,0.787200927734375,0.649017333984375,0.32185256481170654,0.4962543845176697
year,NLL,Cov90,0.18,0.05,0.2,0.8,0.25,1.0,0.85,1.3018505573272705,2.1949737071990967,1.8928704261779785,0.591019868850708,0.8931231498718262,0.860382080078125,0.781280517578125,0.649017333984375,0.05962835252285004,0.4969345033168793
year,NLL,Cov90,0.18,0.05,0.2,0.8,0.25,2.0,-1.0,1.3018505573272705,2.1949737071990967,1.8815150260925293,0.5796644687652588,0.8931231498718262,0.860382080078125,0.78570556640625,0.649017333984375,0.1961939036846161,0.47191929817199707
year,NLL,Cov90,0.18,0.05,0.2,0.8,0.25,2.0,0.85,1.3018505573272705,2.1949737071990967,2.072016477584839,0.7701659202575684,0.8931231498718262,0.860382080078125,0.771484375,0.649017333984375,0.01728133112192154,0.5503175258636475
year,NLL,Cov90,0.18,0.05,0.2,0.8,0.5,1.0,-1.0,1.3018505573272705,2.1949737071990967,1.5296826362609863,0.22783207893371582,0.8931231498718262,0.860382080078125,0.8226318359375,0.649017333984375,0.3528063893318176,0.44473814964294434
year,NLL,Cov90,0.18,0.05,0.2,0.8,0.5,1.0,0.85,1.3018505573272705,2.1949737071990967,2.019547462463379,0.7176969051361084,0.8931231498718262,0.860382080078125,0.7884521484375,0.649017333984375,0.059157393872737885,0.5240988731384277
year,NLL,Cov90,0.18,0.05,0.2,0.8,0.5,2.0,-1.0,1.3018505573272705,2.1949737071990967,1.6957969665527344,0.39394640922546387,0.8931231498718262,0.860382080078125,0.8031005859375,0.649017333984375,0.22287195920944214,0.4522976577281952
year,NLL,Cov90,0.18,0.05,0.2,0.8,0.5,2.0,0.85,1.3018505573272705,2.1949737071990967,1.9712061882019043,0.6693556308746338,0.8931231498718262,0.860382080078125,0.79949951171875,0.649017333984375,0.013834841549396515,0.4727136492729187
year,NLL,Cov90,0.18,0.1,0.0,0.8,0.25,1.0,-1.0,1.3018505573272705,2.1949737071990967,1.6626322269439697,0.3607816696166992,0.8931231498718262,0.860382080078125,0.786529541015625,0.649017333984375,0.8372158408164978,0.035668570548295975
year,NLL,Cov90,0.18,0.1,0.0,0.8,0.25,1.0,0.85,1.3018505573272705,2.1949737071990967,1.7965731620788574,0.4947226047515869,0.8931231498718262,0.860382080078125,0.7879638671875,0.649017333984375,0.5524386167526245,0.0383017435669899
year,NLL,Cov90,0.18,0.1,0.0,0.8,0.25,2.0,-1.0,1.3018505573272705,2.1949737071990967,1.64849054813385,0.3466399908065796,0.8931231498718262,0.860382080078125,0.795196533203125,0.649017333984375,0.7138082981109619,0.04144098609685898
year,NLL,Cov90,0.18,0.1,0.0,0.8,0.25,2.0,0.85,1.3018505573272705,2.1949737071990967,1.9239325523376465,0.622081995010376,0.8931231498718262,0.860382080078125,0.77423095703125,0.649017333984375,0.3167762756347656,0.04240158945322037
year,NLL,Cov90,0.18,0.1,0.0,0.8,0.5,1.0,-1.0,1.3018505573272705,2.1949737071990967,1.622599482536316,0.3207489252090454,0.8931231498718262,0.860382080078125,0.81268310546875,0.649017333984375,0.857664942741394,0.03069925867021084
year,NLL,Cov90,0.18,0.1,0.0,0.8,0.5,1.0,0.85,1.3018505573272705,2.1949737071990967,1.5452492237091064,0.24339866638183594,0.8931231498718262,0.860382080078125,0.81170654296875,0.649017333984375,0.5853945016860962,0.03702530637383461
year,NLL,Cov90,0.18,0.1,0.0,0.8,0.5,2.0,-1.0,1.3018505573272705,2.1949737071990967,1.6221964359283447,0.3203458786010742,0.8931231498718262,0.860382080078125,0.8017578125,0.649017333984375,0.7405074834823608,0.033947624266147614
year,NLL,Cov90,0.18,0.1,0.0,0.8,0.5,2.0,0.85,1.3018505573272705,2.1949737071990967,1.554642915725708,0.2527923583984375,0.8931231498718262,0.860382080078125,0.81341552734375,0.649017333984375,0.3754585385322571,0.03446309641003609
year,NLL,Cov90,0.18,0.1,0.1,0.8,0.25,1.0,-1.0,1.3018505573272705,2.1949737071990967,1.69167160987854,0.38982105255126953,0.8931231498718262,0.860382080078125,0.79248046875,0.649017333984375,0.45031940937042236,0.3101147413253784
year,NLL,Cov90,0.18,0.1,0.1,0.8,0.25,1.0,0.85,1.3018505573272705,2.1949737071990967,2.02170467376709,0.7198541164398193,0.8931231498718262,0.860382080078125,0.777496337890625,0.649017333984375,0.11179757118225098,0.320833683013916
year,NLL,Cov90,0.18,0.1,0.1,0.8,0.25,2.0,-1.0,1.3018505573272705,2.1949737071990967,1.8051204681396484,0.5032699108123779,0.8931231498718262,0.860382080078125,0.780242919921875,0.649017333984375,0.3021981120109558,0.2979033887386322
year,NLL,Cov90,0.18,0.1,0.1,0.8,0.25,2.0,0.85,1.3018505573272705,2.1949737071990967,2.0473406314849854,0.7454900741577148,0.8931231498718262,0.860382080078125,0.76953125,0.649017333984375,0.03706509619951248,0.33999931812286377
year,NLL,Cov90,0.18,0.1,0.1,0.8,0.5,1.0,-1.0,1.3018505573272705,2.1949737071990967,1.6512224674224854,0.34937191009521484,0.8931231498718262,0.860382080078125,0.802642822265625,0.649017333984375,0.47276777029037476,0.28249314427375793
year,NLL,Cov90,0.18,0.1,0.1,0.8,0.5,1.0,0.85,1.3018505573272705,2.1949737071990967,1.7997173070907593,0.49786674976348877,0.8931231498718262,0.860382080078125,0.794830322265625,0.649017333984375,0.1373218595981598,0.2791784703731537
year,NLL,Cov90,0.18,0.1,0.1,0.8,0.5,2.0,-1.0,1.3018505573272705,2.1949737071990967,1.6754741668701172,0.3736236095428467,0.8931231498718262,0.860382080078125,0.81195068359375,0.649017333984375,0.31316041946411133,0.31302064657211304
year,NLL,Cov90,0.18,0.1,0.1,0.8,0.5,2.0,0.85,1.3018505573272705,2.1949737071990967,1.821284532546997,0.5194339752197266,0.8931231498718262,0.860382080078125,0.7960205078125,0.649017333984375,0.045214518904685974,0.3104972839355469
year,NLL,Cov90,0.18,0.1,0.2,0.8,0.25,1.0,-1.0,1.3018505573272705,2.1949737071990967,1.8395129442214966,0.5376623868942261,0.8931231498718262,0.860382080078125,0.79913330078125,0.649017333984375,0.32613882422447205,0.4735812544822693
year,NLL,Cov90,0.18,0.1,0.2,0.8,0.25,1.0,0.85,1.3018505573272705,2.1949737071990967,2.413423538208008,1.1115729808807373,0.8931231498718262,0.860382080078125,0.7606201171875,0.649017333984375,0.038649898022413254,0.5537232160568237
year,NLL,Cov90,0.18,0.1,0.2,0.8,0.25,2.0,-1.0,1.3018505573272705,2.1949737071990967,1.6962889432907104,0.39443838596343994,0.8931231498718262,0.860382080078125,0.7861328125,0.649017333984375,0.18698474764823914,0.49606823921203613
year,NLL,Cov90,0.18,0.1,0.2,0.8,0.25,2.0,0.85,1.3018505573272705,2.1949737071990967,1.9994235038757324,0.6975729465484619,0.8931231498718262,0.860382080078125,0.793304443359375,0.649017333984375,0.010605553165078163,0.5159754157066345
year,NLL,Cov90,0.18,0.1,0.2,0.8,0.5,1.0,-1.0,1.3018505573272705,2.1949737071990967,1.4866266250610352,0.18477606773376465,0.8931231498718262,0.860382080078125,0.823760986328125,0.649017333984375,0.3238222897052765,0.451141893863678
year,NLL,Cov90,0.18,0.1,0.2,0.8,0.5,1.0,0.85,1.3018505573272705,2.1949737071990967,2.1777701377868652,0.8759195804595947,0.8931231498718262,0.860382080078125,0.79010009765625,0.649017333984375,0.04772976040840149,0.45851755142211914
year,NLL,Cov90,0.18,0.1,0.2,0.8,0.5,2.0,-1.0,1.3018505573272705,2.1949737071990967,1.6256659030914307,0.32381534576416016,0.8931231498718262,0.860382080078125,0.821624755859375,0.649017333984375,0.20598678290843964,0.4223775863647461
year,NLL,Cov90,0.18,0.1,0.2,0.8,0.5,2.0,0.85,1.3018505573272705,2.1949737071990967,1.8678959608078003,0.5660454034805298,0.8931231498718262,0.860382080078125,0.79718017578125,0.649017333984375,0.010296747088432312,0.5054766535758972
year,NLL,Cov90,0.28,0.02,0.0,0.8,0.25,1.0,-1.0,1.3018505573272705,2.1949737071990967,1.771392583847046,0.4695420265197754,0.8931231498718262,0.860382080078125,0.78643798828125,0.649017333984375,0.9945343732833862,0.0015427651815116405
year,NLL,Cov90,0.28,0.02,0.0,0.8,0.25,1.0,0.85,1.3018505573272705,2.1949737071990967,1.595433235168457,0.2935826778411865,0.8931231498718262,0.860382080078125,0.8062744140625,0.649017333984375,0.9944175481796265,0.0015743790427222848
year,NLL,Cov90,0.28,0.02,0.0,0.8,0.25,2.0,-1.0,1.3018505573272705,2.1949737071990967,1.7857680320739746,0.4839174747467041,0.8931231498718262,0.860382080078125,0.787689208984375,0.649017333984375,0.9889468550682068,0.0015687255654484034
year,NLL,Cov90,0.28,0.02,0.0,0.8,0.25,2.0,0.85,1.3018505573272705,2.1949737071990967,1.8289672136306763,0.5271166563034058,0.8931231498718262,0.860382080078125,0.776153564453125,0.649017333984375,0.9890080690383911,0.0015590183902531862
year,NLL,Cov90,0.28,0.02,0.0,0.8,0.5,1.0,-1.0,1.3018505573272705,2.1949737071990967,1.632912516593933,0.3310619592666626,0.8931231498718262,0.860382080078125,0.8001708984375,0.649017333984375,0.9948649406433105,0.0014467414002865553
year,NLL,Cov90,0.28,0.02,0.0,0.8,0.5,1.0,0.85,1.3018505573272705,2.1949737071990967,1.5628504753112793,0.2609999179840088,0.8931231498718262,0.860382080078125,0.8084716796875,0.649017333984375,0.9949176907539368,0.0014325440861284733
year,NLL,Cov90,0.28,0.02,0.0,0.8,0.5,2.0,-1.0,1.3018505573272705,2.1949737071990967,1.4967337846755981,0.19488322734832764,0.8931231498718262,0.860382080078125,0.81976318359375,0.649017333984375,0.9900498390197754,0.0014097834937274456
year,NLL,Cov90,0.28,0.02,0.0,0.8,0.5,2.0,0.85,1.3018505573272705,2.1949737071990967,1.5969738960266113,0.2951233386993408,0.8931231498718262,0.860382080078125,0.812286376953125,0.649017333984375,0.9915149211883545,0.0012012163642793894
year,NLL,Cov90,0.28,0.02,0.1,0.8,0.25,1.0,-1.0,1.3018505573272705,2.1949737071990967,1.8091198205947876,0.5072692632675171,0.8931231498718262,0.860382080078125,0.779327392578125,0.649017333984375,0.5850746035575867,0.2882627844810486
year,NLL,Cov90,0.28,0.02,0.1,0.8,0.25,1.0,0.85,1.3018505573272705,2.1949737071990967,1.994323492050171,0.6924729347229004,0.8931231498718262,0.860382080078125,0.779693603515625,0.649017333984375,0.22529663145542145,0.34620118141174316
year,NLL,Cov90,0.28,0.02,0.1,0.8,0.25,2.0,-1.0,1.3018505573272705,2.1949737071990967,1.728001356124878,0.4261507987976074,0.8931231498718262,0.860382080078125,0.780914306640625,0.649017333984375,0.44473618268966675,0.27814245223999023
year,NLL,Cov90,0.28,0.02,0.1,0.8,0.25,2.0,0.85,1.3018505573272705,2.1949737071990967,1.9512991905212402,0.6494486331939697,0.8931231498718262,0.860382080078125,0.788330078125,0.649017333984375,0.11348576843738556,0.24857079982757568
year,NLL,Cov90,0.28,0.02,0.1,0.8,0.5,1.0,-1.0,1.3018505573272705,2.1949737071990967,1.5937228202819824,0.2918722629547119,0.8931231498718262,0.860382080078125,0.80621337890625,0.649017333984375,0.6028018593788147,0.262987345457077
year,NLL,Cov90,0.28,0.02,0.1,0.8,0.5,1.0,0.85,1.3018505573272705,2.1949737071990967,1.7322877645492554,0.43043720722198486,0.8931231498718262,0.860382080078125,0.7955322265625,0.649017333984375,0.2720186710357666,0.23603509366512299
year,NLL,Cov90,0.28,0.02,0.1,0.8,0.5,2.0,-1.0,1.3018505573272705,2.1949737071990967,1.4264683723449707,0.1246178150177002,0.8931231498718262,0.860382080078125,0.82745361328125,0.649017333984375,0.47293367981910706,0.22067394852638245
year,NLL,Cov90,0.28,0.02,0.1,0.8,0.5,2.0,0.85,1.3018505573272705,2.1949737071990967,2.0746424198150635,0.772791862487793,0.8931231498718262,0.860382080078125,0.794219970703125,0.649017333984375,0.11524880677461624,0.28858938813209534
year,NLL,Cov90,0.28,0.02,0.2,0.8,0.25,1.0,-1.0,1.3018505573272705,2.1949737071990967,1.9557609558105469,0.6539103984832764,0.8931231498718262,0.860382080078125,0.7784423828125,0.649017333984375,0.4326045513153076,0.5113840103149414
year,NLL,Cov90,0.28,0.02,0.2,0.8,0.25,1.0,0.85,1.3018505573272705,2.1949737071990967,2.070695161819458,0.7688446044921875,0.8931231498718262,0.860382080078125,0.774993896484375,0.649017333984375,0.10711338371038437,0.5016226172447205
year,NLL,Cov90,0.28,0.02,0.2,0.8,0.25,2.0,-1.0,1.3018505573272705,2.1949737071990967,1.798536777496338,0.4966862201690674,0.8931231498718262,0.860382080078125,0.793731689453125,0.649017333984375,0.27580660581588745,0.5000211000442505
year,NLL,Cov90,0.28,0.02,0.2,0.8,0.25,2.0,0.85,1.3018505573272705,2.1949737071990967,2.1453967094421387,0.8435461521148682,0.8931231498718262,0.860382080078125,0.773529052734375,0.649017333984375,0.03126673772931099,0.4920017421245575
year,NLL,Cov90,0.28,0.02,0.2,0.8,0.5,1.0,-1.0,1.3018505573272705,2.1949737071990967,1.7087286710739136,0.40687811374664307,0.8931231498718262,0.860382080078125,0.8150634765625,0.649017333984375,0.45434650778770447,0.4149329960346222
year,NLL,Cov90,0.28,0.02,0.2,0.8,0.5,1.0,0.85,1.3018505573272705,2.1949737071990967,1.786129355430603,0.4842787981033325,0.8931231498718262,0.860382080078125,0.791290283203125,0.649017333984375,0.09953366965055466,0.4491366744041443
year,NLL,Cov90,0.28,0.02,0.2,0.8,0.5,2.0,-1.0,1.3018505573272705,2.1949737071990967,1.605851411819458,0.3040008544921875,0.8931231498718262,0.860382080078125,0.807952880859375,0.649017333984375,0.2869815230369568,0.4561755061149597
year,NLL,Cov90,0.28,0.02,0.2,0.8,0.5,2.0,0.85,1.3018505573272705,2.1949737071990967,1.923738956451416,0.6218883991241455,0.8931231498718262,0.860382080078125,0.802001953125,0.649017333984375,0.03708842396736145,0.42454400658607483
year,NLL,Cov90,0.28,0.05,0.0,0.8,0.25,1.0,-1.0,1.3018505573272705,2.1949737071990967,1.6567925214767456,0.3549419641494751,0.8931231498718262,0.860382080078125,0.79400634765625,0.649017333984375,0.9654437899589539,0.010106440633535385
year,NLL,Cov90,0.28,0.05,0.0,0.8,0.25,1.0,0.85,1.3018505573272705,2.1949737071990967,1.8269840478897095,0.525133490562439,0.8931231498718262,0.860382080078125,0.77154541015625,0.649017333984375,0.9455245733261108,0.010088860988616943
year,NLL,Cov90,0.28,0.05,0.0,0.8,0.25,2.0,-1.0,1.3018505573272705,2.1949737071990967,1.6281907558441162,0.3263401985168457,0.8931231498718262,0.860382080078125,0.775360107421875,0.649017333984375,0.927531898021698,0.011209895834326744
year,NLL,Cov90,0.28,0.05,0.0,0.8,0.25,2.0,0.85,1.3018505573272705,2.1949737071990967,1.7686023712158203,0.4667518138885498,0.8931231498718262,0.860382080078125,0.777099609375,0.649017333984375,0.8519071936607361,0.010029619559645653
year,NLL,Cov90,0.28,0.05,0.0,0.8,0.5,1.0,-1.0,1.3018505573272705,2.1949737071990967,1.597700834274292,0.2958502769470215,0.8931231498718262,0.860382080078125,0.80926513671875,0.649017333984375,0.9731124043464661,0.007810566574335098
year,NLL,Cov90,0.28,0.05,0.0,0.8,0.5,1.0,0.85,1.3018505573272705,2.1949737071990967,1.5516682863235474,0.24981772899627686,0.8931231498718262,0.860382080078125,0.7960205078125,0.649017333984375,0.9595344066619873,0.008271119557321072
year,NLL,Cov90,0.28,0.05,0.0,0.8,0.5,2.0,-1.0,1.3018505573272705,2.1949737071990967,1.5708950757980347,0.26904451847076416,0.8931231498718262,0.860382080078125,0.811676025390625,0.649017333984375,0.9415266513824463,0.008843444287776947
year,NLL,Cov90,0.28,0.05,0.0,0.8,0.5,2.0,0.85,1.3018505573272705,2.1949737071990967,1.6947938203811646,0.39294326305389404,0.8931231498718262,0.860382080078125,0.799591064453125,0.649017333984375,0.8987478613853455,0.007644400000572205
year,NLL,Cov90,0.28,0.05,0.1,0.8,0.25,1.0,-1.0,1.3018505573272705,2.1949737071990967,1.7465486526489258,0.4446980953216553,0.8931231498718262,0.860382080078125,0.79327392578125,0.649017333984375,0.5909543037414551,0.2603197395801544
year,NLL,Cov90,0.28,0.05,0.1,0.8,0.25,1.0,0.85,1.3018505573272705,2.1949737071990967,1.7065516710281372,0.4047011137008667,0.8931231498718262,0.860382080078125,0.79339599609375,0.649017333984375,0.19968706369400024,0.30374687910079956
year,NLL,Cov90,0.28,0.05,0.1,0.8,0.25,2.0,-1.0,1.3018505573272705,2.1949737071990967,1.9704383611679077,0.6685878038406372,0.8931231498718262,0.860382080078125,0.756195068359375,0.649017333984375,0.42192542552948,0.3630409836769104
year,NLL,Cov90,0.28,0.05,0.1,0.8,0.25,2.0,0.85,1.3018505573272705,2.1949737071990967,1.8703935146331787,0.5685429573059082,0.8931231498718262,0.860382080078125,0.784881591796875,0.649017333984375,0.11370357125997543,0.26777926087379456
year,NLL,Cov90,0.28,0.05,0.1,0.8,0.5,1.0,-1.0,1.3018505573272705,2.1949737071990967,1.7050251960754395,0.40317463874816895,0.8931231498718262,0.860382080078125,0.801544189453125,0.649017333984375,0.6139109134674072,0.23748357594013214
year,NLL,Cov90,0.28,0.05,0.1,0.8,0.5,1.0,0.85,1.3018505573272705,2.1949737071990967,1.922257900238037,0.6204073429107666,0.8931231498718262,0.860382080078125,0.777130126953125,0.649017333984375,0.22486014664173126,0.28309309482574463
year,NLL,Cov90,0.28,0.05,0.1,0.8,0.5,2.0,-1.0,1.3018505573272705,2.1949737071990967,1.5823488235473633,0.2804982662200928,0.8931231498718262,0.860382080078125,0.80584716796875,0.649017333984375,0.45429059863090515,0.23714543879032135
year,NLL,Cov90,0.28,0.05,0.1,0.8,0.5,2.0,0.85,1.3018505573272705,2.1949737071990967,1.792191743850708,0.4903411865234375,0.8931231498718262,0.860382080078125,0.795501708984375,0.649017333984375,0.12075024098157883,0.2982496917247772
year,NLL,Cov90,0.28,0.05,0.2,0.8,0.25,1.0,-1.0,1.3018505573272705,2.1949737071990967,1.9647679328918457,0.6629173755645752,0.8931231498718262,0.860382080078125,0.787811279296875,0.649017333984375,0.4370989501476288,0.5011016130447388
year,NLL,Cov90,0.28,0.05,0.2,0.8,0.25,1.0,0.85,1.3018505573272705,2.1949737071990967,1.966531753540039,0.6646811962127686,0.8931231498718262,0.860382080078125,0.77655029296875,0.649017333984375,0.09388428926467896,0.5240558385848999
year,NLL,Cov90,0.28,0.05,0.2,0.8,0.25,2.0,-1.0,1.3018505573272705,2.1949737071990967,2.039510488510132,0.7376599311828613,0.8931231498718262,0.860382080078125,0.776092529296875,0.649017333984375,0.2595902681350708,0.48542267084121704
year,NLL,Cov90,0.28,0.05,0.2,0.8,0.25,2.0,0.85,1.3018505573272705,2.1949737071990967,1.7877055406570435,0.48585498332977295,0.8931231498718262,0.860382080078125,0.7828369140625,0.649017333984375,0.04575131833553314,0.484918475151062
year,NLL,Cov90,0.28,0.05,0.2,0.8,0.5,1.0,-1.0,1.3018505573272705,2.1949737071990967,1.5168986320495605,0.21504807472229004,0.8931231498718262,0.860382080078125,0.816253662109375,0.649017333984375,0.45149534940719604,0.42997655272483826
year,NLL,Cov90,0.28,0.05,0.2,0.8,0.5,1.0,0.85,1.3018505573272705,2.1949737071990967,1.7336982488632202,0.4318476915359497,0.8931231498718262,0.860382080078125,0.805450439453125,0.649017333984375,0.10404084622859955,0.4589470624923706
year,NLL,Cov90,0.28,0.05,0.2,0.8,0.5,2.0,-1.0,1.3018505573272705,2.1949737071990967,1.704477310180664,0.40262675285339355,0.8931231498718262,0.860382080078125,0.80242919921875,0.649017333984375,0.29296573996543884,0.44884756207466125
year,NLL,Cov90,0.28,0.05,0.2,0.8,0.5,2.0,0.85,1.3018505573272705,2.1949737071990967,1.9028414487838745,0.600990891456604,0.8931231498718262,0.860382080078125,0.783111572265625,0.649017333984375,0.04264600947499275,0.4721222519874573
year,NLL,Cov90,0.28,0.1,0.0,0.8,0.25,1.0,-1.0,1.3018505573272705,2.1949737071990967,1.7257620096206665,0.423911452293396,0.8931231498718262,0.860382080078125,0.783721923828125,0.649017333984375,0.8942739367485046,0.03470674529671669
year,NLL,Cov90,0.28,0.1,0.0,0.8,0.25,1.0,0.85,1.3018505573272705,2.1949737071990967,1.7314443588256836,0.4295938014984131,0.8931231498718262,0.860382080078125,0.79736328125,0.649017333984375,0.6801973581314087,0.039676085114479065
year,NLL,Cov90,0.28,0.1,0.0,0.8,0.25,2.0,-1.0,1.3018505573272705,2.1949737071990967,1.7244949340820312,0.42264437675476074,0.8931231498718262,0.860382080078125,0.790435791015625,0.649017333984375,0.7929701805114746,0.040711794048547745
year,NLL,Cov90,0.28,0.1,0.0,0.8,0.25,2.0,0.85,1.3018505573272705,2.1949737071990967,1.8381282091140747,0.5362776517868042,0.8931231498718262,0.860382080078125,0.77777099609375,0.649017333984375,0.4692733883857727,0.0387662872672081
year,NLL,Cov90,0.28,0.1,0.0,0.8,0.5,1.0,-1.0,1.3018505573272705,2.1949737071990967,1.5653302669525146,0.26347970962524414,0.8931231498718262,0.860382080078125,0.810028076171875,0.649017333984375,0.8984525203704834,0.03300344944000244
year,NLL,Cov90,0.28,0.1,0.0,0.8,0.5,1.0,0.85,1.3018505573272705,2.1949737071990967,1.650113821029663,0.3482632637023926,0.8931231498718262,0.860382080078125,0.809173583984375,0.649017333984375,0.6990410685539246,0.03671121597290039
year,NLL,Cov90,0.28,0.1,0.0,0.8,0.5,2.0,-1.0,1.3018505573272705,2.1949737071990967,1.545415997505188,0.24356544017791748,0.8931231498718262,0.860382080078125,0.808746337890625,0.649017333984375,0.8127511143684387,0.03480086103081703
year,NLL,Cov90,0.28,0.1,0.0,0.8,0.5,2.0,0.85,1.3018505573272705,2.1949737071990967,1.562913179397583,0.2610626220703125,0.8931231498718262,0.860382080078125,0.8082275390625,0.649017333984375,0.515863299369812,0.03503388166427612
year,NLL,Cov90,0.28,0.1,0.1,0.8,0.25,1.0,-1.0,1.3018505573272705,2.1949737071990967,1.7672746181488037,0.4654240608215332,0.8931231498718262,0.860382080078125,0.785491943359375,0.649017333984375,0.5371224880218506,0.31606703996658325
year,NLL,Cov90,0.28,0.1,0.1,0.8,0.25,1.0,0.85,1.3018505573272705,2.1949737071990967,2.0833213329315186,0.781470775604248,0.8931231498718262,0.860382080078125,0.77166748046875,0.649017333984375,0.1630532443523407,0.3154636025428772
year,NLL,Cov90,0.28,0.1,0.1,0.8,0.25,2.0,-1.0,1.3018505573272705,2.1949737071990967,1.8398942947387695,0.538043737411499,0.8931231498718262,0.860382080078125,0.786895751953125,0.649017333984375,0.38170531392097473,0.3464733064174652
year,NLL,Cov90,0.28,0.1,0.1,0.8,0.25,2.0,0.85,1.3018505573272705,2.1949737071990967,1.9689749479293823,0.6671243906021118,0.8931231498718262,0.860382080078125,0.774871826171875,0.649017333984375,0.0741119533777237,0.31796666979789734
year,NLL,Cov90,0.28,0.1,0.1,0.8,0.5,1.0,-1.0,1.3018505573272705,2.1949737071990967,1.6311695575714111,0.3293190002441406,0.8931231498718262,0.860382080078125,0.823272705078125,0.649017333984375,0.5942698121070862,0.24906113743782043
year,NLL,Cov90,0.28,0.1,0.1,0.8,0.5,1.0,0.85,1.3018505573272705,2.1949737071990967,1.6743457317352295,0.372495174407959,0.8931231498718262,0.860382080078125,0.80810546875,0.649017333984375,0.2144586145877838,0.2835804522037506
year,NLL,Cov90,0.28,0.1,0.1,0.8,0.5,2.0,-1.0,1.3018505573272705,2.1949737071990967,1.6661608219146729,0.36431026458740234,0.8931231498718262,0.860382080078125,0.809478759765625,0.649017333984375,0.394401490688324,0.31457778811454773
year,NLL,Cov90,0.28,0.1,0.1,0.8,0.5,2.0,0.85,1.3018505573272705,2.1949737071990967,1.8231700658798218,0.5213195085525513,0.8931231498718262,0.860382080078125,0.793487548828125,0.649017333984375,0.07412358373403549,0.3017280101776123
year,NLL,Cov90,0.28,0.1,0.2,0.8,0.25,1.0,-1.0,1.3018505573272705,2.1949737071990967,1.818879246711731,0.5170286893844604,0.8931231498718262,0.860382080078125,0.782135009765625,0.649017333984375,0.40148353576660156,0.48320719599723816
year,NLL,Cov90,0.28,0.1,0.2,0.8,0.25,1.0,0.85,1.3018505573272705,2.1949737071990967,1.9959020614624023,0.6940515041351318,0.8931231498718262,0.860382080078125,0.787811279296875,0.649017333984375,0.085615374147892,0.5757809281349182
year,NLL,Cov90,0.28,0.1,0.2,0.8,0.25,2.0,-1.0,1.3018505573272705,2.1949737071990967,2.0448248386383057,0.7429742813110352,0.8931231498718262,0.860382080078125,0.787750244140625,0.649017333984375,0.2322719693183899,0.5778817534446716
year,NLL,Cov90,0.28,0.1,0.2,0.8,0.25,2.0,0.85,1.3018505573272705,2.1949737071990967,2.0289456844329834,0.7270951271057129,0.8931231498718262,0.860382080078125,0.77557373046875,0.649017333984375,0.026319662109017372,0.5358254909515381
year,NLL,Cov90,0.28,0.1,0.2,0.8,0.5,1.0,-1.0,1.3018505573272705,2.1949737071990967,1.531485676765442,0.2296351194381714,0.8931231498718262,0.860382080078125,0.821044921875,0.649017333984375,0.46086040139198303,0.38728249073028564
year,NLL,Cov90,0.28,0.1,0.2,0.8,0.5,1.0,0.85,1.3018505573272705,2.1949737071990967,1.7786051034927368,0.4767545461654663,0.8931231498718262,0.860382080078125,0.801666259765625,0.649017333984375,0.08771774917840958,0.49197083711624146
year,NLL,Cov90,0.28,0.1,0.2,0.8,0.5,2.0,-1.0,1.3018505573272705,2.1949737071990967,1.5473501682281494,0.2454996109008789,0.8931231498718262,0.860382080078125,0.8189697265625,0.649017333984375,0.294890820980072,0.4255533218383789
year,NLL,Cov90,0.28,0.1,0.2,0.8,0.5,2.0,0.85,1.3018505573272705,2.1949737071990967,2.096546173095703,0.7946956157684326,0.8931231498718262,0.860382080078125,0.809783935546875,0.649017333984375,0.031762219965457916,0.5180892944335938
higgs_public,NLL_OOD,Cov90_OOD,0.12,0.02,0.0,0.4,0.25,1.0,-1.0,3.2778522968292236,285.99285888671875,4.2706298828125,0.9927775859832764,282.7150065898895,0.6563720703125,0.636474609375,0.257568359375,0.9866816997528076,0.0016421906184405088
higgs_public,NLL_OOD,Cov90_OOD,0.12,0.02,0.0,0.4,0.25,1.0,0.85,3.2778522968292236,285.99285888671875,4.113945960998535,0.8360936641693115,282.7150065898895,0.6563720703125,0.658203125,0.257568359375,0.9837493300437927,0.0016420682659372687
higgs_public,NLL_OOD,Cov90_OOD,0.12,0.02,0.0,0.4,0.25,2.0,-1.0,3.2778522968292236,285.99285888671875,4.187389373779297,0.9095370769500732,282.7150065898895,0.6563720703125,0.6383056640625,0.257568359375,0.9739454984664917,0.001644407631829381
higgs_public,NLL_OOD,Cov90_OOD,0.12,0.02,0.0,0.4,0.25,2.0,0.85,3.2778522968292236,285.99285888671875,4.572770595550537,1.2949182987213135,282.7150065898895,0.6563720703125,0.624755859375,0.257568359375,0.9552595615386963,0.001630946178920567
higgs_public,NLL_OOD,Cov90_OOD,0.12,0.02,0.0,0.4,0.5,1.0,-1.0,3.2778522968292236,285.99285888671875,3.981593132019043,0.7037408351898193,282.7150065898895,0.6563720703125,0.6407470703125,0.257568359375,0.9867712259292603,0.0016293117078021169
higgs_public,NLL_OOD,Cov90_OOD,0.12,0.02,0.0,0.4,0.5,1.0,0.85,3.2778522968292236,285.99285888671875,4.2965497970581055,1.0186975002288818,282.7150065898895,0.6563720703125,0.6400146484375,0.257568359375,0.9835871458053589,0.0016574664041399956
higgs_public,NLL_OOD,Cov90_OOD,0.12,0.02,0.0,0.4,0.5,2.0,-1.0,3.2778522968292236,285.99285888671875,4.496493816375732,1.2186415195465088,282.7150065898895,0.6563720703125,0.627197265625,0.257568359375,0.9740748405456543,0.001637980341911316
higgs_public,NLL_OOD,Cov90_OOD,0.12,0.02,0.0,0.4,0.5,2.0,0.85,3.2778522968292236,285.99285888671875,4.001234531402588,0.7233822345733643,282.7150065898895,0.6563720703125,0.6492919921875,0.257568359375,0.9559035897254944,0.0016529089771211147
higgs_public,NLL_OOD,Cov90_OOD,0.12,0.02,0.1,0.4,0.25,1.0,-1.0,3.2778522968292236,285.99285888671875,4.246608257293701,0.9687559604644775,282.7150065898895,0.6563720703125,0.6190185546875,0.257568359375,0.6059879660606384,0.16132181882858276
higgs_public,NLL_OOD,Cov90_OOD,0.12,0.02,0.1,0.4,0.25,1.0,0.85,3.2778522968292236,285.99285888671875,4.768942356109619,1.4910900592803955,282.7150065898895,0.6563720703125,0.605712890625,0.257568359375,0.3022443354129791,0.1614830493927002
higgs_public,NLL_OOD,Cov90_OOD,0.12,0.02,0.1,0.4,0.25,2.0,-1.0,3.2778522968292236,285.99285888671875,4.131691932678223,0.853839635848999,282.7150065898895,0.6563720703125,0.6256103515625,0.257568359375,0.47932037711143494,0.15784859657287598
higgs_public,NLL_OOD,Cov90_OOD,0.12,0.02,0.1,0.4,0.25,2.0,0.85,3.2778522968292236,285.99285888671875,4.190895080566406,0.9130427837371826,282.7150065898895,0.6563720703125,0.6375732421875,0.257568359375,0.18337354063987732,0.15869569778442383
higgs_public,NLL_OOD,Cov90_OOD,0.12,0.02,0.1,0.4,0.5,1.0,-1.0,3.2778522968292236,285.99285888671875,4.047626495361328,0.7697741985321045,282.7150065898895,0.6563720703125,0.627197265625,0.257568359375,0.605565071105957,0.1626700609922409
higgs_public,NLL_OOD,Cov90_OOD,0.12,0.02,0.1,0.4,0.5,1.0,0.85,3.2778522968292236,285.99285888671875,4.164984703063965,0.8871324062347412,282.7150065898895,0.6563720703125,0.61865234375,0.257568359375,0.30285897850990295,0.15988653898239136
higgs_public,NLL_OOD,Cov90_OOD,0.12,0.02,0.1,0.4,0.5,2.0,-1.0,3.2778522968292236,285.99285888671875,3.7340846061706543,0.45623230934143066,282.7150065898895,0.6563720703125,0.62744140625,0.257568359375,0.47683316469192505,0.16003745794296265
higgs_public,NLL_OOD,Cov90_OOD,0.12,0.02,0.1,0.4,0.5,2.0,0.85,3.2778522968292236,285.99285888671875,3.9582326412200928,0.6803803443908691,282.7150065898895,0.6563720703125,0.6370849609375,0.257568359375,0.17859084904193878,0.16383472084999084
higgs_public,NLL_OOD,Cov90_OOD,0.12,0.02,0.2,0.4,0.25,1.0,-1.0,3.2778522968292236,285.99285888671875,4.205178260803223,0.927325963973999,282.7150065898895,0.6563720703125,0.6041259765625,0.257568359375,0.45677250623703003,0.3197019100189209
higgs_public,NLL_OOD,Cov90_OOD,0.12,0.02,0.2,0.4,0.25,1.0,0.85,3.2778522968292236,285.99285888671875,4.671041488647461,1.3931891918182373,282.7150065898895,0.6563720703125,0.6043701171875,0.257568359375,0.1460130661725998,0.320963054895401
higgs_public,NLL_OOD,Cov90_OOD,0.12,0.02,0.2,0.4,0.25,2.0,-1.0,3.2778522968292236,285.99285888671875,4.312030792236328,1.0341784954071045,282.7150065898895,0.6563720703125,0.606689453125,0.257568359375,0.31982284784317017,0.32165035605430603
higgs_public,NLL_OOD,Cov90_OOD,0.12,0.02,0.2,0.4,0.25,2.0,0.85,3.2778522968292236,285.99285888671875,4.58997917175293,1.312126874923706,282.7150065898895,0.6563720703125,0.6046142578125,0.257568359375,0.06677725166082382,0.32084450125694275
higgs_public,NLL_OOD,Cov90_OOD,0.12,0.02,0.2,0.4,0.5,1.0,-1.0,3.2778522968292236,285.99285888671875,3.9166033267974854,0.6387510299682617,282.7150065898895,0.6563720703125,0.6136474609375,0.257568359375,0.4589320421218872,0.3229341506958008
higgs_public,NLL_OOD,Cov90_OOD,0.12,0.02,0.2,0.4,0.5,1.0,0.85,3.2778522968292236,285.99285888671875,3.9533395767211914,0.6754872798919678,282.7150065898895,0.6563720703125,0.6170654296875,0.257568359375,0.14535006880760193,0.3221147954463959
higgs_public,NLL_OOD,Cov90_OOD,0.12,0.02,0.2,0.4,0.5,2.0,-1.0,3.2778522968292236,285.99285888671875,4.029498100280762,0.7516458034515381,282.7150065898895,0.6563720703125,0.610107421875,0.257568359375,0.3211633861064911,0.32311660051345825
higgs_public,NLL_OOD,Cov90_OOD,0.12,0.02,0.2,0.4,0.5,2.0,0.85,3.2778522968292236,285.99285888671875,4.338918209075928,1.061065912246704,282.7150065898895,0.6563720703125,0.6138916015625,0.257568359375,0.06824053823947906,0.3225087523460388
higgs_public,NLL_OOD,Cov90_OOD,0.12,0.05,0.0,0.4,0.25,1.0,-1.0,3.2778522968292236,285.99285888671875,4.5799360275268555,1.3020837306976318,282.7150065898895,0.6563720703125,0.6409912109375,0.257568359375,0.9257789254188538,0.01035375613719225
higgs_public,NLL_OOD,Cov90_OOD,0.12,0.05,0.0,0.4,0.25,1.0,0.85,3.2778522968292236,285.99285888671875,4.575109958648682,1.297257661819458,282.7150065898895,0.6563720703125,0.638671875,0.257568359375,0.8234003782272339,0.010300964117050171
higgs_public,NLL_OOD,Cov90_OOD,0.12,0.05,0.0,0.4,0.25,2.0,-1.0,3.2778522968292236,285.99285888671875,4.452800750732422,1.1749484539031982,282.7150065898895,0.6563720703125,0.6385498046875,0.257568359375,0.8680919408798218,0.010325458832085133
higgs_public,NLL_OOD,Cov90_OOD,0.12,0.05,0.0,0.4,0.25,2.0,0.85,3.2778522968292236,285.99285888671875,4.559051513671875,1.2811992168426514,282.7150065898895,0.6563720703125,0.6363525390625,0.257568359375,0.6831952929496765,0.01031061913818121
higgs_public,NLL_OOD,Cov90_OOD,0.12,0.05,0.0,0.4,0.5,1.0,-1.0,3.2778522968292236,285.99285888671875,4.298609733581543,1.0207574367523193,282.7150065898895,0.6563720703125,0.634521484375,0.257568359375,0.9257827997207642,0.01034317072480917
higgs_public,NLL_OOD,Cov90_OOD,0.12,0.05,0.0,0.4,0.5,1.0,0.85,3.2778522968292236,285.99285888671875,4.026844024658203,0.7489917278289795,282.7150065898895,0.6563720703125,0.6358642578125,0.257568359375,0.8202589750289917,0.010376463644206524
higgs_public,NLL_OOD,Cov90_OOD,0.12,0.05,0.0,0.4,0.5,2.0,-1.0,3.2778522968292236,285.99285888671875,4.27761697769165,0.9997646808624268,282.7150065898895,0.6563720703125,0.6414794921875,0.257568359375,0.8695464134216309,0.010203343816101551
higgs_public,NLL_OOD,Cov90_OOD,0.12,0.05,0.0,0.4,0.5,2.0,0.85,3.2778522968292236,285.99285888671875,4.279902458190918,1.0020501613616943,282.7150065898895,0.6563720703125,0.64501953125,0.257568359375,0.6834499835968018,0.010385260917246342
higgs_public,NLL_OOD,Cov90_OOD,0.12,0.05,0.1,0.4,0.25,1.0,-1.0,3.2778522968292236,285.99285888671875,4.497156620025635,1.2193043231964111,282.7150065898895,0.6563720703125,0.6102294921875,0.257568359375,0.5892419815063477,0.1659674048423767
higgs_public,NLL_OOD,Cov90_OOD,0.12,0.05,0.1,0.4,0.25,1.0,0.85,3.2778522968292236,285.99285888671875,4.248827934265137,0.9709756374359131,282.7150065898895,0.6563720703125,0.61669921875,0.257568359375,0.2754442095756531,0.17038530111312866
higgs_public,NLL_OOD,Cov90_OOD,0.12,0.05,0.1,0.4,0.25,2.0,-1.0,3.2778522968292236,285.99285888671875,4.495398044586182,1.217545747756958,282.7150065898895,0.6563720703125,0.6064453125,0.257568359375,0.4537796378135681,0.16543066501617432
higgs_public,NLL_OOD,Cov90_OOD,0.12,0.05,0.1,0.4,0.25,2.0,0.85,3.2778522968292236,285.99285888671875,4.650117874145508,1.3722655773162842,282.7150065898895,0.6563720703125,0.62353515625,0.257568359375,0.15625165402889252,0.1664099097251892
higgs_public,NLL_OOD,Cov90_OOD,0.12,0.05,0.1,0.4,0.5,1.0,-1.0,3.2778522968292236,285.99285888671875,3.9564294815063477,0.678577184677124,282.7150065898895,0.6563720703125,0.62939453125,0.257568359375,0.5893282294273376,0.16573962569236755
higgs_public,NLL_OOD,Cov90_OOD,0.12,0.05,0.1,0.4,0.5,1.0,0.85,3.2778522968292236,285.99285888671875,3.9521329402923584,0.6742806434631348,282.7150065898895,0.6563720703125,0.635009765625,0.257568359375,0.2802945375442505,0.1682385802268982
higgs_public,NLL_OOD,Cov90_OOD,0.12,0.05,0.1,0.4,0.5,2.0,-1.0,3.2778522968292236,285.99285888671875,3.8923041820526123,0.6144518852233887,282.7150065898895,0.6563720703125,0.629638671875,0.257568359375,0.456422358751297,0.1674099564552307
higgs_public,NLL_OOD,Cov90_OOD,0.12,0.05,0.1,0.4,0.5,2.0,0.85,3.2778522968292236,285.99285888671875,3.7065725326538086,0.42872023582458496,282.7150065898895,0.6563720703125,0.641357421875,0.257568359375,0.16004076600074768,0.16514849662780762
higgs_public,NLL_OOD,Cov90_OOD,0.12,0.05,0.2,0.4,0.25,1.0,-1.0,3.2778522968292236,285.99285888671875,4.099302291870117,0.8214499950408936,282.7150065898895,0.6563720703125,0.6207275390625,0.257568359375,0.44854575395584106,0.32567834854125977
higgs_public,NLL_OOD,Cov90_OOD,0.12,0.05,0.2,0.4,0.25,1.0,0.85,3.2778522968292236,285.99285888671875,4.574258804321289,1.2964065074920654,282.7150065898895,0.6563720703125,0.6146240234375,0.257568359375,0.14116016030311584,0.3261417746543884
higgs_public,NLL_OOD,Cov90_OOD,0.12,0.05,0.2,0.4,0.25,2.0,-1.0,3.2778522968292236,285.99285888671875,4.358382701873779,1.0805304050445557,282.7150065898895,0.6563720703125,0.6051025390625,0.257568359375,0.311126708984375,0.32861775159835815
higgs_public,NLL_OOD,Cov90_OOD,0.12,0.05,0.2,0.4,0.25,2.0,0.85,3.2778522968292236,285.99285888671875,4.048640727996826,0.7707884311676025,282.7150065898895,0.6563720703125,0.617919921875,0.257568359375,0.06422743946313858,0.324917733669281
higgs_public,NLL_OOD,Cov90_OOD,0.12,0.05,0.2,0.4,0.5,1.0,-1.0,3.2778522968292236,285.99285888671875,3.884923219680786,0.6070709228515625,282.7150065898895,0.6563720703125,0.611572265625,0.257568359375,0.44700169563293457,0.3272416889667511
higgs_public,NLL_OOD,Cov90_OOD,0.12,0.05,0.2,0.4,0.5,1.0,0.85,3.2778522968292236,285.99285888671875,3.9958906173706055,0.7180383205413818,282.7150065898895,0.6563720703125,0.62158203125,0.257568359375,0.13953247666358948,0.3256220519542694
higgs_public,NLL_OOD,Cov90_OOD,0.12,0.05,0.2,0.4,0.5,2.0,-1.0,3.2778522968292236,285.99285888671875,3.844080686569214,0.5662283897399902,282.7150065898895,0.6563720703125,0.6239013671875,0.257568359375,0.3101103901863098,0.32664069533348083
higgs_public,NLL_OOD,Cov90_OOD,0.12,0.05,0.2,0.4,0.5,2.0,0.85,3.2778522968292236,285.99285888671875,4.045206069946289,0.7673537731170654,282.7150065898895,0.6563720703125,0.635498046875,0.257568359375,0.0651550441980362,0.3257908821105957
higgs_public,NLL_OOD,Cov90_OOD,0.12,0.1,0.0,0.4,0.25,1.0,-1.0,3.2778522968292236,285.99285888671875,4.5318450927734375,1.2539927959442139,282.7150065898895,0.6563720703125,0.639404296875,0.257568359375,0.779052734375,0.0417364165186882
higgs_public,NLL_OOD,Cov90_OOD,0.12,0.1,0.0,0.4,0.25,1.0,0.85,3.2778522968292236,285.99285888671875,4.5311737060546875,1.2533214092254639,282.7150065898895,0.6563720703125,0.63427734375,0.257568359375,0.5088585615158081,0.04159453883767128
higgs_public,NLL_OOD,Cov90_OOD,0.12,0.1,0.0,0.4,0.25,2.0,-1.0,3.2778522968292236,285.99285888671875,4.33418083190918,1.056328535079956,282.7150065898895,0.6563720703125,0.6395263671875,0.257568359375,0.663719117641449,0.04156173765659332
higgs_public,NLL_OOD,Cov90_OOD,0.12,0.1,0.0,0.4,0.25,2.0,0.85,3.2778522968292236,285.99285888671875,4.267192363739014,0.98934006690979,282.7150065898895,0.6563720703125,0.6396484375,0.257568359375,0.3414716124534607,0.04210253804922104
higgs_public,NLL_OOD,Cov90_OOD,0.12,0.1,0.0,0.4,0.5,1.0,-1.0,3.2778522968292236,285.99285888671875,4.181374549865723,0.903522253036499,282.7150065898895,0.6563720703125,0.64208984375,0.257568359375,0.7784984111785889,0.042522698640823364
higgs_public,NLL_OOD,Cov90_OOD,0.12,0.1,0.0,0.4,0.5,1.0,0.85,3.2778522968292236,285.99285888671875,4.098918914794922,0.8210666179656982,282.7150065898895,0.6563720703125,0.64111328125,0.257568359375,0.5088672637939453,0.042372554540634155
higgs_public,NLL_OOD,Cov90_OOD,0.12,0.1,0.0,0.4,0.5,2.0,-1.0,3.2778522968292236,285.99285888671875,4.126108169555664,0.8482558727264404,282.7150065898895,0.6563720703125,0.64453125,0.257568359375,0.6621269583702087,0.041793711483478546
higgs_public,NLL_OOD,Cov90_OOD,0.12,0.1,0.0,0.4,0.5,2.0,0.85,3.2778522968292236,285.99285888671875,4.159976005554199,0.8821237087249756,282.7150065898895,0.6563720703125,0.6436767578125,0.257568359375,0.34071385860443115,0.042566459625959396
higgs_public,NLL_OOD,Cov90_OOD,0.12,0.1,0.1,0.4,0.25,1.0,-1.0,3.2778522968292236,285.99285888671875,4.575390815734863,1.2975385189056396,282.7150065898895,0.6563720703125,0.61767578125,0.257568359375,0.5341323614120483,0.19059418141841888
higgs_public,NLL_OOD,Cov90_OOD,0.12,0.1,0.1,0.4,0.25,1.0,0.85,3.2778522968292236,285.99285888671875,4.569111347198486,1.2912590503692627,282.7150065898895,0.6563720703125,0.6201171875,0.257568359375,0.21508318185806274,0.1909908503293991
higgs_public,NLL_OOD,Cov90_OOD,0.12,0.1,0.1,0.4,0.25,2.0,-1.0,3.2778522968292236,285.99285888671875,4.347642421722412,1.0697901248931885,282.7150065898895,0.6563720703125,0.6231689453125,0.257568359375,0.395906001329422,0.1917518973350525
higgs_public,NLL_OOD,Cov90_OOD,0.12,0.1,0.1,0.4,0.25,2.0,0.85,3.2778522968292236,285.99285888671875,4.367604732513428,1.089752435684204,282.7150065898895,0.6563720703125,0.629638671875,0.257568359375,0.11633513122797012,0.19042888283729553
higgs_public,NLL_OOD,Cov90_OOD,0.12,0.1,0.1,0.4,0.5,1.0,-1.0,3.2778522968292236,285.99285888671875,3.7702534198760986,0.492401123046875,282.7150065898895,0.6563720703125,0.640869140625,0.257568359375,0.5342891216278076,0.1914922595024109
higgs_public,NLL_OOD,Cov90_OOD,0.12,0.1,0.1,0.4,0.5,1.0,0.85,3.2778522968292236,285.99285888671875,4.1167988777160645,0.8389465808868408,282.7150065898895,0.6563720703125,0.6251220703125,0.257568359375,0.2128935605287552,0.19149231910705566
higgs_public,NLL_OOD,Cov90_OOD,0.12,0.1,0.1,0.4,0.5,2.0,-1.0,3.2778522968292236,285.99285888671875,4.174269676208496,0.8964173793792725,282.7150065898895,0.6563720703125,0.621337890625,0.257568359375,0.3939529061317444,0.19248992204666138
higgs_public,NLL_OOD,Cov90_OOD,0.12,0.1,0.1,0.4,0.5,2.0,0.85,3.2778522968292236,285.99285888671875,4.089620590209961,0.8117682933807373,282.7150065898895,0.6563720703125,0.6246337890625,0.257568359375,0.11396890878677368,0.19180363416671753
higgs_public,NLL_OOD,Cov90_OOD,0.12,0.1,0.2,0.4,0.25,1.0,-1.0,3.2778522968292236,285.99285888671875,4.0326714515686035,0.7548191547393799,282.7150065898895,0.6563720703125,0.6119384765625,0.257568359375,0.4169212579727173,0.3458261489868164
higgs_public,NLL_OOD,Cov90_OOD,0.12,0.1,0.2,0.4,0.25,1.0,0.85,3.2778522968292236,285.99285888671875,4.3182291984558105,1.040376901626587,282.7150065898895,0.6563720703125,0.6104736328125,0.257568359375,0.1180800050497055,0.34147942066192627
higgs_public,NLL_OOD,Cov90_OOD,0.12,0.1,0.2,0.4,0.25,2.0,-1.0,3.2778522968292236,285.99285888671875,4.516884803771973,1.239032506942749,282.7150065898895,0.6563720703125,0.604736328125,0.257568359375,0.2848060131072998,0.34412288665771484
higgs_public,NLL_OOD,Cov90_OOD,0.12,0.1,0.2,0.4,0.25,2.0,0.85,3.2778522968292236,285.99285888671875,4.686331272125244,1.4084789752960205,282.7150065898895,0.6563720703125,0.60400390625,0.257568359375,0.05229451507329941,0.3414623737335205
higgs_public,NLL_OOD,Cov90_OOD,0.12,0.1,0.2,0.4,0.5,1.0,-1.0,3.2778522968292236,285.99285888671875,3.879978656768799,0.6021263599395752,282.7150065898895,0.6563720703125,0.6087646484375,0.257568359375,0.41902804374694824,0.3409568667411804
higgs_public,NLL_OOD,Cov90_OOD,0.12,0.1,0.2,0.4,0.5,1.0,0.85,3.2778522968292236,285.99285888671875,4.6898512840271,1.411998987197876,282.7150065898895,0.6563720703125,0.5953369140625,0.257568359375,0.1180214062333107,0.33999699354171753
higgs_public,NLL_OOD,Cov90_OOD,0.12,0.1,0.2,0.4,0.5,2.0,-1.0,3.2778522968292236,285.99285888671875,3.834472179412842,0.5566198825836182,282.7150065898895,0.6563720703125,0.6248779296875,0.257568359375,0.28196215629577637,0.34464186429977417
higgs_public,NLL_OOD,Cov90_OOD,0.12,0.1,0.2,0.4,0.5,2.0,0.85,3.2778522968292236,285.99285888671875,4.065025806427002,0.7871735095977783,282.7150065898895,0.6563720703125,0.6156005859375,0.257568359375,0.05109191685914993,0.34398573637008667
higgs_public,NLL_OOD,Cov90_OOD,0.18,0.02,0.0,0.4,0.25,1.0,-1.0,3.2778522968292236,285.99285888671875,4.4513349533081055,1.1734826564788818,282.7150065898895,0.6563720703125,0.6285400390625,0.257568359375,0.9911060929298401,0.0016294859815388918
higgs_public,NLL_OOD,Cov90_OOD,0.18,0.02,0.0,0.4,0.25,1.0,0.85,3.2778522968292236,285.99285888671875,4.734212875366211,1.4563605785369873,282.7150065898895,0.6563720703125,0.63232421875,0.257568359375,0.990667998790741,0.0016280352137982845
higgs_public,NLL_OOD,Cov90_OOD,0.18,0.02,0.0,0.4,0.25,2.0,-1.0,3.2778522968292236,285.99285888671875,4.750171661376953,1.4723193645477295,282.7150065898895,0.6563720703125,0.628173828125,0.257568359375,0.9822138547897339,0.0016595849301666021
higgs_public,NLL_OOD,Cov90_OOD,0.18,0.02,0.0,0.4,0.25,2.0,0.85,3.2778522968292236,285.99285888671875,4.786778450012207,1.5089261531829834,282.7150065898895,0.6563720703125,0.6241455078125,0.257568359375,0.975538969039917,0.0016514492454007268
higgs_public,NLL_OOD,Cov90_OOD,0.18,0.02,0.0,0.4,0.5,1.0,-1.0,3.2778522968292236,285.99285888671875,4.150951385498047,0.8730990886688232,282.7150065898895,0.6563720703125,0.6405029296875,0.257568359375,0.9909947514533997,0.00164970220066607
higgs_public,NLL_OOD,Cov90_OOD,0.18,0.02,0.0,0.4,0.5,1.0,0.85,3.2778522968292236,285.99285888671875,3.9887259006500244,0.7108736038208008,282.7150065898895,0.6563720703125,0.6427001953125,0.257568359375,0.9905767440795898,0.001638558809645474
higgs_public,NLL_OOD,Cov90_OOD,0.18,0.02,0.0,0.4,0.5,2.0,-1.0,3.2778522968292236,285.99285888671875,4.132160186767578,0.8543078899383545,282.7150065898895,0.6563720703125,0.6453857421875,0.257568359375,0.9823915958404541,0.0016398272709921002
higgs_public,NLL_OOD,Cov90_OOD,0.18,0.02,0.0,0.4,0.5,2.0,0.85,3.2778522968292236,285.99285888671875,4.128186225891113,0.8503339290618896,282.7150065898895,0.6563720703125,0.639892578125,0.257568359375,0.9752991199493408,0.0016653661150485277
higgs_public,NLL_OOD,Cov90_OOD,0.18,0.02,0.1,0.4,0.25,1.0,-1.0,3.2778522968292236,285.99285888671875,4.505460262298584,1.2276079654693604,282.7150065898895,0.6563720703125,0.623779296875,0.257568359375,0.6788715124130249,0.15885114669799805
higgs_public,NLL_OOD,Cov90_OOD,0.18,0.02,0.1,0.4,0.25,1.0,0.85,3.2778522968292236,285.99285888671875,4.151537895202637,0.8736855983734131,282.7150065898895,0.6563720703125,0.62744140625,0.257568359375,0.3917917311191559,0.16235613822937012
higgs_public,NLL_OOD,Cov90_OOD,0.18,0.02,0.1,0.4,0.25,2.0,-1.0,3.2778522968292236,285.99285888671875,4.496589660644531,1.2187373638153076,282.7150065898895,0.6563720703125,0.610595703125,0.257568359375,0.5536074638366699,0.1594744324684143
higgs_public,NLL_OOD,Cov90_OOD,0.18,0.02,0.1,0.4,0.25,2.0,0.85,3.2778522968292236,285.99285888671875,4.334587097167969,1.0567348003387451,282.7150065898895,0.6563720703125,0.622314453125,0.257568359375,0.24826908111572266,0.15897944569587708
higgs_public,NLL_OOD,Cov90_OOD,0.18,0.02,0.1,0.4,0.5,1.0,-1.0,3.2778522968292236,285.99285888671875,3.6500868797302246,0.372234582901001,282.7150065898895,0.6563720703125,0.630615234375,0.257568359375,0.67673259973526,0.16078975796699524
higgs_public,NLL_OOD,Cov90_OOD,0.18,0.02,0.1,0.4,0.5,1.0,0.85,3.2778522968292236,285.99285888671875,4.077220439910889,0.799368143081665,282.7150065898895,0.6563720703125,0.626220703125,0.257568359375,0.39557918906211853,0.16015923023223877
higgs_public,NLL_OOD,Cov90_OOD,0.18,0.02,0.1,0.4,0.5,2.0,-1.0,3.2778522968292236,285.99285888671875,4.169271945953369,0.8914196491241455,282.7150065898895,0.6563720703125,0.633544921875,0.257568359375,0.5523330569267273,0.16161727905273438
higgs_public,NLL_OOD,Cov90_OOD,0.18,0.02,0.1,0.4,0.5,2.0,0.85,3.2778522968292236,285.99285888671875,3.983236789703369,0.7053844928741455,282.7150065898895,0.6563720703125,0.635498046875,0.257568359375,0.2485257089138031,0.15933221578598022
higgs_public,NLL_OOD,Cov90_OOD,0.18,0.02,0.2,0.4,0.25,1.0,-1.0,3.2778522968292236,285.99285888671875,4.239499092102051,0.9616467952728271,282.7150065898895,0.6563720703125,0.619384765625,0.257568359375,0.5396802425384521,0.31861990690231323
higgs_public,NLL_OOD,Cov90_OOD,0.18,0.02,0.2,0.4,0.25,1.0,0.85,3.2778522968292236,285.99285888671875,4.542206764221191,1.2643544673919678,282.7150065898895,0.6563720703125,0.6119384765625,0.257568359375,0.21397383511066437,0.3229319453239441
higgs_public,NLL_OOD,Cov90_OOD,0.18,0.02,0.2,0.4,0.25,2.0,-1.0,3.2778522968292236,285.99285888671875,4.458879470825195,1.1810271739959717,282.7150065898895,0.6563720703125,0.603271484375,0.257568359375,0.4001292884349823,0.32183557748794556
higgs_public,NLL_OOD,Cov90_OOD,0.18,0.02,0.2,0.4,0.25,2.0,0.85,3.2778522968292236,285.99285888671875,4.479378700256348,1.201526403427124,282.7150065898895,0.6563720703125,0.601806640625,0.257568359375,0.10957330465316772,0.322272926568985
higgs_public,NLL_OOD,Cov90_OOD,0.18,0.02,0.2,0.4,0.5,1.0,-1.0,3.2778522968292236,285.99285888671875,3.8709352016448975,0.5930829048156738,282.7150065898895,0.6563720703125,0.610107421875,0.257568359375,0.5359621047973633,0.3205447494983673
higgs_public,NLL_OOD,Cov90_OOD,0.18,0.02,0.2,0.4,0.5,1.0,0.85,3.2778522968292236,285.99285888671875,3.9324147701263428,0.6545624732971191,282.7150065898895,0.6563720703125,0.6192626953125,0.257568359375,0.21408803761005402,0.3229682147502899
higgs_public,NLL_OOD,Cov90_OOD,0.18,0.02,0.2,0.4,0.5,2.0,-1.0,3.2778522968292236,285.99285888671875,3.983128786087036,0.7052764892578125,282.7150065898895,0.6563720703125,0.61572265625,0.257568359375,0.3977646231651306,0.32327717542648315
higgs_public,NLL_OOD,Cov90_OOD,0.18,0.02,0.2,0.4,0.5,2.0,0.85,3.2778522968292236,285.99285888671875,3.935987949371338,0.6581356525421143,282.7150065898895,0.6563720703125,0.6207275390625,0.257568359375,0.11159331351518631,0.3235326409339905
higgs_public,NLL_OOD,Cov90_OOD,0.18,0.05,0.0,0.4,0.25,1.0,-1.0,3.2778522968292236,285.99285888671875,4.707195281982422,1.4293429851531982,282.7150065898895,0.6563720703125,0.6358642578125,0.257568359375,0.9475318789482117,0.010546321049332619
higgs_public,NLL_OOD,Cov90_OOD,0.18,0.05,0.0,0.4,0.25,1.0,0.85,3.2778522968292236,285.99285888671875,4.621070384979248,1.3432180881500244,282.7150065898895,0.6563720703125,0.6324462890625,0.257568359375,0.8836953639984131,0.010275202803313732
higgs_public,NLL_OOD,Cov90_OOD,0.18,0.05,0.0,0.4,0.25,2.0,-1.0,3.2778522968292236,285.99285888671875,4.424111366271973,1.146259069442749,282.7150065898895,0.6563720703125,0.63427734375,0.257568359375,0.9062157869338989,0.010226722806692123
higgs_public,NLL_OOD,Cov90_OOD,0.18,0.05,0.0,0.4,0.25,2.0,0.85,3.2778522968292236,285.99285888671875,4.4168925285339355,1.139040231704712,282.7150065898895,0.6563720703125,0.6318359375,0.257568359375,0.7650922536849976,0.010462167672812939
higgs_public,NLL_OOD,Cov90_OOD,0.18,0.05,0.0,0.4,0.5,1.0,-1.0,3.2778522968292236,285.99285888671875,4.222230434417725,0.944378137588501,282.7150065898895,0.6563720703125,0.6241455078125,0.257568359375,0.9485548734664917,0.01026633195579052
higgs_public,NLL_OOD,Cov90_OOD,0.18,0.05,0.0,0.4,0.5,1.0,0.85,3.2778522968292236,285.99285888671875,4.391839027404785,1.1139867305755615,282.7150065898895,0.6563720703125,0.6383056640625,0.257568359375,0.8812848925590515,0.010467667132616043
higgs_public,NLL_OOD,Cov90_OOD,0.18,0.05,0.0,0.4,0.5,2.0,-1.0,3.2778522968292236,285.99285888671875,4.246579170227051,0.9687268733978271,282.7150065898895,0.6563720703125,0.63134765625,0.257568359375,0.9042681455612183,0.010478062555193901
higgs_public,NLL_OOD,Cov90_OOD,0.18,0.05,0.0,0.4,0.5,2.0,0.85,3.2778522968292236,285.99285888671875,4.41472053527832,1.1368682384490967,282.7150065898895,0.6563720703125,0.6461181640625,0.257568359375,0.7696421146392822,0.01039908267557621
higgs_public,NLL_OOD,Cov90_OOD,0.18,0.05,0.1,0.4,0.25,1.0,-1.0,3.2778522968292236,285.99285888671875,4.225034713745117,0.9471824169158936,282.7150065898895,0.6563720703125,0.635009765625,0.257568359375,0.6590261459350586,0.16947853565216064
higgs_public,NLL_OOD,Cov90_OOD,0.18,0.05,0.1,0.4,0.25,1.0,0.85,3.2778522968292236,285.99285888671875,4.891912937164307,1.614060640335083,282.7150065898895,0.6563720703125,0.6099853515625,0.257568359375,0.368339866399765,0.16764068603515625
higgs_public,NLL_OOD,Cov90_OOD,0.18,0.05,0.1,0.4,0.25,2.0,-1.0,3.2778522968292236,285.99285888671875,4.119618892669678,0.8417665958404541,282.7150065898895,0.6563720703125,0.6324462890625,0.257568359375,0.5324440598487854,0.16802197694778442
higgs_public,NLL_OOD,Cov90_OOD,0.18,0.05,0.1,0.4,0.25,2.0,0.85,3.2778522968292236,285.99285888671875,4.994857311248779,1.7170050144195557,282.7150065898895,0.6563720703125,0.6041259765625,0.257568359375,0.22437524795532227,0.16796380281448364
higgs_public,NLL_OOD,Cov90_OOD,0.18,0.05,0.1,0.4,0.5,1.0,-1.0,3.2778522968292236,285.99285888671875,3.6776676177978516,0.39981532096862793,282.7150065898895,0.6563720703125,0.626708984375,0.257568359375,0.659753143787384,0.16709484159946442
higgs_public,NLL_OOD,Cov90_OOD,0.18,0.05,0.1,0.4,0.5,1.0,0.85,3.2778522968292236,285.99285888671875,4.196601867675781,0.9187495708465576,282.7150065898895,0.6563720703125,0.614501953125,0.257568359375,0.36422401666641235,0.16645582020282745
higgs_public,NLL_OOD,Cov90_OOD,0.18,0.05,0.1,0.4,0.5,2.0,-1.0,3.2778522968292236,285.99285888671875,4.1168999671936035,0.8390476703643799,282.7150065898895,0.6563720703125,0.6170654296875,0.257568359375,0.5318774580955505,0.16824856400489807
higgs_public,NLL_OOD,Cov90_OOD,0.18,0.05,0.1,0.4,0.5,2.0,0.85,3.2778522968292236,285.99285888671875,4.00907039642334,0.7312180995941162,282.7150065898895,0.6563720703125,0.6326904296875,0.257568359375,0.22302530705928802,0.16586828231811523
higgs_public,NLL_OOD,Cov90_OOD,0.18,0.05,0.2,0.4,0.25,1.0,-1.0,3.2778522968292236,285.99285888671875,4.242613315582275,0.9647610187530518,282.7150065898895,0.6563720703125,0.6053466796875,0.257568359375,0.5303632020950317,0.3249168395996094
higgs_public,NLL_OOD,Cov90_OOD,0.18,0.05,0.2,0.4,0.25,1.0,0.85,3.2778522968292236,285.99285888671875,4.363003730773926,1.0851514339447021,282.7150065898895,0.6563720703125,0.6197509765625,0.257568359375,0.1998768150806427,0.32580167055130005
higgs_public,NLL_OOD,Cov90_OOD,0.18,0.05,0.2,0.4,0.25,2.0,-1.0,3.2778522968292236,285.99285888671875,4.22296667098999,0.9451143741607666,282.7150065898895,0.6563720703125,0.6055908203125,0.257568359375,0.3895023763179779,0.32591283321380615
higgs_public,NLL_OOD,Cov90_OOD,0.18,0.05,0.2,0.4,0.25,2.0,0.85,3.2778522968292236,285.99285888671875,4.196552276611328,0.9186999797821045,282.7150065898895,0.6563720703125,0.619140625,0.257568359375,0.10240821540355682,0.3279557228088379
higgs_public,NLL_OOD,Cov90_OOD,0.18,0.05,0.2,0.4,0.5,1.0,-1.0,3.2778522968292236,285.99285888671875,3.645669937133789,0.36781764030456543,282.7150065898895,0.6563720703125,0.62451171875,0.257568359375,0.5290337204933167,0.3243650496006012
higgs_public,NLL_OOD,Cov90_OOD,0.18,0.05,0.2,0.4,0.5,1.0,0.85,3.2778522968292236,285.99285888671875,4.173544883728027,0.8956925868988037,282.7150065898895,0.6563720703125,0.6102294921875,0.257568359375,0.20389670133590698,0.32676762342453003
higgs_public,NLL_OOD,Cov90_OOD,0.18,0.05,0.2,0.4,0.5,2.0,-1.0,3.2778522968292236,285.99285888671875,3.8429598808288574,0.5651075839996338,282.7150065898895,0.6563720703125,0.6112060546875,0.257568359375,0.38891541957855225,0.3235112428665161
higgs_public,NLL_OOD,Cov90_OOD,0.18,0.05,0.2,0.4,0.5,2.0,0.85,3.2778522968292236,285.99285888671875,4.1038007736206055,0.8259484767913818,282.7150065898895,0.6563720703125,0.6136474609375,0.257568359375,0.10359285771846771,0.3275257349014282
higgs_public,NLL_OOD,Cov90_OOD,0.18,0.1,0.0,0.4,0.25,1.0,-1.0,3.2778522968292236,285.99285888671875,4.037379741668701,0.7595274448394775,282.7150065898895,0.6563720703125,0.6510009765625,0.257568359375,0.8346952795982361,0.04150770977139473
higgs_public,NLL_OOD,Cov90_OOD,0.18,0.1,0.0,0.4,0.25,1.0,0.85,3.2778522968292236,285.99285888671875,4.469718933105469,1.1918666362762451,282.7150065898895,0.6563720703125,0.629150390625,0.257568359375,0.6116102933883667,0.04232459515333176
higgs_public,NLL_OOD,Cov90_OOD,0.18,0.1,0.0,0.4,0.25,2.0,-1.0,3.2778522968292236,285.99285888671875,4.714207649230957,1.4363553524017334,282.7150065898895,0.6563720703125,0.621337890625,0.257568359375,0.733948826789856,0.04235764220356941
higgs_public,NLL_OOD,Cov90_OOD,0.18,0.1,0.0,0.4,0.25,2.0,0.85,3.2778522968292236,285.99285888671875,4.4765944480896,1.198742151260376,282.7150065898895,0.6563720703125,0.6346435546875,0.257568359375,0.437218576669693,0.04203092306852341
higgs_public,NLL_OOD,Cov90_OOD,0.18,0.1,0.0,0.4,0.5,1.0,-1.0,3.2778522968292236,285.99285888671875,3.9850571155548096,0.7072048187255859,282.7150065898895,0.6563720703125,0.64892578125,0.257568359375,0.8335743546485901,0.042035121470689774
higgs_public,NLL_OOD,Cov90_OOD,0.18,0.1,0.0,0.4,0.5,1.0,0.85,3.2778522968292236,285.99285888671875,3.555344581604004,0.2774922847747803,282.7150065898895,0.6563720703125,0.6435546875,0.257568359375,0.6098151206970215,0.04194610193371773
higgs_public,NLL_OOD,Cov90_OOD,0.18,0.1,0.0,0.4,0.5,2.0,-1.0,3.2778522968292236,285.99285888671875,4.215055465698242,0.9372031688690186,282.7150065898895,0.6563720703125,0.6470947265625,0.257568359375,0.7340195178985596,0.04186528921127319
higgs_public,NLL_OOD,Cov90_OOD,0.18,0.1,0.0,0.4,0.5,2.0,0.85,3.2778522968292236,285.99285888671875,4.255902290344238,0.9780499935150146,282.7150065898895,0.6563720703125,0.635986328125,0.257568359375,0.4354979991912842,0.04221547767519951
higgs_public,NLL_OOD,Cov90_OOD,0.18,0.1,0.1,0.4,0.25,1.0,-1.0,3.2778522968292236,285.99285888671875,4.228276252746582,0.9504239559173584,282.7150065898895,0.6563720703125,0.62841796875,0.257568359375,0.6110817790031433,0.19723260402679443
higgs_public,NLL_OOD,Cov90_OOD,0.18,0.1,0.1,0.4,0.25,1.0,0.85,3.2778522968292236,285.99285888671875,4.445809841156006,1.1679575443267822,282.7150065898895,0.6563720703125,0.6185302734375,0.257568359375,0.29609426856040955,0.19263358414173126
higgs_public,NLL_OOD,Cov90_OOD,0.18,0.1,0.1,0.4,0.25,2.0,-1.0,3.2778522968292236,285.99285888671875,4.642826080322266,1.364973783493042,282.7150065898895,0.6563720703125,0.61181640625,0.257568359375,0.475816547870636,0.19142383337020874
higgs_public,NLL_OOD,Cov90_OOD,0.18,0.1,0.1,0.4,0.25,2.0,0.85,3.2778522968292236,285.99285888671875,4.739398002624512,1.461545705795288,282.7150065898895,0.6563720703125,0.6048583984375,0.257568359375,0.1691809743642807,0.1931932419538498
higgs_public,NLL_OOD,Cov90_OOD,0.18,0.1,0.1,0.4,0.5,1.0,-1.0,3.2778522968292236,285.99285888671875,4.045750141143799,0.7678978443145752,282.7150065898895,0.6563720703125,0.6324462890625,0.257568359375,0.6117825508117676,0.1915271282196045
higgs_public,NLL_OOD,Cov90_OOD,0.18,0.1,0.1,0.4,0.5,1.0,0.85,3.2778522968292236,285.99285888671875,3.9496521949768066,0.671799898147583,282.7150065898895,0.6563720703125,0.6346435546875,0.257568359375,0.2928735315799713,0.19414179027080536
higgs_public,NLL_OOD,Cov90_OOD,0.18,0.1,0.1,0.4,0.5,2.0,-1.0,3.2778522968292236,285.99285888671875,4.228326797485352,0.9504745006561279,282.7150065898895,0.6563720703125,0.6207275390625,0.257568359375,0.4773598611354828,0.1903526932001114
higgs_public,NLL_OOD,Cov90_OOD,0.18,0.1,0.1,0.4,0.5,2.0,0.85,3.2778522968292236,285.99285888671875,4.307475566864014,1.02962327003479,282.7150065898895,0.6563720703125,0.6298828125,0.257568359375,0.1694631576538086,0.19280043244361877
higgs_public,NLL_OOD,Cov90_OOD,0.18,0.1,0.2,0.4,0.25,1.0,-1.0,3.2778522968292236,285.99285888671875,4.20446252822876,0.9266102313995361,282.7150065898895,0.6563720703125,0.61669921875,0.257568359375,0.5029709339141846,0.3393855392932892
higgs_public,NLL_OOD,Cov90_OOD,0.18,0.1,0.2,0.4,0.25,1.0,0.85,3.2778522968292236,285.99285888671875,4.52139949798584,1.2435472011566162,282.7150065898895,0.6563720703125,0.6092529296875,0.257568359375,0.1769043505191803,0.34193211793899536
higgs_public,NLL_OOD,Cov90_OOD,0.18,0.1,0.2,0.4,0.25,2.0,-1.0,3.2778522968292236,285.99285888671875,4.062852382659912,0.7850000858306885,282.7150065898895,0.6563720703125,0.60888671875,0.257568359375,0.36059731245040894,0.34245574474334717
higgs_public,NLL_OOD,Cov90_OOD,0.18,0.1,0.2,0.4,0.25,2.0,0.85,3.2778522968292236,285.99285888671875,4.706916809082031,1.4290645122528076,282.7150065898895,0.6563720703125,0.591552734375,0.257568359375,0.0856110081076622,0.34302541613578796
higgs_public,NLL_OOD,Cov90_OOD,0.18,0.1,0.2,0.4,0.5,1.0,-1.0,3.2778522968292236,285.99285888671875,3.6543164253234863,0.3764641284942627,282.7150065898895,0.6563720703125,0.62109375,0.257568359375,0.5013039112091064,0.344327449798584
higgs_public,NLL_OOD,Cov90_OOD,0.18,0.1,0.2,0.4,0.5,1.0,0.85,3.2778522968292236,285.99285888671875,4.101377964019775,0.8235256671905518,282.7150065898895,0.6563720703125,0.6185302734375,0.257568359375,0.174432173371315,0.34107357263565063
higgs_public,NLL_OOD,Cov90_OOD,0.18,0.1,0.2,0.4,0.5,2.0,-1.0,3.2778522968292236,285.99285888671875,3.803741931915283,0.5258896350860596,282.7150065898895,0.6563720703125,0.612060546875,0.257568359375,0.35996294021606445,0.3421705961227417
higgs_public,NLL_OOD,Cov90_OOD,0.18,0.1,0.2,0.4,0.5,2.0,0.85,3.2778522968292236,285.99285888671875,4.331418514251709,1.0535662174224854,282.7150065898895,0.6563720703125,0.6221923828125,0.257568359375,0.08442455530166626,0.34521549940109253
higgs_public,NLL_OOD,Cov90_OOD,0.28,0.02,0.0,0.4,0.25,1.0,-1.0,3.2778522968292236,285.99285888671875,4.595822334289551,1.3179700374603271,282.7150065898895,0.6563720703125,0.620361328125,0.257568359375,0.9943041205406189,0.0016127813141793013
higgs_public,NLL_OOD,Cov90_OOD,0.28,0.02,0.0,0.4,0.25,1.0,0.85,3.2778522968292236,285.99285888671875,4.43556547164917,1.1577131748199463,282.7150065898895,0.6563720703125,0.6346435546875,0.257568359375,0.994087815284729,0.0016465496737509966
higgs_public,NLL_OOD,Cov90_OOD,0.28,0.02,0.0,0.4,0.25,2.0,-1.0,3.2778522968292236,285.99285888671875,4.418932914733887,1.141080617904663,282.7150065898895,0.6563720703125,0.62939453125,0.257568359375,0.988420307636261,0.0016596741043031216
higgs_public,NLL_OOD,Cov90_OOD,0.28,0.02,0.0,0.4,0.25,2.0,0.85,3.2778522968292236,285.99285888671875,4.272234916687012,0.9943826198577881,282.7150065898895,0.6563720703125,0.6324462890625,0.257568359375,0.9866551160812378,0.0016527425032109022
higgs_public,NLL_OOD,Cov90_OOD,0.28,0.02,0.0,0.4,0.5,1.0,-1.0,3.2778522968292236,285.99285888671875,4.278815746307373,1.0009634494781494,282.7150065898895,0.6563720703125,0.624755859375,0.257568359375,0.9941802024841309,0.0016485846135765314
higgs_public,NLL_OOD,Cov90_OOD,0.28,0.02,0.0,0.4,0.5,1.0,0.85,3.2778522968292236,285.99285888671875,4.262387275695801,0.9845349788665771,282.7150065898895,0.6563720703125,0.6253662109375,0.257568359375,0.9941120743751526,0.0016457722522318363
higgs_public,NLL_OOD,Cov90_OOD,0.28,0.02,0.0,0.4,0.5,2.0,-1.0,3.2778522968292236,285.99285888671875,4.38597297668457,1.1081206798553467,282.7150065898895,0.6563720703125,0.6307373046875,0.257568359375,0.9885355830192566,0.001642249757423997
higgs_public,NLL_OOD,Cov90_OOD,0.28,0.02,0.0,0.4,0.5,2.0,0.85,3.2778522968292236,285.99285888671875,4.201822757720947,0.9239704608917236,282.7150065898895,0.6563720703125,0.63720703125,0.257568359375,0.9864641427993774,0.001652990933507681
higgs_public,NLL_OOD,Cov90_OOD,0.28,0.02,0.1,0.4,0.25,1.0,-1.0,3.2778522968292236,285.99285888671875,4.427908897399902,1.1500566005706787,282.7150065898895,0.6563720703125,0.6048583984375,0.257568359375,0.7439827919006348,0.16017509996891022
higgs_public,NLL_OOD,Cov90_OOD,0.28,0.02,0.1,0.4,0.25,1.0,0.85,3.2778522968292236,285.99285888671875,4.774055480957031,1.4962031841278076,282.7150065898895,0.6563720703125,0.5948486328125,0.257568359375,0.49509382247924805,0.15930211544036865
higgs_public,NLL_OOD,Cov90_OOD,0.28,0.02,0.1,0.4,0.25,2.0,-1.0,3.2778522968292236,285.99285888671875,4.211465835571289,0.9336135387420654,282.7150065898895,0.6563720703125,0.6220703125,0.257568359375,0.6353110074996948,0.1608092337846756
higgs_public,NLL_OOD,Cov90_OOD,0.28,0.02,0.1,0.4,0.25,2.0,0.85,3.2778522968292236,285.99285888671875,4.053236961364746,0.7753846645355225,282.7150065898895,0.6563720703125,0.6439208984375,0.257568359375,0.33632761240005493,0.16146506369113922
higgs_public,NLL_OOD,Cov90_OOD,0.28,0.02,0.1,0.4,0.5,1.0,-1.0,3.2778522968292236,285.99285888671875,3.9120047092437744,0.6341524124145508,282.7150065898895,0.6563720703125,0.6258544921875,0.257568359375,0.7461907863616943,0.15772978961467743
higgs_public,NLL_OOD,Cov90_OOD,0.28,0.02,0.1,0.4,0.5,1.0,0.85,3.2778522968292236,285.99285888671875,3.778803586959839,0.5009512901306152,282.7150065898895,0.6563720703125,0.6234130859375,0.257568359375,0.4952700734138489,0.15923477709293365
higgs_public,NLL_OOD,Cov90_OOD,0.28,0.02,0.1,0.4,0.5,2.0,-1.0,3.2778522968292236,285.99285888671875,4.050137042999268,0.772284746170044,282.7150065898895,0.6563720703125,0.6246337890625,0.257568359375,0.6316220760345459,0.16150660812854767
higgs_public,NLL_OOD,Cov90_OOD,0.28,0.02,0.1,0.4,0.5,2.0,0.85,3.2778522968292236,285.99285888671875,4.018172264099121,0.7403199672698975,282.7150065898895,0.6563720703125,0.625244140625,0.257568359375,0.3353361487388611,0.1588556170463562
higgs_public,NLL_OOD,Cov90_OOD,0.28,0.02,0.2,0.4,0.25,1.0,-1.0,3.2778522968292236,285.99285888671875,3.826765537261963,0.5489132404327393,282.7150065898895,0.6563720703125,0.62841796875,0.257568359375,0.6200382709503174,0.32122087478637695
higgs_public,NLL_OOD,Cov90_OOD,0.28,0.02,0.2,0.4,0.25,1.0,0.85,3.2778522968292236,285.99285888671875,4.75559139251709,1.4777390956878662,282.7150065898895,0.6563720703125,0.609375,0.257568359375,0.30748340487480164,0.3204536437988281
higgs_public,NLL_OOD,Cov90_OOD,0.28,0.02,0.2,0.4,0.25,2.0,-1.0,3.2778522968292236,285.99285888671875,3.920250415802002,0.6423981189727783,282.7150065898895,0.6563720703125,0.614501953125,0.257568359375,0.48862022161483765,0.3221331834793091
higgs_public,NLL_OOD,Cov90_OOD,0.28,0.02,0.2,0.4,0.25,2.0,0.85,3.2778522968292236,285.99285888671875,4.315117835998535,1.0372655391693115,282.7150065898895,0.6563720703125,0.60302734375,0.257568359375,0.16898053884506226,0.32155150175094604
higgs_public,NLL_OOD,Cov90_OOD,0.28,0.02,0.2,0.4,0.5,1.0,-1.0,3.2778522968292236,285.99285888671875,3.7573060989379883,0.47945380210876465,282.7150065898895,0.6563720703125,0.61474609375,0.257568359375,0.6194213628768921,0.3228605091571808
higgs_public,NLL_OOD,Cov90_OOD,0.28,0.02,0.2,0.4,0.5,1.0,0.85,3.2778522968292236,285.99285888671875,4.228777885437012,0.9509255886077881,282.7150065898895,0.6563720703125,0.60595703125,0.257568359375,0.305586040019989,0.3222580552101135
higgs_public,NLL_OOD,Cov90_OOD,0.28,0.02,0.2,0.4,0.5,2.0,-1.0,3.2778522968292236,285.99285888671875,3.808121919631958,0.5302696228027344,282.7150065898895,0.6563720703125,0.620849609375,0.257568359375,0.4873970150947571,0.3193994164466858
higgs_public,NLL_OOD,Cov90_OOD,0.28,0.02,0.2,0.4,0.5,2.0,0.85,3.2778522968292236,285.99285888671875,4.299877166748047,1.0220248699188232,282.7150065898895,0.6563720703125,0.609375,0.257568359375,0.17285694181919098,0.32256680727005005
higgs_public,NLL_OOD,Cov90_OOD,0.28,0.05,0.0,0.4,0.25,1.0,-1.0,3.2778522968292236,285.99285888671875,4.410405158996582,1.1325528621673584,282.7150065898895,0.6563720703125,0.636474609375,0.257568359375,0.9654827117919922,0.01036139577627182
higgs_public,NLL_OOD,Cov90_OOD,0.28,0.05,0.0,0.4,0.25,1.0,0.85,3.2778522968292236,285.99285888671875,4.689453125,1.4116008281707764,282.7150065898895,0.6563720703125,0.621826171875,0.257568359375,0.9337583780288696,0.010225505568087101
higgs_public,NLL_OOD,Cov90_OOD,0.28,0.05,0.0,0.4,0.25,2.0,-1.0,3.2778522968292236,285.99285888671875,4.734921455383301,1.4570691585540771,282.7150065898895,0.6563720703125,0.6279296875,0.257568359375,0.9347831010818481,0.01039700023829937
higgs_public,NLL_OOD,Cov90_OOD,0.28,0.05,0.0,0.4,0.25,2.0,0.85,3.2778522968292236,285.99285888671875,4.8946533203125,1.6168010234832764,282.7150065898895,0.6563720703125,0.6358642578125,0.257568359375,0.8465121984481812,0.01027205865830183
higgs_public,NLL_OOD,Cov90_OOD,0.28,0.05,0.0,0.4,0.5,1.0,-1.0,3.2778522968292236,285.99285888671875,4.501228332519531,1.2233760356903076,282.7150065898895,0.6563720703125,0.635009765625,0.257568359375,0.9654632806777954,0.010390026494860649
higgs_public,NLL_OOD,Cov90_OOD,0.28,0.05,0.0,0.4,0.5,1.0,0.85,3.2778522968292236,285.99285888671875,4.005961894989014,0.72810959815979,282.7150065898895,0.6563720703125,0.63671875,0.257568359375,0.9321006536483765,0.010319064371287823
higgs_public,NLL_OOD,Cov90_OOD,0.28,0.05,0.0,0.4,0.5,2.0,-1.0,3.2778522968292236,285.99285888671875,4.319650650024414,1.0417983531951904,282.7150065898895,0.6563720703125,0.632568359375,0.257568359375,0.935215950012207,0.010350903496146202
higgs_public,NLL_OOD,Cov90_OOD,0.28,0.05,0.0,0.4,0.5,2.0,0.85,3.2778522968292236,285.99285888671875,3.916688919067383,0.6388366222381592,282.7150065898895,0.6563720703125,0.6390380859375,0.257568359375,0.8469677567481995,0.010355710051953793
higgs_public,NLL_OOD,Cov90_OOD,0.28,0.05,0.1,0.4,0.25,1.0,-1.0,3.2778522968292236,285.99285888671875,4.3540191650390625,1.0761668682098389,282.7150065898895,0.6563720703125,0.6285400390625,0.257568359375,0.7317588925361633,0.16752025485038757
higgs_public,NLL_OOD,Cov90_OOD,0.28,0.05,0.1,0.4,0.25,1.0,0.85,3.2778522968292236,285.99285888671875,4.462949275970459,1.1850969791412354,282.7150065898895,0.6563720703125,0.60302734375,0.257568359375,0.4709816873073578,0.16721835732460022
higgs_public,NLL_OOD,Cov90_OOD,0.28,0.05,0.1,0.4,0.25,2.0,-1.0,3.2778522968292236,285.99285888671875,4.238809108734131,0.9609568119049072,282.7150065898895,0.6563720703125,0.6192626953125,0.257568359375,0.6163210272789001,0.16455771028995514
higgs_public,NLL_OOD,Cov90_OOD,0.28,0.05,0.1,0.4,0.25,2.0,0.85,3.2778522968292236,285.99285888671875,4.388808727264404,1.1109564304351807,282.7150065898895,0.6563720703125,0.6212158203125,0.257568359375,0.31258219480514526,0.16741131246089935
higgs_public,NLL_OOD,Cov90_OOD,0.28,0.05,0.1,0.4,0.5,1.0,-1.0,3.2778522968292236,285.99285888671875,4.092946529388428,0.8150942325592041,282.7150065898895,0.6563720703125,0.6285400390625,0.257568359375,0.7300418615341187,0.16729795932769775
higgs_public,NLL_OOD,Cov90_OOD,0.28,0.05,0.1,0.4,0.5,1.0,0.85,3.2778522968292236,285.99285888671875,4.122091293334961,0.8442389965057373,282.7150065898895,0.6563720703125,0.6241455078125,0.257568359375,0.47139397263526917,0.16405005753040314
higgs_public,NLL_OOD,Cov90_OOD,0.28,0.05,0.1,0.4,0.5,2.0,-1.0,3.2778522968292236,285.99285888671875,3.8626387119293213,0.5847864151000977,282.7150065898895,0.6563720703125,0.640869140625,0.257568359375,0.6163325309753418,0.1694549024105072
higgs_public,NLL_OOD,Cov90_OOD,0.28,0.05,0.1,0.4,0.5,2.0,0.85,3.2778522968292236,285.99285888671875,4.283771514892578,1.0059192180633545,282.7150065898895,0.6563720703125,0.6204833984375,0.257568359375,0.31255680322647095,0.16929367184638977
higgs_public,NLL_OOD,Cov90_OOD,0.28,0.05,0.2,0.4,0.25,1.0,-1.0,3.2778522968292236,285.99285888671875,4.355816841125488,1.0779645442962646,282.7150065898895,0.6563720703125,0.59375,0.257568359375,0.6128327250480652,0.3266609311103821
higgs_public,NLL_OOD,Cov90_OOD,0.28,0.05,0.2,0.4,0.25,1.0,0.85,3.2778522968292236,285.99285888671875,4.610721111297607,1.3328688144683838,282.7150065898895,0.6563720703125,0.60302734375,0.257568359375,0.29247361421585083,0.32961606979370117
higgs_public,NLL_OOD,Cov90_OOD,0.28,0.05,0.2,0.4,0.25,2.0,-1.0,3.2778522968292236,285.99285888671875,3.9428510665893555,0.6649987697601318,282.7150065898895,0.6563720703125,0.6253662109375,0.257568359375,0.4801780879497528,0.3266286551952362
higgs_public,NLL_OOD,Cov90_OOD,0.28,0.05,0.2,0.4,0.25,2.0,0.85,3.2778522968292236,285.99285888671875,4.152616500854492,0.8747642040252686,282.7150065898895,0.6563720703125,0.6160888671875,0.257568359375,0.1633596122264862,0.32569313049316406
higgs_public,NLL_OOD,Cov90_OOD,0.28,0.05,0.2,0.4,0.5,1.0,-1.0,3.2778522968292236,285.99285888671875,3.8946449756622314,0.6167926788330078,282.7150065898895,0.6563720703125,0.6175537109375,0.257568359375,0.6141029596328735,0.3242045044898987
higgs_public,NLL_OOD,Cov90_OOD,0.28,0.05,0.2,0.4,0.5,1.0,0.85,3.2778522968292236,285.99285888671875,4.0778045654296875,0.7999522686004639,282.7150065898895,0.6563720703125,0.612060546875,0.257568359375,0.293537974357605,0.3264326751232147
higgs_public,NLL_OOD,Cov90_OOD,0.28,0.05,0.2,0.4,0.5,2.0,-1.0,3.2778522968292236,285.99285888671875,3.868597984313965,0.5907456874847412,282.7150065898895,0.6563720703125,0.6148681640625,0.257568359375,0.4777730703353882,0.32751601934432983
higgs_public,NLL_OOD,Cov90_OOD,0.28,0.05,0.2,0.4,0.5,2.0,0.85,3.2778522968292236,285.99285888671875,4.177870750427246,0.9000184535980225,282.7150065898895,0.6563720703125,0.605712890625,0.257568359375,0.15923485159873962,0.32670897245407104
higgs_public,NLL_OOD,Cov90_OOD,0.28,0.1,0.0,0.4,0.25,1.0,-1.0,3.2778522968292236,285.99285888671875,4.140551567077637,0.8626992702484131,282.7150065898895,0.6563720703125,0.63330078125,0.257568359375,0.8820573091506958,0.04204095900058746
higgs_public,NLL_OOD,Cov90_OOD,0.28,0.1,0.0,0.4,0.25,1.0,0.85,3.2778522968292236,285.99285888671875,4.8603835105896,1.582531213760376,282.7150065898895,0.6563720703125,0.6351318359375,0.257568359375,0.7104228734970093,0.04286370426416397
higgs_public,NLL_OOD,Cov90_OOD,0.28,0.1,0.0,0.4,0.25,2.0,-1.0,3.2778522968292236,285.99285888671875,4.159201145172119,0.8813488483428955,282.7150065898895,0.6563720703125,0.6392822265625,0.257568359375,0.8005614876747131,0.0423995703458786
higgs_public,NLL_OOD,Cov90_OOD,0.28,0.1,0.0,0.4,0.25,2.0,0.85,3.2778522968292236,285.99285888671875,4.297214031219482,1.0193617343902588,282.7150065898895,0.6563720703125,0.6383056640625,0.257568359375,0.5497626066207886,0.04153575003147125
higgs_public,NLL_OOD,Cov90_OOD,0.28,0.1,0.0,0.4,0.5,1.0,-1.0,3.2778522968292236,285.99285888671875,4.128181457519531,0.8503291606903076,282.7150065898895,0.6563720703125,0.6419677734375,0.257568359375,0.8808155655860901,0.04260925203561783
higgs_public,NLL_OOD,Cov90_OOD,0.28,0.1,0.0,0.4,0.5,1.0,0.85,3.2778522968292236,285.99285888671875,3.5812482833862305,0.30339598655700684,282.7150065898895,0.6563720703125,0.6475830078125,0.257568359375,0.7117027044296265,0.04222242161631584
higgs_public,NLL_OOD,Cov90_OOD,0.28,0.1,0.0,0.4,0.5,2.0,-1.0,3.2778522968292236,285.99285888671875,3.9909634590148926,0.713111162185669,282.7150065898895,0.6563720703125,0.6409912109375,0.257568359375,0.8014422655105591,0.041838448494672775
higgs_public,NLL_OOD,Cov90_OOD,0.28,0.1,0.0,0.4,0.5,2.0,0.85,3.2778522968292236,285.99285888671875,4.127849578857422,0.8499972820281982,282.7150065898895,0.6563720703125,0.6441650390625,0.257568359375,0.549146294593811,0.041541192680597305
higgs_public,NLL_OOD,Cov90_OOD,0.28,0.1,0.1,0.4,0.25,1.0,-1.0,3.2778522968292236,285.99285888671875,4.249386310577393,0.971534013748169,282.7150065898895,0.6563720703125,0.6224365234375,0.257568359375,0.6917967200279236,0.1910785436630249
higgs_public,NLL_OOD,Cov90_OOD,0.28,0.1,0.1,0.4,0.25,1.0,0.85,3.2778522968292236,285.99285888671875,4.494189262390137,1.216336965560913,282.7150065898895,0.6563720703125,0.6234130859375,0.257568359375,0.39858999848365784,0.192153662443161
higgs_public,NLL_OOD,Cov90_OOD,0.28,0.1,0.1,0.4,0.25,2.0,-1.0,3.2778522968292236,285.99285888671875,3.8505136966705322,0.5726613998413086,282.7150065898895,0.6563720703125,0.6341552734375,0.257568359375,0.5624255537986755,0.19216039776802063
higgs_public,NLL_OOD,Cov90_OOD,0.28,0.1,0.1,0.4,0.25,2.0,0.85,3.2778522968292236,285.99285888671875,4.697762489318848,1.419910192489624,282.7150065898895,0.6563720703125,0.60302734375,0.257568359375,0.2431989312171936,0.19134771823883057
higgs_public,NLL_OOD,Cov90_OOD,0.28,0.1,0.1,0.4,0.5,1.0,-1.0,3.2778522968292236,285.99285888671875,3.788801670074463,0.5109493732452393,282.7150065898895,0.6563720703125,0.6343994140625,0.257568359375,0.6917556524276733,0.19261737167835236
higgs_public,NLL_OOD,Cov90_OOD,0.28,0.1,0.1,0.4,0.5,1.0,0.85,3.2778522968292236,285.99285888671875,3.975529193878174,0.6976768970489502,282.7150065898895,0.6563720703125,0.62158203125,0.257568359375,0.39737653732299805,0.1917666643857956
higgs_public,NLL_OOD,Cov90_OOD,0.28,0.1,0.1,0.4,0.5,2.0,-1.0,3.2778522968292236,285.99285888671875,3.6507387161254883,0.37288641929626465,282.7150065898895,0.6563720703125,0.6312255859375,0.257568359375,0.5623460412025452,0.19188883900642395
higgs_public,NLL_OOD,Cov90_OOD,0.28,0.1,0.1,0.4,0.5,2.0,0.85,3.2778522968292236,285.99285888671875,4.170389652252197,0.8925373554229736,282.7150065898895,0.6563720703125,0.622314453125,0.257568359375,0.24299001693725586,0.19255642592906952
higgs_public,NLL_OOD,Cov90_OOD,0.28,0.1,0.2,0.4,0.25,1.0,-1.0,3.2778522968292236,285.99285888671875,4.25383186340332,0.9759795665740967,282.7150065898895,0.6563720703125,0.598876953125,0.257568359375,0.5906630158424377,0.3442743122577667
higgs_public,NLL_OOD,Cov90_OOD,0.28,0.1,0.2,0.4,0.25,1.0,0.85,3.2778522968292236,285.99285888671875,4.359732627868652,1.0818803310394287,282.7150065898895,0.6563720703125,0.6065673828125,0.257568359375,0.26158463954925537,0.3428296744823456
higgs_public,NLL_OOD,Cov90_OOD,0.28,0.1,0.2,0.4,0.25,2.0,-1.0,3.2778522968292236,285.99285888671875,4.257281303405762,0.9794290065765381,282.7150065898895,0.6563720703125,0.620849609375,0.257568359375,0.45356112718582153,0.3375650644302368
higgs_public,NLL_OOD,Cov90_OOD,0.28,0.1,0.2,0.4,0.25,2.0,0.85,3.2778522968292236,285.99285888671875,4.378123760223389,1.100271463394165,282.7150065898895,0.6563720703125,0.6068115234375,0.257568359375,0.13681091368198395,0.3402368426322937
higgs_public,NLL_OOD,Cov90_OOD,0.28,0.1,0.2,0.4,0.5,1.0,-1.0,3.2778522968292236,285.99285888671875,3.7140190601348877,0.43616676330566406,282.7150065898895,0.6563720703125,0.6192626953125,0.257568359375,0.5897433161735535,0.3448846936225891
higgs_public,NLL_OOD,Cov90_OOD,0.28,0.1,0.2,0.4,0.5,1.0,0.85,3.2778522968292236,285.99285888671875,3.97243595123291,0.6945836544036865,282.7150065898895,0.6563720703125,0.6121826171875,0.257568359375,0.2585473358631134,0.34147098660469055
higgs_public,NLL_OOD,Cov90_OOD,0.28,0.1,0.2,0.4,0.5,2.0,-1.0,3.2778522968292236,285.99285888671875,3.8098785877227783,0.5320262908935547,282.7150065898895,0.6563720703125,0.610595703125,0.257568359375,0.44979622960090637,0.33977723121643066
higgs_public,NLL_OOD,Cov90_OOD,0.28,0.1,0.2,0.4,0.5,2.0,0.85,3.2778522968292236,285.99285888671875,4.33786678314209,1.0600144863128662,282.7150065898895,0.6563720703125,0.607177734375,0.257568359375,0.13763749599456787,0.3419811427593231
