Benchmark,ObjectiveMetric,ExtraMetric,tau,unlabeled_noise,feature_drop_prob,pseudo_weight,agreement_weight,weight_power,hard_weight_threshold,SupervisedObjective,ConfidenceObjective,SAGEObjective,SAGEMinusSupervised,ConfidenceMinusSupervised,SupervisedExtra,SAGEExtra,ConfidenceExtra,SAGEMeanWeight,SAGEMeanDisagreement
year,NLL,Cov90,0.12,0.02,0.0,0.4,0.25,1.0,-1.0,1.3018505573272705,1.980907678604126,1.7713454961776733,0.46949493885040283,0.6790571212768555,0.860382080078125,0.785797119140625,0.703216552734375,0.9878219366073608,0.0014823455130681396
year,NLL,Cov90,0.12,0.02,0.0,0.4,0.25,1.0,0.85,1.3018505573272705,1.980907678604126,1.7807340621948242,0.4788835048675537,0.6790571212768555,0.860382080078125,0.786651611328125,0.703216552734375,0.9877790212631226,0.0014875566121190786
year,NLL,Cov90,0.12,0.02,0.0,0.4,0.25,2.0,-1.0,1.3018505573272705,1.980907678604126,1.7861897945404053,0.48433923721313477,0.6790571212768555,0.860382080078125,0.786834716796875,0.703216552734375,0.9758462905883789,0.0014899709494784474
year,NLL,Cov90,0.12,0.02,0.0,0.4,0.25,2.0,0.85,1.3018505573272705,1.980907678604126,1.803673267364502,0.5018227100372314,0.6790571212768555,0.860382080078125,0.784027099609375,0.703216552734375,0.9688644409179688,0.0015269009163603187
year,NLL,Cov90,0.12,0.02,0.0,0.4,0.5,1.0,-1.0,1.3018505573272705,1.980907678604126,1.533530831336975,0.2316802740097046,0.6790571212768555,0.860382080078125,0.810546875,0.703216552734375,0.9891052842140198,0.0013244184665381908
year,NLL,Cov90,0.12,0.02,0.0,0.4,0.5,1.0,0.85,1.3018505573272705,1.980907678604126,1.5228838920593262,0.22103333473205566,0.6790571212768555,0.860382080078125,0.8116455078125,0.703216552734375,0.9891481995582581,0.0013193573104217649
year,NLL,Cov90,0.12,0.02,0.0,0.4,0.5,2.0,-1.0,1.3018505573272705,1.980907678604126,1.5196154117584229,0.21776485443115234,0.6790571212768555,0.860382080078125,0.81121826171875,0.703216552734375,0.9786017537117004,0.0013172808103263378
year,NLL,Cov90,0.12,0.02,0.0,0.4,0.5,2.0,0.85,1.3018505573272705,1.980907678604126,1.5140957832336426,0.21224522590637207,0.6790571212768555,0.860382080078125,0.81158447265625,0.703216552734375,0.9751526713371277,0.0013326727785170078
year,NLL,Cov90,0.12,0.02,0.1,0.4,0.25,1.0,-1.0,1.3018505573272705,1.980907678604126,1.8321778774261475,0.530327320098877,0.6790571212768555,0.860382080078125,0.78546142578125,0.703216552734375,0.39350616931915283,0.29866164922714233
year,NLL,Cov90,0.12,0.02,0.1,0.4,0.25,1.0,0.85,1.3018505573272705,1.980907678604126,1.786948561668396,0.4850980043411255,0.6790571212768555,0.860382080078125,0.795379638671875,0.703216552734375,0.08448973298072815,0.2952493131160736
year,NLL,Cov90,0.12,0.02,0.1,0.4,0.25,2.0,-1.0,1.3018505573272705,1.980907678604126,1.9234429597854614,0.6215924024581909,0.6790571212768555,0.860382080078125,0.780792236328125,0.703216552734375,0.25340843200683594,0.3027310073375702
year,NLL,Cov90,0.12,0.02,0.1,0.4,0.25,2.0,0.85,1.3018505573272705,1.980907678604126,1.7708462476730347,0.46899569034576416,0.6790571212768555,0.860382080078125,0.81109619140625,0.703216552734375,0.03045724518597126,0.3065145015716553
year,NLL,Cov90,0.12,0.02,0.1,0.4,0.5,1.0,-1.0,1.3018505573272705,1.980907678604126,1.6391403675079346,0.33728981018066406,0.6790571212768555,0.860382080078125,0.80841064453125,0.703216552734375,0.42384690046310425,0.25818198919296265
year,NLL,Cov90,0.12,0.02,0.1,0.4,0.5,1.0,0.85,1.3018505573272705,1.980907678604126,1.6729379892349243,0.3710874319076538,0.6790571212768555,0.860382080078125,0.823028564453125,0.703216552734375,0.08809488266706467,0.2755654454231262
year,NLL,Cov90,0.12,0.02,0.1,0.4,0.5,2.0,-1.0,1.3018505573272705,1.980907678604126,1.7007696628570557,0.39891910552978516,0.6790571212768555,0.860382080078125,0.80352783203125,0.703216552734375,0.2763545513153076,0.269333153963089
year,NLL,Cov90,0.12,0.02,0.1,0.4,0.5,2.0,0.85,1.3018505573272705,1.980907678604126,1.7144455909729004,0.4125950336456299,0.6790571212768555,0.860382080078125,0.812652587890625,0.703216552734375,0.04124157875776291,0.2634164094924927
year,NLL,Cov90,0.12,0.02,0.2,0.4,0.25,1.0,-1.0,1.3018505573272705,1.980907678604126,1.8334342241287231,0.5315836668014526,0.6790571212768555,0.860382080078125,0.7862548828125,0.703216552734375,0.245536670088768,0.5013598799705505
year,NLL,Cov90,0.12,0.02,0.2,0.4,0.25,1.0,0.85,1.3018505573272705,1.980907678604126,1.9543970823287964,0.6525465250015259,0.6790571212768555,0.860382080078125,0.78790283203125,0.703216552734375,0.02284521423280239,0.49880123138427734
year,NLL,Cov90,0.12,0.02,0.2,0.4,0.25,2.0,-1.0,1.3018505573272705,1.980907678604126,1.7994838953018188,0.49763333797454834,0.6790571212768555,0.860382080078125,0.787261962890625,0.703216552734375,0.13644540309906006,0.5057496428489685
year,NLL,Cov90,0.12,0.02,0.2,0.4,0.25,2.0,0.85,1.3018505573272705,1.980907678604126,1.8194475173950195,0.517596960067749,0.6790571212768555,0.860382080078125,0.78912353515625,0.703216552734375,0.005208274349570274,0.5108898282051086
year,NLL,Cov90,0.12,0.02,0.2,0.4,0.5,1.0,-1.0,1.3018505573272705,1.980907678604126,1.5671041011810303,0.26525354385375977,0.6790571212768555,0.860382080078125,0.82025146484375,0.703216552734375,0.2729682922363281,0.44414955377578735
year,NLL,Cov90,0.12,0.02,0.2,0.4,0.5,1.0,0.85,1.3018505573272705,1.980907678604126,1.670088529586792,0.3682379722595215,0.6790571212768555,0.860382080078125,0.821441650390625,0.703216552734375,0.03659706190228462,0.45486778020858765
year,NLL,Cov90,0.12,0.02,0.2,0.4,0.5,2.0,-1.0,1.3018505573272705,1.980907678604126,1.6219637393951416,0.3201131820678711,0.6790571212768555,0.860382080078125,0.81842041015625,0.703216552734375,0.15557092428207397,0.45404529571533203
year,NLL,Cov90,0.12,0.02,0.2,0.4,0.5,2.0,0.85,1.3018505573272705,1.980907678604126,1.6029186248779297,0.3010680675506592,0.6790571212768555,0.860382080078125,0.819549560546875,0.703216552734375,0.00704544223845005,0.4171455502510071
year,NLL,Cov90,0.12,0.05,0.0,0.4,0.25,1.0,-1.0,1.3018505573272705,1.980907678604126,1.8213560581207275,0.519505500793457,0.6790571212768555,0.860382080078125,0.785247802734375,0.703216552734375,0.928370475769043,0.00937260128557682
year,NLL,Cov90,0.12,0.05,0.0,0.4,0.25,1.0,0.85,1.3018505573272705,1.980907678604126,1.7726283073425293,0.4707777500152588,0.6790571212768555,0.860382080078125,0.79412841796875,0.703216552734375,0.8269671201705933,0.009480560198426247
year,NLL,Cov90,0.12,0.05,0.0,0.4,0.25,2.0,-1.0,1.3018505573272705,1.980907678604126,1.8482556343078613,0.5464050769805908,0.6790571212768555,0.860382080078125,0.784759521484375,0.703216552734375,0.866419792175293,0.009438643231987953
year,NLL,Cov90,0.12,0.05,0.0,0.4,0.25,2.0,0.85,1.3018505573272705,1.980907678604126,1.8581840991973877,0.5563335418701172,0.6790571212768555,0.860382080078125,0.78326416015625,0.703216552734375,0.6348304152488708,0.009543626569211483
year,NLL,Cov90,0.12,0.05,0.0,0.4,0.5,1.0,-1.0,1.3018505573272705,1.980907678604126,1.5475127696990967,0.24566221237182617,0.6790571212768555,0.860382080078125,0.812774658203125,0.703216552734375,0.9370260238647461,0.00816311314702034
year,NLL,Cov90,0.12,0.05,0.0,0.4,0.5,1.0,0.85,1.3018505573272705,1.980907678604126,1.5807714462280273,0.27892088890075684,0.6790571212768555,0.860382080078125,0.812835693359375,0.703216552734375,0.8569465279579163,0.008394958451390266
year,NLL,Cov90,0.12,0.05,0.0,0.4,0.5,2.0,-1.0,1.3018505573272705,1.980907678604126,1.5488765239715576,0.2470259666442871,0.6790571212768555,0.860382080078125,0.813507080078125,0.703216552734375,0.883330225944519,0.008109256625175476
year,NLL,Cov90,0.12,0.05,0.0,0.4,0.5,2.0,0.85,1.3018505573272705,1.980907678604126,1.595888376235962,0.2940378189086914,0.6790571212768555,0.860382080078125,0.80682373046875,0.703216552734375,0.6741197109222412,0.008367540314793587
year,NLL,Cov90,0.12,0.05,0.1,0.4,0.25,1.0,-1.0,1.3018505573272705,1.980907678604126,1.7838499546051025,0.48199939727783203,0.6790571212768555,0.860382080078125,0.788848876953125,0.703216552734375,0.38446497917175293,0.2985428273677826
year,NLL,Cov90,0.12,0.05,0.1,0.4,0.25,1.0,0.85,1.3018505573272705,1.980907678604126,1.8718459606170654,0.5699954032897949,0.6790571212768555,0.860382080078125,0.7916259765625,0.703216552734375,0.08050179481506348,0.2966032028198242
year,NLL,Cov90,0.12,0.05,0.1,0.4,0.25,2.0,-1.0,1.3018505573272705,1.980907678604126,1.9164522886276245,0.614601731300354,0.6790571212768555,0.860382080078125,0.78265380859375,0.703216552734375,0.24319857358932495,0.3053080439567566
year,NLL,Cov90,0.12,0.05,0.1,0.4,0.25,2.0,0.85,1.3018505573272705,1.980907678604126,1.876668930053711,0.5748183727264404,0.6790571212768555,0.860382080078125,0.793548583984375,0.703216552734375,0.03520284965634346,0.29130399227142334
year,NLL,Cov90,0.12,0.05,0.1,0.4,0.5,1.0,-1.0,1.3018505573272705,1.980907678604126,1.6435199975967407,0.3416694402694702,0.6790571212768555,0.860382080078125,0.807281494140625,0.703216552734375,0.4103795289993286,0.26630014181137085
year,NLL,Cov90,0.12,0.05,0.1,0.4,0.5,1.0,0.85,1.3018505573272705,1.980907678604126,1.6704204082489014,0.36856985092163086,0.6790571212768555,0.860382080078125,0.82147216796875,0.703216552734375,0.08923026919364929,0.26486265659332275
year,NLL,Cov90,0.12,0.05,0.1,0.4,0.5,2.0,-1.0,1.3018505573272705,1.980907678604126,1.702928900718689,0.40107834339141846,0.6790571212768555,0.860382080078125,0.8055419921875,0.703216552734375,0.26775625348091125,0.2726196050643921
year,NLL,Cov90,0.12,0.05,0.1,0.4,0.5,2.0,0.85,1.3018505573272705,1.980907678604126,1.7151093482971191,0.41325879096984863,0.6790571212768555,0.860382080078125,0.810546875,0.703216552734375,0.03559373691678047,0.2593952715396881
year,NLL,Cov90,0.12,0.05,0.2,0.4,0.25,1.0,-1.0,1.3018505573272705,1.980907678604126,1.7778520584106445,0.476001501083374,0.6790571212768555,0.860382080078125,0.79132080078125,0.703216552734375,0.24478206038475037,0.4929824471473694
year,NLL,Cov90,0.12,0.05,0.2,0.4,0.25,1.0,0.85,1.3018505573272705,1.980907678604126,1.8553489446640015,0.553498387336731,0.6790571212768555,0.860382080078125,0.795928955078125,0.703216552734375,0.023236829787492752,0.48649054765701294
year,NLL,Cov90,0.12,0.05,0.2,0.4,0.25,2.0,-1.0,1.3018505573272705,1.980907678604126,1.8201591968536377,0.5183086395263672,0.6790571212768555,0.860382080078125,0.784576416015625,0.703216552734375,0.13501249253749847,0.5062713027000427
year,NLL,Cov90,0.12,0.05,0.2,0.4,0.25,2.0,0.85,1.3018505573272705,1.980907678604126,1.7783992290496826,0.4765486717224121,0.6790571212768555,0.860382080078125,0.806854248046875,0.703216552734375,0.010388492606580257,0.456146240234375
year,NLL,Cov90,0.12,0.05,0.2,0.4,0.5,1.0,-1.0,1.3018505573272705,1.980907678604126,1.5299841165542603,0.22813355922698975,0.6790571212768555,0.860382080078125,0.826751708984375,0.703216552734375,0.27351292967796326,0.4394415318965912
year,NLL,Cov90,0.12,0.05,0.2,0.4,0.5,1.0,0.85,1.3018505573272705,1.980907678604126,1.663630723953247,0.36178016662597656,0.6790571212768555,0.860382080078125,0.82373046875,0.703216552734375,0.030001947656273842,0.4721892178058624
year,NLL,Cov90,0.12,0.05,0.2,0.4,0.5,2.0,-1.0,1.3018505573272705,1.980907678604126,1.538365125656128,0.23651456832885742,0.6790571212768555,0.860382080078125,0.82232666015625,0.703216552734375,0.1563224196434021,0.44925177097320557
year,NLL,Cov90,0.12,0.05,0.2,0.4,0.5,2.0,0.85,1.3018505573272705,1.980907678604126,1.804630994796753,0.5027804374694824,0.6790571212768555,0.860382080078125,0.8248291015625,0.703216552734375,0.010706951841711998,0.3814241886138916
year,NLL,Cov90,0.12,0.1,0.0,0.4,0.25,1.0,-1.0,1.3018505573272705,1.980907678604126,1.8136709928512573,0.5118204355239868,0.6790571212768555,0.860382080078125,0.78924560546875,0.703216552734375,0.7681001424789429,0.03789383918046951
year,NLL,Cov90,0.12,0.1,0.0,0.4,0.25,1.0,0.85,1.3018505573272705,1.980907678604126,1.8678656816482544,0.5660151243209839,0.6790571212768555,0.860382080078125,0.786407470703125,0.703216552734375,0.43943214416503906,0.037976235151290894
year,NLL,Cov90,0.12,0.1,0.0,0.4,0.25,2.0,-1.0,1.3018505573272705,1.980907678604126,1.8014891147613525,0.49963855743408203,0.6790571212768555,0.860382080078125,0.79083251953125,0.703216552734375,0.6285873651504517,0.0381225124001503
year,NLL,Cov90,0.12,0.1,0.0,0.4,0.25,2.0,0.85,1.3018505573272705,1.980907678604126,1.6765469312667847,0.37469637393951416,0.6790571212768555,0.860382080078125,0.79913330078125,0.703216552734375,0.23591578006744385,0.037691108882427216
year,NLL,Cov90,0.12,0.1,0.0,0.4,0.5,1.0,-1.0,1.3018505573272705,1.980907678604126,1.5206923484802246,0.2188417911529541,0.6790571212768555,0.860382080078125,0.818115234375,0.703216552734375,0.7967897057533264,0.03203403949737549
year,NLL,Cov90,0.12,0.1,0.0,0.4,0.5,1.0,0.85,1.3018505573272705,1.980907678604126,1.591601848602295,0.2897512912750244,0.6790571212768555,0.860382080078125,0.808319091796875,0.703216552734375,0.4670885503292084,0.03458906710147858
year,NLL,Cov90,0.12,0.1,0.0,0.4,0.5,2.0,-1.0,1.3018505573272705,1.980907678604126,1.5859980583190918,0.2841475009918213,0.6790571212768555,0.860382080078125,0.809783935546875,0.703216552734375,0.65934157371521,0.033518943935632706
year,NLL,Cov90,0.12,0.1,0.0,0.4,0.5,2.0,0.85,1.3018505573272705,1.980907678604126,1.5295406579971313,0.22769010066986084,0.6790571212768555,0.860382080078125,0.81854248046875,0.703216552734375,0.2965984642505646,0.032713551074266434
year,NLL,Cov90,0.12,0.1,0.1,0.4,0.25,1.0,-1.0,1.3018505573272705,1.980907678604126,1.8057384490966797,0.5038878917694092,0.6790571212768555,0.860382080078125,0.78607177734375,0.703216552734375,0.34687739610671997,0.32151496410369873
year,NLL,Cov90,0.12,0.1,0.1,0.4,0.25,1.0,0.85,1.3018505573272705,1.980907678604126,1.7283233404159546,0.4264727830886841,0.6790571212768555,0.860382080078125,0.80535888671875,0.703216552734375,0.04786122962832451,0.32359635829925537
year,NLL,Cov90,0.12,0.1,0.1,0.4,0.25,2.0,-1.0,1.3018505573272705,1.980907678604126,1.850965976715088,0.5491154193878174,0.6790571212768555,0.860382080078125,0.785614013671875,0.703216552734375,0.20958329737186432,0.32124263048171997
year,NLL,Cov90,0.12,0.1,0.1,0.4,0.25,2.0,0.85,1.3018505573272705,1.980907678604126,2.0596346855163574,0.7577841281890869,0.6790571212768555,0.860382080078125,0.78497314453125,0.703216552734375,0.017386235296726227,0.3250289261341095
year,NLL,Cov90,0.12,0.1,0.1,0.4,0.5,1.0,-1.0,1.3018505573272705,1.980907678604126,1.6409368515014648,0.33908629417419434,0.6790571212768555,0.860382080078125,0.809051513671875,0.703216552734375,0.37868252396583557,0.28043133020401
year,NLL,Cov90,0.12,0.1,0.1,0.4,0.5,1.0,0.85,1.3018505573272705,1.980907678604126,1.625430703163147,0.32358014583587646,0.6790571212768555,0.860382080078125,0.825836181640625,0.703216552734375,0.06406641006469727,0.28913065791130066
year,NLL,Cov90,0.12,0.1,0.1,0.4,0.5,2.0,-1.0,1.3018505573272705,1.980907678604126,1.7161140441894531,0.4142634868621826,0.6790571212768555,0.860382080078125,0.80291748046875,0.703216552734375,0.23399120569229126,0.2864503860473633
year,NLL,Cov90,0.12,0.1,0.1,0.4,0.5,2.0,0.85,1.3018505573272705,1.980907678604126,1.8352910280227661,0.5334404706954956,0.6790571212768555,0.860382080078125,0.803680419921875,0.703216552734375,0.023183152079582214,0.2932107448577881
year,NLL,Cov90,0.12,0.1,0.2,0.4,0.25,1.0,-1.0,1.3018505573272705,1.980907678604126,1.8361061811447144,0.5342556238174438,0.6790571212768555,0.860382080078125,0.784393310546875,0.703216552734375,0.23030981421470642,0.5173265933990479
year,NLL,Cov90,0.12,0.1,0.2,0.4,0.25,1.0,0.85,1.3018505573272705,1.980907678604126,1.917863130569458,0.6160125732421875,0.6790571212768555,0.860382080078125,0.79412841796875,0.703216552734375,0.026035046204924583,0.5368101596832275
year,NLL,Cov90,0.12,0.1,0.2,0.4,0.25,2.0,-1.0,1.3018505573272705,1.980907678604126,1.84079909324646,0.5389485359191895,0.6790571212768555,0.860382080078125,0.7862548828125,0.703216552734375,0.12585794925689697,0.5257292985916138
year,NLL,Cov90,0.12,0.1,0.2,0.4,0.25,2.0,0.85,1.3018505573272705,1.980907678604126,2.0526747703552246,0.7508242130279541,0.6790571212768555,0.860382080078125,0.77862548828125,0.703216552734375,0.0070005152374506,0.5238522887229919
year,NLL,Cov90,0.12,0.1,0.2,0.4,0.5,1.0,-1.0,1.3018505573272705,1.980907678604126,1.5304596424102783,0.2286090850830078,0.6790571212768555,0.860382080078125,0.825897216796875,0.703216552734375,0.26144978404045105,0.44958025217056274
year,NLL,Cov90,0.12,0.1,0.2,0.4,0.5,1.0,0.85,1.3018505573272705,1.980907678604126,1.5085570812225342,0.20670652389526367,0.6790571212768555,0.860382080078125,0.839691162109375,0.703216552734375,0.037222810089588165,0.46850207448005676
year,NLL,Cov90,0.12,0.1,0.2,0.4,0.5,2.0,-1.0,1.3018505573272705,1.980907678604126,1.503023624420166,0.2011730670928955,0.6790571212768555,0.860382080078125,0.83038330078125,0.703216552734375,0.14653903245925903,0.46762698888778687
year,NLL,Cov90,0.12,0.1,0.2,0.4,0.5,2.0,0.85,1.3018505573272705,1.980907678604126,1.7720311880111694,0.4701806306838989,0.6790571212768555,0.860382080078125,0.820281982421875,0.703216552734375,0.008748816326260567,0.46188777685165405
year,NLL,Cov90,0.18,0.02,0.0,0.4,0.25,1.0,-1.0,1.3018505573272705,1.980907678604126,1.7748035192489624,0.4729529619216919,0.6790571212768555,0.860382080078125,0.78717041015625,0.703216552734375,0.9917882084846497,0.0014921636320650578
year,NLL,Cov90,0.18,0.02,0.0,0.4,0.25,1.0,0.85,1.3018505573272705,1.980907678604126,1.7692875862121582,0.4674370288848877,0.6790571212768555,0.860382080078125,0.78851318359375,0.703216552734375,0.9918009042739868,0.0014898856170475483
year,NLL,Cov90,0.18,0.02,0.0,0.4,0.25,2.0,-1.0,1.3018505573272705,1.980907678604126,1.7617417573928833,0.4598912000656128,0.6790571212768555,0.860382080078125,0.7880859375,0.703216552734375,0.9838905334472656,0.001477106474339962
year,NLL,Cov90,0.18,0.02,0.0,0.4,0.25,2.0,0.85,1.3018505573272705,1.980907678604126,1.7511076927185059,0.44925713539123535,0.6790571212768555,0.860382080078125,0.789825439453125,0.703216552734375,0.9837354421615601,0.0014916466316208243
year,NLL,Cov90,0.18,0.02,0.0,0.4,0.5,1.0,-1.0,1.3018505573272705,1.980907678604126,1.5177454948425293,0.2158949375152588,0.6790571212768555,0.860382080078125,0.811065673828125,0.703216552734375,0.9927786588668823,0.0013111624866724014
year,NLL,Cov90,0.18,0.02,0.0,0.4,0.5,1.0,0.85,1.3018505573272705,1.980907678604126,1.4781546592712402,0.17630410194396973,0.6790571212768555,0.860382080078125,0.8170166015625,0.703216552734375,0.9927833080291748,0.0013103375677019358
year,NLL,Cov90,0.18,0.02,0.0,0.4,0.5,2.0,-1.0,1.3018505573272705,1.980907678604126,1.509723424911499,0.20787286758422852,0.6790571212768555,0.860382080078125,0.81597900390625,0.703216552734375,0.9856396913528442,0.001314704306423664
year,NLL,Cov90,0.18,0.02,0.0,0.4,0.5,2.0,0.85,1.3018505573272705,1.980907678604126,1.4929616451263428,0.19111108779907227,0.6790571212768555,0.860382080078125,0.8170166015625,0.703216552734375,0.9856619238853455,0.001312570064328611
year,NLL,Cov90,0.18,0.02,0.1,0.4,0.25,1.0,-1.0,1.3018505573272705,1.980907678604126,1.780614972114563,0.4787644147872925,0.6790571212768555,0.860382080078125,0.787200927734375,0.703216552734375,0.4804791808128357,0.2955056428909302
year,NLL,Cov90,0.18,0.02,0.1,0.4,0.25,1.0,0.85,1.3018505573272705,1.980907678604126,2.0529263019561768,0.7510757446289062,0.6790571212768555,0.860382080078125,0.780364990234375,0.703216552734375,0.14937350153923035,0.2972841262817383
year,NLL,Cov90,0.18,0.02,0.1,0.4,0.25,2.0,-1.0,1.3018505573272705,1.980907678604126,1.8962551355361938,0.5944045782089233,0.6790571212768555,0.860382080078125,0.78240966796875,0.703216552734375,0.33310627937316895,0.3002578616142273
year,NLL,Cov90,0.18,0.02,0.1,0.4,0.25,2.0,0.85,1.3018505573272705,1.980907678604126,1.824669361114502,0.5228188037872314,0.6790571212768555,0.860382080078125,0.797698974609375,0.703216552734375,0.059113211929798126,0.3014412820339203
year,NLL,Cov90,0.18,0.02,0.1,0.4,0.5,1.0,-1.0,1.3018505573272705,1.980907678604126,1.624474287033081,0.32262372970581055,0.6790571212768555,0.860382080078125,0.80670166015625,0.703216552734375,0.5112989544868469,0.25861480832099915
year,NLL,Cov90,0.18,0.02,0.1,0.4,0.5,1.0,0.85,1.3018505573272705,1.980907678604126,1.6765809059143066,0.37473034858703613,0.6790571212768555,0.860382080078125,0.8236083984375,0.703216552734375,0.16588930785655975,0.27373406291007996
year,NLL,Cov90,0.18,0.02,0.1,0.4,0.5,2.0,-1.0,1.3018505573272705,1.980907678604126,1.6422516107559204,0.3404010534286499,0.6790571212768555,0.860382080078125,0.8077392578125,0.703216552734375,0.36320942640304565,0.26107457280158997
year,NLL,Cov90,0.18,0.02,0.1,0.4,0.5,2.0,0.85,1.3018505573272705,1.980907678604126,1.8342663049697876,0.5324157476425171,0.6790571212768555,0.860382080078125,0.8134765625,0.703216552734375,0.06805690377950668,0.2795252203941345
year,NLL,Cov90,0.18,0.02,0.2,0.4,0.25,1.0,-1.0,1.3018505573272705,1.980907678604126,1.7287375926971436,0.42688703536987305,0.6790571212768555,0.860382080078125,0.7930908203125,0.703216552734375,0.32906514406204224,0.489743709564209
year,NLL,Cov90,0.18,0.02,0.2,0.4,0.25,1.0,0.85,1.3018505573272705,1.980907678604126,1.668853521347046,0.3670029640197754,0.6790571212768555,0.860382080078125,0.8037109375,0.703216552734375,0.05417061224579811,0.5142638087272644
year,NLL,Cov90,0.18,0.02,0.2,0.4,0.25,2.0,-1.0,1.3018505573272705,1.980907678604126,1.8079659938812256,0.5061154365539551,0.6790571212768555,0.860382080078125,0.7899169921875,0.703216552734375,0.194660946726799,0.49690964818000793
year,NLL,Cov90,0.18,0.02,0.2,0.4,0.25,2.0,0.85,1.3018505573272705,1.980907678604126,1.9198005199432373,0.6179499626159668,0.6790571212768555,0.860382080078125,0.788421630859375,0.703216552734375,0.01741209626197815,0.4968714118003845
year,NLL,Cov90,0.18,0.02,0.2,0.4,0.5,1.0,-1.0,1.3018505573272705,1.980907678604126,1.5721752643585205,0.27032470703125,0.6790571212768555,0.860382080078125,0.8201904296875,0.703216552734375,0.3621307909488678,0.4297071099281311
year,NLL,Cov90,0.18,0.02,0.2,0.4,0.5,1.0,0.85,1.3018505573272705,1.980907678604126,1.6029331684112549,0.3010826110839844,0.6790571212768555,0.860382080078125,0.8271484375,0.703216552734375,0.07363536208868027,0.45388537645339966
year,NLL,Cov90,0.18,0.02,0.2,0.4,0.5,2.0,-1.0,1.3018505573272705,1.980907678604126,1.574312448501587,0.2724618911743164,0.6790571212768555,0.860382080078125,0.819976806640625,0.703216552734375,0.21898715198040009,0.4476075768470764
year,NLL,Cov90,0.18,0.02,0.2,0.4,0.5,2.0,0.85,1.3018505573272705,1.980907678604126,1.773884892463684,0.4720343351364136,0.6790571212768555,0.860382080078125,0.8018798828125,0.703216552734375,0.019361194223165512,0.44828933477401733
year,NLL,Cov90,0.18,0.05,0.0,0.4,0.25,1.0,-1.0,1.3018505573272705,1.980907678604126,1.8199585676193237,0.5181080102920532,0.6790571212768555,0.860382080078125,0.785858154296875,0.703216552734375,0.951036810874939,0.009343128651380539
year,NLL,Cov90,0.18,0.05,0.0,0.4,0.25,1.0,0.85,1.3018505573272705,1.980907678604126,1.8331135511398315,0.531262993812561,0.6790571212768555,0.860382080078125,0.7869873046875,0.703216552734375,0.9023696184158325,0.009508528746664524
year,NLL,Cov90,0.18,0.05,0.0,0.4,0.25,2.0,-1.0,1.3018505573272705,1.980907678604126,1.8150403499603271,0.5131897926330566,0.6790571212768555,0.860382080078125,0.787750244140625,0.703216552734375,0.9060876965522766,0.009471829980611801
year,NLL,Cov90,0.18,0.05,0.0,0.4,0.25,2.0,0.85,1.3018505573272705,1.980907678604126,1.828180193901062,0.5263296365737915,0.6790571212768555,0.860382080078125,0.7845458984375,0.703216552734375,0.7542036175727844,0.009465914219617844
year,NLL,Cov90,0.18,0.05,0.0,0.4,0.5,1.0,-1.0,1.3018505573272705,1.980907678604126,1.5152993202209473,0.21344876289367676,0.6790571212768555,0.860382080078125,0.815185546875,0.703216552734375,0.9571982622146606,0.00811680592596531
year,NLL,Cov90,0.18,0.05,0.0,0.4,0.5,1.0,0.85,1.3018505573272705,1.980907678604126,1.4875519275665283,0.1857013702392578,0.6790571212768555,0.860382080078125,0.821563720703125,0.703216552734375,0.9180166125297546,0.008065435104072094
year,NLL,Cov90,0.18,0.05,0.0,0.4,0.5,2.0,-1.0,1.3018505573272705,1.980907678604126,1.5260001420974731,0.22414958477020264,0.6790571212768555,0.860382080078125,0.814544677734375,0.703216552734375,0.9175348281860352,0.008218975737690926
year,NLL,Cov90,0.18,0.05,0.0,0.4,0.5,2.0,0.85,1.3018505573272705,1.980907678604126,1.591966152191162,0.2901155948638916,0.6790571212768555,0.860382080078125,0.80889892578125,0.703216552734375,0.7772305011749268,0.008500048890709877
year,NLL,Cov90,0.18,0.05,0.1,0.4,0.25,1.0,-1.0,1.3018505573272705,1.980907678604126,1.7400685548782349,0.43821799755096436,0.6790571212768555,0.860382080078125,0.792633056640625,0.703216552734375,0.47522833943367004,0.2923130393028259
year,NLL,Cov90,0.18,0.05,0.1,0.4,0.25,1.0,0.85,1.3018505573272705,1.980907678604126,1.9301154613494873,0.6282649040222168,0.6790571212768555,0.860382080078125,0.790283203125,0.703216552734375,0.13570356369018555,0.30368784070014954
year,NLL,Cov90,0.18,0.05,0.1,0.4,0.25,2.0,-1.0,1.3018505573272705,1.980907678604126,1.8665111064910889,0.5646605491638184,0.6790571212768555,0.860382080078125,0.78485107421875,0.703216552734375,0.32195669412612915,0.30286920070648193
year,NLL,Cov90,0.18,0.05,0.1,0.4,0.25,2.0,0.85,1.3018505573272705,1.980907678604126,1.770994782447815,0.46914422512054443,0.6790571212768555,0.860382080078125,0.800628662109375,0.703216552734375,0.05312380939722061,0.3010442852973938
year,NLL,Cov90,0.18,0.05,0.1,0.4,0.5,1.0,-1.0,1.3018505573272705,1.980907678604126,1.5968804359436035,0.295029878616333,0.6790571212768555,0.860382080078125,0.81304931640625,0.703216552734375,0.5020855665206909,0.2603258192539215
year,NLL,Cov90,0.18,0.05,0.1,0.4,0.5,1.0,0.85,1.3018505573272705,1.980907678604126,1.6533585786819458,0.3515080213546753,0.6790571212768555,0.860382080078125,0.81756591796875,0.703216552734375,0.15281125903129578,0.27843475341796875
year,NLL,Cov90,0.18,0.05,0.1,0.4,0.5,2.0,-1.0,1.3018505573272705,1.980907678604126,1.6709283590316772,0.36907780170440674,0.6790571212768555,0.860382080078125,0.80364990234375,0.703216552734375,0.34525159001350403,0.27074629068374634
year,NLL,Cov90,0.18,0.05,0.1,0.4,0.5,2.0,0.85,1.3018505573272705,1.980907678604126,1.6475465297698975,0.34569597244262695,0.6790571212768555,0.860382080078125,0.8370361328125,0.703216552734375,0.06542647629976273,0.27304378151893616
year,NLL,Cov90,0.18,0.05,0.2,0.4,0.25,1.0,-1.0,1.3018505573272705,1.980907678604126,1.7512845993041992,0.4494340419769287,0.6790571212768555,0.860382080078125,0.794158935546875,0.703216552734375,0.3284182548522949,0.4902600944042206
year,NLL,Cov90,0.18,0.05,0.2,0.4,0.25,1.0,0.85,1.3018505573272705,1.980907678604126,1.8954201936721802,0.5935696363449097,0.6790571212768555,0.860382080078125,0.78656005859375,0.703216552734375,0.04933803901076317,0.5148739218711853
year,NLL,Cov90,0.18,0.05,0.2,0.4,0.25,2.0,-1.0,1.3018505573272705,1.980907678604126,1.8467621803283691,0.5449116230010986,0.6790571212768555,0.860382080078125,0.785614013671875,0.703216552734375,0.1925642192363739,0.5094308257102966
year,NLL,Cov90,0.18,0.05,0.2,0.4,0.25,2.0,0.85,1.3018505573272705,1.980907678604126,1.6590403318405151,0.35718977451324463,0.6790571212768555,0.860382080078125,0.818817138671875,0.703216552734375,0.01414528675377369,0.5047415494918823
year,NLL,Cov90,0.18,0.05,0.2,0.4,0.5,1.0,-1.0,1.3018505573272705,1.980907678604126,1.646777868270874,0.3449273109436035,0.6790571212768555,0.860382080078125,0.813934326171875,0.703216552734375,0.3579840660095215,0.435451865196228
year,NLL,Cov90,0.18,0.05,0.2,0.4,0.5,1.0,0.85,1.3018505573272705,1.980907678604126,1.6016910076141357,0.29984045028686523,0.6790571212768555,0.860382080078125,0.822967529296875,0.703216552734375,0.07385647296905518,0.46222344040870667
year,NLL,Cov90,0.18,0.05,0.2,0.4,0.5,2.0,-1.0,1.3018505573272705,1.980907678604126,1.5373873710632324,0.23553681373596191,0.6790571212768555,0.860382080078125,0.82928466796875,0.703216552734375,0.21754784882068634,0.4481632113456726
year,NLL,Cov90,0.18,0.05,0.2,0.4,0.5,2.0,0.85,1.3018505573272705,1.980907678604126,1.9660120010375977,0.6641614437103271,0.6790571212768555,0.860382080078125,0.79803466796875,0.703216552734375,0.017455222085118294,0.4591270089149475
year,NLL,Cov90,0.18,0.1,0.0,0.4,0.25,1.0,-1.0,1.3018505573272705,1.980907678604126,1.7982600927352905,0.49640953540802,0.6790571212768555,0.860382080078125,0.787628173828125,0.703216552734375,0.8310873508453369,0.03777053952217102
year,NLL,Cov90,0.18,0.1,0.0,0.4,0.25,1.0,0.85,1.3018505573272705,1.980907678604126,1.8784360885620117,0.5765855312347412,0.6790571212768555,0.860382080078125,0.781890869140625,0.703216552734375,0.5542490482330322,0.03864223510026932
year,NLL,Cov90,0.18,0.1,0.0,0.4,0.25,2.0,-1.0,1.3018505573272705,1.980907678604126,1.8291388750076294,0.5272883176803589,0.6790571212768555,0.860382080078125,0.790191650390625,0.703216552734375,0.715146541595459,0.0380372479557991
year,NLL,Cov90,0.18,0.1,0.0,0.4,0.25,2.0,0.85,1.3018505573272705,1.980907678604126,1.7633146047592163,0.4614640474319458,0.6790571212768555,0.860382080078125,0.7906494140625,0.703216552734375,0.3599652051925659,0.03817848116159439
year,NLL,Cov90,0.18,0.1,0.0,0.4,0.5,1.0,-1.0,1.3018505573272705,1.980907678604126,1.5090179443359375,0.207167387008667,0.6790571212768555,0.860382080078125,0.81744384765625,0.703216552734375,0.8537508249282837,0.03175795078277588
year,NLL,Cov90,0.18,0.1,0.0,0.4,0.5,1.0,0.85,1.3018505573272705,1.980907678604126,1.5805435180664062,0.27869296073913574,0.6790571212768555,0.860382080078125,0.810577392578125,0.703216552734375,0.6004316806793213,0.03327246382832527
year,NLL,Cov90,0.18,0.1,0.0,0.4,0.5,2.0,-1.0,1.3018505573272705,1.980907678604126,1.5751979351043701,0.2733473777770996,0.6790571212768555,0.860382080078125,0.8114013671875,0.703216552734375,0.740898609161377,0.03321118280291557
year,NLL,Cov90,0.18,0.1,0.0,0.4,0.5,2.0,0.85,1.3018505573272705,1.980907678604126,1.5526528358459473,0.25080227851867676,0.6790571212768555,0.860382080078125,0.811492919921875,0.703216552734375,0.39412862062454224,0.03388514369726181
year,NLL,Cov90,0.18,0.1,0.1,0.4,0.25,1.0,-1.0,1.3018505573272705,1.980907678604126,1.7494791746139526,0.44762861728668213,0.6790571212768555,0.860382080078125,0.79241943359375,0.703216552734375,0.4383814334869385,0.3179980516433716
year,NLL,Cov90,0.18,0.1,0.1,0.4,0.25,1.0,0.85,1.3018505573272705,1.980907678604126,1.793602705001831,0.49175214767456055,0.6790571212768555,0.860382080078125,0.796539306640625,0.703216552734375,0.10611880570650101,0.3221254050731659
year,NLL,Cov90,0.18,0.1,0.1,0.4,0.25,2.0,-1.0,1.3018505573272705,1.980907678604126,1.8811672925949097,0.5793167352676392,0.6790571212768555,0.860382080078125,0.78411865234375,0.703216552734375,0.28804874420166016,0.321778267621994
year,NLL,Cov90,0.18,0.1,0.1,0.4,0.25,2.0,0.85,1.3018505573272705,1.980907678604126,1.812744379043579,0.5108938217163086,0.6790571212768555,0.860382080078125,0.78680419921875,0.703216552734375,0.037264496088027954,0.32865825295448303
year,NLL,Cov90,0.18,0.1,0.1,0.4,0.5,1.0,-1.0,1.3018505573272705,1.980907678604126,1.5931785106658936,0.29132795333862305,0.6790571212768555,0.860382080078125,0.812042236328125,0.703216552734375,0.4697466194629669,0.27953657507896423
year,NLL,Cov90,0.18,0.1,0.1,0.4,0.5,1.0,0.85,1.3018505573272705,1.980907678604126,1.700559139251709,0.3987085819244385,0.6790571212768555,0.860382080078125,0.815460205078125,0.703216552734375,0.12218242138624191,0.29466938972473145
year,NLL,Cov90,0.18,0.1,0.1,0.4,0.5,2.0,-1.0,1.3018505573272705,1.980907678604126,1.6476051807403564,0.34575462341308594,0.6790571212768555,0.860382080078125,0.8092041015625,0.703216552734375,0.31100350618362427,0.2882375419139862
year,NLL,Cov90,0.18,0.1,0.1,0.4,0.5,2.0,0.85,1.3018505573272705,1.980907678604126,1.8666796684265137,0.5648291110992432,0.6790571212768555,0.860382080078125,0.798797607421875,0.703216552734375,0.03407255932688713,0.30220717191696167
year,NLL,Cov90,0.18,0.1,0.2,0.4,0.25,1.0,-1.0,1.3018505573272705,1.980907678604126,1.7629456520080566,0.46109509468078613,0.6790571212768555,0.860382080078125,0.791534423828125,0.703216552734375,0.31474536657333374,0.5041307806968689
year,NLL,Cov90,0.18,0.1,0.2,0.4,0.25,1.0,0.85,1.3018505573272705,1.980907678604126,1.7784650325775146,0.47661447525024414,0.6790571212768555,0.860382080078125,0.80499267578125,0.703216552734375,0.05324971303343773,0.5370129346847534
year,NLL,Cov90,0.18,0.1,0.2,0.4,0.25,2.0,-1.0,1.3018505573272705,1.980907678604126,1.8504407405853271,0.5485901832580566,0.6790571212768555,0.860382080078125,0.786285400390625,0.703216552734375,0.18209517002105713,0.523206353187561
year,NLL,Cov90,0.18,0.1,0.2,0.4,0.25,2.0,0.85,1.3018505573272705,1.980907678604126,1.5593341588974,0.2574836015701294,0.6790571212768555,0.860382080078125,0.8302001953125,0.703216552734375,0.013855045661330223,0.5242137908935547
year,NLL,Cov90,0.18,0.1,0.2,0.4,0.5,1.0,-1.0,1.3018505573272705,1.980907678604126,1.5732882022857666,0.2714376449584961,0.6790571212768555,0.860382080078125,0.82122802734375,0.703216552734375,0.3460635840892792,0.44205930829048157
year,NLL,Cov90,0.18,0.1,0.2,0.4,0.5,1.0,0.85,1.3018505573272705,1.980907678604126,1.9469451904296875,0.645094633102417,0.6790571212768555,0.860382080078125,0.798858642578125,0.703216552734375,0.0678253322839737,0.46716803312301636
year,NLL,Cov90,0.18,0.1,0.2,0.4,0.5,2.0,-1.0,1.3018505573272705,1.980907678604126,1.4984811544418335,0.196630597114563,0.6790571212768555,0.860382080078125,0.829193115234375,0.703216552734375,0.20827531814575195,0.458299458026886
year,NLL,Cov90,0.18,0.1,0.2,0.4,0.5,2.0,0.85,1.3018505573272705,1.980907678604126,1.6035302877426147,0.30167973041534424,0.6790571212768555,0.860382080078125,0.829681396484375,0.703216552734375,0.02102215588092804,0.4649120271205902
year,NLL,Cov90,0.28,0.02,0.0,0.4,0.25,1.0,-1.0,1.3018505573272705,1.980907678604126,1.7988264560699463,0.4969758987426758,0.6790571212768555,0.860382080078125,0.786376953125,0.703216552734375,0.9947350025177002,0.0014831828884780407
year,NLL,Cov90,0.28,0.02,0.0,0.4,0.25,1.0,0.85,1.3018505573272705,1.980907678604126,1.7988264560699463,0.4969758987426758,0.6790571212768555,0.860382080078125,0.786376953125,0.703216552734375,0.9947350025177002,0.0014831828884780407
year,NLL,Cov90,0.28,0.02,0.0,0.4,0.25,2.0,-1.0,1.3018505573272705,1.980907678604126,1.7773855924606323,0.4755350351333618,0.6790571212768555,0.860382080078125,0.78558349609375,0.703216552734375,0.9895356893539429,0.001482967403717339
year,NLL,Cov90,0.28,0.02,0.0,0.4,0.25,2.0,0.85,1.3018505573272705,1.980907678604126,1.7470158338546753,0.4451652765274048,0.6790571212768555,0.860382080078125,0.7877197265625,0.703216552734375,0.9895724058151245,0.0014777891337871552
year,NLL,Cov90,0.28,0.02,0.0,0.4,0.5,1.0,-1.0,1.3018505573272705,1.980907678604126,1.5039175748825073,0.20206701755523682,0.6790571212768555,0.860382080078125,0.811981201171875,0.703216552734375,0.9953393936157227,0.0013122098753228784
year,NLL,Cov90,0.28,0.02,0.0,0.4,0.5,1.0,0.85,1.3018505573272705,1.980907678604126,1.5040674209594727,0.20221686363220215,0.6790571212768555,0.860382080078125,0.81158447265625,0.703216552734375,0.9953389167785645,0.0013123385142534971
year,NLL,Cov90,0.28,0.02,0.0,0.4,0.5,2.0,-1.0,1.3018505573272705,1.980907678604126,1.5224201679229736,0.22056961059570312,0.6790571212768555,0.860382080078125,0.81036376953125,0.703216552734375,0.9906131625175476,0.0013289456255733967
year,NLL,Cov90,0.28,0.02,0.0,0.4,0.5,2.0,0.85,1.3018505573272705,1.980907678604126,1.52349853515625,0.2216479778289795,0.6790571212768555,0.860382080078125,0.81024169921875,0.703216552734375,0.9906114339828491,0.0013292174553498626
year,NLL,Cov90,0.28,0.02,0.1,0.4,0.25,1.0,-1.0,1.3018505573272705,1.980907678604126,1.7100427150726318,0.40819215774536133,0.6790571212768555,0.860382080078125,0.79217529296875,0.703216552734375,0.5807062387466431,0.28790831565856934
year,NLL,Cov90,0.28,0.02,0.1,0.4,0.25,1.0,0.85,1.3018505573272705,1.980907678604126,1.8669090270996094,0.5650584697723389,0.6790571212768555,0.860382080078125,0.784881591796875,0.703216552734375,0.23300038278102875,0.30285879969596863
year,NLL,Cov90,0.28,0.02,0.1,0.4,0.25,2.0,-1.0,1.3018505573272705,1.980907678604126,1.7680718898773193,0.46622133255004883,0.6790571212768555,0.860382080078125,0.791168212890625,0.703216552734375,0.42725175619125366,0.2969505786895752
year,NLL,Cov90,0.28,0.02,0.1,0.4,0.25,2.0,0.85,1.3018505573272705,1.980907678604126,1.987423062324524,0.6855725049972534,0.6790571212768555,0.860382080078125,0.78875732421875,0.703216552734375,0.09525706619024277,0.29892483353614807
year,NLL,Cov90,0.28,0.02,0.1,0.4,0.5,1.0,-1.0,1.3018505573272705,1.980907678604126,1.6074241399765015,0.30557358264923096,0.6790571212768555,0.860382080078125,0.809295654296875,0.703216552734375,0.6068962812423706,0.25406989455223083
year,NLL,Cov90,0.28,0.02,0.1,0.4,0.5,1.0,0.85,1.3018505573272705,1.980907678604126,1.651039719581604,0.3491891622543335,0.6790571212768555,0.860382080078125,0.81622314453125,0.703216552734375,0.26170092821121216,0.27456456422805786
year,NLL,Cov90,0.28,0.02,0.1,0.4,0.5,2.0,-1.0,1.3018505573272705,1.980907678604126,1.6405901908874512,0.33873963356018066,0.6790571212768555,0.860382080078125,0.806976318359375,0.703216552734375,0.4583255350589752,0.2568809986114502
year,NLL,Cov90,0.28,0.02,0.1,0.4,0.5,2.0,0.85,1.3018505573272705,1.980907678604126,1.8017287254333496,0.4998781681060791,0.6790571212768555,0.860382080078125,0.818267822265625,0.703216552734375,0.11464778333902359,0.27446526288986206
year,NLL,Cov90,0.28,0.02,0.2,0.4,0.25,1.0,-1.0,1.3018505573272705,1.980907678604126,1.7589023113250732,0.45705175399780273,0.6790571212768555,0.860382080078125,0.79248046875,0.703216552734375,0.4295941889286041,0.4817813038825989
year,NLL,Cov90,0.28,0.02,0.2,0.4,0.25,1.0,0.85,1.3018505573272705,1.980907678604126,1.8909924030303955,0.589141845703125,0.6790571212768555,0.860382080078125,0.7841796875,0.703216552734375,0.09806607663631439,0.5121700763702393
year,NLL,Cov90,0.28,0.02,0.2,0.4,0.25,2.0,-1.0,1.3018505573272705,1.980907678604126,1.765472173690796,0.4636216163635254,0.6790571212768555,0.860382080078125,0.790863037109375,0.703216552734375,0.27811485528945923,0.4910581707954407
year,NLL,Cov90,0.28,0.02,0.2,0.4,0.25,2.0,0.85,1.3018505573272705,1.980907678604126,1.9175958633422852,0.6157453060150146,0.6790571212768555,0.860382080078125,0.777984619140625,0.703216552734375,0.029800809919834137,0.5213377475738525
year,NLL,Cov90,0.28,0.02,0.2,0.4,0.5,1.0,-1.0,1.3018505573272705,1.980907678604126,1.540744662284851,0.23889410495758057,0.6790571212768555,0.860382080078125,0.825408935546875,0.703216552734375,0.46587857604026794,0.4178315997123718
year,NLL,Cov90,0.28,0.02,0.2,0.4,0.5,1.0,0.85,1.3018505573272705,1.980907678604126,1.8740549087524414,0.5722043514251709,0.6790571212768555,0.860382080078125,0.810638427734375,0.703216552734375,0.12631124258041382,0.45770972967147827
year,NLL,Cov90,0.28,0.02,0.2,0.4,0.5,2.0,-1.0,1.3018505573272705,1.980907678604126,1.5596545934677124,0.2578040361404419,0.6790571212768555,0.860382080078125,0.82086181640625,0.703216552734375,0.3079197406768799,0.43358978629112244
year,NLL,Cov90,0.28,0.02,0.2,0.4,0.5,2.0,0.85,1.3018505573272705,1.980907678604126,1.8767634630203247,0.5749129056930542,0.6790571212768555,0.860382080078125,0.792236328125,0.703216552734375,0.04721280559897423,0.4592951238155365
year,NLL,Cov90,0.28,0.05,0.0,0.4,0.25,1.0,-1.0,1.3018505573272705,1.980907678604126,1.7659993171691895,0.46414875984191895,0.6790571212768555,0.860382080078125,0.78887939453125,0.703216552734375,0.9681272506713867,0.009261755272746086
year,NLL,Cov90,0.28,0.05,0.0,0.4,0.25,1.0,0.85,1.3018505573272705,1.980907678604126,1.8178515434265137,0.5160009860992432,0.6790571212768555,0.860382080078125,0.78485107421875,0.703216552734375,0.9566062688827515,0.009408343583345413
year,NLL,Cov90,0.28,0.05,0.0,0.4,0.25,2.0,-1.0,1.3018505573272705,1.980907678604126,1.8061442375183105,0.50429368019104,0.6790571212768555,0.860382080078125,0.784515380859375,0.703216552734375,0.9380704164505005,0.009333203546702862
year,NLL,Cov90,0.28,0.05,0.0,0.4,0.25,2.0,0.85,1.3018505573272705,1.980907678604126,1.7724783420562744,0.4706277847290039,0.6790571212768555,0.860382080078125,0.79388427734375,0.703216552734375,0.8580673336982727,0.009506543166935444
year,NLL,Cov90,0.28,0.05,0.0,0.4,0.5,1.0,-1.0,1.3018505573272705,1.980907678604126,1.5098730325698853,0.20802247524261475,0.6790571212768555,0.860382080078125,0.815826416015625,0.703216552734375,0.9716082811355591,0.008227010257542133
year,NLL,Cov90,0.28,0.05,0.0,0.4,0.5,1.0,0.85,1.3018505573272705,1.980907678604126,1.499814510345459,0.19796395301818848,0.6790571212768555,0.860382080078125,0.81597900390625,0.703216552734375,0.9621032476425171,0.008192604407668114
year,NLL,Cov90,0.28,0.05,0.0,0.4,0.5,2.0,-1.0,1.3018505573272705,1.980907678604126,1.524512529373169,0.22266197204589844,0.6790571212768555,0.860382080078125,0.81500244140625,0.703216552734375,0.945640504360199,0.008130254223942757
year,NLL,Cov90,0.28,0.05,0.0,0.4,0.5,2.0,0.85,1.3018505573272705,1.980907678604126,1.538588285446167,0.23673772811889648,0.6790571212768555,0.860382080078125,0.816802978515625,0.703216552734375,0.8896345496177673,0.008061856031417847
year,NLL,Cov90,0.28,0.05,0.1,0.4,0.25,1.0,-1.0,1.3018505573272705,1.980907678604126,1.726272463798523,0.42442190647125244,0.6790571212768555,0.860382080078125,0.79254150390625,0.703216552734375,0.5686669945716858,0.29506829380989075
year,NLL,Cov90,0.28,0.05,0.1,0.4,0.25,1.0,0.85,1.3018505573272705,1.980907678604126,1.849188208580017,0.5473376512527466,0.6790571212768555,0.860382080078125,0.791656494140625,0.703216552734375,0.22349897027015686,0.3061811923980713
year,NLL,Cov90,0.28,0.05,0.1,0.4,0.25,2.0,-1.0,1.3018505573272705,1.980907678604126,1.7598201036453247,0.4579695463180542,0.6790571212768555,0.860382080078125,0.7913818359375,0.703216552734375,0.41538190841674805,0.30075132846832275
year,NLL,Cov90,0.28,0.05,0.1,0.4,0.25,2.0,0.85,1.3018505573272705,1.980907678604126,1.9078342914581299,0.6059837341308594,0.6790571212768555,0.860382080078125,0.78570556640625,0.703216552734375,0.09793706238269806,0.30307650566101074
year,NLL,Cov90,0.28,0.05,0.1,0.4,0.5,1.0,-1.0,1.3018505573272705,1.980907678604126,1.5880372524261475,0.28618669509887695,0.6790571212768555,0.860382080078125,0.81134033203125,0.703216552734375,0.5977036952972412,0.25796470046043396
year,NLL,Cov90,0.28,0.05,0.1,0.4,0.5,1.0,0.85,1.3018505573272705,1.980907678604126,1.6009455919265747,0.2990950345993042,0.6790571212768555,0.860382080078125,0.828521728515625,0.703216552734375,0.24539530277252197,0.2804572880268097
year,NLL,Cov90,0.28,0.05,0.1,0.4,0.5,2.0,-1.0,1.3018505573272705,1.980907678604126,1.645616054534912,0.3437654972076416,0.6790571212768555,0.860382080078125,0.8072509765625,0.703216552734375,0.44437676668167114,0.2642827332019806
year,NLL,Cov90,0.28,0.05,0.1,0.4,0.5,2.0,0.85,1.3018505573272705,1.980907678604126,1.6888957023620605,0.38704514503479004,0.6790571212768555,0.860382080078125,0.809295654296875,0.703216552734375,0.10020190477371216,0.2739905118942261
year,NLL,Cov90,0.28,0.05,0.2,0.4,0.25,1.0,-1.0,1.3018505573272705,1.980907678604126,1.7657415866851807,0.46389102935791016,0.6790571212768555,0.860382080078125,0.792449951171875,0.703216552734375,0.42895492911338806,0.48463553190231323
year,NLL,Cov90,0.28,0.05,0.2,0.4,0.25,1.0,0.85,1.3018505573272705,1.980907678604126,1.975693941116333,0.6738433837890625,0.6790571212768555,0.860382080078125,0.78326416015625,0.703216552734375,0.0957798957824707,0.5248635411262512
year,NLL,Cov90,0.28,0.05,0.2,0.4,0.25,2.0,-1.0,1.3018505573272705,1.980907678604126,1.8066498041152954,0.5047992467880249,0.6790571212768555,0.860382080078125,0.791412353515625,0.703216552734375,0.27367377281188965,0.49705544114112854
year,NLL,Cov90,0.28,0.05,0.2,0.4,0.25,2.0,0.85,1.3018505573272705,1.980907678604126,1.7274177074432373,0.4255671501159668,0.6790571212768555,0.860382080078125,0.811126708984375,0.703216552734375,0.029980706050992012,0.5191409587860107
year,NLL,Cov90,0.28,0.05,0.2,0.4,0.5,1.0,-1.0,1.3018505573272705,1.980907678604126,1.5754733085632324,0.2736227512359619,0.6790571212768555,0.860382080078125,0.8172607421875,0.703216552734375,0.4627527594566345,0.42049098014831543
year,NLL,Cov90,0.28,0.05,0.2,0.4,0.5,1.0,0.85,1.3018505573272705,1.980907678604126,1.623453140258789,0.32160258293151855,0.6790571212768555,0.860382080078125,0.81951904296875,0.703216552734375,0.12847697734832764,0.4528302550315857
year,NLL,Cov90,0.28,0.05,0.2,0.4,0.5,2.0,-1.0,1.3018505573272705,1.980907678604126,1.543290615081787,0.2414400577545166,0.6790571212768555,0.860382080078125,0.823883056640625,0.703216552734375,0.30483418703079224,0.4347774386405945
year,NLL,Cov90,0.28,0.05,0.2,0.4,0.5,2.0,0.85,1.3018505573272705,1.980907678604126,1.8428658246994019,0.5410152673721313,0.6790571212768555,0.860382080078125,0.8084716796875,0.703216552734375,0.04919665679335594,0.4753707945346832
year,NLL,Cov90,0.28,0.1,0.0,0.4,0.25,1.0,-1.0,1.3018505573272705,1.980907678604126,1.7969521284103394,0.49510157108306885,0.6790571212768555,0.860382080078125,0.7904052734375,0.703216552734375,0.8843022584915161,0.03742675855755806
year,NLL,Cov90,0.28,0.1,0.0,0.4,0.25,1.0,0.85,1.3018505573272705,1.980907678604126,1.852002739906311,0.5501521825790405,0.6790571212768555,0.860382080078125,0.7841796875,0.703216552734375,0.6865151524543762,0.03795851022005081
year,NLL,Cov90,0.28,0.1,0.0,0.4,0.25,2.0,-1.0,1.3018505573272705,1.980907678604126,1.808934211730957,0.5070836544036865,0.6790571212768555,0.860382080078125,0.790863037109375,0.703216552734375,0.7927354574203491,0.03805898129940033
year,NLL,Cov90,0.28,0.1,0.0,0.4,0.25,2.0,0.85,1.3018505573272705,1.980907678604126,1.843437910079956,0.5415873527526855,0.6790571212768555,0.860382080078125,0.784149169921875,0.703216552734375,0.47705376148223877,0.03855804726481438
year,NLL,Cov90,0.28,0.1,0.0,0.4,0.5,1.0,-1.0,1.3018505573272705,1.980907678604126,1.5378432273864746,0.2359926700592041,0.6790571212768555,0.860382080078125,0.815673828125,0.703216552734375,0.8990211486816406,0.032069794833660126
year,NLL,Cov90,0.28,0.1,0.0,0.4,0.5,1.0,0.85,1.3018505573272705,1.980907678604126,1.5938284397125244,0.2919778823852539,0.6790571212768555,0.860382080078125,0.80865478515625,0.703216552734375,0.7218345403671265,0.03316958248615265
year,NLL,Cov90,0.28,0.1,0.0,0.4,0.5,2.0,-1.0,1.3018505573272705,1.980907678604126,1.5220388174057007,0.22018826007843018,0.6790571212768555,0.860382080078125,0.81829833984375,0.703216552734375,0.8199618458747864,0.03199419379234314
year,NLL,Cov90,0.28,0.1,0.0,0.4,0.5,2.0,0.85,1.3018505573272705,1.980907678604126,1.6216933727264404,0.3198428153991699,0.6790571212768555,0.860382080078125,0.80609130859375,0.703216552734375,0.5002720952033997,0.03481535613536835
year,NLL,Cov90,0.28,0.1,0.1,0.4,0.25,1.0,-1.0,1.3018505573272705,1.980907678604126,1.737549066543579,0.4356985092163086,0.6790571212768555,0.860382080078125,0.79052734375,0.703216552734375,0.5393692255020142,0.31656453013420105
year,NLL,Cov90,0.28,0.1,0.1,0.4,0.25,1.0,0.85,1.3018505573272705,1.980907678604126,1.8226251602172852,0.5207746028900146,0.6790571212768555,0.860382080078125,0.7900390625,0.703216552734375,0.16930849850177765,0.3283959627151489
year,NLL,Cov90,0.28,0.1,0.1,0.4,0.25,2.0,-1.0,1.3018505573272705,1.980907678604126,1.7369388341903687,0.43508827686309814,0.6790571212768555,0.860382080078125,0.7906494140625,0.703216552734375,0.38360369205474854,0.3160111904144287
year,NLL,Cov90,0.28,0.1,0.1,0.4,0.25,2.0,0.85,1.3018505573272705,1.980907678604126,1.9016281366348267,0.5997775793075562,0.6790571212768555,0.860382080078125,0.788360595703125,0.703216552734375,0.06254768371582031,0.31647467613220215
year,NLL,Cov90,0.28,0.1,0.1,0.4,0.5,1.0,-1.0,1.3018505573272705,1.980907678604126,1.5770134925842285,0.275162935256958,0.6790571212768555,0.860382080078125,0.81317138671875,0.703216552734375,0.5719656348228455,0.27379047870635986
year,NLL,Cov90,0.28,0.1,0.1,0.4,0.5,1.0,0.85,1.3018505573272705,1.980907678604126,1.7453618049621582,0.4435112476348877,0.6790571212768555,0.860382080078125,0.798980712890625,0.703216552734375,0.18599170446395874,0.3003571629524231
year,NLL,Cov90,0.28,0.1,0.1,0.4,0.5,2.0,-1.0,1.3018505573272705,1.980907678604126,1.6423314809799194,0.3404809236526489,0.6790571212768555,0.860382080078125,0.8106689453125,0.703216552734375,0.41337794065475464,0.2799079418182373
year,NLL,Cov90,0.28,0.1,0.1,0.4,0.5,2.0,0.85,1.3018505573272705,1.980907678604126,1.4971249103546143,0.19527435302734375,0.6790571212768555,0.860382080078125,0.832733154296875,0.703216552734375,0.08298450708389282,0.29807940125465393
year,NLL,Cov90,0.28,0.1,0.2,0.4,0.25,1.0,-1.0,1.3018505573272705,1.980907678604126,1.7398784160614014,0.43802785873413086,0.6790571212768555,0.860382080078125,0.7928466796875,0.703216552734375,0.4152572751045227,0.49888086318969727
year,NLL,Cov90,0.28,0.1,0.2,0.4,0.25,1.0,0.85,1.3018505573272705,1.980907678604126,1.7795504331588745,0.477699875831604,0.6790571212768555,0.860382080078125,0.793121337890625,0.703216552734375,0.08423741906881332,0.52851402759552
year,NLL,Cov90,0.28,0.1,0.2,0.4,0.25,2.0,-1.0,1.3018505573272705,1.980907678604126,1.842185378074646,0.5403348207473755,0.6790571212768555,0.860382080078125,0.784942626953125,0.703216552734375,0.25898921489715576,0.5180599689483643
year,NLL,Cov90,0.28,0.1,0.2,0.4,0.25,2.0,0.85,1.3018505573272705,1.980907678604126,1.6632049083709717,0.36135435104370117,0.6790571212768555,0.860382080078125,0.8194580078125,0.703216552734375,0.04196752607822418,0.528079628944397
year,NLL,Cov90,0.28,0.1,0.2,0.4,0.5,1.0,-1.0,1.3018505573272705,1.980907678604126,1.5170609951019287,0.2152104377746582,0.6790571212768555,0.860382080078125,0.828582763671875,0.703216552734375,0.45246821641921997,0.4254210889339447
year,NLL,Cov90,0.28,0.1,0.2,0.4,0.5,1.0,0.85,1.3018505573272705,1.980907678604126,1.64485502243042,0.3430044651031494,0.6790571212768555,0.860382080078125,0.81878662109375,0.703216552734375,0.10414684563875198,0.47762036323547363
year,NLL,Cov90,0.28,0.1,0.2,0.4,0.5,2.0,-1.0,1.3018505573272705,1.980907678604126,1.5725611448287964,0.2707105875015259,0.6790571212768555,0.860382080078125,0.82049560546875,0.703216552734375,0.29252612590789795,0.4474700093269348
year,NLL,Cov90,0.28,0.1,0.2,0.4,0.5,2.0,0.85,1.3018505573272705,1.980907678604126,1.8734915256500244,0.5716409683227539,0.6790571212768555,0.860382080078125,0.805938720703125,0.703216552734375,0.04466275870800018,0.4671315550804138
higgs_public,NLL_OOD,Cov90_OOD,0.12,0.02,0.0,0.4,0.25,1.0,-1.0,3.2778522968292236,254.64334106445312,4.246614456176758,0.9687621593475342,251.3654887676239,0.6563720703125,0.63671875,0.2200927734375,0.9865692853927612,0.0016555041074752808
higgs_public,NLL_OOD,Cov90_OOD,0.12,0.02,0.0,0.4,0.25,1.0,0.85,3.2778522968292236,254.64334106445312,4.246614456176758,0.9687621593475342,251.3654887676239,0.6563720703125,0.63671875,0.2200927734375,0.9838894605636597,0.0016555041074752808
higgs_public,NLL_OOD,Cov90_OOD,0.12,0.02,0.0,0.4,0.25,2.0,-1.0,3.2778522968292236,254.64334106445312,4.332590103149414,1.0547378063201904,251.3654887676239,0.6563720703125,0.634765625,0.2200927734375,0.9738167524337769,0.0016555041074752808
higgs_public,NLL_OOD,Cov90_OOD,0.12,0.02,0.0,0.4,0.25,2.0,0.85,3.2778522968292236,254.64334106445312,4.312872886657715,1.0350205898284912,251.3654887676239,0.6563720703125,0.634033203125,0.2200927734375,0.9550930857658386,0.0016555041074752808
higgs_public,NLL_OOD,Cov90_OOD,0.12,0.02,0.0,0.4,0.5,1.0,-1.0,3.2778522968292236,254.64334106445312,4.026218414306641,0.748366117477417,251.3654887676239,0.6563720703125,0.64306640625,0.2200927734375,0.9865692853927612,0.0016555041074752808
higgs_public,NLL_OOD,Cov90_OOD,0.12,0.02,0.0,0.4,0.5,1.0,0.85,3.2778522968292236,254.64334106445312,4.026218414306641,0.748366117477417,251.3654887676239,0.6563720703125,0.64306640625,0.2200927734375,0.9838894605636597,0.0016555041074752808
higgs_public,NLL_OOD,Cov90_OOD,0.12,0.02,0.0,0.4,0.5,2.0,-1.0,3.2778522968292236,254.64334106445312,4.083593368530273,0.8057410717010498,251.3654887676239,0.6563720703125,0.642822265625,0.2200927734375,0.9738167524337769,0.0016555041074752808
higgs_public,NLL_OOD,Cov90_OOD,0.12,0.02,0.0,0.4,0.5,2.0,0.85,3.2778522968292236,254.64334106445312,4.072922229766846,0.7950699329376221,251.3654887676239,0.6563720703125,0.6424560546875,0.2200927734375,0.9550930857658386,0.0016555041074752808
higgs_public,NLL_OOD,Cov90_OOD,0.12,0.02,0.1,0.4,0.25,1.0,-1.0,3.2778522968292236,254.64334106445312,4.491994380950928,1.214142084121704,251.3654887676239,0.6563720703125,0.629638671875,0.2200927734375,0.6064658164978027,0.16049998998641968
higgs_public,NLL_OOD,Cov90_OOD,0.12,0.02,0.1,0.4,0.25,1.0,0.85,3.2778522968292236,254.64334106445312,4.575736999511719,1.2978847026824951,251.3654887676239,0.6563720703125,0.6209716796875,0.2200927734375,0.30458301305770874,0.16049998998641968
higgs_public,NLL_OOD,Cov90_OOD,0.12,0.02,0.1,0.4,0.25,2.0,-1.0,3.2778522968292236,254.64334106445312,4.515946865081787,1.2380945682525635,251.3654887676239,0.6563720703125,0.6220703125,0.2200927734375,0.47704076766967773,0.16049998998641968
higgs_public,NLL_OOD,Cov90_OOD,0.12,0.02,0.1,0.4,0.25,2.0,0.85,3.2778522968292236,254.64334106445312,4.55819034576416,1.2803380489349365,251.3654887676239,0.6563720703125,0.62646484375,0.2200927734375,0.17867088317871094,0.16049998998641968
higgs_public,NLL_OOD,Cov90_OOD,0.12,0.02,0.1,0.4,0.5,1.0,-1.0,3.2778522968292236,254.64334106445312,3.9790000915527344,0.7011477947235107,251.3654887676239,0.6563720703125,0.6300048828125,0.2200927734375,0.6064658164978027,0.16049998998641968
higgs_public,NLL_OOD,Cov90_OOD,0.12,0.02,0.1,0.4,0.5,1.0,0.85,3.2778522968292236,254.64334106445312,4.180952548980713,0.9031002521514893,251.3654887676239,0.6563720703125,0.6292724609375,0.2200927734375,0.30458301305770874,0.16049998998641968
higgs_public,NLL_OOD,Cov90_OOD,0.12,0.02,0.1,0.4,0.5,2.0,-1.0,3.2778522968292236,254.64334106445312,4.085330963134766,0.807478666305542,251.3654887676239,0.6563720703125,0.6285400390625,0.2200927734375,0.47704076766967773,0.16049998998641968
higgs_public,NLL_OOD,Cov90_OOD,0.12,0.02,0.1,0.4,0.5,2.0,0.85,3.2778522968292236,254.64334106445312,4.183862686157227,0.9060103893280029,251.3654887676239,0.6563720703125,0.6297607421875,0.2200927734375,0.17867088317871094,0.16049998998641968
higgs_public,NLL_OOD,Cov90_OOD,0.12,0.02,0.2,0.4,0.25,1.0,-1.0,3.2778522968292236,254.64334106445312,4.345648288726807,1.067795991897583,251.3654887676239,0.6563720703125,0.611083984375,0.2200927734375,0.4556223154067993,0.32233214378356934
higgs_public,NLL_OOD,Cov90_OOD,0.12,0.02,0.2,0.4,0.25,1.0,0.85,3.2778522968292236,254.64334106445312,4.592331886291504,1.3144795894622803,251.3654887676239,0.6563720703125,0.6033935546875,0.2200927734375,0.1454712152481079,0.32233214378356934
higgs_public,NLL_OOD,Cov90_OOD,0.12,0.02,0.2,0.4,0.25,2.0,-1.0,3.2778522968292236,254.64334106445312,4.480982780456543,1.2031304836273193,251.3654887676239,0.6563720703125,0.6112060546875,0.2200927734375,0.31930452585220337,0.32233214378356934
higgs_public,NLL_OOD,Cov90_OOD,0.12,0.02,0.2,0.4,0.25,2.0,0.85,3.2778522968292236,254.64334106445312,4.583441734313965,1.3055894374847412,251.3654887676239,0.6563720703125,0.6082763671875,0.2200927734375,0.0678114965558052,0.32233214378356934
higgs_public,NLL_OOD,Cov90_OOD,0.12,0.02,0.2,0.4,0.5,1.0,-1.0,3.2778522968292236,254.64334106445312,3.9216270446777344,0.6437747478485107,251.3654887676239,0.6563720703125,0.6158447265625,0.2200927734375,0.4556223154067993,0.32233214378356934
higgs_public,NLL_OOD,Cov90_OOD,0.12,0.02,0.2,0.4,0.5,1.0,0.85,3.2778522968292236,254.64334106445312,4.225437164306641,0.947584867477417,251.3654887676239,0.6563720703125,0.611083984375,0.2200927734375,0.1454712152481079,0.32233214378356934
higgs_public,NLL_OOD,Cov90_OOD,0.12,0.02,0.2,0.4,0.5,2.0,-1.0,3.2778522968292236,254.64334106445312,4.010022163391113,0.7321698665618896,251.3654887676239,0.6563720703125,0.6129150390625,0.2200927734375,0.31930452585220337,0.32233214378356934
higgs_public,NLL_OOD,Cov90_OOD,0.12,0.02,0.2,0.4,0.5,2.0,0.85,3.2778522968292236,254.64334106445312,4.127813339233398,0.8499610424041748,251.3654887676239,0.6563720703125,0.620849609375,0.2200927734375,0.0678114965558052,0.32233214378356934
higgs_public,NLL_OOD,Cov90_OOD,0.12,0.05,0.0,0.4,0.25,1.0,-1.0,3.2778522968292236,254.64334106445312,4.263036727905273,0.9851844310760498,251.3654887676239,0.6563720703125,0.63818359375,0.2200927734375,0.9255940318107605,0.010372677817940712
higgs_public,NLL_OOD,Cov90_OOD,0.12,0.05,0.0,0.4,0.25,1.0,0.85,3.2778522968292236,254.64334106445312,4.270141124725342,0.9922888278961182,251.3654887676239,0.6563720703125,0.6383056640625,0.2200927734375,0.8202624320983887,0.010372677817940712
higgs_public,NLL_OOD,Cov90_OOD,0.12,0.05,0.0,0.4,0.25,2.0,-1.0,3.2778522968292236,254.64334106445312,4.252764701843262,0.9749124050140381,251.3654887676239,0.6563720703125,0.63671875,0.2200927734375,0.8679327368736267,0.010372677817940712
higgs_public,NLL_OOD,Cov90_OOD,0.12,0.05,0.0,0.4,0.25,2.0,0.85,3.2778522968292236,254.64334106445312,4.252040386199951,0.9741880893707275,251.3654887676239,0.6563720703125,0.63671875,0.2200927734375,0.6809298992156982,0.010372677817940712
higgs_public,NLL_OOD,Cov90_OOD,0.12,0.05,0.0,0.4,0.5,1.0,-1.0,3.2778522968292236,254.64334106445312,3.9843103885650635,0.7064580917358398,251.3654887676239,0.6563720703125,0.6451416015625,0.2200927734375,0.9255940318107605,0.010372677817940712
higgs_public,NLL_OOD,Cov90_OOD,0.12,0.05,0.0,0.4,0.5,1.0,0.85,3.2778522968292236,254.64334106445312,4.039870738983154,0.7620184421539307,251.3654887676239,0.6563720703125,0.64501953125,0.2200927734375,0.8202624320983887,0.010372677817940712
higgs_public,NLL_OOD,Cov90_OOD,0.12,0.05,0.0,0.4,0.5,2.0,-1.0,3.2778522968292236,254.64334106445312,4.013956069946289,0.7361037731170654,251.3654887676239,0.6563720703125,0.6439208984375,0.2200927734375,0.8679327368736267,0.010372677817940712
higgs_public,NLL_OOD,Cov90_OOD,0.12,0.05,0.0,0.4,0.5,2.0,0.85,3.2778522968292236,254.64334106445312,4.052562713623047,0.7747104167938232,251.3654887676239,0.6563720703125,0.6444091796875,0.2200927734375,0.6809298992156982,0.010372677817940712
higgs_public,NLL_OOD,Cov90_OOD,0.12,0.05,0.1,0.4,0.25,1.0,-1.0,3.2778522968292236,254.64334106445312,4.397330284118652,1.1194779872894287,251.3654887676239,0.6563720703125,0.6298828125,0.2200927734375,0.5877701044082642,0.167097806930542
higgs_public,NLL_OOD,Cov90_OOD,0.12,0.05,0.1,0.4,0.25,1.0,0.85,3.2778522968292236,254.64334106445312,4.584867477416992,1.3070151805877686,251.3654887676239,0.6563720703125,0.618896484375,0.2200927734375,0.27763062715530396,0.167097806930542
higgs_public,NLL_OOD,Cov90_OOD,0.12,0.05,0.1,0.4,0.25,2.0,-1.0,3.2778522968292236,254.64334106445312,4.486241817474365,1.2083895206451416,251.3654887676239,0.6563720703125,0.62353515625,0.2200927734375,0.4551387429237366,0.167097806930542
higgs_public,NLL_OOD,Cov90_OOD,0.12,0.05,0.1,0.4,0.25,2.0,0.85,3.2778522968292236,254.64334106445312,4.553021430969238,1.2751691341400146,251.3654887676239,0.6563720703125,0.622314453125,0.2200927734375,0.15782611072063446,0.167097806930542
higgs_public,NLL_OOD,Cov90_OOD,0.12,0.05,0.1,0.4,0.5,1.0,-1.0,3.2778522968292236,254.64334106445312,3.985703229904175,0.7078509330749512,251.3654887676239,0.6563720703125,0.6287841796875,0.2200927734375,0.5877701044082642,0.167097806930542
higgs_public,NLL_OOD,Cov90_OOD,0.12,0.05,0.1,0.4,0.5,1.0,0.85,3.2778522968292236,254.64334106445312,4.185260772705078,0.9074084758758545,251.3654887676239,0.6563720703125,0.62890625,0.2200927734375,0.27763062715530396,0.167097806930542
higgs_public,NLL_OOD,Cov90_OOD,0.12,0.05,0.1,0.4,0.5,2.0,-1.0,3.2778522968292236,254.64334106445312,4.009812355041504,0.7319600582122803,251.3654887676239,0.6563720703125,0.629150390625,0.2200927734375,0.4551387429237366,0.167097806930542
higgs_public,NLL_OOD,Cov90_OOD,0.12,0.05,0.1,0.4,0.5,2.0,0.85,3.2778522968292236,254.64334106445312,4.11583137512207,0.8379790782928467,251.3654887676239,0.6563720703125,0.6337890625,0.2200927734375,0.15782611072063446,0.167097806930542
higgs_public,NLL_OOD,Cov90_OOD,0.12,0.05,0.2,0.4,0.25,1.0,-1.0,3.2778522968292236,254.64334106445312,4.334842681884766,1.056990385055542,251.3654887676239,0.6563720703125,0.61376953125,0.2200927734375,0.44661614298820496,0.326383501291275
higgs_public,NLL_OOD,Cov90_OOD,0.12,0.05,0.2,0.4,0.25,1.0,0.85,3.2778522968292236,254.64334106445312,4.592607021331787,1.3147547245025635,251.3654887676239,0.6563720703125,0.6029052734375,0.2200927734375,0.13731099665164948,0.326383501291275
higgs_public,NLL_OOD,Cov90_OOD,0.12,0.05,0.2,0.4,0.25,2.0,-1.0,3.2778522968292236,254.64334106445312,4.432660102844238,1.1548078060150146,251.3654887676239,0.6563720703125,0.6104736328125,0.2200927734375,0.31005579233169556,0.326383501291275
higgs_public,NLL_OOD,Cov90_OOD,0.12,0.05,0.2,0.4,0.25,2.0,0.85,3.2778522968292236,254.64334106445312,4.626644611358643,1.348792314529419,251.3654887676239,0.6563720703125,0.609375,0.2200927734375,0.06332620233297348,0.326383501291275
higgs_public,NLL_OOD,Cov90_OOD,0.12,0.05,0.2,0.4,0.5,1.0,-1.0,3.2778522968292236,254.64334106445312,3.874887466430664,0.5970351696014404,251.3654887676239,0.6563720703125,0.613037109375,0.2200927734375,0.44661614298820496,0.326383501291275
higgs_public,NLL_OOD,Cov90_OOD,0.12,0.05,0.2,0.4,0.5,1.0,0.85,3.2778522968292236,254.64334106445312,4.243352890014648,0.9655005931854248,251.3654887676239,0.6563720703125,0.610107421875,0.2200927734375,0.13731099665164948,0.326383501291275
higgs_public,NLL_OOD,Cov90_OOD,0.12,0.05,0.2,0.4,0.5,2.0,-1.0,3.2778522968292236,254.64334106445312,4.000799655914307,0.722947359085083,251.3654887676239,0.6563720703125,0.6116943359375,0.2200927734375,0.31005579233169556,0.326383501291275
higgs_public,NLL_OOD,Cov90_OOD,0.12,0.05,0.2,0.4,0.5,2.0,0.85,3.2778522968292236,254.64334106445312,4.161618709564209,0.8837664127349854,251.3654887676239,0.6563720703125,0.6187744140625,0.2200927734375,0.06332620233297348,0.326383501291275
higgs_public,NLL_OOD,Cov90_OOD,0.12,0.1,0.0,0.4,0.25,1.0,-1.0,3.2778522968292236,254.64334106445312,4.251884460449219,0.9740321636199951,251.3654887676239,0.6563720703125,0.6378173828125,0.2200927734375,0.7784748673439026,0.04221619293093681
higgs_public,NLL_OOD,Cov90_OOD,0.12,0.1,0.0,0.4,0.25,1.0,0.85,3.2778522968292236,254.64334106445312,4.2407402992248535,0.9628880023956299,251.3654887676239,0.6563720703125,0.6351318359375,0.2200927734375,0.5089439749717712,0.04221619293093681
higgs_public,NLL_OOD,Cov90_OOD,0.12,0.1,0.0,0.4,0.25,2.0,-1.0,3.2778522968292236,254.64334106445312,4.213992118835449,0.9361398220062256,251.3654887676239,0.6563720703125,0.6380615234375,0.2200927734375,0.6616530418395996,0.04221619293093681
higgs_public,NLL_OOD,Cov90_OOD,0.12,0.1,0.0,0.4,0.25,2.0,0.85,3.2778522968292236,254.64334106445312,4.2655134201049805,0.9876611232757568,251.3654887676239,0.6563720703125,0.634765625,0.2200927734375,0.3421025574207306,0.04221619293093681
higgs_public,NLL_OOD,Cov90_OOD,0.12,0.1,0.0,0.4,0.5,1.0,-1.0,3.2778522968292236,254.64334106445312,3.9231274127960205,0.6452751159667969,251.3654887676239,0.6563720703125,0.648193359375,0.2200927734375,0.7784748673439026,0.04221619293093681
higgs_public,NLL_OOD,Cov90_OOD,0.12,0.1,0.0,0.4,0.5,1.0,0.85,3.2778522968292236,254.64334106445312,3.9659740924835205,0.6881217956542969,251.3654887676239,0.6563720703125,0.646728515625,0.2200927734375,0.5089439749717712,0.04221619293093681
higgs_public,NLL_OOD,Cov90_OOD,0.12,0.1,0.0,0.4,0.5,2.0,-1.0,3.2778522968292236,254.64334106445312,3.9694032669067383,0.6915509700775146,251.3654887676239,0.6563720703125,0.647216796875,0.2200927734375,0.6616530418395996,0.04221619293093681
higgs_public,NLL_OOD,Cov90_OOD,0.12,0.1,0.0,0.4,0.5,2.0,0.85,3.2778522968292236,254.64334106445312,4.020757675170898,0.7429053783416748,251.3654887676239,0.6563720703125,0.641845703125,0.2200927734375,0.3421025574207306,0.04221619293093681
higgs_public,NLL_OOD,Cov90_OOD,0.12,0.1,0.1,0.4,0.25,1.0,-1.0,3.2778522968292236,254.64334106445312,4.364899635314941,1.0870473384857178,251.3654887676239,0.6563720703125,0.6322021484375,0.2200927734375,0.5334903597831726,0.1912536919116974
higgs_public,NLL_OOD,Cov90_OOD,0.12,0.1,0.1,0.4,0.25,1.0,0.85,3.2778522968292236,254.64334106445312,4.420509338378906,1.1426570415496826,251.3654887676239,0.6563720703125,0.6239013671875,0.2200927734375,0.21572554111480713,0.1912536919116974
higgs_public,NLL_OOD,Cov90_OOD,0.12,0.1,0.1,0.4,0.25,2.0,-1.0,3.2778522968292236,254.64334106445312,4.4020209312438965,1.1241686344146729,251.3654887676239,0.6563720703125,0.627685546875,0.2200927734375,0.3957710862159729,0.1912536919116974
higgs_public,NLL_OOD,Cov90_OOD,0.12,0.1,0.1,0.4,0.25,2.0,0.85,3.2778522968292236,254.64334106445312,4.491946220397949,1.2140939235687256,251.3654887676239,0.6563720703125,0.63037109375,0.2200927734375,0.1132245734333992,0.1912536919116974
higgs_public,NLL_OOD,Cov90_OOD,0.12,0.1,0.1,0.4,0.5,1.0,-1.0,3.2778522968292236,254.64334106445312,3.883425712585449,0.6055734157562256,251.3654887676239,0.6563720703125,0.6334228515625,0.2200927734375,0.5334903597831726,0.1912536919116974
higgs_public,NLL_OOD,Cov90_OOD,0.12,0.1,0.1,0.4,0.5,1.0,0.85,3.2778522968292236,254.64334106445312,4.119459629058838,0.8416073322296143,251.3654887676239,0.6563720703125,0.6337890625,0.2200927734375,0.21572554111480713,0.1912536919116974
higgs_public,NLL_OOD,Cov90_OOD,0.12,0.1,0.1,0.4,0.5,2.0,-1.0,3.2778522968292236,254.64334106445312,3.969850540161133,0.6919982433319092,251.3654887676239,0.6563720703125,0.63037109375,0.2200927734375,0.3957710862159729,0.1912536919116974
higgs_public,NLL_OOD,Cov90_OOD,0.12,0.1,0.1,0.4,0.5,2.0,0.85,3.2778522968292236,254.64334106445312,4.122310638427734,0.8444583415985107,251.3654887676239,0.6563720703125,0.63330078125,0.2200927734375,0.1132245734333992,0.1912536919116974
higgs_public,NLL_OOD,Cov90_OOD,0.12,0.1,0.2,0.4,0.25,1.0,-1.0,3.2778522968292236,254.64334106445312,4.322160720825195,1.0443084239959717,251.3654887676239,0.6563720703125,0.6168212890625,0.2200927734375,0.4181094169616699,0.3415980935096741
higgs_public,NLL_OOD,Cov90_OOD,0.12,0.1,0.2,0.4,0.25,1.0,0.85,3.2778522968292236,254.64334106445312,4.559444427490234,1.2815921306610107,251.3654887676239,0.6563720703125,0.608642578125,0.2200927734375,0.11491252481937408,0.3415980935096741
higgs_public,NLL_OOD,Cov90_OOD,0.12,0.1,0.2,0.4,0.25,2.0,-1.0,3.2778522968292236,254.64334106445312,4.430543422698975,1.152691125869751,251.3654887676239,0.6563720703125,0.61376953125,0.2200927734375,0.28196412324905396,0.3415980935096741
higgs_public,NLL_OOD,Cov90_OOD,0.12,0.1,0.2,0.4,0.25,2.0,0.85,3.2778522968292236,254.64334106445312,4.500563621520996,1.2227113246917725,251.3654887676239,0.6563720703125,0.609130859375,0.2200927734375,0.05181794613599777,0.3415980935096741
higgs_public,NLL_OOD,Cov90_OOD,0.12,0.1,0.2,0.4,0.5,1.0,-1.0,3.2778522968292236,254.64334106445312,3.843531608581543,0.5656793117523193,251.3654887676239,0.6563720703125,0.61669921875,0.2200927734375,0.4181094169616699,0.3415980935096741
higgs_public,NLL_OOD,Cov90_OOD,0.12,0.1,0.2,0.4,0.5,1.0,0.85,3.2778522968292236,254.64334106445312,4.162641525268555,0.884789228439331,251.3654887676239,0.6563720703125,0.615966796875,0.2200927734375,0.11491252481937408,0.3415980935096741
higgs_public,NLL_OOD,Cov90_OOD,0.12,0.1,0.2,0.4,0.5,2.0,-1.0,3.2778522968292236,254.64334106445312,3.9921083450317383,0.7142560482025146,251.3654887676239,0.6563720703125,0.6143798828125,0.2200927734375,0.28196412324905396,0.3415980935096741
higgs_public,NLL_OOD,Cov90_OOD,0.12,0.1,0.2,0.4,0.5,2.0,0.85,3.2778522968292236,254.64334106445312,4.196685791015625,0.9188334941864014,251.3654887676239,0.6563720703125,0.6160888671875,0.2200927734375,0.05181794613599777,0.3415980935096741
higgs_public,NLL_OOD,Cov90_OOD,0.18,0.02,0.0,0.4,0.25,1.0,-1.0,3.2778522968292236,254.64334106445312,4.240128517150879,0.9622762203216553,251.3654887676239,0.6563720703125,0.6392822265625,0.2200927734375,0.9909670948982239,0.0016555041074752808
higgs_public,NLL_OOD,Cov90_OOD,0.18,0.02,0.0,0.4,0.25,1.0,0.85,3.2778522968292236,254.64334106445312,4.240128517150879,0.9622762203216553,251.3654887676239,0.6563720703125,0.6392822265625,0.2200927734375,0.9904247522354126,0.0016555041074752808
higgs_public,NLL_OOD,Cov90_OOD,0.18,0.02,0.0,0.4,0.25,2.0,-1.0,3.2778522968292236,254.64334106445312,4.30004358291626,1.0221912860870361,251.3654887676239,0.6563720703125,0.6383056640625,0.2200927734375,0.9822467565536499,0.0016555041074752808
higgs_public,NLL_OOD,Cov90_OOD,0.18,0.02,0.0,0.4,0.25,2.0,0.85,3.2778522968292236,254.64334106445312,4.30004358291626,1.0221912860870361,251.3654887676239,0.6563720703125,0.6383056640625,0.2200927734375,0.9750123023986816,0.0016555041074752808
higgs_public,NLL_OOD,Cov90_OOD,0.18,0.02,0.0,0.4,0.5,1.0,-1.0,3.2778522968292236,254.64334106445312,4.0379414558410645,0.7600891590118408,251.3654887676239,0.6563720703125,0.6431884765625,0.2200927734375,0.9909670948982239,0.0016555041074752808
higgs_public,NLL_OOD,Cov90_OOD,0.18,0.02,0.0,0.4,0.5,1.0,0.85,3.2778522968292236,254.64334106445312,4.0379414558410645,0.7600891590118408,251.3654887676239,0.6563720703125,0.6431884765625,0.2200927734375,0.9904247522354126,0.0016555041074752808
higgs_public,NLL_OOD,Cov90_OOD,0.18,0.02,0.0,0.4,0.5,2.0,-1.0,3.2778522968292236,254.64334106445312,4.099122524261475,0.821270227432251,251.3654887676239,0.6563720703125,0.642822265625,0.2200927734375,0.9822467565536499,0.0016555041074752808
higgs_public,NLL_OOD,Cov90_OOD,0.18,0.02,0.0,0.4,0.5,2.0,0.85,3.2778522968292236,254.64334106445312,4.099122524261475,0.821270227432251,251.3654887676239,0.6563720703125,0.642822265625,0.2200927734375,0.9750123023986816,0.0016555041074752808
higgs_public,NLL_OOD,Cov90_OOD,0.18,0.02,0.1,0.4,0.25,1.0,-1.0,3.2778522968292236,254.64334106445312,4.382599830627441,1.1047475337982178,251.3654887676239,0.6563720703125,0.629150390625,0.2200927734375,0.6759123206138611,0.16049998998641968
higgs_public,NLL_OOD,Cov90_OOD,0.18,0.02,0.1,0.4,0.25,1.0,0.85,3.2778522968292236,254.64334106445312,4.546861171722412,1.2690088748931885,251.3654887676239,0.6563720703125,0.6224365234375,0.2200927734375,0.3951192796230316,0.16049998998641968
higgs_public,NLL_OOD,Cov90_OOD,0.18,0.02,0.1,0.4,0.25,2.0,-1.0,3.2778522968292236,254.64334106445312,4.477853775024414,1.2000014781951904,251.3654887676239,0.6563720703125,0.6259765625,0.2200927734375,0.5539409518241882,0.16049998998641968
higgs_public,NLL_OOD,Cov90_OOD,0.18,0.02,0.1,0.4,0.25,2.0,0.85,3.2778522968292236,254.64334106445312,4.6347880363464355,1.356935739517212,251.3654887676239,0.6563720703125,0.6248779296875,0.2200927734375,0.2474406361579895,0.16049998998641968
higgs_public,NLL_OOD,Cov90_OOD,0.18,0.02,0.1,0.4,0.5,1.0,-1.0,3.2778522968292236,254.64334106445312,3.927436351776123,0.6495840549468994,251.3654887676239,0.6563720703125,0.6307373046875,0.2200927734375,0.6759123206138611,0.16049998998641968
higgs_public,NLL_OOD,Cov90_OOD,0.18,0.02,0.1,0.4,0.5,1.0,0.85,3.2778522968292236,254.64334106445312,4.113697052001953,0.8358447551727295,251.3654887676239,0.6563720703125,0.629638671875,0.2200927734375,0.3951192796230316,0.16049998998641968
higgs_public,NLL_OOD,Cov90_OOD,0.18,0.02,0.1,0.4,0.5,2.0,-1.0,3.2778522968292236,254.64334106445312,3.995724678039551,0.7178723812103271,251.3654887676239,0.6563720703125,0.63037109375,0.2200927734375,0.5539409518241882,0.16049998998641968
higgs_public,NLL_OOD,Cov90_OOD,0.18,0.02,0.1,0.4,0.5,2.0,0.85,3.2778522968292236,254.64334106445312,4.219882011413574,0.9420297145843506,251.3654887676239,0.6563720703125,0.62939453125,0.2200927734375,0.2474406361579895,0.16049998998641968
higgs_public,NLL_OOD,Cov90_OOD,0.18,0.02,0.2,0.4,0.25,1.0,-1.0,3.2778522968292236,254.64334106445312,4.262988090515137,0.9851357936859131,251.3654887676239,0.6563720703125,0.611572265625,0.2200927734375,0.5358518362045288,0.32233214378356934
higgs_public,NLL_OOD,Cov90_OOD,0.18,0.02,0.2,0.4,0.25,1.0,0.85,3.2778522968292236,254.64334106445312,4.666751861572266,1.388899564743042,251.3654887676239,0.6563720703125,0.6043701171875,0.2200927734375,0.21430546045303345,0.32233214378356934
higgs_public,NLL_OOD,Cov90_OOD,0.18,0.02,0.2,0.4,0.25,2.0,-1.0,3.2778522968292236,254.64334106445312,4.410968780517578,1.1331164836883545,251.3654887676239,0.6563720703125,0.6107177734375,0.2200927734375,0.3981437087059021,0.32233214378356934
higgs_public,NLL_OOD,Cov90_OOD,0.18,0.02,0.2,0.4,0.25,2.0,0.85,3.2778522968292236,254.64334106445312,4.527700424194336,1.2498481273651123,251.3654887676239,0.6563720703125,0.606201171875,0.2200927734375,0.10803193598985672,0.32233214378356934
higgs_public,NLL_OOD,Cov90_OOD,0.18,0.02,0.2,0.4,0.5,1.0,-1.0,3.2778522968292236,254.64334106445312,3.8512039184570312,0.5733516216278076,251.3654887676239,0.6563720703125,0.6168212890625,0.2200927734375,0.5358518362045288,0.32233214378356934
higgs_public,NLL_OOD,Cov90_OOD,0.18,0.02,0.2,0.4,0.5,1.0,0.85,3.2778522968292236,254.64334106445312,4.234325408935547,0.9564731121063232,251.3654887676239,0.6563720703125,0.6126708984375,0.2200927734375,0.21430546045303345,0.32233214378356934
higgs_public,NLL_OOD,Cov90_OOD,0.18,0.02,0.2,0.4,0.5,2.0,-1.0,3.2778522968292236,254.64334106445312,3.9623961448669434,0.6845438480377197,251.3654887676239,0.6563720703125,0.61328125,0.2200927734375,0.3981437087059021,0.32233214378356934
higgs_public,NLL_OOD,Cov90_OOD,0.18,0.02,0.2,0.4,0.5,2.0,0.85,3.2778522968292236,254.64334106445312,4.234224319458008,0.9563720226287842,251.3654887676239,0.6563720703125,0.611328125,0.2200927734375,0.10803193598985672,0.32233214378356934
higgs_public,NLL_OOD,Cov90_OOD,0.18,0.05,0.0,0.4,0.25,1.0,-1.0,3.2778522968292236,254.64334106445312,4.317428112030029,1.0395758152008057,251.3654887676239,0.6563720703125,0.63916015625,0.2200927734375,0.9480752944946289,0.010372677817940712
higgs_public,NLL_OOD,Cov90_OOD,0.18,0.05,0.0,0.4,0.25,1.0,0.85,3.2778522968292236,254.64334106445312,4.313570022583008,1.0357177257537842,251.3654887676239,0.6563720703125,0.635498046875,0.2200927734375,0.8836526870727539,0.010372677817940712
higgs_public,NLL_OOD,Cov90_OOD,0.18,0.05,0.0,0.4,0.25,2.0,-1.0,3.2778522968292236,254.64334106445312,4.2476630210876465,0.9698107242584229,251.3654887676239,0.6563720703125,0.63671875,0.2200927734375,0.9049147963523865,0.010372677817940712
higgs_public,NLL_OOD,Cov90_OOD,0.18,0.05,0.0,0.4,0.25,2.0,0.85,3.2778522968292236,254.64334106445312,4.320825576782227,1.042973279953003,251.3654887676239,0.6563720703125,0.63623046875,0.2200927734375,0.7671791911125183,0.010372677817940712
higgs_public,NLL_OOD,Cov90_OOD,0.18,0.05,0.0,0.4,0.5,1.0,-1.0,3.2778522968292236,254.64334106445312,3.99690580368042,0.7190535068511963,251.3654887676239,0.6563720703125,0.644287109375,0.2200927734375,0.9480752944946289,0.010372677817940712
higgs_public,NLL_OOD,Cov90_OOD,0.18,0.05,0.0,0.4,0.5,1.0,0.85,3.2778522968292236,254.64334106445312,4.002804756164551,0.7249524593353271,251.3654887676239,0.6563720703125,0.64404296875,0.2200927734375,0.8836526870727539,0.010372677817940712
higgs_public,NLL_OOD,Cov90_OOD,0.18,0.05,0.0,0.4,0.5,2.0,-1.0,3.2778522968292236,254.64334106445312,3.995626211166382,0.7177739143371582,251.3654887676239,0.6563720703125,0.6424560546875,0.2200927734375,0.9049147963523865,0.010372677817940712
higgs_public,NLL_OOD,Cov90_OOD,0.18,0.05,0.0,0.4,0.5,2.0,0.85,3.2778522968292236,254.64334106445312,3.9904088973999023,0.7125566005706787,251.3654887676239,0.6563720703125,0.6436767578125,0.2200927734375,0.7671791911125183,0.010372677817940712
higgs_public,NLL_OOD,Cov90_OOD,0.18,0.05,0.1,0.4,0.25,1.0,-1.0,3.2778522968292236,254.64334106445312,4.31728458404541,1.0394322872161865,251.3654887676239,0.6563720703125,0.632568359375,0.2200927734375,0.659892737865448,0.167097806930542
higgs_public,NLL_OOD,Cov90_OOD,0.18,0.05,0.1,0.4,0.25,1.0,0.85,3.2778522968292236,254.64334106445312,4.4972004890441895,1.2193481922149658,251.3654887676239,0.6563720703125,0.624267578125,0.2200927734375,0.3690701127052307,0.167097806930542
higgs_public,NLL_OOD,Cov90_OOD,0.18,0.05,0.1,0.4,0.25,2.0,-1.0,3.2778522968292236,254.64334106445312,4.470335960388184,1.19248366355896,251.3654887676239,0.6563720703125,0.629150390625,0.2200927734375,0.5336454510688782,0.167097806930542
higgs_public,NLL_OOD,Cov90_OOD,0.18,0.05,0.1,0.4,0.25,2.0,0.85,3.2778522968292236,254.64334106445312,4.543251991271973,1.265399694442749,251.3654887676239,0.6563720703125,0.6236572265625,0.2200927734375,0.22181209921836853,0.167097806930542
higgs_public,NLL_OOD,Cov90_OOD,0.18,0.05,0.1,0.4,0.5,1.0,-1.0,3.2778522968292236,254.64334106445312,3.9291794300079346,0.6513271331787109,251.3654887676239,0.6563720703125,0.630126953125,0.2200927734375,0.659892737865448,0.167097806930542
higgs_public,NLL_OOD,Cov90_OOD,0.18,0.05,0.1,0.4,0.5,1.0,0.85,3.2778522968292236,254.64334106445312,4.12339448928833,0.8455421924591064,251.3654887676239,0.6563720703125,0.6326904296875,0.2200927734375,0.3690701127052307,0.167097806930542
higgs_public,NLL_OOD,Cov90_OOD,0.18,0.05,0.1,0.4,0.5,2.0,-1.0,3.2778522968292236,254.64334106445312,4.002240180969238,0.7243878841400146,251.3654887676239,0.6563720703125,0.6280517578125,0.2200927734375,0.5336454510688782,0.167097806930542
higgs_public,NLL_OOD,Cov90_OOD,0.18,0.05,0.1,0.4,0.5,2.0,0.85,3.2778522968292236,254.64334106445312,4.168946266174316,0.8910939693450928,251.3654887676239,0.6563720703125,0.6290283203125,0.2200927734375,0.22181209921836853,0.167097806930542
higgs_public,NLL_OOD,Cov90_OOD,0.18,0.05,0.2,0.4,0.25,1.0,-1.0,3.2778522968292236,254.64334106445312,4.28441047668457,1.0065581798553467,251.3654887676239,0.6563720703125,0.6177978515625,0.2200927734375,0.5276799201965332,0.326383501291275
higgs_public,NLL_OOD,Cov90_OOD,0.18,0.05,0.2,0.4,0.25,1.0,0.85,3.2778522968292236,254.64334106445312,4.6107659339904785,1.3329136371612549,251.3654887676239,0.6563720703125,0.602783203125,0.2200927734375,0.20374152064323425,0.326383501291275
higgs_public,NLL_OOD,Cov90_OOD,0.18,0.05,0.2,0.4,0.25,2.0,-1.0,3.2778522968292236,254.64334106445312,4.398673057556152,1.1208207607269287,251.3654887676239,0.6563720703125,0.6094970703125,0.2200927734375,0.3888362646102905,0.326383501291275
higgs_public,NLL_OOD,Cov90_OOD,0.18,0.05,0.2,0.4,0.25,2.0,0.85,3.2778522968292236,254.64334106445312,4.551403522491455,1.2735512256622314,251.3654887676239,0.6563720703125,0.60693359375,0.2200927734375,0.10196735709905624,0.326383501291275
higgs_public,NLL_OOD,Cov90_OOD,0.18,0.05,0.2,0.4,0.5,1.0,-1.0,3.2778522968292236,254.64334106445312,3.821033477783203,0.5431811809539795,251.3654887676239,0.6563720703125,0.617431640625,0.2200927734375,0.5276799201965332,0.326383501291275
higgs_public,NLL_OOD,Cov90_OOD,0.18,0.05,0.2,0.4,0.5,1.0,0.85,3.2778522968292236,254.64334106445312,4.164579391479492,0.8867270946502686,251.3654887676239,0.6563720703125,0.6124267578125,0.2200927734375,0.20374152064323425,0.326383501291275
higgs_public,NLL_OOD,Cov90_OOD,0.18,0.05,0.2,0.4,0.5,2.0,-1.0,3.2778522968292236,254.64334106445312,3.936056613922119,0.6582043170928955,251.3654887676239,0.6563720703125,0.6156005859375,0.2200927734375,0.3888362646102905,0.326383501291275
higgs_public,NLL_OOD,Cov90_OOD,0.18,0.05,0.2,0.4,0.5,2.0,0.85,3.2778522968292236,254.64334106445312,4.1996564865112305,0.9218041896820068,251.3654887676239,0.6563720703125,0.6146240234375,0.2200927734375,0.10196735709905624,0.326383501291275
higgs_public,NLL_OOD,Cov90_OOD,0.18,0.1,0.0,0.4,0.25,1.0,-1.0,3.2778522968292236,254.64334106445312,4.190030097961426,0.9121778011322021,251.3654887676239,0.6563720703125,0.6356201171875,0.2200927734375,0.8335071802139282,0.04221619293093681
higgs_public,NLL_OOD,Cov90_OOD,0.18,0.1,0.0,0.4,0.25,1.0,0.85,3.2778522968292236,254.64334106445312,4.238865852355957,0.9610135555267334,251.3654887676239,0.6563720703125,0.63671875,0.2200927734375,0.6102781891822815,0.04221619293093681
higgs_public,NLL_OOD,Cov90_OOD,0.18,0.1,0.0,0.4,0.25,2.0,-1.0,3.2778522968292236,254.64334106445312,4.256536483764648,0.9786841869354248,251.3654887676239,0.6563720703125,0.6414794921875,0.2200927734375,0.7332100868225098,0.04221619293093681
higgs_public,NLL_OOD,Cov90_OOD,0.18,0.1,0.0,0.4,0.25,2.0,0.85,3.2778522968292236,254.64334106445312,4.230221748352051,0.9523694515228271,251.3654887676239,0.6563720703125,0.635498046875,0.2200927734375,0.43737903237342834,0.04221619293093681
higgs_public,NLL_OOD,Cov90_OOD,0.18,0.1,0.0,0.4,0.5,1.0,-1.0,3.2778522968292236,254.64334106445312,3.9410994052886963,0.6632471084594727,251.3654887676239,0.6563720703125,0.6478271484375,0.2200927734375,0.8335071802139282,0.04221619293093681
higgs_public,NLL_OOD,Cov90_OOD,0.18,0.1,0.0,0.4,0.5,1.0,0.85,3.2778522968292236,254.64334106445312,3.9682393074035645,0.6903870105743408,251.3654887676239,0.6563720703125,0.6468505859375,0.2200927734375,0.6102781891822815,0.04221619293093681
higgs_public,NLL_OOD,Cov90_OOD,0.18,0.1,0.0,0.4,0.5,2.0,-1.0,3.2778522968292236,254.64334106445312,3.953782081604004,0.6759297847747803,251.3654887676239,0.6563720703125,0.6458740234375,0.2200927734375,0.7332100868225098,0.04221619293093681
higgs_public,NLL_OOD,Cov90_OOD,0.18,0.1,0.0,0.4,0.5,2.0,0.85,3.2778522968292236,254.64334106445312,3.9538354873657227,0.675983190536499,251.3654887676239,0.6563720703125,0.64501953125,0.2200927734375,0.43737903237342834,0.04221619293093681
higgs_public,NLL_OOD,Cov90_OOD,0.18,0.1,0.1,0.4,0.25,1.0,-1.0,3.2778522968292236,254.64334106445312,4.317428112030029,1.0395758152008057,251.3654887676239,0.6563720703125,0.6336669921875,0.2200927734375,0.611543595790863,0.1912536919116974
higgs_public,NLL_OOD,Cov90_OOD,0.18,0.1,0.1,0.4,0.25,1.0,0.85,3.2778522968292236,254.64334106445312,4.525757789611816,1.2479054927825928,251.3654887676239,0.6563720703125,0.622802734375,0.2200927734375,0.295548677444458,0.1912536919116974
higgs_public,NLL_OOD,Cov90_OOD,0.18,0.1,0.1,0.4,0.25,2.0,-1.0,3.2778522968292236,254.64334106445312,4.388852119445801,1.1109998226165771,251.3654887676239,0.6563720703125,0.6300048828125,0.2200927734375,0.4763643145561218,0.1912536919116974
higgs_public,NLL_OOD,Cov90_OOD,0.18,0.1,0.1,0.4,0.25,2.0,0.85,3.2778522968292236,254.64334106445312,4.572788715362549,1.2949364185333252,251.3654887676239,0.6563720703125,0.624267578125,0.2200927734375,0.16728755831718445,0.1912536919116974
higgs_public,NLL_OOD,Cov90_OOD,0.18,0.1,0.1,0.4,0.5,1.0,-1.0,3.2778522968292236,254.64334106445312,3.858206272125244,0.5803539752960205,251.3654887676239,0.6563720703125,0.633056640625,0.2200927734375,0.611543595790863,0.1912536919116974
higgs_public,NLL_OOD,Cov90_OOD,0.18,0.1,0.1,0.4,0.5,1.0,0.85,3.2778522968292236,254.64334106445312,4.095338821411133,0.8174865245819092,251.3654887676239,0.6563720703125,0.629150390625,0.2200927734375,0.295548677444458,0.1912536919116974
higgs_public,NLL_OOD,Cov90_OOD,0.18,0.1,0.1,0.4,0.5,2.0,-1.0,3.2778522968292236,254.64334106445312,3.9117319583892822,0.6338796615600586,251.3654887676239,0.6563720703125,0.6304931640625,0.2200927734375,0.4763643145561218,0.1912536919116974
higgs_public,NLL_OOD,Cov90_OOD,0.18,0.1,0.1,0.4,0.5,2.0,0.85,3.2778522968292236,254.64334106445312,4.106110572814941,0.8282582759857178,251.3654887676239,0.6563720703125,0.6324462890625,0.2200927734375,0.16728755831718445,0.1912536919116974
higgs_public,NLL_OOD,Cov90_OOD,0.18,0.1,0.2,0.4,0.25,1.0,-1.0,3.2778522968292236,254.64334106445312,4.211484909057617,0.9336326122283936,251.3654887676239,0.6563720703125,0.6181640625,0.2200927734375,0.5011147856712341,0.3415980935096741
higgs_public,NLL_OOD,Cov90_OOD,0.18,0.1,0.2,0.4,0.25,1.0,0.85,3.2778522968292236,254.64334106445312,4.4789581298828125,1.2011058330535889,251.3654887676239,0.6563720703125,0.6109619140625,0.2200927734375,0.1730327308177948,0.3415980935096741
higgs_public,NLL_OOD,Cov90_OOD,0.18,0.1,0.2,0.4,0.25,2.0,-1.0,3.2778522968292236,254.64334106445312,4.381152153015137,1.103299856185913,251.3654887676239,0.6563720703125,0.61328125,0.2200927734375,0.3598972260951996,0.3415980935096741
higgs_public,NLL_OOD,Cov90_OOD,0.18,0.1,0.2,0.4,0.25,2.0,0.85,3.2778522968292236,254.64334106445312,4.5733184814453125,1.2954661846160889,251.3654887676239,0.6563720703125,0.6082763671875,0.2200927734375,0.08390691876411438,0.3415980935096741
higgs_public,NLL_OOD,Cov90_OOD,0.18,0.1,0.2,0.4,0.5,1.0,-1.0,3.2778522968292236,254.64334106445312,3.776937484741211,0.4990851879119873,251.3654887676239,0.6563720703125,0.6171875,0.2200927734375,0.5011147856712341,0.3415980935096741
higgs_public,NLL_OOD,Cov90_OOD,0.18,0.1,0.2,0.4,0.5,1.0,0.85,3.2778522968292236,254.64334106445312,4.176886558532715,0.8990342617034912,251.3654887676239,0.6563720703125,0.6138916015625,0.2200927734375,0.1730327308177948,0.3415980935096741
higgs_public,NLL_OOD,Cov90_OOD,0.18,0.1,0.2,0.4,0.5,2.0,-1.0,3.2778522968292236,254.64334106445312,3.940300703048706,0.6624484062194824,251.3654887676239,0.6563720703125,0.6136474609375,0.2200927734375,0.3598972260951996,0.3415980935096741
higgs_public,NLL_OOD,Cov90_OOD,0.18,0.1,0.2,0.4,0.5,2.0,0.85,3.2778522968292236,254.64334106445312,4.259315013885498,0.9814627170562744,251.3654887676239,0.6563720703125,0.612548828125,0.2200927734375,0.08390691876411438,0.3415980935096741
higgs_public,NLL_OOD,Cov90_OOD,0.28,0.02,0.0,0.4,0.25,1.0,-1.0,3.2778522968292236,254.64334106445312,4.322480201721191,1.0446279048919678,251.3654887676239,0.6563720703125,0.6375732421875,0.2200927734375,0.9941560626029968,0.0016555041074752808
higgs_public,NLL_OOD,Cov90_OOD,0.28,0.02,0.0,0.4,0.25,1.0,0.85,3.2778522968292236,254.64334106445312,4.322480201721191,1.0446279048919678,251.3654887676239,0.6563720703125,0.6375732421875,0.2200927734375,0.9940804839134216,0.0016555041074752808
higgs_public,NLL_OOD,Cov90_OOD,0.28,0.02,0.0,0.4,0.25,2.0,-1.0,3.2778522968292236,254.64334106445312,4.29287052154541,1.0150182247161865,251.3654887676239,0.6563720703125,0.6378173828125,0.2200927734375,0.9884447455406189,0.0016555041074752808
higgs_public,NLL_OOD,Cov90_OOD,0.28,0.02,0.0,0.4,0.25,2.0,0.85,3.2778522968292236,254.64334106445312,4.29287052154541,1.0150182247161865,251.3654887676239,0.6563720703125,0.6378173828125,0.2200927734375,0.9869134426116943,0.0016555041074752808
higgs_public,NLL_OOD,Cov90_OOD,0.28,0.02,0.0,0.4,0.5,1.0,-1.0,3.2778522968292236,254.64334106445312,4.044858455657959,0.7670061588287354,251.3654887676239,0.6563720703125,0.64208984375,0.2200927734375,0.9941560626029968,0.0016555041074752808
higgs_public,NLL_OOD,Cov90_OOD,0.28,0.02,0.0,0.4,0.5,1.0,0.85,3.2778522968292236,254.64334106445312,4.044858455657959,0.7670061588287354,251.3654887676239,0.6563720703125,0.64208984375,0.2200927734375,0.9940804839134216,0.0016555041074752808
higgs_public,NLL_OOD,Cov90_OOD,0.28,0.02,0.0,0.4,0.5,2.0,-1.0,3.2778522968292236,254.64334106445312,4.053065299987793,0.7752130031585693,251.3654887676239,0.6563720703125,0.6419677734375,0.2200927734375,0.9884447455406189,0.0016555041074752808
higgs_public,NLL_OOD,Cov90_OOD,0.28,0.02,0.0,0.4,0.5,2.0,0.85,3.2778522968292236,254.64334106445312,4.053065299987793,0.7752130031585693,251.3654887676239,0.6563720703125,0.6419677734375,0.2200927734375,0.9869134426116943,0.0016555041074752808
higgs_public,NLL_OOD,Cov90_OOD,0.28,0.02,0.1,0.4,0.25,1.0,-1.0,3.2778522968292236,254.64334106445312,4.381771087646484,1.1039187908172607,251.3654887676239,0.6563720703125,0.6309814453125,0.2200927734375,0.7438634634017944,0.16049998998641968
higgs_public,NLL_OOD,Cov90_OOD,0.28,0.02,0.1,0.4,0.25,1.0,0.85,3.2778522968292236,254.64334106445312,4.536571025848389,1.258718729019165,251.3654887676239,0.6563720703125,0.6224365234375,0.2200927734375,0.49908584356307983,0.16049998998641968
higgs_public,NLL_OOD,Cov90_OOD,0.28,0.02,0.1,0.4,0.25,2.0,-1.0,3.2778522968292236,254.64334106445312,4.477860927581787,1.2000086307525635,251.3654887676239,0.6563720703125,0.6273193359375,0.2200927734375,0.6335785984992981,0.16049998998641968
higgs_public,NLL_OOD,Cov90_OOD,0.28,0.02,0.1,0.4,0.25,2.0,0.85,3.2778522968292236,254.64334106445312,4.542141437530518,1.264289140701294,251.3654887676239,0.6563720703125,0.6217041015625,0.2200927734375,0.33873260021209717,0.16049998998641968
higgs_public,NLL_OOD,Cov90_OOD,0.28,0.02,0.1,0.4,0.5,1.0,-1.0,3.2778522968292236,254.64334106445312,3.926671266555786,0.6488189697265625,251.3654887676239,0.6563720703125,0.6314697265625,0.2200927734375,0.7438634634017944,0.16049998998641968
higgs_public,NLL_OOD,Cov90_OOD,0.28,0.02,0.1,0.4,0.5,1.0,0.85,3.2778522968292236,254.64334106445312,4.144552230834961,0.8666999340057373,251.3654887676239,0.6563720703125,0.6297607421875,0.2200927734375,0.49908584356307983,0.16049998998641968
higgs_public,NLL_OOD,Cov90_OOD,0.28,0.02,0.1,0.4,0.5,2.0,-1.0,3.2778522968292236,254.64334106445312,3.9431896209716797,0.665337324142456,251.3654887676239,0.6563720703125,0.6307373046875,0.2200927734375,0.6335785984992981,0.16049998998641968
higgs_public,NLL_OOD,Cov90_OOD,0.28,0.02,0.1,0.4,0.5,2.0,0.85,3.2778522968292236,254.64334106445312,4.121811389923096,0.8439590930938721,251.3654887676239,0.6563720703125,0.6279296875,0.2200927734375,0.33873260021209717,0.16049998998641968
higgs_public,NLL_OOD,Cov90_OOD,0.28,0.02,0.2,0.4,0.25,1.0,-1.0,3.2778522968292236,254.64334106445312,4.220373153686523,0.9425208568572998,251.3654887676239,0.6563720703125,0.6195068359375,0.2200927734375,0.6187376976013184,0.32233214378356934
higgs_public,NLL_OOD,Cov90_OOD,0.28,0.02,0.2,0.4,0.25,1.0,0.85,3.2778522968292236,254.64334106445312,4.598644256591797,1.3207919597625732,251.3654887676239,0.6563720703125,0.603515625,0.2200927734375,0.3057546615600586,0.32233214378356934
higgs_public,NLL_OOD,Cov90_OOD,0.28,0.02,0.2,0.4,0.25,2.0,-1.0,3.2778522968292236,254.64334106445312,4.274480819702148,0.9966285228729248,251.3654887676239,0.6563720703125,0.6097412109375,0.2200927734375,0.48638784885406494,0.32233214378356934
higgs_public,NLL_OOD,Cov90_OOD,0.28,0.02,0.2,0.4,0.25,2.0,0.85,3.2778522968292236,254.64334106445312,4.620242595672607,1.3423902988433838,251.3654887676239,0.6563720703125,0.603271484375,0.2200927734375,0.16861575841903687,0.32233214378356934
higgs_public,NLL_OOD,Cov90_OOD,0.28,0.02,0.2,0.4,0.5,1.0,-1.0,3.2778522968292236,254.64334106445312,3.768979787826538,0.49112749099731445,251.3654887676239,0.6563720703125,0.6202392578125,0.2200927734375,0.6187376976013184,0.32233214378356934
higgs_public,NLL_OOD,Cov90_OOD,0.28,0.02,0.2,0.4,0.5,1.0,0.85,3.2778522968292236,254.64334106445312,4.168889999389648,0.8910377025604248,251.3654887676239,0.6563720703125,0.6085205078125,0.2200927734375,0.3057546615600586,0.32233214378356934
higgs_public,NLL_OOD,Cov90_OOD,0.28,0.02,0.2,0.4,0.5,2.0,-1.0,3.2778522968292236,254.64334106445312,3.9117164611816406,0.633864164352417,251.3654887676239,0.6563720703125,0.615234375,0.2200927734375,0.48638784885406494,0.32233214378356934
higgs_public,NLL_OOD,Cov90_OOD,0.28,0.02,0.2,0.4,0.5,2.0,0.85,3.2778522968292236,254.64334106445312,4.228267669677734,0.9504153728485107,251.3654887676239,0.6563720703125,0.612060546875,0.2200927734375,0.16861575841903687,0.32233214378356934
higgs_public,NLL_OOD,Cov90_OOD,0.28,0.05,0.0,0.4,0.25,1.0,-1.0,3.2778522968292236,254.64334106445312,4.275021553039551,0.9971692562103271,251.3654887676239,0.6563720703125,0.6373291015625,0.2200927734375,0.9654299020767212,0.010372677817940712
higgs_public,NLL_OOD,Cov90_OOD,0.28,0.05,0.0,0.4,0.25,1.0,0.85,3.2778522968292236,254.64334106445312,4.302959442138672,1.0251071453094482,251.3654887676239,0.6563720703125,0.6378173828125,0.2200927734375,0.9315631985664368,0.010372677817940712
higgs_public,NLL_OOD,Cov90_OOD,0.28,0.05,0.0,0.4,0.25,2.0,-1.0,3.2778522968292236,254.64334106445312,4.2982892990112305,1.0204370021820068,251.3654887676239,0.6563720703125,0.638916015625,0.2200927734375,0.9349896907806396,0.010372677817940712
higgs_public,NLL_OOD,Cov90_OOD,0.28,0.05,0.0,0.4,0.25,2.0,0.85,3.2778522968292236,254.64334106445312,4.247297286987305,0.969444990158081,251.3654887676239,0.6563720703125,0.6376953125,0.2200927734375,0.8465917110443115,0.010372677817940712
higgs_public,NLL_OOD,Cov90_OOD,0.28,0.05,0.0,0.4,0.5,1.0,-1.0,3.2778522968292236,254.64334106445312,4.028725624084473,0.750873327255249,251.3654887676239,0.6563720703125,0.6436767578125,0.2200927734375,0.9654299020767212,0.010372677817940712
higgs_public,NLL_OOD,Cov90_OOD,0.28,0.05,0.0,0.4,0.5,1.0,0.85,3.2778522968292236,254.64334106445312,4.011763095855713,0.7339107990264893,251.3654887676239,0.6563720703125,0.6439208984375,0.2200927734375,0.9315631985664368,0.010372677817940712
higgs_public,NLL_OOD,Cov90_OOD,0.28,0.05,0.0,0.4,0.5,2.0,-1.0,3.2778522968292236,254.64334106445312,3.9853968620300293,0.7075445652008057,251.3654887676239,0.6563720703125,0.64404296875,0.2200927734375,0.9349896907806396,0.010372677817940712
higgs_public,NLL_OOD,Cov90_OOD,0.28,0.05,0.0,0.4,0.5,2.0,0.85,3.2778522968292236,254.64334106445312,4.057196617126465,0.7793443202972412,251.3654887676239,0.6563720703125,0.6427001953125,0.2200927734375,0.8465917110443115,0.010372677817940712
higgs_public,NLL_OOD,Cov90_OOD,0.28,0.05,0.1,0.4,0.25,1.0,-1.0,3.2778522968292236,254.64334106445312,4.327224254608154,1.0493719577789307,251.3654887676239,0.6563720703125,0.633056640625,0.2200927734375,0.7309808731079102,0.167097806930542
higgs_public,NLL_OOD,Cov90_OOD,0.28,0.05,0.1,0.4,0.25,1.0,0.85,3.2778522968292236,254.64334106445312,4.546590328216553,1.268738031387329,251.3654887676239,0.6563720703125,0.62255859375,0.2200927734375,0.4732583165168762,0.167097806930542
higgs_public,NLL_OOD,Cov90_OOD,0.28,0.05,0.1,0.4,0.25,2.0,-1.0,3.2778522968292236,254.64334106445312,4.409585475921631,1.1317331790924072,251.3654887676239,0.6563720703125,0.6285400390625,0.2200927734375,0.6158561110496521,0.167097806930542
higgs_public,NLL_OOD,Cov90_OOD,0.28,0.05,0.1,0.4,0.25,2.0,0.85,3.2778522968292236,254.64334106445312,4.528369426727295,1.2505171298980713,251.3654887676239,0.6563720703125,0.6202392578125,0.2200927734375,0.30989688634872437,0.167097806930542
higgs_public,NLL_OOD,Cov90_OOD,0.28,0.05,0.1,0.4,0.5,1.0,-1.0,3.2778522968292236,254.64334106445312,3.853996753692627,0.5761444568634033,251.3654887676239,0.6563720703125,0.6322021484375,0.2200927734375,0.7309808731079102,0.167097806930542
higgs_public,NLL_OOD,Cov90_OOD,0.28,0.05,0.1,0.4,0.5,1.0,0.85,3.2778522968292236,254.64334106445312,4.157975196838379,0.8801229000091553,251.3654887676239,0.6563720703125,0.6275634765625,0.2200927734375,0.4732583165168762,0.167097806930542
higgs_public,NLL_OOD,Cov90_OOD,0.28,0.05,0.1,0.4,0.5,2.0,-1.0,3.2778522968292236,254.64334106445312,3.9485626220703125,0.6707103252410889,251.3654887676239,0.6563720703125,0.630615234375,0.2200927734375,0.6158561110496521,0.167097806930542
higgs_public,NLL_OOD,Cov90_OOD,0.28,0.05,0.1,0.4,0.5,2.0,0.85,3.2778522968292236,254.64334106445312,4.1089606285095215,0.8311083316802979,251.3654887676239,0.6563720703125,0.6292724609375,0.2200927734375,0.30989688634872437,0.167097806930542
higgs_public,NLL_OOD,Cov90_OOD,0.28,0.05,0.2,0.4,0.25,1.0,-1.0,3.2778522968292236,254.64334106445312,4.219524383544922,0.9416720867156982,251.3654887676239,0.6563720703125,0.6187744140625,0.2200927734375,0.6118306517601013,0.326383501291275
higgs_public,NLL_OOD,Cov90_OOD,0.28,0.05,0.2,0.4,0.25,1.0,0.85,3.2778522968292236,254.64334106445312,4.564000129699707,1.2861478328704834,251.3654887676239,0.6563720703125,0.604736328125,0.2200927734375,0.29312798380851746,0.326383501291275
higgs_public,NLL_OOD,Cov90_OOD,0.28,0.05,0.2,0.4,0.25,2.0,-1.0,3.2778522968292236,254.64334106445312,4.308389663696289,1.0305373668670654,251.3654887676239,0.6563720703125,0.612548828125,0.2200927734375,0.4776490032672882,0.326383501291275
higgs_public,NLL_OOD,Cov90_OOD,0.28,0.05,0.2,0.4,0.25,2.0,0.85,3.2778522968292236,254.64334106445312,4.578710079193115,1.3008577823638916,251.3654887676239,0.6563720703125,0.603271484375,0.2200927734375,0.15940453112125397,0.326383501291275
higgs_public,NLL_OOD,Cov90_OOD,0.28,0.05,0.2,0.4,0.5,1.0,-1.0,3.2778522968292236,254.64334106445312,3.800307273864746,0.5224549770355225,251.3654887676239,0.6563720703125,0.6195068359375,0.2200927734375,0.6118306517601013,0.326383501291275
higgs_public,NLL_OOD,Cov90_OOD,0.28,0.05,0.2,0.4,0.5,1.0,0.85,3.2778522968292236,254.64334106445312,4.154053211212158,0.8762009143829346,251.3654887676239,0.6563720703125,0.609130859375,0.2200927734375,0.29312798380851746,0.326383501291275
higgs_public,NLL_OOD,Cov90_OOD,0.28,0.05,0.2,0.4,0.5,2.0,-1.0,3.2778522968292236,254.64334106445312,3.8602499961853027,0.5823976993560791,251.3654887676239,0.6563720703125,0.6165771484375,0.2200927734375,0.4776490032672882,0.326383501291275
higgs_public,NLL_OOD,Cov90_OOD,0.28,0.05,0.2,0.4,0.5,2.0,0.85,3.2778522968292236,254.64334106445312,4.26212215423584,0.9842698574066162,251.3654887676239,0.6563720703125,0.6124267578125,0.2200927734375,0.15940453112125397,0.326383501291275
higgs_public,NLL_OOD,Cov90_OOD,0.28,0.1,0.0,0.4,0.25,1.0,-1.0,3.2778522968292236,254.64334106445312,4.187848091125488,0.9099957942962646,251.3654887676239,0.6563720703125,0.638427734375,0.2200927734375,0.881519615650177,0.04221619293093681
higgs_public,NLL_OOD,Cov90_OOD,0.28,0.1,0.0,0.4,0.25,1.0,0.85,3.2778522968292236,254.64334106445312,4.192844867706299,0.9149925708770752,251.3654887676239,0.6563720703125,0.6397705078125,0.2200927734375,0.7128040790557861,0.04221619293093681
higgs_public,NLL_OOD,Cov90_OOD,0.28,0.1,0.0,0.4,0.25,2.0,-1.0,3.2778522968292236,254.64334106445312,4.189729690551758,0.9118773937225342,251.3654887676239,0.6563720703125,0.6397705078125,0.2200927734375,0.8006359934806824,0.04221619293093681
higgs_public,NLL_OOD,Cov90_OOD,0.28,0.1,0.0,0.4,0.25,2.0,0.85,3.2778522968292236,254.64334106445312,4.257546901702881,0.9796946048736572,251.3654887676239,0.6563720703125,0.6356201171875,0.2200927734375,0.5480456352233887,0.04221619293093681
higgs_public,NLL_OOD,Cov90_OOD,0.28,0.1,0.0,0.4,0.5,1.0,-1.0,3.2778522968292236,254.64334106445312,3.9112651348114014,0.6334128379821777,251.3654887676239,0.6563720703125,0.6463623046875,0.2200927734375,0.881519615650177,0.04221619293093681
higgs_public,NLL_OOD,Cov90_OOD,0.28,0.1,0.0,0.4,0.5,1.0,0.85,3.2778522968292236,254.64334106445312,3.9338860511779785,0.6560337543487549,251.3654887676239,0.6563720703125,0.648681640625,0.2200927734375,0.7128040790557861,0.04221619293093681
higgs_public,NLL_OOD,Cov90_OOD,0.28,0.1,0.0,0.4,0.5,2.0,-1.0,3.2778522968292236,254.64334106445312,3.9369499683380127,0.6590976715087891,251.3654887676239,0.6563720703125,0.6485595703125,0.2200927734375,0.8006359934806824,0.04221619293093681
higgs_public,NLL_OOD,Cov90_OOD,0.28,0.1,0.0,0.4,0.5,2.0,0.85,3.2778522968292236,254.64334106445312,3.9596102237701416,0.681757926940918,251.3654887676239,0.6563720703125,0.64697265625,0.2200927734375,0.5480456352233887,0.04221619293093681
higgs_public,NLL_OOD,Cov90_OOD,0.28,0.1,0.1,0.4,0.25,1.0,-1.0,3.2778522968292236,254.64334106445312,4.252060890197754,0.9742085933685303,251.3654887676239,0.6563720703125,0.63525390625,0.2200927734375,0.6905356645584106,0.1912536919116974
higgs_public,NLL_OOD,Cov90_OOD,0.28,0.1,0.1,0.4,0.25,1.0,0.85,3.2778522968292236,254.64334106445312,4.564503192901611,1.2866508960723877,251.3654887676239,0.6563720703125,0.6220703125,0.2200927734375,0.3988131880760193,0.1912536919116974
higgs_public,NLL_OOD,Cov90_OOD,0.28,0.1,0.1,0.4,0.25,2.0,-1.0,3.2778522968292236,254.64334106445312,4.36107063293457,1.0832183361053467,251.3654887676239,0.6563720703125,0.6334228515625,0.2200927734375,0.563626766204834,0.1912536919116974
higgs_public,NLL_OOD,Cov90_OOD,0.28,0.1,0.1,0.4,0.25,2.0,0.85,3.2778522968292236,254.64334106445312,4.5129714012146,1.235119104385376,251.3654887676239,0.6563720703125,0.6219482421875,0.2200927734375,0.24323487281799316,0.1912536919116974
higgs_public,NLL_OOD,Cov90_OOD,0.28,0.1,0.1,0.4,0.5,1.0,-1.0,3.2778522968292236,254.64334106445312,3.847909450531006,0.5700571537017822,251.3654887676239,0.6563720703125,0.634521484375,0.2200927734375,0.6905356645584106,0.1912536919116974
higgs_public,NLL_OOD,Cov90_OOD,0.28,0.1,0.1,0.4,0.5,1.0,0.85,3.2778522968292236,254.64334106445312,4.055577754974365,0.7777254581451416,251.3654887676239,0.6563720703125,0.6309814453125,0.2200927734375,0.3988131880760193,0.1912536919116974
higgs_public,NLL_OOD,Cov90_OOD,0.28,0.1,0.1,0.4,0.5,2.0,-1.0,3.2778522968292236,254.64334106445312,3.932349443435669,0.6544971466064453,251.3654887676239,0.6563720703125,0.6318359375,0.2200927734375,0.563626766204834,0.1912536919116974
higgs_public,NLL_OOD,Cov90_OOD,0.28,0.1,0.1,0.4,0.5,2.0,0.85,3.2778522968292236,254.64334106445312,4.065981388092041,0.7881290912628174,251.3654887676239,0.6563720703125,0.633056640625,0.2200927734375,0.24323487281799316,0.1912536919116974
higgs_public,NLL_OOD,Cov90_OOD,0.28,0.1,0.2,0.4,0.25,1.0,-1.0,3.2778522968292236,254.64334106445312,4.183765411376953,0.9059131145477295,251.3654887676239,0.6563720703125,0.621337890625,0.2200927734375,0.5887283086776733,0.3415980935096741
higgs_public,NLL_OOD,Cov90_OOD,0.28,0.1,0.2,0.4,0.25,1.0,0.85,3.2778522968292236,254.64334106445312,4.5556182861328125,1.2777659893035889,251.3654887676239,0.6563720703125,0.605224609375,0.2200927734375,0.25884881615638733,0.3415980935096741
higgs_public,NLL_OOD,Cov90_OOD,0.28,0.1,0.2,0.4,0.25,2.0,-1.0,3.2778522968292236,254.64334106445312,4.280795097351074,1.0029428005218506,251.3654887676239,0.6563720703125,0.6103515625,0.2200927734375,0.44971007108688354,0.3415980935096741
higgs_public,NLL_OOD,Cov90_OOD,0.28,0.1,0.2,0.4,0.25,2.0,0.85,3.2778522968292236,254.64334106445312,4.524863243103027,1.2470109462738037,251.3654887676239,0.6563720703125,0.6087646484375,0.2200927734375,0.13471795618534088,0.3415980935096741
higgs_public,NLL_OOD,Cov90_OOD,0.28,0.1,0.2,0.4,0.5,1.0,-1.0,3.2778522968292236,254.64334106445312,3.7496864795684814,0.4718341827392578,251.3654887676239,0.6563720703125,0.6199951171875,0.2200927734375,0.5887283086776733,0.3415980935096741
higgs_public,NLL_OOD,Cov90_OOD,0.28,0.1,0.2,0.4,0.5,1.0,0.85,3.2778522968292236,254.64334106445312,4.1858673095703125,0.9080150127410889,251.3654887676239,0.6563720703125,0.609375,0.2200927734375,0.25884881615638733,0.3415980935096741
higgs_public,NLL_OOD,Cov90_OOD,0.28,0.1,0.2,0.4,0.5,2.0,-1.0,3.2778522968292236,254.64334106445312,3.7838380336761475,0.5059857368469238,251.3654887676239,0.6563720703125,0.6197509765625,0.2200927734375,0.44971007108688354,0.3415980935096741
higgs_public,NLL_OOD,Cov90_OOD,0.28,0.1,0.2,0.4,0.5,2.0,0.85,3.2778522968292236,254.64334106445312,4.166375160217285,0.8885228633880615,251.3654887676239,0.6563720703125,0.6136474609375,0.2200927734375,0.13471795618534088,0.3415980935096741
