Benchmark,ObjectiveMetric,ExtraMetric,tau,unlabeled_noise,feature_drop_prob,feature_mix_prob,pseudo_weight,agreement_weight,weight_power,hard_weight_threshold,SupervisedObjective,ConfidenceObjective,SAGEObjective,SAGEMinusSupervised,ConfidenceMinusSupervised,SupervisedExtra,SAGEExtra,ConfidenceExtra,SAGEMeanWeight,SAGEMeanDisagreement
year,NLL,Cov90,0.12,0.02,0.0,0.0,0.4,0.25,1.0,-1.0,1.7288198471069336,4.469392776489258,2.085921049118042,0.3571012020111084,2.740572929382324,0.820892333984375,0.75262451171875,0.512939453125,0.9847918748855591,0.0018554116832092404
year,NLL,Cov90,0.12,0.02,0.0,0.0,0.4,0.25,1.0,0.85,1.7288198471069336,4.469392776489258,2.078458070755005,0.3496382236480713,2.740572929382324,0.820892333984375,0.753082275390625,0.512939453125,0.9845391511917114,0.0018869900377467275
year,NLL,Cov90,0.12,0.02,0.0,0.0,0.4,0.25,2.0,-1.0,1.7288198471069336,4.469392776489258,2.092160701751709,0.3633408546447754,2.740572929382324,0.820892333984375,0.7535400390625,0.512939453125,0.969855546951294,0.00186915195081383
year,NLL,Cov90,0.12,0.02,0.0,0.0,0.4,0.25,2.0,0.85,1.7288198471069336,4.469392776489258,2.0736160278320312,0.34479618072509766,2.740572929382324,0.820892333984375,0.752838134765625,0.512939453125,0.9599924087524414,0.0018769553862512112
year,NLL,Cov90,0.12,0.02,0.0,0.0,0.4,0.5,1.0,-1.0,1.7288198471069336,4.469392776489258,1.7892961502075195,0.06047630310058594,2.740572929382324,0.820892333984375,0.781951904296875,0.512939453125,0.9867517352104187,0.001613618922419846
year,NLL,Cov90,0.12,0.02,0.0,0.0,0.4,0.5,1.0,0.85,1.7288198471069336,4.469392776489258,1.7882229089736938,0.059403061866760254,2.740572929382324,0.820892333984375,0.781402587890625,0.512939453125,0.9867492318153381,0.0016135863261297345
year,NLL,Cov90,0.12,0.02,0.0,0.0,0.4,0.5,2.0,-1.0,1.7288198471069336,4.469392776489258,1.7828922271728516,0.05407238006591797,2.740572929382324,0.820892333984375,0.781463623046875,0.512939453125,0.9737943410873413,0.0016194263007491827
year,NLL,Cov90,0.12,0.02,0.0,0.0,0.4,0.5,2.0,0.85,1.7288198471069336,4.469392776489258,1.7946523427963257,0.06583249568939209,2.740572929382324,0.820892333984375,0.78179931640625,0.512939453125,0.9652770757675171,0.0016396951396018267
year,NLL,Cov90,0.12,0.02,0.0,0.1,0.4,0.25,1.0,-1.0,1.7288198471069336,4.469392776489258,2.257009744644165,0.5281898975372314,2.740572929382324,0.820892333984375,0.7579345703125,0.512939453125,0.21747948229312897,0.6488228440284729
year,NLL,Cov90,0.12,0.02,0.0,0.1,0.4,0.25,1.0,0.85,1.7288198471069336,4.469392776489258,2.5381956100463867,0.8093757629394531,2.740572929382324,0.820892333984375,0.750244140625,0.512939453125,0.019470831379294395,0.6825121641159058
year,NLL,Cov90,0.12,0.02,0.0,0.1,0.4,0.25,2.0,-1.0,1.7288198471069336,4.469392776489258,2.399914264678955,0.6710944175720215,2.740572929382324,0.820892333984375,0.7528076171875,0.512939453125,0.11266126483678818,0.6686469316482544
year,NLL,Cov90,0.12,0.02,0.0,0.1,0.4,0.25,2.0,0.85,1.7288198471069336,4.469392776489258,2.4847404956817627,0.7559206485748291,2.740572929382324,0.820892333984375,0.755035400390625,0.512939453125,0.008723913691937923,0.6993687748908997
year,NLL,Cov90,0.12,0.02,0.0,0.1,0.4,0.5,1.0,-1.0,1.7288198471069336,4.469392776489258,1.9294164180755615,0.20059657096862793,2.740572929382324,0.820892333984375,0.78289794921875,0.512939453125,0.242759108543396,0.5739902257919312
year,NLL,Cov90,0.12,0.02,0.0,0.1,0.4,0.5,1.0,0.85,1.7288198471069336,4.469392776489258,2.228980541229248,0.5001606941223145,2.740572929382324,0.820892333984375,0.778045654296875,0.512939453125,0.026192214339971542,0.6019390821456909
year,NLL,Cov90,0.12,0.02,0.0,0.1,0.4,0.5,2.0,-1.0,1.7288198471069336,4.469392776489258,2.0302653312683105,0.30144548416137695,2.740572929382324,0.820892333984375,0.77606201171875,0.512939453125,0.13041475415229797,0.5963824987411499
year,NLL,Cov90,0.12,0.02,0.0,0.1,0.4,0.5,2.0,0.85,1.7288198471069336,4.469392776489258,2.2836318016052246,0.554811954498291,2.740572929382324,0.820892333984375,0.782470703125,0.512939453125,0.005291578359901905,0.621478259563446
year,NLL,Cov90,0.12,0.02,0.0,0.2,0.4,0.25,1.0,-1.0,1.7288198471069336,4.469392776489258,2.3542606830596924,0.6254408359527588,2.740572929382324,0.820892333984375,0.759368896484375,0.512939453125,0.09211346507072449,1.1023805141448975
year,NLL,Cov90,0.12,0.02,0.0,0.2,0.4,0.25,1.0,0.85,1.7288198471069336,4.469392776489258,2.3326191902160645,0.6037993431091309,2.740572929382324,0.820892333984375,0.767730712890625,0.512939453125,0.005419238470494747,1.077552318572998
year,NLL,Cov90,0.12,0.02,0.0,0.2,0.4,0.25,2.0,-1.0,1.7288198471069336,4.469392776489258,2.4281370639801025,0.699317216873169,2.740572929382324,0.820892333984375,0.754486083984375,0.512939453125,0.03793333098292351,1.1197090148925781
year,NLL,Cov90,0.12,0.02,0.0,0.2,0.4,0.25,2.0,0.85,1.7288198471069336,4.469392776489258,2.7168376445770264,0.9880177974700928,2.740572929382324,0.820892333984375,0.74884033203125,0.512939453125,0.0,1.1749719381332397
year,NLL,Cov90,0.12,0.02,0.0,0.2,0.4,0.5,1.0,-1.0,1.7288198471069336,4.469392776489258,1.9839515686035156,0.25513172149658203,2.740572929382324,0.820892333984375,0.7882080078125,0.512939453125,0.10891716927289963,0.9539035558700562
year,NLL,Cov90,0.12,0.02,0.0,0.2,0.4,0.5,1.0,0.85,1.7288198471069336,4.469392776489258,2.0250909328460693,0.29627108573913574,2.740572929382324,0.820892333984375,0.794097900390625,0.512939453125,0.005489948205649853,0.9488125443458557
year,NLL,Cov90,0.12,0.02,0.0,0.2,0.4,0.5,2.0,-1.0,1.7288198471069336,4.469392776489258,2.133302688598633,0.4044828414916992,2.740572929382324,0.820892333984375,0.7794189453125,0.512939453125,0.04765111207962036,1.0013515949249268
year,NLL,Cov90,0.12,0.02,0.0,0.2,0.4,0.5,2.0,0.85,1.7288198471069336,4.469392776489258,2.3016743659973145,0.5728545188903809,2.740572929382324,0.820892333984375,0.781951904296875,0.512939453125,0.0016864510253071785,1.0332233905792236
year,NLL,Cov90,0.12,0.02,0.1,0.0,0.4,0.25,1.0,-1.0,1.7288198471069336,4.469392776489258,2.2876996994018555,0.5588798522949219,2.740572929382324,0.820892333984375,0.7589111328125,0.512939453125,0.3553248643875122,0.31285351514816284
year,NLL,Cov90,0.12,0.02,0.1,0.0,0.4,0.25,1.0,0.85,1.7288198471069336,4.469392776489258,2.571847677230835,0.8430278301239014,2.740572929382324,0.820892333984375,0.75091552734375,0.512939453125,0.059909939765930176,0.3343777060508728
year,NLL,Cov90,0.12,0.02,0.1,0.0,0.4,0.25,2.0,-1.0,1.7288198471069336,4.469392776489258,2.3437068462371826,0.614886999130249,2.740572929382324,0.820892333984375,0.758941650390625,0.512939453125,0.21789155900478363,0.31057488918304443
year,NLL,Cov90,0.12,0.02,0.1,0.0,0.4,0.25,2.0,0.85,1.7288198471069336,4.469392776489258,2.644767999649048,0.9159481525421143,2.740572929382324,0.820892333984375,0.753204345703125,0.512939453125,0.01921091414988041,0.33237171173095703
year,NLL,Cov90,0.12,0.02,0.1,0.0,0.4,0.5,1.0,-1.0,1.7288198471069336,4.469392776489258,2.007002115249634,0.2781822681427002,2.740572929382324,0.820892333984375,0.77545166015625,0.512939453125,0.38021963834762573,0.28871476650238037
year,NLL,Cov90,0.12,0.02,0.1,0.0,0.4,0.5,1.0,0.85,1.7288198471069336,4.469392776489258,2.4625377655029297,0.7337179183959961,2.740572929382324,0.820892333984375,0.760345458984375,0.512939453125,0.07211832702159882,0.32406067848205566
year,NLL,Cov90,0.12,0.02,0.1,0.0,0.4,0.5,2.0,-1.0,1.7288198471069336,4.469392776489258,2.1114730834960938,0.38265323638916016,2.740572929382324,0.820892333984375,0.773773193359375,0.512939453125,0.23781166970729828,0.2880496382713318
year,NLL,Cov90,0.12,0.02,0.1,0.0,0.4,0.5,2.0,0.85,1.7288198471069336,4.469392776489258,2.42622709274292,0.6974072456359863,2.740572929382324,0.820892333984375,0.76873779296875,0.512939453125,0.019137945026159286,0.29579877853393555
year,NLL,Cov90,0.12,0.02,0.1,0.1,0.4,0.25,1.0,-1.0,1.7288198471069336,4.469392776489258,2.3550796508789062,0.6262598037719727,2.740572929382324,0.820892333984375,0.754791259765625,0.512939453125,0.15837685763835907,0.883919358253479
year,NLL,Cov90,0.12,0.02,0.1,0.1,0.4,0.25,1.0,0.85,1.7288198471069336,4.469392776489258,2.459026336669922,0.7302064895629883,2.740572929382324,0.820892333984375,0.75616455078125,0.512939453125,0.010332975536584854,0.8992793560028076
year,NLL,Cov90,0.12,0.02,0.1,0.1,0.4,0.25,2.0,-1.0,1.7288198471069336,4.469392776489258,2.4534525871276855,0.724632740020752,2.740572929382324,0.820892333984375,0.752044677734375,0.512939453125,0.07861609756946564,0.9032372832298279
year,NLL,Cov90,0.12,0.02,0.1,0.1,0.4,0.25,2.0,0.85,1.7288198471069336,4.469392776489258,2.483524799346924,0.7547049522399902,2.740572929382324,0.820892333984375,0.7520751953125,0.512939453125,0.0,0.9101061820983887
year,NLL,Cov90,0.12,0.02,0.1,0.1,0.4,0.5,1.0,-1.0,1.7288198471069336,4.469392776489258,1.9628760814666748,0.2340562343597412,2.740572929382324,0.820892333984375,0.784820556640625,0.512939453125,0.18426236510276794,0.7501747608184814
year,NLL,Cov90,0.12,0.02,0.1,0.1,0.4,0.5,1.0,0.85,1.7288198471069336,4.469392776489258,2.140589475631714,0.4117696285247803,2.740572929382324,0.820892333984375,0.785369873046875,0.512939453125,0.01605328917503357,0.7906043529510498
year,NLL,Cov90,0.12,0.02,0.1,0.1,0.4,0.5,2.0,-1.0,1.7288198471069336,4.469392776489258,2.1450114250183105,0.41619157791137695,2.740572929382324,0.820892333984375,0.77490234375,0.512939453125,0.09058843553066254,0.797271192073822
year,NLL,Cov90,0.12,0.02,0.1,0.1,0.4,0.5,2.0,0.85,1.7288198471069336,4.469392776489258,2.2513506412506104,0.5225307941436768,2.740572929382324,0.820892333984375,0.780853271484375,0.512939453125,0.0017617135308682919,0.8125389814376831
year,NLL,Cov90,0.12,0.02,0.1,0.2,0.4,0.25,1.0,-1.0,1.7288198471069336,4.469392776489258,2.278905153274536,0.5500853061676025,2.740572929382324,0.820892333984375,0.759246826171875,0.512939453125,0.08116988092660904,1.2379612922668457
year,NLL,Cov90,0.12,0.02,0.1,0.2,0.4,0.25,1.0,0.85,1.7288198471069336,4.469392776489258,2.544820785522461,0.8160009384155273,2.740572929382324,0.820892333984375,0.75506591796875,0.512939453125,0.0016604899428784847,1.2871568202972412
year,NLL,Cov90,0.12,0.02,0.1,0.2,0.4,0.25,2.0,-1.0,1.7288198471069336,4.469392776489258,2.396153450012207,0.6673336029052734,2.740572929382324,0.820892333984375,0.753662109375,0.512939453125,0.03119458630681038,1.275255799293518
year,NLL,Cov90,0.12,0.02,0.1,0.2,0.4,0.25,2.0,0.85,1.7288198471069336,4.469392776489258,2.6236019134521484,0.8947820663452148,2.740572929382324,0.820892333984375,0.740936279296875,0.512939453125,0.0,1.3900680541992188
year,NLL,Cov90,0.12,0.02,0.1,0.2,0.4,0.5,1.0,-1.0,1.7288198471069336,4.469392776489258,1.8758032321929932,0.14698338508605957,2.740572929382324,0.820892333984375,0.793212890625,0.512939453125,0.1068234071135521,1.0264825820922852
year,NLL,Cov90,0.12,0.02,0.1,0.2,0.4,0.5,1.0,0.85,1.7288198471069336,4.469392776489258,2.193570137023926,0.4647502899169922,2.740572929382324,0.820892333984375,0.78228759765625,0.512939453125,0.0017326936358585954,1.126392126083374
year,NLL,Cov90,0.12,0.02,0.1,0.2,0.4,0.5,2.0,-1.0,1.7288198471069336,4.469392776489258,2.1165528297424316,0.38773298263549805,2.740572929382324,0.820892333984375,0.77838134765625,0.512939453125,0.04115769639611244,1.1144803762435913
year,NLL,Cov90,0.12,0.02,0.1,0.2,0.4,0.5,2.0,0.85,1.7288198471069336,4.469392776489258,2.585705280303955,0.8568854331970215,2.740572929382324,0.820892333984375,0.74993896484375,0.512939453125,0.0,1.338045358657837
year,NLL,Cov90,0.12,0.02,0.2,0.0,0.4,0.25,1.0,-1.0,1.7288198471069336,4.469392776489258,2.35444974899292,0.6256299018859863,2.740572929382324,0.820892333984375,0.755859375,0.512939453125,0.21351855993270874,0.586907148361206
year,NLL,Cov90,0.12,0.02,0.2,0.0,0.4,0.25,1.0,0.85,1.7288198471069336,4.469392776489258,2.562309980392456,0.8334901332855225,2.740572929382324,0.820892333984375,0.7501220703125,0.512939453125,0.017608338966965675,0.6106913089752197
year,NLL,Cov90,0.12,0.02,0.2,0.0,0.4,0.25,2.0,-1.0,1.7288198471069336,4.469392776489258,2.3548672199249268,0.6260473728179932,2.740572929382324,0.820892333984375,0.759246826171875,0.512939453125,0.11090178787708282,0.5656198859214783
year,NLL,Cov90,0.12,0.02,0.2,0.0,0.4,0.25,2.0,0.85,1.7288198471069336,4.469392776489258,2.5804247856140137,0.8516049385070801,2.740572929382324,0.820892333984375,0.754058837890625,0.512939453125,0.005384570918977261,0.6111829280853271
year,NLL,Cov90,0.12,0.02,0.2,0.0,0.4,0.5,1.0,-1.0,1.7288198471069336,4.469392776489258,1.9268779754638672,0.1980581283569336,2.740572929382324,0.820892333984375,0.787750244140625,0.512939453125,0.24578316509723663,0.46860116720199585
year,NLL,Cov90,0.12,0.02,0.2,0.0,0.4,0.5,1.0,0.85,1.7288198471069336,4.469392776489258,2.398744821548462,0.6699249744415283,2.740572929382324,0.820892333984375,0.770233154296875,0.512939453125,0.01940387673676014,0.5481315851211548
year,NLL,Cov90,0.12,0.02,0.2,0.0,0.4,0.5,2.0,-1.0,1.7288198471069336,4.469392776489258,2.154552459716797,0.4257326126098633,2.740572929382324,0.820892333984375,0.774261474609375,0.512939453125,0.1343109905719757,0.5167198777198792
year,NLL,Cov90,0.12,0.02,0.2,0.0,0.4,0.5,2.0,0.85,1.7288198471069336,4.469392776489258,2.312239408493042,0.5834195613861084,2.740572929382324,0.820892333984375,0.780548095703125,0.512939453125,0.013716510497033596,0.516715407371521
year,NLL,Cov90,0.12,0.02,0.2,0.1,0.4,0.25,1.0,-1.0,1.7288198471069336,4.469392776489258,2.2164835929870605,0.48766374588012695,2.740572929382324,0.820892333984375,0.75823974609375,0.512939453125,0.11424674838781357,1.0168719291687012
year,NLL,Cov90,0.12,0.02,0.2,0.1,0.4,0.25,1.0,0.85,1.7288198471069336,4.469392776489258,2.6003224849700928,0.8715026378631592,2.740572929382324,0.820892333984375,0.75238037109375,0.512939453125,0.003535803873091936,1.08260178565979
year,NLL,Cov90,0.12,0.02,0.2,0.1,0.4,0.25,2.0,-1.0,1.7288198471069336,4.469392776489258,2.3296990394592285,0.6008791923522949,2.740572929382324,0.820892333984375,0.754150390625,0.512939453125,0.04656459391117096,1.0461149215698242
year,NLL,Cov90,0.12,0.02,0.2,0.1,0.4,0.25,2.0,0.85,1.7288198471069336,4.469392776489258,2.4459760189056396,0.717156171798706,2.740572929382324,0.820892333984375,0.75579833984375,0.512939453125,0.0,1.044563889503479
year,NLL,Cov90,0.12,0.02,0.2,0.1,0.4,0.5,1.0,-1.0,1.7288198471069336,4.469392776489258,1.9279512166976929,0.19913136959075928,2.740572929382324,0.820892333984375,0.7864990234375,0.512939453125,0.13970014452934265,0.8681944608688354
year,NLL,Cov90,0.12,0.02,0.2,0.1,0.4,0.5,1.0,0.85,1.7288198471069336,4.469392776489258,2.3129608631134033,0.5841410160064697,2.740572929382324,0.820892333984375,0.779266357421875,0.512939453125,0.005089647602289915,0.9564428329467773
year,NLL,Cov90,0.12,0.02,0.2,0.1,0.4,0.5,2.0,-1.0,1.7288198471069336,4.469392776489258,1.9688812494277954,0.24006140232086182,2.740572929382324,0.820892333984375,0.781707763671875,0.512939453125,0.06264688074588776,0.8988849520683289
year,NLL,Cov90,0.12,0.02,0.2,0.1,0.4,0.5,2.0,0.85,1.7288198471069336,4.469392776489258,2.198908567428589,0.4700887203216553,2.740572929382324,0.820892333984375,0.787445068359375,0.512939453125,0.0016888544196262956,0.8990638256072998
year,NLL,Cov90,0.12,0.02,0.2,0.2,0.4,0.25,1.0,-1.0,1.7288198471069336,4.469392776489258,2.2455592155456543,0.5167393684387207,2.740572929382324,0.820892333984375,0.760650634765625,0.512939453125,0.06311750411987305,1.321747064590454
year,NLL,Cov90,0.12,0.02,0.2,0.2,0.4,0.25,1.0,0.85,1.7288198471069336,4.469392776489258,2.502631902694702,0.7738120555877686,2.740572929382324,0.820892333984375,0.762481689453125,0.512939453125,0.0033804834820330143,1.3326880931854248
year,NLL,Cov90,0.12,0.02,0.2,0.2,0.4,0.25,2.0,-1.0,1.7288198471069336,4.469392776489258,2.353868246078491,0.6250483989715576,2.740572929382324,0.820892333984375,0.75701904296875,0.512939453125,0.021468136459589005,1.3637269735336304
year,NLL,Cov90,0.12,0.02,0.2,0.2,0.4,0.25,2.0,0.85,1.7288198471069336,4.469392776489258,2.741185188293457,1.0123653411865234,2.740572929382324,0.820892333984375,0.74810791015625,0.512939453125,0.0,1.478337049484253
year,NLL,Cov90,0.12,0.02,0.2,0.2,0.4,0.5,1.0,-1.0,1.7288198471069336,4.469392776489258,1.86066472530365,0.1318448781967163,2.740572929382324,0.820892333984375,0.794189453125,0.512939453125,0.08604971319437027,1.1031779050827026
year,NLL,Cov90,0.12,0.02,0.2,0.2,0.4,0.5,1.0,0.85,1.7288198471069336,4.469392776489258,2.108055591583252,0.37923574447631836,2.740572929382324,0.820892333984375,0.78875732421875,0.512939453125,0.0035654627718031406,1.2108278274536133
year,NLL,Cov90,0.12,0.02,0.2,0.2,0.4,0.5,2.0,-1.0,1.7288198471069336,4.469392776489258,2.000929355621338,0.2721095085144043,2.740572929382324,0.820892333984375,0.788482666015625,0.512939453125,0.030954143032431602,1.1596369743347168
year,NLL,Cov90,0.12,0.02,0.2,0.2,0.4,0.5,2.0,0.85,1.7288198471069336,4.469392776489258,2.4312329292297363,0.7024130821228027,2.740572929382324,0.820892333984375,0.76739501953125,0.512939453125,0.0,1.3626517057418823
year,NLL,Cov90,0.12,0.05,0.0,0.0,0.4,0.25,1.0,-1.0,1.7288198471069336,4.469392776489258,2.0847294330596924,0.3559095859527588,2.740572929382324,0.820892333984375,0.7532958984375,0.512939453125,0.9115492105484009,0.011717910878360271
year,NLL,Cov90,0.12,0.05,0.0,0.0,0.4,0.25,1.0,0.85,1.7288198471069336,4.469392776489258,2.0791103839874268,0.35029053688049316,2.740572929382324,0.820892333984375,0.7528076171875,0.512939453125,0.7692475318908691,0.01184827834367752
year,NLL,Cov90,0.12,0.05,0.0,0.0,0.4,0.25,2.0,-1.0,1.7288198471069336,4.469392776489258,2.0944323539733887,0.3656125068664551,2.740572929382324,0.820892333984375,0.752349853515625,0.512939453125,0.8367303609848022,0.011849951930344105
year,NLL,Cov90,0.12,0.05,0.0,0.0,0.4,0.25,2.0,0.85,1.7288198471069336,4.469392776489258,2.1083297729492188,0.37950992584228516,2.740572929382324,0.820892333984375,0.7542724609375,0.512939453125,0.5449167490005493,0.011908524669706821
year,NLL,Cov90,0.12,0.05,0.0,0.0,0.4,0.5,1.0,-1.0,1.7288198471069336,4.469392776489258,1.7735340595245361,0.04471421241760254,2.740572929382324,0.820892333984375,0.781768798828125,0.512939453125,0.9220926761627197,0.010223675519227982
year,NLL,Cov90,0.12,0.05,0.0,0.0,0.4,0.5,1.0,0.85,1.7288198471069336,4.469392776489258,1.77040433883667,0.04158449172973633,2.740572929382324,0.820892333984375,0.780731201171875,0.512939453125,0.8088061213493347,0.010456077754497528
year,NLL,Cov90,0.12,0.05,0.0,0.0,0.4,0.5,2.0,-1.0,1.7288198471069336,4.469392776489258,1.802668571472168,0.07384872436523438,2.740572929382324,0.820892333984375,0.7803955078125,0.512939453125,0.8554643392562866,0.010314252227544785
year,NLL,Cov90,0.12,0.05,0.0,0.0,0.4,0.5,2.0,0.85,1.7288198471069336,4.469392776489258,1.797430396080017,0.0686105489730835,2.740572929382324,0.820892333984375,0.78082275390625,0.512939453125,0.6205471158027649,0.010421023704111576
year,NLL,Cov90,0.12,0.05,0.0,0.1,0.4,0.25,1.0,-1.0,1.7288198471069336,4.469392776489258,2.2794904708862305,0.5506706237792969,2.740572929382324,0.820892333984375,0.7569580078125,0.512939453125,0.212530717253685,0.6614688634872437
year,NLL,Cov90,0.12,0.05,0.0,0.1,0.4,0.25,1.0,0.85,1.7288198471069336,4.469392776489258,2.5274205207824707,0.7986006736755371,2.740572929382324,0.820892333984375,0.751251220703125,0.512939453125,0.014073671773076057,0.6807162761688232
year,NLL,Cov90,0.12,0.05,0.0,0.1,0.4,0.25,2.0,-1.0,1.7288198471069336,4.469392776489258,2.4091057777404785,0.6802859306335449,2.740572929382324,0.820892333984375,0.753143310546875,0.512939453125,0.10972157120704651,0.6785033345222473
year,NLL,Cov90,0.12,0.05,0.0,0.1,0.4,0.25,2.0,0.85,1.7288198471069336,4.469392776489258,2.4852423667907715,0.7564225196838379,2.740572929382324,0.820892333984375,0.7586669921875,0.512939453125,0.001736646518111229,0.6659863591194153
year,NLL,Cov90,0.12,0.05,0.0,0.1,0.4,0.5,1.0,-1.0,1.7288198471069336,4.469392776489258,1.9127886295318604,0.18396878242492676,2.740572929382324,0.820892333984375,0.783477783203125,0.512939453125,0.23876360058784485,0.578658401966095
year,NLL,Cov90,0.12,0.05,0.0,0.1,0.4,0.5,1.0,0.85,1.7288198471069336,4.469392776489258,2.215728998184204,0.4869091510772705,2.740572929382324,0.820892333984375,0.77435302734375,0.512939453125,0.024468615651130676,0.6243922710418701
year,NLL,Cov90,0.12,0.05,0.0,0.1,0.4,0.5,2.0,-1.0,1.7288198471069336,4.469392776489258,1.996159553527832,0.26733970642089844,2.740572929382324,0.820892333984375,0.779296875,0.512939453125,0.12780968844890594,0.5949431657791138
year,NLL,Cov90,0.12,0.05,0.0,0.1,0.4,0.5,2.0,0.85,1.7288198471069336,4.469392776489258,2.356062889099121,0.6272430419921875,2.740572929382324,0.820892333984375,0.776458740234375,0.512939453125,0.00508961733430624,0.6121992468833923
year,NLL,Cov90,0.12,0.05,0.0,0.2,0.4,0.25,1.0,-1.0,1.7288198471069336,4.469392776489258,2.3245127201080322,0.5956928730010986,2.740572929382324,0.820892333984375,0.7606201171875,0.512939453125,0.09319689869880676,1.096459984779358
year,NLL,Cov90,0.12,0.05,0.0,0.2,0.4,0.25,1.0,0.85,1.7288198471069336,4.469392776489258,2.2748360633850098,0.5460162162780762,2.740572929382324,0.820892333984375,0.7720947265625,0.512939453125,0.0017953956266865134,1.0648324489593506
year,NLL,Cov90,0.12,0.05,0.0,0.2,0.4,0.25,2.0,-1.0,1.7288198471069336,4.469392776489258,2.467043399810791,0.7382235527038574,2.740572929382324,0.820892333984375,0.754058837890625,0.512939453125,0.03724472597241402,1.1301980018615723
year,NLL,Cov90,0.12,0.05,0.0,0.2,0.4,0.25,2.0,0.85,1.7288198471069336,4.469392776489258,2.3576467037200928,0.6288268566131592,2.740572929382324,0.820892333984375,0.760833740234375,0.512939453125,0.0017804097151383758,1.123356580734253
year,NLL,Cov90,0.12,0.05,0.0,0.2,0.4,0.5,1.0,-1.0,1.7288198471069336,4.469392776489258,1.9398961067199707,0.2110762596130371,2.740572929382324,0.820892333984375,0.788787841796875,0.512939453125,0.1102302297949791,0.9555986523628235
year,NLL,Cov90,0.12,0.05,0.0,0.2,0.4,0.5,1.0,0.85,1.7288198471069336,4.469392776489258,2.085343360900879,0.3565235137939453,2.740572929382324,0.820892333984375,0.794677734375,0.512939453125,0.0068961638025939465,0.9571375846862793
year,NLL,Cov90,0.12,0.05,0.0,0.2,0.4,0.5,2.0,-1.0,1.7288198471069336,4.469392776489258,2.1384377479553223,0.40961790084838867,2.740572929382324,0.820892333984375,0.779937744140625,0.512939453125,0.046896643936634064,1.006977915763855
year,NLL,Cov90,0.12,0.05,0.0,0.2,0.4,0.5,2.0,0.85,1.7288198471069336,4.469392776489258,2.2579991817474365,0.5291793346405029,2.740572929382324,0.820892333984375,0.772125244140625,0.512939453125,0.0,1.0616055727005005
year,NLL,Cov90,0.12,0.05,0.1,0.0,0.4,0.25,1.0,-1.0,1.7288198471069336,4.469392776489258,2.2777180671691895,0.5488982200622559,2.740572929382324,0.820892333984375,0.7579345703125,0.512939453125,0.3382874131202698,0.3229941427707672
year,NLL,Cov90,0.12,0.05,0.1,0.0,0.4,0.25,1.0,0.85,1.7288198471069336,4.469392776489258,2.487521171569824,0.7587013244628906,2.740572929382324,0.820892333984375,0.753448486328125,0.512939453125,0.049192920327186584,0.33375805616378784
year,NLL,Cov90,0.12,0.05,0.1,0.0,0.4,0.25,2.0,-1.0,1.7288198471069336,4.469392776489258,2.4497122764587402,0.7208924293518066,2.740572929382324,0.820892333984375,0.749664306640625,0.512939453125,0.1977890133857727,0.35895049571990967
year,NLL,Cov90,0.12,0.05,0.1,0.0,0.4,0.25,2.0,0.85,1.7288198471069336,4.469392776489258,2.5172994136810303,0.7884795665740967,2.740572929382324,0.820892333984375,0.75640869140625,0.512939453125,0.012024170719087124,0.3325645327568054
year,NLL,Cov90,0.12,0.05,0.1,0.0,0.4,0.5,1.0,-1.0,1.7288198471069336,4.469392776489258,2.0145375728607178,0.2857177257537842,2.740572929382324,0.820892333984375,0.7755126953125,0.512939453125,0.3673244118690491,0.29797518253326416
year,NLL,Cov90,0.12,0.05,0.1,0.0,0.4,0.5,1.0,0.85,1.7288198471069336,4.469392776489258,2.389902114868164,0.6610822677612305,2.740572929382324,0.820892333984375,0.767364501953125,0.512939453125,0.059835322201251984,0.3143395781517029
year,NLL,Cov90,0.12,0.05,0.1,0.0,0.4,0.5,2.0,-1.0,1.7288198471069336,4.469392776489258,2.0837159156799316,0.35489606857299805,2.740572929382324,0.820892333984375,0.774688720703125,0.512939453125,0.2255534827709198,0.2960544228553772
year,NLL,Cov90,0.12,0.05,0.1,0.0,0.4,0.5,2.0,0.85,1.7288198471069336,4.469392776489258,2.4740872383117676,0.745267391204834,2.740572929382324,0.820892333984375,0.7681884765625,0.512939453125,0.01898345537483692,0.3201308846473694
year,NLL,Cov90,0.12,0.05,0.1,0.1,0.4,0.25,1.0,-1.0,1.7288198471069336,4.469392776489258,2.3436684608459473,0.6148486137390137,2.740572929382324,0.820892333984375,0.75537109375,0.512939453125,0.15281717479228973,0.8958703875541687
year,NLL,Cov90,0.12,0.05,0.1,0.1,0.4,0.25,1.0,0.85,1.7288198471069336,4.469392776489258,2.537942409515381,0.8091225624084473,2.740572929382324,0.820892333984375,0.748992919921875,0.512939453125,0.012305199168622494,0.9348393678665161
year,NLL,Cov90,0.12,0.05,0.1,0.1,0.4,0.25,2.0,-1.0,1.7288198471069336,4.469392776489258,2.4672250747680664,0.7384052276611328,2.740572929382324,0.820892333984375,0.751556396484375,0.512939453125,0.07446429133415222,0.9127688407897949
year,NLL,Cov90,0.12,0.05,0.1,0.1,0.4,0.25,2.0,0.85,1.7288198471069336,4.469392776489258,2.5890731811523438,0.8602533340454102,2.740572929382324,0.820892333984375,0.7489013671875,0.512939453125,0.003527785651385784,0.9461509585380554
year,NLL,Cov90,0.12,0.05,0.1,0.1,0.4,0.5,1.0,-1.0,1.7288198471069336,4.469392776489258,1.9401295185089111,0.21130967140197754,2.740572929382324,0.820892333984375,0.7838134765625,0.512939453125,0.18337604403495789,0.7517459392547607
year,NLL,Cov90,0.12,0.05,0.1,0.1,0.4,0.5,1.0,0.85,1.7288198471069336,4.469392776489258,2.124769926071167,0.3959500789642334,2.740572929382324,0.820892333984375,0.77838134765625,0.512939453125,0.017518995329737663,0.8024086952209473
year,NLL,Cov90,0.12,0.05,0.1,0.1,0.4,0.5,2.0,-1.0,1.7288198471069336,4.469392776489258,2.06553316116333,0.3367133140563965,2.740572929382324,0.820892333984375,0.778045654296875,0.512939453125,0.09051208943128586,0.7893356084823608
year,NLL,Cov90,0.12,0.05,0.1,0.1,0.4,0.5,2.0,0.85,1.7288198471069336,4.469392776489258,2.194040298461914,0.46522045135498047,2.740572929382324,0.820892333984375,0.782989501953125,0.512939453125,0.0052171191200613976,0.8122358322143555
year,NLL,Cov90,0.12,0.05,0.1,0.2,0.4,0.25,1.0,-1.0,1.7288198471069336,4.469392776489258,2.2765729427337646,0.547753095626831,2.740572929382324,0.820892333984375,0.75946044921875,0.512939453125,0.07945652306079865,1.241996169090271
year,NLL,Cov90,0.12,0.05,0.1,0.2,0.4,0.25,1.0,0.85,1.7288198471069336,4.469392776489258,2.5478336811065674,0.8190138339996338,2.740572929382324,0.820892333984375,0.75006103515625,0.512939453125,0.003479418344795704,1.3152616024017334
year,NLL,Cov90,0.12,0.05,0.1,0.2,0.4,0.25,2.0,-1.0,1.7288198471069336,4.469392776489258,2.3761703968048096,0.647350549697876,2.740572929382324,0.820892333984375,0.753692626953125,0.512939453125,0.0324227474629879,1.2806528806686401
year,NLL,Cov90,0.12,0.05,0.1,0.2,0.4,0.25,2.0,0.85,1.7288198471069336,4.469392776489258,2.7249107360839844,0.9960908889770508,2.740572929382324,0.820892333984375,0.7408447265625,0.512939453125,0.0,1.3895049095153809
year,NLL,Cov90,0.12,0.05,0.1,0.2,0.4,0.5,1.0,-1.0,1.7288198471069336,4.469392776489258,1.8868567943572998,0.1580369472503662,2.740572929382324,0.820892333984375,0.792724609375,0.512939453125,0.10415136814117432,1.0346946716308594
year,NLL,Cov90,0.12,0.05,0.1,0.2,0.4,0.5,1.0,0.85,1.7288198471069336,4.469392776489258,2.1067795753479004,0.3779597282409668,2.740572929382324,0.820892333984375,0.7955322265625,0.512939453125,0.010510814376175404,1.0996837615966797
year,NLL,Cov90,0.12,0.05,0.1,0.2,0.4,0.5,2.0,-1.0,1.7288198471069336,4.469392776489258,2.0783209800720215,0.3495011329650879,2.740572929382324,0.820892333984375,0.78033447265625,0.512939453125,0.0397108718752861,1.1220176219940186
year,NLL,Cov90,0.12,0.05,0.1,0.2,0.4,0.5,2.0,0.85,1.7288198471069336,4.469392776489258,2.526519775390625,0.7976999282836914,2.740572929382324,0.820892333984375,0.76220703125,0.512939453125,0.0016889732796698809,1.2688369750976562
year,NLL,Cov90,0.12,0.05,0.2,0.0,0.4,0.25,1.0,-1.0,1.7288198471069336,4.469392776489258,2.243415117263794,0.5145952701568604,2.740572929382324,0.820892333984375,0.764862060546875,0.512939453125,0.21031254529953003,0.5550400614738464
year,NLL,Cov90,0.12,0.05,0.2,0.0,0.4,0.25,1.0,0.85,1.7288198471069336,4.469392776489258,2.4956562519073486,0.766836404800415,2.740572929382324,0.820892333984375,0.75189208984375,0.512939453125,0.013798459433019161,0.6193709969520569
year,NLL,Cov90,0.12,0.05,0.2,0.0,0.4,0.25,2.0,-1.0,1.7288198471069336,4.469392776489258,2.399564743041992,0.6707448959350586,2.740572929382324,0.820892333984375,0.757293701171875,0.512939453125,0.10680095106363297,0.5791884660720825
year,NLL,Cov90,0.12,0.05,0.2,0.0,0.4,0.25,2.0,0.85,1.7288198471069336,4.469392776489258,2.606549024581909,0.8777291774749756,2.740572929382324,0.820892333984375,0.754119873046875,0.512939453125,0.0035556708462536335,0.6098452806472778
year,NLL,Cov90,0.12,0.05,0.2,0.0,0.4,0.5,1.0,-1.0,1.7288198471069336,4.469392776489258,1.9807860851287842,0.2519662380218506,2.740572929382324,0.820892333984375,0.782928466796875,0.512939453125,0.23716427385807037,0.4975188970565796
year,NLL,Cov90,0.12,0.05,0.2,0.0,0.4,0.5,1.0,0.85,1.7288198471069336,4.469392776489258,2.4049699306488037,0.6761500835418701,2.740572929382324,0.820892333984375,0.76947021484375,0.512939453125,0.024538924917578697,0.5591272115707397
year,NLL,Cov90,0.12,0.05,0.2,0.0,0.4,0.5,2.0,-1.0,1.7288198471069336,4.469392776489258,2.164659023284912,0.4358391761779785,2.740572929382324,0.820892333984375,0.774383544921875,0.512939453125,0.1273677796125412,0.529865562915802
year,NLL,Cov90,0.12,0.05,0.2,0.0,0.4,0.5,2.0,0.85,1.7288198471069336,4.469392776489258,2.2585206031799316,0.529700756072998,2.740572929382324,0.820892333984375,0.7796630859375,0.512939453125,0.0034501529298722744,0.5145125985145569
year,NLL,Cov90,0.12,0.05,0.2,0.1,0.4,0.25,1.0,-1.0,1.7288198471069336,4.469392776489258,2.2457122802734375,0.5168924331665039,2.740572929382324,0.820892333984375,0.758087158203125,0.512939453125,0.1118471696972847,1.0237151384353638
year,NLL,Cov90,0.12,0.05,0.2,0.1,0.4,0.25,1.0,0.85,1.7288198471069336,4.469392776489258,2.531407117843628,0.8025872707366943,2.740572929382324,0.820892333984375,0.7608642578125,0.512939453125,0.0017264090711250901,1.0449564456939697
year,NLL,Cov90,0.12,0.05,0.2,0.1,0.4,0.25,2.0,-1.0,1.7288198471069336,4.469392776489258,2.2844901084899902,0.5556702613830566,2.740572929382324,0.820892333984375,0.75469970703125,0.512939453125,0.04453973472118378,1.043603777885437
year,NLL,Cov90,0.12,0.05,0.2,0.1,0.4,0.25,2.0,0.85,1.7288198471069336,4.469392776489258,2.572896957397461,0.8440771102905273,2.740572929382324,0.820892333984375,0.759124755859375,0.512939453125,0.0,1.0707461833953857
year,NLL,Cov90,0.12,0.05,0.2,0.1,0.4,0.5,1.0,-1.0,1.7288198471069336,4.469392776489258,1.9165637493133545,0.1877439022064209,2.740572929382324,0.820892333984375,0.786407470703125,0.512939453125,0.1364404857158661,0.8650383949279785
year,NLL,Cov90,0.12,0.05,0.2,0.1,0.4,0.5,1.0,0.85,1.7288198471069336,4.469392776489258,2.0041189193725586,0.275299072265625,2.740572929382324,0.820892333984375,0.80255126953125,0.512939453125,0.0034195915795862675,0.8463316559791565
year,NLL,Cov90,0.12,0.05,0.2,0.1,0.4,0.5,2.0,-1.0,1.7288198471069336,4.469392776489258,2.0399649143218994,0.3111450672149658,2.740572929382324,0.820892333984375,0.77960205078125,0.512939453125,0.060187406837940216,0.9111137390136719
year,NLL,Cov90,0.12,0.05,0.2,0.1,0.4,0.5,2.0,0.85,1.7288198471069336,4.469392776489258,2.370626449584961,0.6418066024780273,2.740572929382324,0.820892333984375,0.77777099609375,0.512939453125,0.0,0.9798048734664917
year,NLL,Cov90,0.12,0.05,0.2,0.2,0.4,0.25,1.0,-1.0,1.7288198471069336,4.469392776489258,2.2640862464904785,0.5352663993835449,2.740572929382324,0.820892333984375,0.75982666015625,0.512939453125,0.06437141448259354,1.3272897005081177
year,NLL,Cov90,0.12,0.05,0.2,0.2,0.4,0.25,1.0,0.85,1.7288198471069336,4.469392776489258,2.5293867588043213,0.8005669116973877,2.740572929382324,0.820892333984375,0.763092041015625,0.512939453125,0.001768814050592482,1.3572754859924316
year,NLL,Cov90,0.12,0.05,0.2,0.2,0.4,0.25,2.0,-1.0,1.7288198471069336,4.469392776489258,2.4069693088531494,0.6781494617462158,2.740572929382324,0.820892333984375,0.7548828125,0.512939453125,0.021886488422751427,1.379974603652954
year,NLL,Cov90,0.12,0.05,0.2,0.2,0.4,0.25,2.0,0.85,1.7288198471069336,4.469392776489258,2.6554436683654785,0.9266238212585449,2.740572929382324,0.820892333984375,0.7457275390625,0.512939453125,0.0,1.4992518424987793
year,NLL,Cov90,0.12,0.05,0.2,0.2,0.4,0.5,1.0,-1.0,1.7288198471069336,4.469392776489258,1.8237817287445068,0.09496188163757324,2.740572929382324,0.820892333984375,0.79571533203125,0.512939453125,0.08593527972698212,1.0982098579406738
year,NLL,Cov90,0.12,0.05,0.2,0.2,0.4,0.5,1.0,0.85,1.7288198471069336,4.469392776489258,1.9127219915390015,0.18390214443206787,2.740572929382324,0.820892333984375,0.798675537109375,0.512939453125,0.003644811687991023,1.1300055980682373
year,NLL,Cov90,0.12,0.05,0.2,0.2,0.4,0.5,2.0,-1.0,1.7288198471069336,4.469392776489258,1.9974472522735596,0.268627405166626,2.740572929382324,0.820892333984375,0.787994384765625,0.512939453125,0.030862629413604736,1.1718971729278564
year,NLL,Cov90,0.12,0.05,0.2,0.2,0.4,0.5,2.0,0.85,1.7288198471069336,4.469392776489258,2.5397565364837646,0.810936689376831,2.740572929382324,0.820892333984375,0.757415771484375,0.512939453125,0.0,1.427161693572998
year,NLL,Cov90,0.12,0.1,0.0,0.0,0.4,0.25,1.0,-1.0,1.7288198471069336,4.469392776489258,2.0792417526245117,0.3504219055175781,2.740572929382324,0.820892333984375,0.754302978515625,0.512939453125,0.7200005054473877,0.047638483345508575
year,NLL,Cov90,0.12,0.1,0.0,0.0,0.4,0.25,1.0,0.85,1.7288198471069336,4.469392776489258,2.182469367980957,0.45364952087402344,2.740572929382324,0.820892333984375,0.749847412109375,0.512939453125,0.33158034086227417,0.04954681172966957
year,NLL,Cov90,0.12,0.1,0.0,0.0,0.4,0.25,2.0,-1.0,1.7288198471069336,4.469392776489258,2.098095417022705,0.3692755699157715,2.740572929382324,0.820892333984375,0.7525634765625,0.512939453125,0.5620898008346558,0.04804157838225365
year,NLL,Cov90,0.12,0.1,0.0,0.0,0.4,0.25,2.0,0.85,1.7288198471069336,4.469392776489258,2.143690586090088,0.4148707389831543,2.740572929382324,0.820892333984375,0.756622314453125,0.512939453125,0.1642562747001648,0.04880199208855629
year,NLL,Cov90,0.12,0.1,0.0,0.0,0.4,0.5,1.0,-1.0,1.7288198471069336,4.469392776489258,1.7593491077423096,0.030529260635375977,2.740572929382324,0.820892333984375,0.782806396484375,0.512939453125,0.7487483620643616,0.04165252670645714
year,NLL,Cov90,0.12,0.1,0.0,0.0,0.4,0.5,1.0,0.85,1.7288198471069336,4.469392776489258,1.8208740949630737,0.09205424785614014,2.740572929382324,0.820892333984375,0.779510498046875,0.512939453125,0.3825038969516754,0.04240579158067703
year,NLL,Cov90,0.12,0.1,0.0,0.0,0.4,0.5,2.0,-1.0,1.7288198471069336,4.469392776489258,1.7777519226074219,0.04893207550048828,2.740572929382324,0.820892333984375,0.780914306640625,0.512939453125,0.5985634922981262,0.042221732437610626
year,NLL,Cov90,0.12,0.1,0.0,0.0,0.4,0.5,2.0,0.85,1.7288198471069336,4.469392776489258,1.8430662155151367,0.11424636840820312,2.740572929382324,0.820892333984375,0.7784423828125,0.512939453125,0.1918124407529831,0.04383400082588196
year,NLL,Cov90,0.12,0.1,0.0,0.1,0.4,0.25,1.0,-1.0,1.7288198471069336,4.469392776489258,2.2304630279541016,0.501643180847168,2.740572929382324,0.820892333984375,0.75885009765625,0.512939453125,0.19451546669006348,0.6796162724494934
year,NLL,Cov90,0.12,0.1,0.0,0.1,0.4,0.25,1.0,0.85,1.7288198471069336,4.469392776489258,2.5458176136016846,0.816997766494751,2.740572929382324,0.820892333984375,0.75323486328125,0.512939453125,0.009007674641907215,0.7105573415756226
year,NLL,Cov90,0.12,0.1,0.0,0.1,0.4,0.25,2.0,-1.0,1.7288198471069336,4.469392776489258,2.3501317501068115,0.6213119029998779,2.740572929382324,0.820892333984375,0.754638671875,0.512939453125,0.099472276866436,0.6886600255966187
year,NLL,Cov90,0.12,0.1,0.0,0.1,0.4,0.25,2.0,0.85,1.7288198471069336,4.469392776489258,2.5532712936401367,0.8244514465332031,2.740572929382324,0.820892333984375,0.7587890625,0.512939453125,0.0036412011831998825,0.6792725324630737
year,NLL,Cov90,0.12,0.1,0.0,0.1,0.4,0.5,1.0,-1.0,1.7288198471069336,4.469392776489258,1.918972373008728,0.19015252590179443,2.740572929382324,0.820892333984375,0.784881591796875,0.512939453125,0.22012415528297424,0.5989383459091187
year,NLL,Cov90,0.12,0.1,0.0,0.1,0.4,0.5,1.0,0.85,1.7288198471069336,4.469392776489258,2.317504405975342,0.5886845588684082,2.740572929382324,0.820892333984375,0.77392578125,0.512939453125,0.010757319629192352,0.6437877416610718
year,NLL,Cov90,0.12,0.1,0.0,0.1,0.4,0.5,2.0,-1.0,1.7288198471069336,4.469392776489258,2.0415494441986084,0.3127295970916748,2.740572929382324,0.820892333984375,0.776885986328125,0.512939453125,0.11341368407011032,0.6223142743110657
year,NLL,Cov90,0.12,0.1,0.0,0.1,0.4,0.5,2.0,0.85,1.7288198471069336,4.469392776489258,2.131443500518799,0.40262365341186523,2.740572929382324,0.820892333984375,0.791778564453125,0.512939453125,0.005262260790914297,0.5618239641189575
year,NLL,Cov90,0.12,0.1,0.0,0.2,0.4,0.25,1.0,-1.0,1.7288198471069336,4.469392776489258,2.336029529571533,0.6072096824645996,2.740572929382324,0.820892333984375,0.758392333984375,0.512939453125,0.08979102224111557,1.1338683366775513
year,NLL,Cov90,0.12,0.1,0.0,0.2,0.4,0.25,1.0,0.85,1.7288198471069336,4.469392776489258,2.2645583152770996,0.535738468170166,2.740572929382324,0.820892333984375,0.773590087890625,0.512939453125,0.0055209859274327755,1.0599522590637207
year,NLL,Cov90,0.12,0.1,0.0,0.2,0.4,0.25,2.0,-1.0,1.7288198471069336,4.469392776489258,2.433640480041504,0.7048206329345703,2.740572929382324,0.820892333984375,0.755157470703125,0.512939453125,0.035913847386837006,1.1476280689239502
year,NLL,Cov90,0.12,0.1,0.0,0.2,0.4,0.25,2.0,0.85,1.7288198471069336,4.469392776489258,2.609940528869629,0.8811206817626953,2.740572929382324,0.820892333984375,0.747314453125,0.512939453125,0.0,1.2043054103851318
year,NLL,Cov90,0.12,0.1,0.0,0.2,0.4,0.5,1.0,-1.0,1.7288198471069336,4.469392776489258,1.892578363418579,0.1637585163116455,2.740572929382324,0.820892333984375,0.790130615234375,0.512939453125,0.11030720919370651,0.9643700122833252
year,NLL,Cov90,0.12,0.1,0.0,0.2,0.4,0.5,1.0,0.85,1.7288198471069336,4.469392776489258,2.0053749084472656,0.27655506134033203,2.740572929382324,0.820892333984375,0.795867919921875,0.512939453125,0.008668318390846252,0.9682679176330566
year,NLL,Cov90,0.12,0.1,0.0,0.2,0.4,0.5,2.0,-1.0,1.7288198471069336,4.469392776489258,2.1077818870544434,0.37896203994750977,2.740572929382324,0.820892333984375,0.780853271484375,0.512939453125,0.04675748944282532,1.0142011642456055
year,NLL,Cov90,0.12,0.1,0.0,0.2,0.4,0.5,2.0,0.85,1.7288198471069336,4.469392776489258,2.2702465057373047,0.5414266586303711,2.740572929382324,0.820892333984375,0.779144287109375,0.512939453125,0.0,1.0677008628845215
year,NLL,Cov90,0.12,0.1,0.1,0.0,0.4,0.25,1.0,-1.0,1.7288198471069336,4.469392776489258,2.309861183166504,0.5810413360595703,2.740572929382324,0.820892333984375,0.7547607421875,0.512939453125,0.29563045501708984,0.3716459274291992
year,NLL,Cov90,0.12,0.1,0.1,0.0,0.4,0.25,1.0,0.85,1.7288198471069336,4.469392776489258,2.4745562076568604,0.7457363605499268,2.740572929382324,0.820892333984375,0.757598876953125,0.512939453125,0.03328459709882736,0.3639993667602539
year,NLL,Cov90,0.12,0.1,0.1,0.0,0.4,0.25,2.0,-1.0,1.7288198471069336,4.469392776489258,2.424691677093506,0.6958718299865723,2.740572929382324,0.820892333984375,0.7498779296875,0.512939453125,0.16091647744178772,0.38300037384033203
year,NLL,Cov90,0.12,0.1,0.1,0.0,0.4,0.25,2.0,0.85,1.7288198471069336,4.469392776489258,2.4908430576324463,0.7620232105255127,2.740572929382324,0.820892333984375,0.754486083984375,0.512939453125,0.005407210439443588,0.37524548172950745
year,NLL,Cov90,0.12,0.1,0.1,0.0,0.4,0.5,1.0,-1.0,1.7288198471069336,4.469392776489258,1.942690134048462,0.21387028694152832,2.740572929382324,0.820892333984375,0.77984619140625,0.512939453125,0.3285178542137146,0.3189793825149536
year,NLL,Cov90,0.12,0.1,0.1,0.0,0.4,0.5,1.0,0.85,1.7288198471069336,4.469392776489258,2.2067744731903076,0.477954626083374,2.740572929382324,0.820892333984375,0.778472900390625,0.512939453125,0.04057098925113678,0.31330496072769165
year,NLL,Cov90,0.12,0.1,0.1,0.0,0.4,0.5,2.0,-1.0,1.7288198471069336,4.469392776489258,2.093168258666992,0.3643484115600586,2.740572929382324,0.820892333984375,0.7740478515625,0.512939453125,0.1871289163827896,0.3326408267021179
year,NLL,Cov90,0.12,0.1,0.1,0.0,0.4,0.5,2.0,0.85,1.7288198471069336,4.469392776489258,2.350703477859497,0.6218836307525635,2.740572929382324,0.820892333984375,0.76702880859375,0.512939453125,0.007254528813064098,0.36555615067481995
year,NLL,Cov90,0.12,0.1,0.1,0.1,0.4,0.25,1.0,-1.0,1.7288198471069336,4.469392776489258,2.342125415802002,0.6133055686950684,2.740572929382324,0.820892333984375,0.7552490234375,0.512939453125,0.14358681440353394,0.9198819398880005
year,NLL,Cov90,0.12,0.1,0.1,0.1,0.4,0.25,1.0,0.85,1.7288198471069336,4.469392776489258,2.4125020503997803,0.6836822032928467,2.740572929382324,0.820892333984375,0.75567626953125,0.512939453125,0.0052993642166256905,0.9257445335388184
year,NLL,Cov90,0.12,0.1,0.1,0.1,0.4,0.25,2.0,-1.0,1.7288198471069336,4.469392776489258,2.4481520652770996,0.719332218170166,2.740572929382324,0.820892333984375,0.750518798828125,0.512939453125,0.06535046547651291,0.9450349807739258
year,NLL,Cov90,0.12,0.1,0.1,0.1,0.4,0.25,2.0,0.85,1.7288198471069336,4.469392776489258,2.543539524078369,0.8147196769714355,2.740572929382324,0.820892333984375,0.750518798828125,0.512939453125,0.001718422630801797,0.956679105758667
year,NLL,Cov90,0.12,0.1,0.1,0.1,0.4,0.5,1.0,-1.0,1.7288198471069336,4.469392776489258,1.931889533996582,0.20306968688964844,2.740572929382324,0.820892333984375,0.78643798828125,0.512939453125,0.17116902768611908,0.7682888507843018
year,NLL,Cov90,0.12,0.1,0.1,0.1,0.4,0.5,1.0,0.85,1.7288198471069336,4.469392776489258,2.2789676189422607,0.5501477718353271,2.740572929382324,0.820892333984375,0.78277587890625,0.512939453125,0.007072010543197393,0.816403329372406
year,NLL,Cov90,0.12,0.1,0.1,0.1,0.4,0.5,2.0,-1.0,1.7288198471069336,4.469392776489258,2.1407546997070312,0.41193485260009766,2.740572929382324,0.820892333984375,0.7747802734375,0.512939453125,0.07962124049663544,0.8251173496246338
year,NLL,Cov90,0.12,0.1,0.1,0.1,0.4,0.5,2.0,0.85,1.7288198471069336,4.469392776489258,2.1004996299743652,0.37167978286743164,2.740572929382324,0.820892333984375,0.788848876953125,0.512939453125,0.0016826656647026539,0.7893680334091187
year,NLL,Cov90,0.12,0.1,0.1,0.2,0.4,0.25,1.0,-1.0,1.7288198471069336,4.469392776489258,2.2620153427124023,0.5331954956054688,2.740572929382324,0.820892333984375,0.7587890625,0.512939453125,0.07590135931968689,1.2565646171569824
year,NLL,Cov90,0.12,0.1,0.1,0.2,0.4,0.25,1.0,0.85,1.7288198471069336,4.469392776489258,2.5608959197998047,0.8320760726928711,2.740572929382324,0.820892333984375,0.75787353515625,0.512939453125,0.0018088723300024867,1.3215765953063965
year,NLL,Cov90,0.12,0.1,0.1,0.2,0.4,0.25,2.0,-1.0,1.7288198471069336,4.469392776489258,2.386871576309204,0.6580517292022705,2.740572929382324,0.820892333984375,0.7542724609375,0.512939453125,0.029003813862800598,1.3000797033309937
year,NLL,Cov90,0.12,0.1,0.1,0.2,0.4,0.25,2.0,0.85,1.7288198471069336,4.469392776489258,2.7108919620513916,0.982072114944458,2.740572929382324,0.820892333984375,0.73883056640625,0.512939453125,0.0,1.4166138172149658
year,NLL,Cov90,0.12,0.1,0.1,0.2,0.4,0.5,1.0,-1.0,1.7288198471069336,4.469392776489258,1.8764760494232178,0.14765620231628418,2.740572929382324,0.820892333984375,0.792633056640625,0.512939453125,0.09983918070793152,1.0521059036254883
year,NLL,Cov90,0.12,0.1,0.1,0.2,0.4,0.5,1.0,0.85,1.7288198471069336,4.469392776489258,2.035846710205078,0.30702686309814453,2.740572929382324,0.820892333984375,0.79290771484375,0.512939453125,0.0034431274980306625,1.113512635231018
year,NLL,Cov90,0.12,0.1,0.1,0.2,0.4,0.5,2.0,-1.0,1.7288198471069336,4.469392776489258,2.0232090950012207,0.2943892478942871,2.740572929382324,0.820892333984375,0.7835693359375,0.512939453125,0.03817151114344597,1.1193586587905884
year,NLL,Cov90,0.12,0.1,0.1,0.2,0.4,0.5,2.0,0.85,1.7288198471069336,4.469392776489258,2.24745512008667,0.5186352729797363,2.740572929382324,0.820892333984375,0.774932861328125,0.512939453125,0.0,1.2422151565551758
year,NLL,Cov90,0.12,0.1,0.2,0.0,0.4,0.25,1.0,-1.0,1.7288198471069336,4.469392776489258,2.2883265018463135,0.5595066547393799,2.740572929382324,0.820892333984375,0.75921630859375,0.512939453125,0.19048920273780823,0.5982228517532349
year,NLL,Cov90,0.12,0.1,0.2,0.0,0.4,0.25,1.0,0.85,1.7288198471069336,4.469392776489258,2.4995086193084717,0.7706887722015381,2.740572929382324,0.820892333984375,0.754608154296875,0.512939453125,0.010686810128390789,0.6394416689872742
year,NLL,Cov90,0.12,0.1,0.2,0.0,0.4,0.25,2.0,-1.0,1.7288198471069336,4.469392776489258,2.3698253631591797,0.6410055160522461,2.740572929382324,0.820892333984375,0.75665283203125,0.512939453125,0.09544122964143753,0.606633186340332
year,NLL,Cov90,0.12,0.1,0.2,0.0,0.4,0.25,2.0,0.85,1.7288198471069336,4.469392776489258,2.442243814468384,0.7134239673614502,2.740572929382324,0.820892333984375,0.7598876953125,0.512939453125,0.007059125695377588,0.5920311808586121
year,NLL,Cov90,0.12,0.1,0.2,0.0,0.4,0.5,1.0,-1.0,1.7288198471069336,4.469392776489258,1.9563275575637817,0.22750771045684814,2.740572929382324,0.820892333984375,0.7850341796875,0.512939453125,0.21838559210300446,0.5137468576431274
year,NLL,Cov90,0.12,0.1,0.2,0.0,0.4,0.5,1.0,0.85,1.7288198471069336,4.469392776489258,2.3801627159118652,0.6513428688049316,2.740572929382324,0.820892333984375,0.77020263671875,0.512939453125,0.017377562820911407,0.5924936532974243
year,NLL,Cov90,0.12,0.1,0.2,0.0,0.4,0.5,2.0,-1.0,1.7288198471069336,4.469392776489258,2.0840086936950684,0.35518884658813477,2.740572929382324,0.820892333984375,0.781951904296875,0.512939453125,0.1133706346154213,0.523701548576355
year,NLL,Cov90,0.12,0.1,0.2,0.0,0.4,0.5,2.0,0.85,1.7288198471069336,4.469392776489258,2.251523971557617,0.5227041244506836,2.740572929382324,0.820892333984375,0.777435302734375,0.512939453125,0.007069071289151907,0.5552553534507751
year,NLL,Cov90,0.12,0.1,0.2,0.1,0.4,0.25,1.0,-1.0,1.7288198471069336,4.469392776489258,2.190613269805908,0.4617934226989746,2.740572929382324,0.820892333984375,0.759246826171875,0.512939453125,0.10661686211824417,1.0381319522857666
year,NLL,Cov90,0.12,0.1,0.2,0.1,0.4,0.25,1.0,0.85,1.7288198471069336,4.469392776489258,2.471191883087158,0.7423720359802246,2.740572929382324,0.820892333984375,0.7640380859375,0.512939453125,0.003448216710239649,1.0570135116577148
year,NLL,Cov90,0.12,0.1,0.2,0.1,0.4,0.25,2.0,-1.0,1.7288198471069336,4.469392776489258,2.3585779666900635,0.6297581195831299,2.740572929382324,0.820892333984375,0.75567626953125,0.512939453125,0.04189271479845047,1.0783426761627197
year,NLL,Cov90,0.12,0.1,0.2,0.1,0.4,0.25,2.0,0.85,1.7288198471069336,4.469392776489258,2.65544056892395,0.9266207218170166,2.740572929382324,0.820892333984375,0.7457275390625,0.512939453125,0.0,1.1413742303848267
year,NLL,Cov90,0.12,0.1,0.2,0.1,0.4,0.5,1.0,-1.0,1.7288198471069336,4.469392776489258,1.8593288660049438,0.13050901889801025,2.740572929382324,0.820892333984375,0.789398193359375,0.512939453125,0.13367901742458344,0.874826192855835
year,NLL,Cov90,0.12,0.1,0.2,0.1,0.4,0.5,1.0,0.85,1.7288198471069336,4.469392776489258,2.0680224895477295,0.3392026424407959,2.740572929382324,0.820892333984375,0.791748046875,0.512939453125,0.003568605985492468,0.9053674936294556
year,NLL,Cov90,0.12,0.1,0.2,0.1,0.4,0.5,2.0,-1.0,1.7288198471069336,4.469392776489258,1.9811781644821167,0.2523583173751831,2.740572929382324,0.820892333984375,0.7818603515625,0.512939453125,0.05667347088456154,0.9231762886047363
year,NLL,Cov90,0.12,0.1,0.2,0.1,0.4,0.5,2.0,0.85,1.7288198471069336,4.469392776489258,2.265259265899658,0.5364394187927246,2.740572929382324,0.820892333984375,0.783782958984375,0.512939453125,0.0,0.9681251645088196
year,NLL,Cov90,0.12,0.1,0.2,0.2,0.4,0.25,1.0,-1.0,1.7288198471069336,4.469392776489258,2.2236757278442383,0.4948558807373047,2.740572929382324,0.820892333984375,0.76116943359375,0.512939453125,0.061787012964487076,1.3342307806015015
year,NLL,Cov90,0.12,0.1,0.2,0.2,0.4,0.25,1.0,0.85,1.7288198471069336,4.469392776489258,2.4195640087127686,0.690744161605835,2.740572929382324,0.820892333984375,0.768157958984375,0.512939453125,0.0017983493162319064,1.353216290473938
year,NLL,Cov90,0.12,0.1,0.2,0.2,0.4,0.25,2.0,-1.0,1.7288198471069336,4.469392776489258,2.379225015640259,0.6504051685333252,2.740572929382324,0.820892333984375,0.755096435546875,0.512939453125,0.02158437669277191,1.389136552810669
year,NLL,Cov90,0.12,0.1,0.2,0.2,0.4,0.25,2.0,0.85,1.7288198471069336,4.469392776489258,2.6331286430358887,0.9043087959289551,2.740572929382324,0.820892333984375,0.743316650390625,0.512939453125,0.0016791605157777667,1.5535997152328491
year,NLL,Cov90,0.12,0.1,0.2,0.2,0.4,0.5,1.0,-1.0,1.7288198471069336,4.469392776489258,1.8350374698638916,0.10621762275695801,2.740572929382324,0.820892333984375,0.795928955078125,0.512939453125,0.08229504525661469,1.1074037551879883
year,NLL,Cov90,0.12,0.1,0.2,0.2,0.4,0.5,1.0,0.85,1.7288198471069336,4.469392776489258,2.028569459915161,0.29974961280822754,2.740572929382324,0.820892333984375,0.796966552734375,0.512939453125,0.0018144812202081084,1.2317509651184082
year,NLL,Cov90,0.12,0.1,0.2,0.2,0.4,0.5,2.0,-1.0,1.7288198471069336,4.469392776489258,1.9297523498535156,0.20093250274658203,2.740572929382324,0.820892333984375,0.788818359375,0.512939453125,0.030147455632686615,1.175293207168579
year,NLL,Cov90,0.12,0.1,0.2,0.2,0.4,0.5,2.0,0.85,1.7288198471069336,4.469392776489258,2.4922842979431152,0.7634644508361816,2.740572929382324,0.820892333984375,0.75909423828125,0.512939453125,0.0017903947737067938,1.4426794052124023
year,NLL,Cov90,0.18,0.02,0.0,0.0,0.4,0.25,1.0,-1.0,1.7288198471069336,4.469392776489258,2.076106548309326,0.3472867012023926,2.740572929382324,0.820892333984375,0.75482177734375,0.512939453125,0.9897512197494507,0.0018654909217730165
year,NLL,Cov90,0.18,0.02,0.0,0.0,0.4,0.25,1.0,0.85,1.7288198471069336,4.469392776489258,2.0910115242004395,0.36219167709350586,2.740572929382324,0.820892333984375,0.753326416015625,0.512939453125,0.9896429181098938,0.0018853435758501291
year,NLL,Cov90,0.18,0.02,0.0,0.0,0.4,0.25,2.0,-1.0,1.7288198471069336,4.469392776489258,2.0902512073516846,0.361431360244751,2.740572929382324,0.820892333984375,0.753814697265625,0.512939453125,0.9796855449676514,0.0018693623133003712
year,NLL,Cov90,0.18,0.02,0.0,0.0,0.4,0.25,2.0,0.85,1.7288198471069336,4.469392776489258,2.066777229309082,0.33795738220214844,2.740572929382324,0.820892333984375,0.754364013671875,0.512939453125,0.979684591293335,0.0018690860597416759
year,NLL,Cov90,0.18,0.02,0.0,0.0,0.4,0.5,1.0,-1.0,1.7288198471069336,4.469392776489258,1.7893178462982178,0.06049799919128418,2.740572929382324,0.820892333984375,0.78118896484375,0.512939453125,0.9911441206932068,0.001609973842278123
year,NLL,Cov90,0.18,0.02,0.0,0.0,0.4,0.5,1.0,0.85,1.7288198471069336,4.469392776489258,1.781710147857666,0.05289030075073242,2.740572929382324,0.820892333984375,0.78155517578125,0.512939453125,0.9911598563194275,0.0016069498378783464
year,NLL,Cov90,0.18,0.02,0.0,0.0,0.4,0.5,2.0,-1.0,1.7288198471069336,4.469392776489258,1.781236171722412,0.052416324615478516,2.740572929382324,0.820892333984375,0.78118896484375,0.512939453125,0.9824215173721313,0.0016136057674884796
year,NLL,Cov90,0.18,0.02,0.0,0.0,0.4,0.5,2.0,0.85,1.7288198471069336,4.469392776489258,1.7860373258590698,0.05721747875213623,2.740572929382324,0.820892333984375,0.78131103515625,0.512939453125,0.9820983409881592,0.0016438689781352878
year,NLL,Cov90,0.18,0.02,0.0,0.1,0.4,0.25,1.0,-1.0,1.7288198471069336,4.469392776489258,2.215620756149292,0.4868009090423584,2.740572929382324,0.820892333984375,0.759735107421875,0.512939453125,0.29351967573165894,0.64402836561203
year,NLL,Cov90,0.18,0.02,0.0,0.1,0.4,0.25,1.0,0.85,1.7288198471069336,4.469392776489258,2.403592586517334,0.6747727394104004,2.740572929382324,0.820892333984375,0.7515869140625,0.512939453125,0.04216534644365311,0.6884921193122864
year,NLL,Cov90,0.18,0.02,0.0,0.1,0.4,0.25,2.0,-1.0,1.7288198471069336,4.469392776489258,2.29860520362854,0.5697853565216064,2.740572929382324,0.820892333984375,0.7564697265625,0.512939453125,0.1691679209470749,0.6615458726882935
year,NLL,Cov90,0.18,0.02,0.0,0.1,0.4,0.25,2.0,0.85,1.7288198471069336,4.469392776489258,2.607609748840332,0.8787899017333984,2.740572929382324,0.820892333984375,0.751434326171875,0.512939453125,0.009141167625784874,0.6923607587814331
year,NLL,Cov90,0.18,0.02,0.0,0.1,0.4,0.5,1.0,-1.0,1.7288198471069336,4.469392776489258,1.8927030563354492,0.16388320922851562,2.740572929382324,0.820892333984375,0.78509521484375,0.512939453125,0.3223634362220764,0.5658094882965088
year,NLL,Cov90,0.18,0.02,0.0,0.1,0.4,0.5,1.0,0.85,1.7288198471069336,4.469392776489258,2.1482229232788086,0.419403076171875,2.740572929382324,0.820892333984375,0.77386474609375,0.512939453125,0.050959959626197815,0.6230548620223999
year,NLL,Cov90,0.18,0.02,0.0,0.1,0.4,0.5,2.0,-1.0,1.7288198471069336,4.469392776489258,1.9676412343978882,0.2388213872909546,2.740572929382324,0.820892333984375,0.779693603515625,0.512939453125,0.19129428267478943,0.5845690965652466
year,NLL,Cov90,0.18,0.02,0.0,0.1,0.4,0.5,2.0,0.85,1.7288198471069336,4.469392776489258,2.270759105682373,0.5419392585754395,2.740572929382324,0.820892333984375,0.773712158203125,0.512939453125,0.014234181493520737,0.6166809797286987
year,NLL,Cov90,0.18,0.02,0.0,0.2,0.4,0.25,1.0,-1.0,1.7288198471069336,4.469392776489258,2.2639951705932617,0.5351753234863281,2.740572929382324,0.820892333984375,0.7625732421875,0.512939453125,0.14094187319278717,1.078387975692749
year,NLL,Cov90,0.18,0.02,0.0,0.2,0.4,0.25,1.0,0.85,1.7288198471069336,4.469392776489258,2.371960401535034,0.6431405544281006,2.740572929382324,0.820892333984375,0.763641357421875,0.512939453125,0.007255974225699902,1.0933890342712402
year,NLL,Cov90,0.18,0.02,0.0,0.2,0.4,0.25,2.0,-1.0,1.7288198471069336,4.469392776489258,2.3905889987945557,0.6617691516876221,2.740572929382324,0.820892333984375,0.756561279296875,0.512939453125,0.0645260363817215,1.1112948656082153
year,NLL,Cov90,0.18,0.02,0.0,0.2,0.4,0.25,2.0,0.85,1.7288198471069336,4.469392776489258,2.33980131149292,0.6109814643859863,2.740572929382324,0.820892333984375,0.768524169921875,0.512939453125,0.006855321116745472,1.056467056274414
year,NLL,Cov90,0.18,0.02,0.0,0.2,0.4,0.5,1.0,-1.0,1.7288198471069336,4.469392776489258,1.8803590536117554,0.15153920650482178,2.740572929382324,0.820892333984375,0.793609619140625,0.512939453125,0.16591398417949677,0.9348146319389343
year,NLL,Cov90,0.18,0.02,0.0,0.2,0.4,0.5,1.0,0.85,1.7288198471069336,4.469392776489258,2.1559524536132812,0.42713260650634766,2.740572929382324,0.820892333984375,0.7880859375,0.512939453125,0.00890667550265789,0.9915865659713745
year,NLL,Cov90,0.18,0.02,0.0,0.2,0.4,0.5,2.0,-1.0,1.7288198471069336,4.469392776489258,1.9810383319854736,0.25221848487854004,2.740572929382324,0.820892333984375,0.78582763671875,0.512939453125,0.07853340357542038,0.9684352278709412
year,NLL,Cov90,0.18,0.02,0.0,0.2,0.4,0.5,2.0,0.85,1.7288198471069336,4.469392776489258,1.9198040962219238,0.19098424911499023,2.740572929382324,0.820892333984375,0.8009033203125,0.512939453125,0.0,0.952799379825592
year,NLL,Cov90,0.18,0.02,0.1,0.0,0.4,0.25,1.0,-1.0,1.7288198471069336,4.469392776489258,2.2030603885650635,0.4742405414581299,2.740572929382324,0.820892333984375,0.76031494140625,0.512939453125,0.4469251036643982,0.3126288950443268
year,NLL,Cov90,0.18,0.02,0.1,0.0,0.4,0.25,1.0,0.85,1.7288198471069336,4.469392776489258,2.515895128250122,0.7870752811431885,2.740572929382324,0.820892333984375,0.750640869140625,0.512939453125,0.10462231934070587,0.33426690101623535
year,NLL,Cov90,0.18,0.02,0.1,0.0,0.4,0.25,2.0,-1.0,1.7288198471069336,4.469392776489258,2.2251577377319336,0.496337890625,2.740572929382324,0.820892333984375,0.76416015625,0.512939453125,0.299870103597641,0.3035934567451477
year,NLL,Cov90,0.18,0.02,0.1,0.0,0.4,0.25,2.0,0.85,1.7288198471069336,4.469392776489258,2.583822727203369,0.8550028800964355,2.740572929382324,0.820892333984375,0.748382568359375,0.512939453125,0.038826558738946915,0.3442973792552948
year,NLL,Cov90,0.18,0.02,0.1,0.0,0.4,0.5,1.0,-1.0,1.7288198471069336,4.469392776489258,1.9249720573425293,0.1961522102355957,2.740572929382324,0.820892333984375,0.77923583984375,0.512939453125,0.4761185646057129,0.2835484743118286
year,NLL,Cov90,0.18,0.02,0.1,0.0,0.4,0.5,1.0,0.85,1.7288198471069336,4.469392776489258,2.4069278240203857,0.6781079769134521,2.740572929382324,0.820892333984375,0.7608642578125,0.512939453125,0.11198410391807556,0.3250464200973511
year,NLL,Cov90,0.18,0.02,0.1,0.0,0.4,0.5,2.0,-1.0,1.7288198471069336,4.469392776489258,2.0323307514190674,0.3035109043121338,2.740572929382324,0.820892333984375,0.7760009765625,0.512939453125,0.31904399394989014,0.2856394052505493
year,NLL,Cov90,0.18,0.02,0.1,0.0,0.4,0.5,2.0,0.85,1.7288198471069336,4.469392776489258,2.50546932220459,0.7766494750976562,2.740572929382324,0.820892333984375,0.762115478515625,0.512939453125,0.040626972913742065,0.32644397020339966
year,NLL,Cov90,0.18,0.02,0.1,0.1,0.4,0.25,1.0,-1.0,1.7288198471069336,4.469392776489258,2.232909679412842,0.5040898323059082,2.740572929382324,0.820892333984375,0.7584228515625,0.512939453125,0.22366011142730713,0.8669041395187378
year,NLL,Cov90,0.18,0.02,0.1,0.1,0.4,0.25,1.0,0.85,1.7288198471069336,4.469392776489258,2.3941845893859863,0.6653647422790527,2.740572929382324,0.820892333984375,0.753662109375,0.512939453125,0.017850283533334732,0.907436192035675
year,NLL,Cov90,0.18,0.02,0.1,0.1,0.4,0.25,2.0,-1.0,1.7288198471069336,4.469392776489258,2.3881213665008545,0.6593015193939209,2.740572929382324,0.820892333984375,0.755462646484375,0.512939453125,0.12091377377510071,0.8895556926727295
year,NLL,Cov90,0.18,0.02,0.1,0.1,0.4,0.25,2.0,0.85,1.7288198471069336,4.469392776489258,2.5779647827148438,0.8491449356079102,2.740572929382324,0.820892333984375,0.748748779296875,0.512939453125,0.010527584701776505,0.9296827912330627
year,NLL,Cov90,0.18,0.02,0.1,0.1,0.4,0.5,1.0,-1.0,1.7288198471069336,4.469392776489258,1.865013599395752,0.13619375228881836,2.740572929382324,0.820892333984375,0.78948974609375,0.512939453125,0.25820064544677734,0.7276594638824463
year,NLL,Cov90,0.18,0.02,0.1,0.1,0.4,0.5,1.0,0.85,1.7288198471069336,4.469392776489258,2.1478683948516846,0.419048547744751,2.740572929382324,0.820892333984375,0.776763916015625,0.512939453125,0.03162071108818054,0.8152146339416504
year,NLL,Cov90,0.18,0.02,0.1,0.1,0.4,0.5,2.0,-1.0,1.7288198471069336,4.469392776489258,1.9992626905441284,0.2704428434371948,2.740572929382324,0.820892333984375,0.782501220703125,0.512939453125,0.14125338196754456,0.763843834400177
year,NLL,Cov90,0.18,0.02,0.1,0.1,0.4,0.5,2.0,0.85,1.7288198471069336,4.469392776489258,2.324070930480957,0.5952510833740234,2.740572929382324,0.820892333984375,0.773651123046875,0.512939453125,0.005040387157350779,0.8229371309280396
year,NLL,Cov90,0.18,0.02,0.1,0.2,0.4,0.25,1.0,-1.0,1.7288198471069336,4.469392776489258,2.20015287399292,0.47133302688598633,2.740572929382324,0.820892333984375,0.762481689453125,0.512939453125,0.12829415500164032,1.2085883617401123
year,NLL,Cov90,0.18,0.02,0.1,0.2,0.4,0.25,1.0,0.85,1.7288198471069336,4.469392776489258,2.4260919094085693,0.6972720623016357,2.740572929382324,0.820892333984375,0.759429931640625,0.512939453125,0.003543450031429529,1.2654770612716675
year,NLL,Cov90,0.18,0.02,0.1,0.2,0.4,0.25,2.0,-1.0,1.7288198471069336,4.469392776489258,2.3607261180877686,0.631906270980835,2.740572929382324,0.820892333984375,0.75445556640625,0.512939453125,0.05524243041872978,1.257807731628418
year,NLL,Cov90,0.18,0.02,0.1,0.2,0.4,0.25,2.0,0.85,1.7288198471069336,4.469392776489258,2.41525936126709,0.6864395141601562,2.740572929382324,0.820892333984375,0.75921630859375,0.512939453125,0.0,1.268234372138977
year,NLL,Cov90,0.18,0.02,0.1,0.2,0.4,0.5,1.0,-1.0,1.7288198471069336,4.469392776489258,1.8074350357055664,0.07861518859863281,2.740572929382324,0.820892333984375,0.798614501953125,0.512939453125,0.1659313589334488,0.9989076256752014
year,NLL,Cov90,0.18,0.02,0.1,0.2,0.4,0.5,1.0,0.85,1.7288198471069336,4.469392776489258,2.205556631088257,0.47673678398132324,2.740572929382324,0.820892333984375,0.78240966796875,0.512939453125,0.005349084734916687,1.1500400304794312
year,NLL,Cov90,0.18,0.02,0.1,0.2,0.4,0.5,2.0,-1.0,1.7288198471069336,4.469392776489258,1.952691674232483,0.22387182712554932,2.740572929382324,0.820892333984375,0.7899169921875,0.512939453125,0.07581564784049988,1.0556724071502686
year,NLL,Cov90,0.18,0.02,0.1,0.2,0.4,0.5,2.0,0.85,1.7288198471069336,4.469392776489258,2.2152676582336426,0.486447811126709,2.740572929382324,0.820892333984375,0.7808837890625,0.512939453125,0.0034895092248916626,1.1649610996246338
year,NLL,Cov90,0.18,0.02,0.2,0.0,0.4,0.25,1.0,-1.0,1.7288198471069336,4.469392776489258,2.236311912536621,0.5074920654296875,2.740572929382324,0.820892333984375,0.7633056640625,0.512939453125,0.2939639687538147,0.5507120490074158
year,NLL,Cov90,0.18,0.02,0.2,0.0,0.4,0.25,1.0,0.85,1.7288198471069336,4.469392776489258,2.5521533489227295,0.8233335018157959,2.740572929382324,0.820892333984375,0.756500244140625,0.512939453125,0.03851732239127159,0.5714499354362488
year,NLL,Cov90,0.18,0.02,0.2,0.0,0.4,0.25,2.0,-1.0,1.7288198471069336,4.469392776489258,2.4193201065063477,0.6905002593994141,2.740572929382324,0.820892333984375,0.754486083984375,0.512939453125,0.16611307859420776,0.586874783039093
year,NLL,Cov90,0.18,0.02,0.2,0.0,0.4,0.25,2.0,0.85,1.7288198471069336,4.469392776489258,2.5020999908447266,0.773280143737793,2.740572929382324,0.820892333984375,0.751800537109375,0.512939453125,0.01063073705881834,0.6001541614532471
year,NLL,Cov90,0.18,0.02,0.2,0.0,0.4,0.5,1.0,-1.0,1.7288198471069336,4.469392776489258,1.872848391532898,0.14402854442596436,2.740572929382324,0.820892333984375,0.7869873046875,0.512939453125,0.32722368836402893,0.4676266312599182
year,NLL,Cov90,0.18,0.02,0.2,0.0,0.4,0.5,1.0,0.85,1.7288198471069336,4.469392776489258,2.435110092163086,0.7062902450561523,2.740572929382324,0.820892333984375,0.766387939453125,0.512939453125,0.05077746510505676,0.5587475299835205
year,NLL,Cov90,0.18,0.02,0.2,0.0,0.4,0.5,2.0,-1.0,1.7288198471069336,4.469392776489258,2.0399277210235596,0.311107873916626,2.740572929382324,0.820892333984375,0.780059814453125,0.512939453125,0.19215989112854004,0.4926100969314575
year,NLL,Cov90,0.18,0.02,0.2,0.0,0.4,0.5,2.0,0.85,1.7288198471069336,4.469392776489258,2.288269281387329,0.5594494342803955,2.740572929382324,0.820892333984375,0.773162841796875,0.512939453125,0.015858737751841545,0.5342798829078674
year,NLL,Cov90,0.18,0.02,0.2,0.1,0.4,0.25,1.0,-1.0,1.7288198471069336,4.469392776489258,2.096445322036743,0.36762547492980957,2.740572929382324,0.820892333984375,0.76416015625,0.512939453125,0.1761486530303955,0.9813950061798096
year,NLL,Cov90,0.18,0.02,0.2,0.1,0.4,0.25,1.0,0.85,1.7288198471069336,4.469392776489258,2.6864993572235107,0.9576795101165771,2.740572929382324,0.820892333984375,0.74853515625,0.512939453125,0.00537681020796299,1.0954301357269287
year,NLL,Cov90,0.18,0.02,0.2,0.1,0.4,0.25,2.0,-1.0,1.7288198471069336,4.469392776489258,2.2540132999420166,0.525193452835083,2.740572929382324,0.820892333984375,0.75689697265625,0.512939453125,0.08174587041139603,1.0230474472045898
year,NLL,Cov90,0.18,0.02,0.2,0.1,0.4,0.25,2.0,0.85,1.7288198471069336,4.469392776489258,2.5966696739196777,0.8678498268127441,2.740572929382324,0.820892333984375,0.75164794921875,0.512939453125,0.0017960041295737028,1.105925440788269
year,NLL,Cov90,0.18,0.02,0.2,0.1,0.4,0.5,1.0,-1.0,1.7288198471069336,4.469392776489258,1.7917019128799438,0.06288206577301025,2.740572929382324,0.820892333984375,0.79583740234375,0.512939453125,0.20847150683403015,0.824069619178772
year,NLL,Cov90,0.18,0.02,0.2,0.1,0.4,0.5,1.0,0.85,1.7288198471069336,4.469392776489258,2.190139055252075,0.4613192081451416,2.740572929382324,0.820892333984375,0.7799072265625,0.512939453125,0.00868466030806303,0.9388523101806641
year,NLL,Cov90,0.18,0.02,0.2,0.1,0.4,0.5,2.0,-1.0,1.7288198471069336,4.469392776489258,1.9467909336090088,0.2179710865020752,2.740572929382324,0.820892333984375,0.78387451171875,0.512939453125,0.10329163074493408,0.8803859353065491
year,NLL,Cov90,0.18,0.02,0.2,0.1,0.4,0.5,2.0,0.85,1.7288198471069336,4.469392776489258,2.1983885765075684,0.46956872940063477,2.740572929382324,0.820892333984375,0.786590576171875,0.512939453125,0.0051212310791015625,0.952608585357666
year,NLL,Cov90,0.18,0.02,0.2,0.2,0.4,0.25,1.0,-1.0,1.7288198471069336,4.469392776489258,2.1645634174346924,0.4357435703277588,2.740572929382324,0.820892333984375,0.765777587890625,0.512939453125,0.10479986667633057,1.2867099046707153
year,NLL,Cov90,0.18,0.02,0.2,0.2,0.4,0.25,1.0,0.85,1.7288198471069336,4.469392776489258,2.4522793292999268,0.7234594821929932,2.740572929382324,0.820892333984375,0.759521484375,0.512939453125,0.0034374073147773743,1.346191167831421
year,NLL,Cov90,0.18,0.02,0.2,0.2,0.4,0.25,2.0,-1.0,1.7288198471069336,4.469392776489258,2.313084602355957,0.5842647552490234,2.740572929382324,0.820892333984375,0.757598876953125,0.512939453125,0.04204464703798294,1.3402514457702637
year,NLL,Cov90,0.18,0.02,0.2,0.2,0.4,0.25,2.0,0.85,1.7288198471069336,4.469392776489258,2.525876760482788,0.7970569133758545,2.740572929382324,0.820892333984375,0.763092041015625,0.512939453125,0.0,1.360103726387024
year,NLL,Cov90,0.18,0.02,0.2,0.2,0.4,0.5,1.0,-1.0,1.7288198471069336,4.469392776489258,1.729174017906189,0.0003541707992553711,2.740572929382324,0.820892333984375,0.803131103515625,0.512939453125,0.1411527395248413,1.0407049655914307
year,NLL,Cov90,0.18,0.02,0.2,0.2,0.4,0.5,1.0,0.85,1.7288198471069336,4.469392776489258,2.0942039489746094,0.3653841018676758,2.740572929382324,0.820892333984375,0.79052734375,0.512939453125,0.006819513626396656,1.1846022605895996
year,NLL,Cov90,0.18,0.02,0.2,0.2,0.4,0.5,2.0,-1.0,1.7288198471069336,4.469392776489258,1.9394129514694214,0.2105931043624878,2.740572929382324,0.820892333984375,0.7900390625,0.512939453125,0.057383161038160324,1.131723403930664
year,NLL,Cov90,0.18,0.02,0.2,0.2,0.4,0.5,2.0,0.85,1.7288198471069336,4.469392776489258,2.015913248062134,0.2870934009552002,2.740572929382324,0.820892333984375,0.792266845703125,0.512939453125,0.0018298511859029531,1.2217437028884888
year,NLL,Cov90,0.18,0.05,0.0,0.0,0.4,0.25,1.0,-1.0,1.7288198471069336,4.469392776489258,2.096904754638672,0.3680849075317383,2.740572929382324,0.820892333984375,0.753570556640625,0.512939453125,0.9391509890556335,0.011711915023624897
year,NLL,Cov90,0.18,0.05,0.0,0.0,0.4,0.25,1.0,0.85,1.7288198471069336,4.469392776489258,2.108975410461426,0.3801555633544922,2.740572929382324,0.820892333984375,0.75128173828125,0.512939453125,0.8646002411842346,0.011876774951815605
year,NLL,Cov90,0.18,0.05,0.0,0.0,0.4,0.25,2.0,-1.0,1.7288198471069336,4.469392776489258,2.0968711376190186,0.36805129051208496,2.740572929382324,0.820892333984375,0.751800537109375,0.512939453125,0.8846453428268433,0.01184307411313057
year,NLL,Cov90,0.18,0.05,0.0,0.0,0.4,0.25,2.0,0.85,1.7288198471069336,4.469392776489258,2.105804681777954,0.3769848346710205,2.740572929382324,0.820892333984375,0.753631591796875,0.512939453125,0.682928740978241,0.011963870376348495
year,NLL,Cov90,0.18,0.05,0.0,0.0,0.4,0.5,1.0,-1.0,1.7288198471069336,4.469392776489258,1.783036231994629,0.05421638488769531,2.740572929382324,0.820892333984375,0.7821044921875,0.512939453125,0.9468635320663452,0.010158233344554901
year,NLL,Cov90,0.18,0.05,0.0,0.0,0.4,0.5,1.0,0.85,1.7288198471069336,4.469392776489258,1.7827893495559692,0.053969502449035645,2.740572929382324,0.820892333984375,0.779541015625,0.512939453125,0.8884332180023193,0.010422969236969948
year,NLL,Cov90,0.18,0.05,0.0,0.0,0.4,0.5,2.0,-1.0,1.7288198471069336,4.469392776489258,1.786470890045166,0.05765104293823242,2.740572929382324,0.820892333984375,0.780029296875,0.512939453125,0.8986443281173706,0.010264390148222446
year,NLL,Cov90,0.18,0.05,0.0,0.0,0.4,0.5,2.0,0.85,1.7288198471069336,4.469392776489258,1.7894158363342285,0.06059598922729492,2.740572929382324,0.820892333984375,0.779815673828125,0.512939453125,0.7214625477790833,0.010567918419837952
year,NLL,Cov90,0.18,0.05,0.0,0.1,0.4,0.25,1.0,-1.0,1.7288198471069336,4.469392776489258,2.2144742012023926,0.485654354095459,2.740572929382324,0.820892333984375,0.759613037109375,0.512939453125,0.2880881130695343,0.6480134725570679
year,NLL,Cov90,0.18,0.05,0.0,0.1,0.4,0.25,1.0,0.85,1.7288198471069336,4.469392776489258,2.4514377117156982,0.7226178646087646,2.740572929382324,0.820892333984375,0.753204345703125,0.512939453125,0.03469140827655792,0.6811119318008423
year,NLL,Cov90,0.18,0.05,0.0,0.1,0.4,0.25,2.0,-1.0,1.7288198471069336,4.469392776489258,2.270756244659424,0.5419363975524902,2.740572929382324,0.820892333984375,0.75579833984375,0.512939453125,0.1670367419719696,0.6612773537635803
year,NLL,Cov90,0.18,0.05,0.0,0.1,0.4,0.25,2.0,0.85,1.7288198471069336,4.469392776489258,2.5066471099853516,0.777827262878418,2.740572929382324,0.820892333984375,0.7542724609375,0.512939453125,0.01050616055727005,0.6817493438720703
year,NLL,Cov90,0.18,0.05,0.0,0.1,0.4,0.5,1.0,-1.0,1.7288198471069336,4.469392776489258,1.8703935146331787,0.14157366752624512,2.740572929382324,0.820892333984375,0.786651611328125,0.512939453125,0.31877952814102173,0.5703354477882385
year,NLL,Cov90,0.18,0.05,0.0,0.1,0.4,0.5,1.0,0.85,1.7288198471069336,4.469392776489258,2.260791063308716,0.5319712162017822,2.740572929382324,0.820892333984375,0.769561767578125,0.512939453125,0.04900744557380676,0.6259477138519287
year,NLL,Cov90,0.18,0.05,0.0,0.1,0.4,0.5,2.0,-1.0,1.7288198471069336,4.469392776489258,1.9820655584335327,0.2532457113265991,2.740572929382324,0.820892333984375,0.78070068359375,0.512939453125,0.18759608268737793,0.5870855450630188
year,NLL,Cov90,0.18,0.05,0.0,0.1,0.4,0.5,2.0,0.85,1.7288198471069336,4.469392776489258,2.1572656631469727,0.42844581604003906,2.740572929382324,0.820892333984375,0.787322998046875,0.512939453125,0.012339798733592033,0.5825114250183105
year,NLL,Cov90,0.18,0.05,0.0,0.2,0.4,0.25,1.0,-1.0,1.7288198471069336,4.469392776489258,2.259525775909424,0.5307059288024902,2.740572929382324,0.820892333984375,0.76239013671875,0.512939453125,0.14119985699653625,1.0873496532440186
year,NLL,Cov90,0.18,0.05,0.0,0.2,0.4,0.25,1.0,0.85,1.7288198471069336,4.469392776489258,2.3790764808654785,0.6502566337585449,2.740572929382324,0.820892333984375,0.764556884765625,0.512939453125,0.005319751799106598,1.0882127285003662
year,NLL,Cov90,0.18,0.05,0.0,0.2,0.4,0.25,2.0,-1.0,1.7288198471069336,4.469392776489258,2.4046804904937744,0.6758606433868408,2.740572929382324,0.820892333984375,0.755523681640625,0.512939453125,0.06504543125629425,1.1227906942367554
year,NLL,Cov90,0.18,0.05,0.0,0.2,0.4,0.25,2.0,0.85,1.7288198471069336,4.469392776489258,2.2723841667175293,0.5435643196105957,2.740572929382324,0.820892333984375,0.76922607421875,0.512939453125,0.0033766506239771843,1.0863205194473267
year,NLL,Cov90,0.18,0.05,0.0,0.2,0.4,0.5,1.0,-1.0,1.7288198471069336,4.469392776489258,1.7839438915252686,0.05512404441833496,2.740572929382324,0.820892333984375,0.797027587890625,0.512939453125,0.1718740463256836,0.909568190574646
year,NLL,Cov90,0.18,0.05,0.0,0.2,0.4,0.5,1.0,0.85,1.7288198471069336,4.469392776489258,2.046856641769409,0.3180367946624756,2.740572929382324,0.820892333984375,0.79022216796875,0.512939453125,0.010656587779521942,0.9859944581985474
year,NLL,Cov90,0.18,0.05,0.0,0.2,0.4,0.5,2.0,-1.0,1.7288198471069336,4.469392776489258,2.0321133136749268,0.30329346656799316,2.740572929382324,0.820892333984375,0.78387451171875,0.512939453125,0.07866770774126053,0.9784790873527527
year,NLL,Cov90,0.18,0.05,0.0,0.2,0.4,0.5,2.0,0.85,1.7288198471069336,4.469392776489258,1.9695873260498047,0.2407674789428711,2.740572929382324,0.820892333984375,0.800689697265625,0.512939453125,0.003387175966054201,0.9223461151123047
year,NLL,Cov90,0.18,0.05,0.1,0.0,0.4,0.25,1.0,-1.0,1.7288198471069336,4.469392776489258,2.2265186309814453,0.4976987838745117,2.740572929382324,0.820892333984375,0.75885009765625,0.512939453125,0.43282967805862427,0.32524022459983826
year,NLL,Cov90,0.18,0.05,0.1,0.0,0.4,0.25,1.0,0.85,1.7288198471069336,4.469392776489258,2.533611536026001,0.8047916889190674,2.740572929382324,0.820892333984375,0.7481689453125,0.512939453125,0.09284788370132446,0.36047065258026123
year,NLL,Cov90,0.18,0.05,0.1,0.0,0.4,0.25,2.0,-1.0,1.7288198471069336,4.469392776489258,2.3707261085510254,0.6419062614440918,2.740572929382324,0.820892333984375,0.75341796875,0.512939453125,0.27679675817489624,0.33928218483924866
year,NLL,Cov90,0.18,0.05,0.1,0.0,0.4,0.25,2.0,0.85,1.7288198471069336,4.469392776489258,2.5215392112731934,0.7927193641662598,2.740572929382324,0.820892333984375,0.751556396484375,0.512939453125,0.02289089374244213,0.3458067774772644
year,NLL,Cov90,0.18,0.05,0.1,0.0,0.4,0.5,1.0,-1.0,1.7288198471069336,4.469392776489258,1.9102139472961426,0.18139410018920898,2.740572929382324,0.820892333984375,0.779998779296875,0.512939453125,0.46254435181617737,0.2926926910877228
year,NLL,Cov90,0.18,0.05,0.1,0.0,0.4,0.5,1.0,0.85,1.7288198471069336,4.469392776489258,2.3972535133361816,0.668433666229248,2.740572929382324,0.820892333984375,0.761383056640625,0.512939453125,0.10074561089277267,0.33617764711380005
year,NLL,Cov90,0.18,0.05,0.1,0.0,0.4,0.5,2.0,-1.0,1.7288198471069336,4.469392776489258,2.024958372116089,0.2961385250091553,2.740572929382324,0.820892333984375,0.775146484375,0.512939453125,0.3045451045036316,0.2962518334388733
year,NLL,Cov90,0.18,0.05,0.1,0.0,0.4,0.5,2.0,0.85,1.7288198471069336,4.469392776489258,2.360748291015625,0.6319284439086914,2.740572929382324,0.820892333984375,0.773651123046875,0.512939453125,0.03619831055402756,0.2957148253917694
year,NLL,Cov90,0.18,0.05,0.1,0.1,0.4,0.25,1.0,-1.0,1.7288198471069336,4.469392776489258,2.239746570587158,0.5109267234802246,2.740572929382324,0.820892333984375,0.759490966796875,0.512939453125,0.22066418826580048,0.8722137212753296
year,NLL,Cov90,0.18,0.05,0.1,0.1,0.4,0.25,1.0,0.85,1.7288198471069336,4.469392776489258,2.4367051124572754,0.7078852653503418,2.740572929382324,0.820892333984375,0.75244140625,0.512939453125,0.024413123726844788,0.9228261709213257
year,NLL,Cov90,0.18,0.05,0.1,0.1,0.4,0.25,2.0,-1.0,1.7288198471069336,4.469392776489258,2.379035711288452,0.6502158641815186,2.740572929382324,0.820892333984375,0.755096435546875,0.512939453125,0.11884594708681107,0.8974750638008118
year,NLL,Cov90,0.18,0.05,0.1,0.1,0.4,0.25,2.0,0.85,1.7288198471069336,4.469392776489258,2.51702618598938,0.7882063388824463,2.740572929382324,0.820892333984375,0.7537841796875,0.512939453125,0.0052735693752765656,0.9161669611930847
year,NLL,Cov90,0.18,0.05,0.1,0.1,0.4,0.5,1.0,-1.0,1.7288198471069336,4.469392776489258,1.8391385078430176,0.11031866073608398,2.740572929382324,0.820892333984375,0.790557861328125,0.512939453125,0.25682228803634644,0.7269600629806519
year,NLL,Cov90,0.18,0.05,0.1,0.1,0.4,0.5,1.0,0.85,1.7288198471069336,4.469392776489258,2.279186725616455,0.5503668785095215,2.740572929382324,0.820892333984375,0.7694091796875,0.512939453125,0.02642134390771389,0.84966641664505
year,NLL,Cov90,0.18,0.05,0.1,0.1,0.4,0.5,2.0,-1.0,1.7288198471069336,4.469392776489258,1.998974084854126,0.2701542377471924,2.740572929382324,0.820892333984375,0.781524658203125,0.512939453125,0.13817191123962402,0.7718061208724976
year,NLL,Cov90,0.18,0.05,0.1,0.1,0.4,0.5,2.0,0.85,1.7288198471069336,4.469392776489258,2.072863817214966,0.3440439701080322,2.740572929382324,0.820892333984375,0.7882080078125,0.512939453125,0.007057420443743467,0.7783700823783875
year,NLL,Cov90,0.18,0.05,0.1,0.2,0.4,0.25,1.0,-1.0,1.7288198471069336,4.469392776489258,2.184906482696533,0.4560866355895996,2.740572929382324,0.820892333984375,0.763336181640625,0.512939453125,0.12811005115509033,1.2086206674575806
year,NLL,Cov90,0.18,0.05,0.1,0.2,0.4,0.25,1.0,0.85,1.7288198471069336,4.469392776489258,2.5423026084899902,0.8134827613830566,2.740572929382324,0.820892333984375,0.7548828125,0.512939453125,0.005198404658585787,1.2937759160995483
year,NLL,Cov90,0.18,0.05,0.1,0.2,0.4,0.25,2.0,-1.0,1.7288198471069336,4.469392776489258,2.348543405532837,0.6197235584259033,2.740572929382324,0.820892333984375,0.75677490234375,0.512939453125,0.05483271926641464,1.2653071880340576
year,NLL,Cov90,0.18,0.05,0.1,0.2,0.4,0.25,2.0,0.85,1.7288198471069336,4.469392776489258,2.5715770721435547,0.8427572250366211,2.740572929382324,0.820892333984375,0.752838134765625,0.512939453125,0.0,1.3062182664871216
year,NLL,Cov90,0.18,0.05,0.1,0.2,0.4,0.5,1.0,-1.0,1.7288198471069336,4.469392776489258,1.7726655006408691,0.04384565353393555,2.740572929382324,0.820892333984375,0.798675537109375,0.512939453125,0.16377538442611694,0.9999805688858032
year,NLL,Cov90,0.18,0.05,0.1,0.2,0.4,0.5,1.0,0.85,1.7288198471069336,4.469392776489258,2.1229190826416016,0.39409923553466797,2.740572929382324,0.820892333984375,0.788177490234375,0.512939453125,0.0070149535313248634,1.1344428062438965
year,NLL,Cov90,0.18,0.05,0.1,0.2,0.4,0.5,2.0,-1.0,1.7288198471069336,4.469392776489258,1.9786244630813599,0.24980461597442627,2.740572929382324,0.820892333984375,0.78857421875,0.512939453125,0.07330598682165146,1.0675486326217651
year,NLL,Cov90,0.18,0.05,0.1,0.2,0.4,0.5,2.0,0.85,1.7288198471069336,4.469392776489258,2.145043134689331,0.41622328758239746,2.740572929382324,0.820892333984375,0.7894287109375,0.512939453125,0.00180155283305794,1.094000220298767
year,NLL,Cov90,0.18,0.05,0.2,0.0,0.4,0.25,1.0,-1.0,1.7288198471069336,4.469392776489258,2.1983866691589355,0.46956682205200195,2.740572929382324,0.820892333984375,0.7645263671875,0.512939453125,0.2863587737083435,0.5560873746871948
year,NLL,Cov90,0.18,0.05,0.2,0.0,0.4,0.25,1.0,0.85,1.7288198471069336,4.469392776489258,2.5132555961608887,0.7844357490539551,2.740572929382324,0.820892333984375,0.754730224609375,0.512939453125,0.028296440839767456,0.5967324376106262
year,NLL,Cov90,0.18,0.05,0.2,0.0,0.4,0.25,2.0,-1.0,1.7288198471069336,4.469392776489258,2.3565752506256104,0.6277554035186768,2.740572929382324,0.820892333984375,0.756439208984375,0.512939453125,0.161671981215477,0.5833348631858826
year,NLL,Cov90,0.18,0.05,0.2,0.0,0.4,0.25,2.0,0.85,1.7288198471069336,4.469392776489258,2.5154199600219727,0.7866001129150391,2.740572929382324,0.820892333984375,0.752471923828125,0.512939453125,0.005175990052521229,0.6001867651939392
year,NLL,Cov90,0.18,0.05,0.2,0.0,0.4,0.5,1.0,-1.0,1.7288198471069336,4.469392776489258,1.8982133865356445,0.16939353942871094,2.740572929382324,0.820892333984375,0.785797119140625,0.512939453125,0.31784194707870483,0.48800551891326904
year,NLL,Cov90,0.18,0.05,0.2,0.0,0.4,0.5,1.0,0.85,1.7288198471069336,4.469392776489258,2.403229236602783,0.6744093894958496,2.740572929382324,0.820892333984375,0.7650146484375,0.512939453125,0.0352395735681057,0.5687395334243774
year,NLL,Cov90,0.18,0.05,0.2,0.0,0.4,0.5,2.0,-1.0,1.7288198471069336,4.469392776489258,2.0141472816467285,0.2853274345397949,2.740572929382324,0.820892333984375,0.785186767578125,0.512939453125,0.1896638423204422,0.48209133744239807
year,NLL,Cov90,0.18,0.05,0.2,0.0,0.4,0.5,2.0,0.85,1.7288198471069336,4.469392776489258,2.4622607231140137,0.7334408760070801,2.740572929382324,0.820892333984375,0.76678466796875,0.512939453125,0.008616980165243149,0.5769155025482178
year,NLL,Cov90,0.18,0.05,0.2,0.1,0.4,0.25,1.0,-1.0,1.7288198471069336,4.469392776489258,2.09956955909729,0.37074971199035645,2.740572929382324,0.820892333984375,0.76470947265625,0.512939453125,0.17224952578544617,0.9901300668716431
year,NLL,Cov90,0.18,0.05,0.2,0.1,0.4,0.25,1.0,0.85,1.7288198471069336,4.469392776489258,2.533730983734131,0.8049111366271973,2.740572929382324,0.820892333984375,0.75262451171875,0.512939453125,0.005248524248600006,1.0860451459884644
year,NLL,Cov90,0.18,0.05,0.2,0.1,0.4,0.25,2.0,-1.0,1.7288198471069336,4.469392776489258,2.2614736557006836,0.53265380859375,2.740572929382324,0.820892333984375,0.756988525390625,0.512939453125,0.0786639004945755,1.038502812385559
year,NLL,Cov90,0.18,0.05,0.2,0.1,0.4,0.25,2.0,0.85,1.7288198471069336,4.469392776489258,2.402627468109131,0.6738076210021973,2.740572929382324,0.820892333984375,0.75634765625,0.512939453125,0.0016939834458753467,1.0578444004058838
year,NLL,Cov90,0.18,0.05,0.2,0.1,0.4,0.5,1.0,-1.0,1.7288198471069336,4.469392776489258,1.752434492111206,0.02361464500427246,2.740572929382324,0.820892333984375,0.797119140625,0.512939453125,0.20907744765281677,0.8200379014015198
year,NLL,Cov90,0.18,0.05,0.2,0.1,0.4,0.5,1.0,0.85,1.7288198471069336,4.469392776489258,1.9984772205352783,0.2696573734283447,2.740572929382324,0.820892333984375,0.790924072265625,0.512939453125,0.015612482093274593,0.8703039884567261
year,NLL,Cov90,0.18,0.05,0.2,0.1,0.4,0.5,2.0,-1.0,1.7288198471069336,4.469392776489258,1.9436874389648438,0.21486759185791016,2.740572929382324,0.820892333984375,0.78521728515625,0.512939453125,0.10080175846815109,0.885931670665741
year,NLL,Cov90,0.18,0.05,0.2,0.1,0.4,0.5,2.0,0.85,1.7288198471069336,4.469392776489258,2.1633734703063965,0.4345536231994629,2.740572929382324,0.820892333984375,0.785247802734375,0.512939453125,0.001713819452561438,0.9361882209777832
year,NLL,Cov90,0.18,0.05,0.2,0.2,0.4,0.25,1.0,-1.0,1.7288198471069336,4.469392776489258,2.169748306274414,0.44092845916748047,2.740572929382324,0.820892333984375,0.766265869140625,0.512939453125,0.1059253141283989,1.2849311828613281
year,NLL,Cov90,0.18,0.05,0.2,0.2,0.4,0.25,1.0,0.85,1.7288198471069336,4.469392776489258,2.3528695106506348,0.6240496635437012,2.740572929382324,0.820892333984375,0.7685546875,0.512939453125,0.00346267013810575,1.308476209640503
year,NLL,Cov90,0.18,0.05,0.2,0.2,0.4,0.25,2.0,-1.0,1.7288198471069336,4.469392776489258,2.3205761909484863,0.5917563438415527,2.740572929382324,0.820892333984375,0.75872802734375,0.512939453125,0.042332977056503296,1.3384249210357666
year,NLL,Cov90,0.18,0.05,0.2,0.2,0.4,0.25,2.0,0.85,1.7288198471069336,4.469392776489258,2.4824585914611816,0.753638744354248,2.740572929382324,0.820892333984375,0.763671875,0.512939453125,0.0,1.3800462484359741
year,NLL,Cov90,0.18,0.05,0.2,0.2,0.4,0.5,1.0,-1.0,1.7288198471069336,4.469392776489258,1.7186589241027832,-0.01016092300415039,2.740572929382324,0.820892333984375,0.803497314453125,0.512939453125,0.14004139602184296,1.0423588752746582
year,NLL,Cov90,0.18,0.05,0.2,0.2,0.4,0.5,1.0,0.85,1.7288198471069336,4.469392776489258,2.013594150543213,0.2847743034362793,2.740572929382324,0.820892333984375,0.79351806640625,0.512939453125,0.00876497570425272,1.1711124181747437
year,NLL,Cov90,0.18,0.05,0.2,0.2,0.4,0.5,2.0,-1.0,1.7288198471069336,4.469392776489258,1.906846284866333,0.17802643775939941,2.740572929382324,0.820892333984375,0.79168701171875,0.512939453125,0.05873053893446922,1.1298365592956543
year,NLL,Cov90,0.18,0.05,0.2,0.2,0.4,0.5,2.0,0.85,1.7288198471069336,4.469392776489258,2.0163323879241943,0.28751254081726074,2.740572929382324,0.820892333984375,0.79803466796875,0.512939453125,0.0017818162450566888,1.1765468120574951
year,NLL,Cov90,0.18,0.1,0.0,0.0,0.4,0.25,1.0,-1.0,1.7288198471069336,4.469392776489258,2.07380747795105,0.3449876308441162,2.740572929382324,0.820892333984375,0.7529296875,0.512939453125,0.7928951978683472,0.04772091656923294
year,NLL,Cov90,0.18,0.1,0.0,0.0,0.4,0.25,1.0,0.85,1.7288198471069336,4.469392776489258,2.157073974609375,0.4282541275024414,2.740572929382324,0.820892333984375,0.752349853515625,0.512939453125,0.44024384021759033,0.0492091104388237
year,NLL,Cov90,0.18,0.1,0.0,0.0,0.4,0.25,2.0,-1.0,1.7288198471069336,4.469392776489258,2.074741840362549,0.34592199325561523,2.740572929382324,0.820892333984375,0.753692626953125,0.512939453125,0.658898651599884,0.047713588923215866
year,NLL,Cov90,0.18,0.1,0.0,0.0,0.4,0.25,2.0,0.85,1.7288198471069336,4.469392776489258,2.164931297302246,0.4361114501953125,2.740572929382324,0.820892333984375,0.749908447265625,0.512939453125,0.2647073268890381,0.04972511902451515
year,NLL,Cov90,0.18,0.1,0.0,0.0,0.4,0.5,1.0,-1.0,1.7288198471069336,4.469392776489258,1.7767963409423828,0.04797649383544922,2.740572929382324,0.820892333984375,0.782867431640625,0.512939453125,0.8151628971099854,0.0415886789560318
year,NLL,Cov90,0.18,0.1,0.0,0.0,0.4,0.5,1.0,0.85,1.7288198471069336,4.469392776489258,1.8223648071289062,0.09354496002197266,2.740572929382324,0.820892333984375,0.78009033203125,0.512939453125,0.5065005421638489,0.042565591633319855
year,NLL,Cov90,0.18,0.1,0.0,0.0,0.4,0.5,2.0,-1.0,1.7288198471069336,4.469392776489258,1.7617371082305908,0.03291726112365723,2.740572929382324,0.820892333984375,0.782470703125,0.512939453125,0.6903858780860901,0.041967906057834625
year,NLL,Cov90,0.18,0.1,0.0,0.0,0.4,0.5,2.0,0.85,1.7288198471069336,4.469392776489258,1.8166812658309937,0.08786141872406006,2.740572929382324,0.820892333984375,0.780731201171875,0.512939453125,0.2945634126663208,0.042523108422756195
year,NLL,Cov90,0.18,0.1,0.0,0.1,0.4,0.25,1.0,-1.0,1.7288198471069336,4.469392776489258,2.1892454624176025,0.46042561531066895,2.740572929382324,0.820892333984375,0.761077880859375,0.512939453125,0.2722390294075012,0.6671892404556274
year,NLL,Cov90,0.18,0.1,0.0,0.1,0.4,0.25,1.0,0.85,1.7288198471069336,4.469392776489258,2.4843761920928955,0.7555563449859619,2.740572929382324,0.820892333984375,0.75042724609375,0.512939453125,0.02808714471757412,0.7073750495910645
year,NLL,Cov90,0.18,0.1,0.0,0.1,0.4,0.25,2.0,-1.0,1.7288198471069336,4.469392776489258,2.2620911598205566,0.533271312713623,2.740572929382324,0.820892333984375,0.756500244140625,0.512939453125,0.14854922890663147,0.6815608739852905
year,NLL,Cov90,0.18,0.1,0.0,0.1,0.4,0.25,2.0,0.85,1.7288198471069336,4.469392776489258,2.5081803798675537,0.7793605327606201,2.740572929382324,0.820892333984375,0.75799560546875,0.512939453125,0.005277248099446297,0.6926271319389343
year,NLL,Cov90,0.18,0.1,0.0,0.1,0.4,0.5,1.0,-1.0,1.7288198471069336,4.469392776489258,1.855898380279541,0.12707853317260742,2.740572929382324,0.820892333984375,0.7879638671875,0.512939453125,0.3014206290245056,0.5846887230873108
year,NLL,Cov90,0.18,0.1,0.0,0.1,0.4,0.5,1.0,0.85,1.7288198471069336,4.469392776489258,2.0967469215393066,0.36792707443237305,2.740572929382324,0.820892333984375,0.778717041015625,0.512939453125,0.04741866886615753,0.629081130027771
year,NLL,Cov90,0.18,0.1,0.0,0.1,0.4,0.5,2.0,-1.0,1.7288198471069336,4.469392776489258,1.9591851234436035,0.23036527633666992,2.740572929382324,0.820892333984375,0.781219482421875,0.512939453125,0.16956691443920135,0.6110518574714661
year,NLL,Cov90,0.18,0.1,0.0,0.1,0.4,0.5,2.0,0.85,1.7288198471069336,4.469392776489258,2.2837820053100586,0.554962158203125,2.740572929382324,0.820892333984375,0.781036376953125,0.512939453125,0.0036012737546116114,0.6050489544868469
year,NLL,Cov90,0.18,0.1,0.0,0.2,0.4,0.25,1.0,-1.0,1.7288198471069336,4.469392776489258,2.2530174255371094,0.5241975784301758,2.740572929382324,0.820892333984375,0.762725830078125,0.512939453125,0.14093512296676636,1.104824423789978
year,NLL,Cov90,0.18,0.1,0.0,0.2,0.4,0.25,1.0,0.85,1.7288198471069336,4.469392776489258,2.3875739574432373,0.6587541103363037,2.740572929382324,0.820892333984375,0.765045166015625,0.512939453125,0.007196481339633465,1.1105414628982544
year,NLL,Cov90,0.18,0.1,0.0,0.2,0.4,0.25,2.0,-1.0,1.7288198471069336,4.469392776489258,2.3608884811401367,0.6320686340332031,2.740572929382324,0.820892333984375,0.758270263671875,0.512939453125,0.062409430742263794,1.1420197486877441
year,NLL,Cov90,0.18,0.1,0.0,0.2,0.4,0.25,2.0,0.85,1.7288198471069336,4.469392776489258,2.284742832183838,0.5559229850769043,2.740572929382324,0.820892333984375,0.77392578125,0.512939453125,0.006953669246286154,1.0850051641464233
year,NLL,Cov90,0.18,0.1,0.0,0.2,0.4,0.5,1.0,-1.0,1.7288198471069336,4.469392776489258,1.7908918857574463,0.062072038650512695,2.740572929382324,0.820892333984375,0.797607421875,0.512939453125,0.16951841115951538,0.9264647960662842
year,NLL,Cov90,0.18,0.1,0.0,0.2,0.4,0.5,1.0,0.85,1.7288198471069336,4.469392776489258,2.0322659015655518,0.30344605445861816,2.740572929382324,0.820892333984375,0.7952880859375,0.512939453125,0.015769995748996735,0.9561300873756409
year,NLL,Cov90,0.18,0.1,0.0,0.2,0.4,0.5,2.0,-1.0,1.7288198471069336,4.469392776489258,2.047990560531616,0.3191707134246826,2.740572929382324,0.820892333984375,0.78289794921875,0.512939453125,0.07759906351566315,1.0023778676986694
year,NLL,Cov90,0.18,0.1,0.0,0.2,0.4,0.5,2.0,0.85,1.7288198471069336,4.469392776489258,1.970506191253662,0.24168634414672852,2.740572929382324,0.820892333984375,0.8018798828125,0.512939453125,0.005150931421667337,0.952043890953064
year,NLL,Cov90,0.18,0.1,0.1,0.0,0.4,0.25,1.0,-1.0,1.7288198471069336,4.469392776489258,2.205033302307129,0.4762134552001953,2.740572929382324,0.820892333984375,0.760223388671875,0.512939453125,0.391848623752594,0.3543512523174286
year,NLL,Cov90,0.18,0.1,0.1,0.0,0.4,0.25,1.0,0.85,1.7288198471069336,4.469392776489258,2.3527984619140625,0.6239786148071289,2.740572929382324,0.820892333984375,0.758636474609375,0.512939453125,0.054736118763685226,0.35220658779144287
year,NLL,Cov90,0.18,0.1,0.1,0.0,0.4,0.25,2.0,-1.0,1.7288198471069336,4.469392776489258,2.3284404277801514,0.5996205806732178,2.740572929382324,0.820892333984375,0.756439208984375,0.512939453125,0.23732317984104156,0.36317935585975647
year,NLL,Cov90,0.18,0.1,0.1,0.0,0.4,0.25,2.0,0.85,1.7288198471069336,4.469392776489258,2.4478514194488525,0.719031572341919,2.740572929382324,0.820892333984375,0.757904052734375,0.512939453125,0.01615067943930626,0.356600284576416
year,NLL,Cov90,0.18,0.1,0.1,0.0,0.4,0.5,1.0,-1.0,1.7288198471069336,4.469392776489258,1.8964519500732422,0.1676321029663086,2.740572929382324,0.820892333984375,0.781768798828125,0.512939453125,0.4242435097694397,0.3175799250602722
year,NLL,Cov90,0.18,0.1,0.1,0.0,0.4,0.5,1.0,0.85,1.7288198471069336,4.469392776489258,2.187608480453491,0.4587886333465576,2.740572929382324,0.820892333984375,0.77593994140625,0.512939453125,0.06865028291940689,0.31878209114074707
year,NLL,Cov90,0.18,0.1,0.1,0.0,0.4,0.5,2.0,-1.0,1.7288198471069336,4.469392776489258,1.958590030670166,0.22977018356323242,2.740572929382324,0.820892333984375,0.778900146484375,0.512939453125,0.26619547605514526,0.32265812158584595
year,NLL,Cov90,0.18,0.1,0.1,0.0,0.4,0.5,2.0,0.85,1.7288198471069336,4.469392776489258,2.2654874324798584,0.5366675853729248,2.740572929382324,0.820892333984375,0.774566650390625,0.512939453125,0.02129623293876648,0.33552083373069763
year,NLL,Cov90,0.18,0.1,0.1,0.1,0.4,0.25,1.0,-1.0,1.7288198471069336,4.469392776489258,2.2058379650115967,0.4770181179046631,2.740572929382324,0.820892333984375,0.759979248046875,0.512939453125,0.209228515625,0.8899307250976562
year,NLL,Cov90,0.18,0.1,0.1,0.1,0.4,0.25,1.0,0.85,1.7288198471069336,4.469392776489258,2.376455545425415,0.6476356983184814,2.740572929382324,0.820892333984375,0.753662109375,0.512939453125,0.00729842483997345,0.9366833567619324
year,NLL,Cov90,0.18,0.1,0.1,0.1,0.4,0.25,2.0,-1.0,1.7288198471069336,4.469392776489258,2.3922955989837646,0.663475751876831,2.740572929382324,0.820892333984375,0.75445556640625,0.512939453125,0.10756488144397736,0.9263889193534851
year,NLL,Cov90,0.18,0.1,0.1,0.1,0.4,0.25,2.0,0.85,1.7288198471069336,4.469392776489258,2.266002655029297,0.5371828079223633,2.740572929382324,0.820892333984375,0.765869140625,0.512939453125,0.0035127822775393724,0.8821756839752197
year,NLL,Cov90,0.18,0.1,0.1,0.1,0.4,0.5,1.0,-1.0,1.7288198471069336,4.469392776489258,1.8631114959716797,0.1342916488647461,2.740572929382324,0.820892333984375,0.79058837890625,0.512939453125,0.24411341547966003,0.7489327788352966
year,NLL,Cov90,0.18,0.1,0.1,0.1,0.4,0.5,1.0,0.85,1.7288198471069336,4.469392776489258,2.167757511138916,0.4389376640319824,2.740572929382324,0.820892333984375,0.780303955078125,0.512939453125,0.015840774402022362,0.8186482787132263
year,NLL,Cov90,0.18,0.1,0.1,0.1,0.4,0.5,2.0,-1.0,1.7288198471069336,4.469392776489258,2.002074956893921,0.2732551097869873,2.740572929382324,0.820892333984375,0.781707763671875,0.512939453125,0.12897756695747375,0.7877179384231567
year,NLL,Cov90,0.18,0.1,0.1,0.1,0.4,0.5,2.0,0.85,1.7288198471069336,4.469392776489258,2.1869635581970215,0.4581437110900879,2.740572929382324,0.820892333984375,0.78277587890625,0.512939453125,0.005228264257311821,0.8114014863967896
year,NLL,Cov90,0.18,0.1,0.1,0.2,0.4,0.25,1.0,-1.0,1.7288198471069336,4.469392776489258,2.1973178386688232,0.46849799156188965,2.740572929382324,0.820892333984375,0.76300048828125,0.512939453125,0.12131501734256744,1.2325631380081177
year,NLL,Cov90,0.18,0.1,0.1,0.2,0.4,0.25,1.0,0.85,1.7288198471069336,4.469392776489258,2.464128017425537,0.7353081703186035,2.740572929382324,0.820892333984375,0.754150390625,0.512939453125,0.006915070116519928,1.3141552209854126
year,NLL,Cov90,0.18,0.1,0.1,0.2,0.4,0.25,2.0,-1.0,1.7288198471069336,4.469392776489258,2.3357293605804443,0.6069095134735107,2.740572929382324,0.820892333984375,0.757080078125,0.512939453125,0.05292077362537384,1.282480001449585
year,NLL,Cov90,0.18,0.1,0.1,0.2,0.4,0.25,2.0,0.85,1.7288198471069336,4.469392776489258,2.5451018810272217,0.8162820339202881,2.740572929382324,0.820892333984375,0.75836181640625,0.512939453125,0.0016795400297269225,1.3136130571365356
year,NLL,Cov90,0.18,0.1,0.1,0.2,0.4,0.5,1.0,-1.0,1.7288198471069336,4.469392776489258,1.7593086957931519,0.03048884868621826,2.740572929382324,0.820892333984375,0.80096435546875,0.512939453125,0.15773309767246246,1.0123323202133179
year,NLL,Cov90,0.18,0.1,0.1,0.2,0.4,0.5,1.0,0.85,1.7288198471069336,4.469392776489258,2.168412685394287,0.4395928382873535,2.740572929382324,0.820892333984375,0.784210205078125,0.512939453125,0.005309250671416521,1.1426602602005005
year,NLL,Cov90,0.18,0.1,0.1,0.2,0.4,0.5,2.0,-1.0,1.7288198471069336,4.469392776489258,1.9365992546081543,0.2077794075012207,2.740572929382324,0.820892333984375,0.789031982421875,0.512939453125,0.06866531074047089,1.0773625373840332
year,NLL,Cov90,0.18,0.1,0.1,0.2,0.4,0.5,2.0,0.85,1.7288198471069336,4.469392776489258,2.049574375152588,0.3207545280456543,2.740572929382324,0.820892333984375,0.79632568359375,0.512939453125,0.0017881663516163826,1.1013569831848145
year,NLL,Cov90,0.18,0.1,0.2,0.0,0.4,0.25,1.0,-1.0,1.7288198471069336,4.469392776489258,2.21083402633667,0.48201417922973633,2.740572929382324,0.820892333984375,0.76483154296875,0.512939453125,0.2688813805580139,0.5807063579559326
year,NLL,Cov90,0.18,0.1,0.2,0.0,0.4,0.25,1.0,0.85,1.7288198471069336,4.469392776489258,2.492229461669922,0.7634096145629883,2.740572929382324,0.820892333984375,0.7554931640625,0.512939453125,0.027931883931159973,0.6256575584411621
year,NLL,Cov90,0.18,0.1,0.2,0.0,0.4,0.25,2.0,-1.0,1.7288198471069336,4.469392776489258,2.2326488494873047,0.5038290023803711,2.740572929382324,0.820892333984375,0.763458251953125,0.512939453125,0.14804869890213013,0.5825726389884949
year,NLL,Cov90,0.18,0.1,0.2,0.0,0.4,0.25,2.0,0.85,1.7288198471069336,4.469392776489258,2.42702054977417,0.6982007026672363,2.740572929382324,0.820892333984375,0.75604248046875,0.512939453125,0.0054342192597687244,0.6309118270874023
year,NLL,Cov90,0.18,0.1,0.2,0.0,0.4,0.5,1.0,-1.0,1.7288198471069336,4.469392776489258,1.8863310813903809,0.15751123428344727,2.740572929382324,0.820892333984375,0.787322998046875,0.512939453125,0.29826822876930237,0.5082738399505615
year,NLL,Cov90,0.18,0.1,0.2,0.0,0.4,0.5,1.0,0.85,1.7288198471069336,4.469392776489258,2.297213554382324,0.5683937072753906,2.740572929382324,0.820892333984375,0.772918701171875,0.512939453125,0.04727324843406677,0.564582347869873
year,NLL,Cov90,0.18,0.1,0.2,0.0,0.4,0.5,2.0,-1.0,1.7288198471069336,4.469392776489258,1.9633948802947998,0.2345750331878662,2.740572929382324,0.820892333984375,0.787750244140625,0.512939453125,0.17259497940540314,0.4970303177833557
year,NLL,Cov90,0.18,0.1,0.2,0.0,0.4,0.5,2.0,0.85,1.7288198471069336,4.469392776489258,2.208517551422119,0.47969770431518555,2.740572929382324,0.820892333984375,0.7779541015625,0.512939453125,0.015636788681149483,0.5565573573112488
year,NLL,Cov90,0.18,0.1,0.2,0.1,0.4,0.25,1.0,-1.0,1.7288198471069336,4.469392776489258,2.1082491874694824,0.37942934036254883,2.740572929382324,0.820892333984375,0.7611083984375,0.512939453125,0.16294744610786438,1.0214920043945312
year,NLL,Cov90,0.18,0.1,0.2,0.1,0.4,0.25,1.0,0.85,1.7288198471069336,4.469392776489258,2.330625534057617,0.6018056869506836,2.740572929382324,0.820892333984375,0.764495849609375,0.512939453125,0.003504241583868861,1.032003402709961
year,NLL,Cov90,0.18,0.1,0.2,0.1,0.4,0.25,2.0,-1.0,1.7288198471069336,4.469392776489258,2.3120713233947754,0.5832514762878418,2.740572929382324,0.820892333984375,0.7572021484375,0.512939453125,0.0743914395570755,1.0585541725158691
year,NLL,Cov90,0.18,0.1,0.2,0.1,0.4,0.25,2.0,0.85,1.7288198471069336,4.469392776489258,2.538891315460205,0.8100714683532715,2.740572929382324,0.820892333984375,0.750823974609375,0.512939453125,0.0,1.108377456665039
year,NLL,Cov90,0.18,0.1,0.2,0.1,0.4,0.5,1.0,-1.0,1.7288198471069336,4.469392776489258,1.7501944303512573,0.02137458324432373,2.740572929382324,0.820892333984375,0.7972412109375,0.512939453125,0.2001040279865265,0.8385227918624878
year,NLL,Cov90,0.18,0.1,0.2,0.1,0.4,0.5,1.0,0.85,1.7288198471069336,4.469392776489258,2.121860980987549,0.39304113388061523,2.740572929382324,0.820892333984375,0.79046630859375,0.512939453125,0.010275703854858875,0.9175693988800049
year,NLL,Cov90,0.18,0.1,0.2,0.1,0.4,0.5,2.0,-1.0,1.7288198471069336,4.469392776489258,1.9053702354431152,0.17655038833618164,2.740572929382324,0.820892333984375,0.784759521484375,0.512939453125,0.09625925123691559,0.8986544609069824
year,NLL,Cov90,0.18,0.1,0.2,0.1,0.4,0.5,2.0,0.85,1.7288198471069336,4.469392776489258,2.2128548622131348,0.48403501510620117,2.740572929382324,0.820892333984375,0.785430908203125,0.512939453125,0.0,0.9529981017112732
year,NLL,Cov90,0.18,0.1,0.2,0.2,0.4,0.25,1.0,-1.0,1.7288198471069336,4.469392776489258,2.1847195625305176,0.455899715423584,2.740572929382324,0.820892333984375,0.76544189453125,0.512939453125,0.10234186798334122,1.2996221780776978
year,NLL,Cov90,0.18,0.1,0.2,0.2,0.4,0.25,1.0,0.85,1.7288198471069336,4.469392776489258,2.3513996601104736,0.62257981300354,2.740572929382324,0.820892333984375,0.7659912109375,0.512939453125,0.0036289850249886513,1.3518695831298828
year,NLL,Cov90,0.18,0.1,0.2,0.2,0.4,0.25,2.0,-1.0,1.7288198471069336,4.469392776489258,2.2958171367645264,0.5669972896575928,2.740572929382324,0.820892333984375,0.75836181640625,0.512939453125,0.042682625353336334,1.3578367233276367
year,NLL,Cov90,0.18,0.1,0.2,0.2,0.4,0.25,2.0,0.85,1.7288198471069336,4.469392776489258,2.4263501167297363,0.6975302696228027,2.740572929382324,0.820892333984375,0.763427734375,0.512939453125,0.001773323048837483,1.3719135522842407
year,NLL,Cov90,0.18,0.1,0.2,0.2,0.4,0.5,1.0,-1.0,1.7288198471069336,4.469392776489258,1.7193965911865234,-0.009423255920410156,2.740572929382324,0.820892333984375,0.802825927734375,0.512939453125,0.135369211435318,1.0553584098815918
year,NLL,Cov90,0.18,0.1,0.2,0.2,0.4,0.5,1.0,0.85,1.7288198471069336,4.469392776489258,2.041700839996338,0.3128809928894043,2.740572929382324,0.820892333984375,0.79376220703125,0.512939453125,0.003562032710760832,1.1801401376724243
year,NLL,Cov90,0.18,0.1,0.2,0.2,0.4,0.5,2.0,-1.0,1.7288198471069336,4.469392776489258,1.8872814178466797,0.1584615707397461,2.740572929382324,0.820892333984375,0.7911376953125,0.512939453125,0.05531896650791168,1.1469650268554688
year,NLL,Cov90,0.18,0.1,0.2,0.2,0.4,0.5,2.0,0.85,1.7288198471069336,4.469392776489258,2.3374900817871094,0.6086702346801758,2.740572929382324,0.820892333984375,0.7744140625,0.512939453125,0.0,1.3227057456970215
year,NLL,Cov90,0.28,0.02,0.0,0.0,0.4,0.25,1.0,-1.0,1.7288198471069336,4.469392776489258,2.0805859565734863,0.35176610946655273,2.740572929382324,0.820892333984375,0.75439453125,0.512939453125,0.9933747053146362,0.0018685045652091503
year,NLL,Cov90,0.28,0.02,0.0,0.0,0.4,0.25,1.0,0.85,1.7288198471069336,4.469392776489258,2.0805859565734863,0.35176610946655273,2.740572929382324,0.820892333984375,0.75439453125,0.512939453125,0.9933747053146362,0.0018685045652091503
year,NLL,Cov90,0.28,0.02,0.0,0.0,0.4,0.25,2.0,-1.0,1.7288198471069336,4.469392776489258,2.0723633766174316,0.34354352951049805,2.740572929382324,0.820892333984375,0.754302978515625,0.512939453125,0.9868574738502502,0.0018665958195924759
year,NLL,Cov90,0.28,0.02,0.0,0.0,0.4,0.25,2.0,0.85,1.7288198471069336,4.469392776489258,2.0889768600463867,0.3601570129394531,2.740572929382324,0.820892333984375,0.752685546875,0.512939453125,0.9867551326751709,0.001881216885522008
year,NLL,Cov90,0.28,0.02,0.0,0.0,0.4,0.5,1.0,-1.0,1.7288198471069336,4.469392776489258,1.785677433013916,0.05685758590698242,2.740572929382324,0.820892333984375,0.781890869140625,0.512939453125,0.9942823648452759,0.0016112111043184996
year,NLL,Cov90,0.28,0.02,0.0,0.0,0.4,0.5,1.0,0.85,1.7288198471069336,4.469392776489258,1.785677433013916,0.05685758590698242,2.740572929382324,0.820892333984375,0.781890869140625,0.512939453125,0.9942823648452759,0.0016112111043184996
year,NLL,Cov90,0.28,0.02,0.0,0.0,0.4,0.5,2.0,-1.0,1.7288198471069336,4.469392776489258,1.7885890007019043,0.0597691535949707,2.740572929382324,0.820892333984375,0.781219482421875,0.512939453125,0.9886606335639954,0.001607745885848999
year,NLL,Cov90,0.28,0.02,0.0,0.0,0.4,0.5,2.0,0.85,1.7288198471069336,4.469392776489258,1.7878668308258057,0.05904698371887207,2.740572929382324,0.820892333984375,0.78143310546875,0.512939453125,0.9886602163314819,0.0016077172476798296
year,NLL,Cov90,0.28,0.02,0.0,0.1,0.4,0.25,1.0,-1.0,1.7288198471069336,4.469392776489258,2.1443591117858887,0.4155392646789551,2.740572929382324,0.820892333984375,0.762603759765625,0.512939453125,0.3897290527820587,0.6297568082809448
year,NLL,Cov90,0.28,0.02,0.0,0.1,0.4,0.25,1.0,0.85,1.7288198471069336,4.469392776489258,2.4713268280029297,0.7425069808959961,2.740572929382324,0.820892333984375,0.75140380859375,0.512939453125,0.07620105892419815,0.6816202402114868
year,NLL,Cov90,0.28,0.02,0.0,0.1,0.4,0.25,2.0,-1.0,1.7288198471069336,4.469392776489258,2.218850612640381,0.49003076553344727,2.740572929382324,0.820892333984375,0.76007080078125,0.512939453125,0.2485377937555313,0.6424013376235962
year,NLL,Cov90,0.28,0.02,0.0,0.1,0.4,0.25,2.0,0.85,1.7288198471069336,4.469392776489258,2.466129779815674,0.7373099327087402,2.740572929382324,0.820892333984375,0.751983642578125,0.512939453125,0.0267777219414711,0.6866213083267212
year,NLL,Cov90,0.28,0.02,0.0,0.1,0.4,0.5,1.0,-1.0,1.7288198471069336,4.469392776489258,1.8300855159759521,0.10126566886901855,2.740572929382324,0.820892333984375,0.789276123046875,0.512939453125,0.42172056436538696,0.5519089102745056
year,NLL,Cov90,0.28,0.02,0.0,0.1,0.4,0.5,1.0,0.85,1.7288198471069336,4.469392776489258,2.079225778579712,0.3504059314727783,2.740572929382324,0.820892333984375,0.775634765625,0.512939453125,0.09757940471172333,0.6062145233154297
year,NLL,Cov90,0.28,0.02,0.0,0.1,0.4,0.5,2.0,-1.0,1.7288198471069336,4.469392776489258,1.92667555809021,0.19785571098327637,2.740572929382324,0.820892333984375,0.78326416015625,0.512939453125,0.27177783846855164,0.575534462928772
year,NLL,Cov90,0.28,0.02,0.0,0.1,0.4,0.5,2.0,0.85,1.7288198471069336,4.469392776489258,2.2068209648132324,0.47800111770629883,2.740572929382324,0.820892333984375,0.774139404296875,0.512939453125,0.029630213975906372,0.6219190359115601
year,NLL,Cov90,0.28,0.02,0.0,0.2,0.4,0.25,1.0,-1.0,1.7288198471069336,4.469392776489258,2.1733927726745605,0.44457292556762695,2.740572929382324,0.820892333984375,0.7679443359375,0.512939453125,0.21268077194690704,1.059592843055725
year,NLL,Cov90,0.28,0.02,0.0,0.2,0.4,0.25,1.0,0.85,1.7288198471069336,4.469392776489258,2.3603038787841797,0.6314840316772461,2.740572929382324,0.820892333984375,0.759552001953125,0.512939453125,0.019281968474388123,1.1083036661148071
year,NLL,Cov90,0.28,0.02,0.0,0.2,0.4,0.25,2.0,-1.0,1.7288198471069336,4.469392776489258,2.285081624984741,0.5562617778778076,2.740572929382324,0.820892333984375,0.761444091796875,0.512939453125,0.10859453678131104,1.0881404876708984
year,NLL,Cov90,0.28,0.02,0.0,0.2,0.4,0.25,2.0,0.85,1.7288198471069336,4.469392776489258,2.3447115421295166,0.615891695022583,2.740572929382324,0.820892333984375,0.76837158203125,0.512939453125,0.008736943826079369,1.075317621231079
year,NLL,Cov90,0.28,0.02,0.0,0.2,0.4,0.5,1.0,-1.0,1.7288198471069336,4.469392776489258,1.7265530824661255,-0.0022667646408081055,2.740572929382324,0.820892333984375,0.802703857421875,0.512939453125,0.2532556653022766,0.8744127750396729
year,NLL,Cov90,0.28,0.02,0.0,0.2,0.4,0.5,1.0,0.85,1.7288198471069336,4.469392776489258,2.115279197692871,0.3864593505859375,2.740572929382324,0.820892333984375,0.78070068359375,0.512939453125,0.021411482244729996,1.0029979944229126
year,NLL,Cov90,0.28,0.02,0.0,0.2,0.4,0.5,2.0,-1.0,1.7288198471069336,4.469392776489258,1.9161111116409302,0.18729126453399658,2.740572929382324,0.820892333984375,0.790771484375,0.512939453125,0.12894266843795776,0.9417603015899658
year,NLL,Cov90,0.28,0.02,0.0,0.2,0.4,0.5,2.0,0.85,1.7288198471069336,4.469392776489258,2.107241630554199,0.3784217834472656,2.740572929382324,0.820892333984375,0.7921142578125,0.512939453125,0.010495606809854507,0.9664329290390015
year,NLL,Cov90,0.28,0.02,0.1,0.0,0.4,0.25,1.0,-1.0,1.7288198471069336,4.469392776489258,2.1745057106018066,0.44568586349487305,2.740572929382324,0.820892333984375,0.75958251953125,0.512939453125,0.5475994348526001,0.31537026166915894
year,NLL,Cov90,0.28,0.02,0.1,0.0,0.4,0.25,1.0,0.85,1.7288198471069336,4.469392776489258,2.4934377670288086,0.764617919921875,2.740572929382324,0.820892333984375,0.750640869140625,0.512939453125,0.17995084822177887,0.3367440402507782
year,NLL,Cov90,0.28,0.02,0.1,0.0,0.4,0.25,2.0,-1.0,1.7288198471069336,4.469392776489258,2.2506089210510254,0.5217890739440918,2.740572929382324,0.820892333984375,0.7568359375,0.512939453125,0.3870158791542053,0.31784743070602417
year,NLL,Cov90,0.28,0.02,0.1,0.0,0.4,0.25,2.0,0.85,1.7288198471069336,4.469392776489258,2.494394302368164,0.7655744552612305,2.740572929382324,0.820892333984375,0.75201416015625,0.512939453125,0.07055935263633728,0.32458019256591797
year,NLL,Cov90,0.28,0.02,0.1,0.0,0.4,0.5,1.0,-1.0,1.7288198471069336,4.469392776489258,1.8485429286956787,0.11972308158874512,2.740572929382324,0.820892333984375,0.782257080078125,0.512939453125,0.5773581266403198,0.27986156940460205
year,NLL,Cov90,0.28,0.02,0.1,0.0,0.4,0.5,1.0,0.85,1.7288198471069336,4.469392776489258,2.188494920730591,0.4596750736236572,2.740572929382324,0.820892333984375,0.773193359375,0.512939453125,0.2143000364303589,0.2829824388027191
year,NLL,Cov90,0.28,0.02,0.1,0.0,0.4,0.5,2.0,-1.0,1.7288198471069336,4.469392776489258,1.9798343181610107,0.25101447105407715,2.740572929382324,0.820892333984375,0.776153564453125,0.512939453125,0.4163059890270233,0.28694143891334534
year,NLL,Cov90,0.28,0.02,0.1,0.0,0.4,0.5,2.0,0.85,1.7288198471069336,4.469392776489258,2.331226348876953,0.6024065017700195,2.740572929382324,0.820892333984375,0.768951416015625,0.512939453125,0.08670385181903839,0.2901875972747803
year,NLL,Cov90,0.28,0.02,0.1,0.1,0.4,0.25,1.0,-1.0,1.7288198471069336,4.469392776489258,2.164292097091675,0.4354722499847412,2.740572929382324,0.820892333984375,0.761077880859375,0.512939453125,0.3062520921230316,0.8445543646812439
year,NLL,Cov90,0.28,0.02,0.1,0.1,0.4,0.25,1.0,0.85,1.7288198471069336,4.469392776489258,2.48579740524292,0.7569775581359863,2.740572929382324,0.820892333984375,0.751495361328125,0.512939453125,0.04914166033267975,0.9180542230606079
year,NLL,Cov90,0.28,0.02,0.1,0.1,0.4,0.25,2.0,-1.0,1.7288198471069336,4.469392776489258,2.3102376461029053,0.5814177989959717,2.740572929382324,0.820892333984375,0.75677490234375,0.512939453125,0.18141286075115204,0.8769518136978149
year,NLL,Cov90,0.28,0.02,0.1,0.1,0.4,0.25,2.0,0.85,1.7288198471069336,4.469392776489258,2.4409902095794678,0.7121703624725342,2.740572929382324,0.820892333984375,0.754180908203125,0.512939453125,0.010562119074165821,0.9085817933082581
year,NLL,Cov90,0.28,0.02,0.1,0.1,0.4,0.5,1.0,-1.0,1.7288198471069336,4.469392776489258,1.742333173751831,0.013513326644897461,2.740572929382324,0.820892333984375,0.796600341796875,0.512939453125,0.35250669717788696,0.6951930522918701
year,NLL,Cov90,0.28,0.02,0.1,0.1,0.4,0.5,1.0,0.85,1.7288198471069336,4.469392776489258,2.1810834407806396,0.45226359367370605,2.740572929382324,0.820892333984375,0.775634765625,0.512939453125,0.05369392782449722,0.8175449967384338
year,NLL,Cov90,0.28,0.02,0.1,0.1,0.4,0.5,2.0,-1.0,1.7288198471069336,4.469392776489258,1.9138367176055908,0.18501687049865723,2.740572929382324,0.820892333984375,0.78662109375,0.512939453125,0.21246865391731262,0.7385204434394836
year,NLL,Cov90,0.28,0.02,0.1,0.1,0.4,0.5,2.0,0.85,1.7288198471069336,4.469392776489258,2.268059015274048,0.5392391681671143,2.740572929382324,0.820892333984375,0.77423095703125,0.512939453125,0.017417507246136665,0.8393436670303345
year,NLL,Cov90,0.28,0.02,0.1,0.2,0.4,0.25,1.0,-1.0,1.7288198471069336,4.469392776489258,2.1100082397460938,0.38118839263916016,2.740572929382324,0.820892333984375,0.7669677734375,0.512939453125,0.19853390753269196,1.1790558099746704
year,NLL,Cov90,0.28,0.02,0.1,0.2,0.4,0.25,1.0,0.85,1.7288198471069336,4.469392776489258,2.4850118160247803,0.7561919689178467,2.740572929382324,0.820892333984375,0.750885009765625,0.512939453125,0.015625828877091408,1.2985970973968506
year,NLL,Cov90,0.28,0.02,0.1,0.2,0.4,0.25,2.0,-1.0,1.7288198471069336,4.469392776489258,2.2668616771698,0.5380418300628662,2.740572929382324,0.820892333984375,0.760894775390625,0.512939453125,0.09802339971065521,1.2309619188308716
year,NLL,Cov90,0.28,0.02,0.1,0.2,0.4,0.25,2.0,0.85,1.7288198471069336,4.469392776489258,2.2446649074554443,0.5158450603485107,2.740572929382324,0.820892333984375,0.7705078125,0.512939453125,0.0018274430185556412,1.2234631776809692
year,NLL,Cov90,0.28,0.02,0.1,0.2,0.4,0.5,1.0,-1.0,1.7288198471069336,4.469392776489258,1.6770516633987427,-0.05176818370819092,2.740572929382324,0.820892333984375,0.807647705078125,0.512939453125,0.25205516815185547,0.944608211517334
year,NLL,Cov90,0.28,0.02,0.1,0.2,0.4,0.5,1.0,0.85,1.7288198471069336,4.469392776489258,2.194242000579834,0.4654221534729004,2.740572929382324,0.820892333984375,0.78070068359375,0.512939453125,0.021086083725094795,1.1406745910644531
year,NLL,Cov90,0.28,0.02,0.1,0.2,0.4,0.5,2.0,-1.0,1.7288198471069336,4.469392776489258,1.852250099182129,0.12343025207519531,2.740572929382324,0.820892333984375,0.7957763671875,0.512939453125,0.12819607555866241,1.0121299028396606
year,NLL,Cov90,0.28,0.02,0.1,0.2,0.4,0.5,2.0,0.85,1.7288198471069336,4.469392776489258,2.0868473052978516,0.35802745819091797,2.740572929382324,0.820892333984375,0.79132080078125,0.512939453125,0.0033719998318701982,1.0914384126663208
year,NLL,Cov90,0.28,0.02,0.2,0.0,0.4,0.25,1.0,-1.0,1.7288198471069336,4.469392776489258,2.080944538116455,0.3521246910095215,2.740572929382324,0.820892333984375,0.769775390625,0.512939453125,0.3960905373096466,0.5222896337509155
year,NLL,Cov90,0.28,0.02,0.2,0.0,0.4,0.25,1.0,0.85,1.7288198471069336,4.469392776489258,2.4630377292633057,0.7342178821563721,2.740572929382324,0.820892333984375,0.753387451171875,0.512939453125,0.06901314109563828,0.6007341146469116
year,NLL,Cov90,0.28,0.02,0.2,0.0,0.4,0.25,2.0,-1.0,1.7288198471069336,4.469392776489258,2.195573091506958,0.4667532444000244,2.740572929382324,0.820892333984375,0.766082763671875,0.512939453125,0.24730491638183594,0.5430037379264832
year,NLL,Cov90,0.28,0.02,0.2,0.0,0.4,0.25,2.0,0.85,1.7288198471069336,4.469392776489258,2.5336859226226807,0.8048660755157471,2.740572929382324,0.820892333984375,0.753326416015625,0.512939453125,0.01763257384300232,0.6050664186477661
year,NLL,Cov90,0.28,0.02,0.2,0.0,0.4,0.5,1.0,-1.0,1.7288198471069336,4.469392776489258,1.8048421144485474,0.07602226734161377,2.740572929382324,0.820892333984375,0.79010009765625,0.512939453125,0.427812397480011,0.46492108702659607
year,NLL,Cov90,0.28,0.02,0.2,0.0,0.4,0.5,1.0,0.85,1.7288198471069336,4.469392776489258,2.2952651977539062,0.5664453506469727,2.740572929382324,0.820892333984375,0.769775390625,0.512939453125,0.09556844830513,0.5470380187034607
year,NLL,Cov90,0.28,0.02,0.2,0.0,0.4,0.5,2.0,-1.0,1.7288198471069336,4.469392776489258,1.9169490337371826,0.18812918663024902,2.740572929382324,0.820892333984375,0.78753662109375,0.512939453125,0.2763260304927826,0.4650094509124756
year,NLL,Cov90,0.28,0.02,0.2,0.0,0.4,0.5,2.0,0.85,1.7288198471069336,4.469392776489258,2.3081612586975098,0.5793414115905762,2.740572929382324,0.820892333984375,0.77001953125,0.512939453125,0.024837104603648186,0.5465202331542969
year,NLL,Cov90,0.28,0.02,0.2,0.1,0.4,0.25,1.0,-1.0,1.7288198471069336,4.469392776489258,2.0568161010742188,0.32799625396728516,2.740572929382324,0.820892333984375,0.768798828125,0.512939453125,0.2525555491447449,0.9626642465591431
year,NLL,Cov90,0.28,0.02,0.2,0.1,0.4,0.25,1.0,0.85,1.7288198471069336,4.469392776489258,2.4757256507873535,0.7469058036804199,2.740572929382324,0.820892333984375,0.752471923828125,0.512939453125,0.015863731503486633,1.0743085145950317
year,NLL,Cov90,0.28,0.02,0.2,0.1,0.4,0.25,2.0,-1.0,1.7288198471069336,4.469392776489258,2.1791458129882812,0.45032596588134766,2.740572929382324,0.820892333984375,0.762969970703125,0.512939453125,0.13693471252918243,0.9957722425460815
year,NLL,Cov90,0.28,0.02,0.2,0.1,0.4,0.25,2.0,0.85,1.7288198471069336,4.469392776489258,2.684979200363159,0.9561593532562256,2.740572929382324,0.820892333984375,0.75225830078125,0.512939453125,0.003587572369724512,1.0954174995422363
year,NLL,Cov90,0.28,0.02,0.2,0.1,0.4,0.5,1.0,-1.0,1.7288198471069336,4.469392776489258,1.6644479036331177,-0.06437194347381592,2.740572929382324,0.820892333984375,0.804046630859375,0.512939453125,0.300803542137146,0.7785269021987915
year,NLL,Cov90,0.28,0.02,0.2,0.1,0.4,0.5,1.0,0.85,1.7288198471069336,4.469392776489258,2.2133712768554688,0.48455142974853516,2.740572929382324,0.820892333984375,0.7763671875,0.512939453125,0.01952279359102249,0.9524893760681152
year,NLL,Cov90,0.28,0.02,0.2,0.1,0.4,0.5,2.0,-1.0,1.7288198471069336,4.469392776489258,1.8498554229736328,0.12103557586669922,2.740572929382324,0.820892333984375,0.789794921875,0.512939453125,0.16675612330436707,0.8465381860733032
year,NLL,Cov90,0.28,0.02,0.2,0.1,0.4,0.5,2.0,0.85,1.7288198471069336,4.469392776489258,2.280864715576172,0.5520448684692383,2.740572929382324,0.820892333984375,0.779022216796875,0.512939453125,0.003569318912923336,0.9367831945419312
year,NLL,Cov90,0.28,0.02,0.2,0.2,0.4,0.25,1.0,-1.0,1.7288198471069336,4.469392776489258,2.08447265625,0.3556528091430664,2.740572929382324,0.820892333984375,0.771575927734375,0.512939453125,0.17241127789020538,1.2420134544372559
year,NLL,Cov90,0.28,0.02,0.2,0.2,0.4,0.25,1.0,0.85,1.7288198471069336,4.469392776489258,2.532536268234253,0.8037164211273193,2.740572929382324,0.820892333984375,0.7535400390625,0.512939453125,0.008843151852488518,1.3895955085754395
year,NLL,Cov90,0.28,0.02,0.2,0.2,0.4,0.25,2.0,-1.0,1.7288198471069336,4.469392776489258,2.2436327934265137,0.5148129463195801,2.740572929382324,0.820892333984375,0.76129150390625,0.512939453125,0.07750283926725388,1.3093098402023315
year,NLL,Cov90,0.28,0.02,0.2,0.2,0.4,0.25,2.0,0.85,1.7288198471069336,4.469392776489258,2.486382246017456,0.7575623989105225,2.740572929382324,0.820892333984375,0.75933837890625,0.512939453125,0.0016721022548153996,1.3686840534210205
year,NLL,Cov90,0.28,0.02,0.2,0.2,0.4,0.5,1.0,-1.0,1.7288198471069336,4.469392776489258,1.5980539321899414,-0.1307659149169922,2.740572929382324,0.820892333984375,0.8128662109375,0.512939453125,0.22376975417137146,0.9714641571044922
year,NLL,Cov90,0.28,0.02,0.2,0.2,0.4,0.5,1.0,0.85,1.7288198471069336,4.469392776489258,2.238193988800049,0.5093741416931152,2.740572929382324,0.820892333984375,0.7867431640625,0.512939453125,0.01370615977793932,1.2040972709655762
year,NLL,Cov90,0.28,0.02,0.2,0.2,0.4,0.5,2.0,-1.0,1.7288198471069336,4.469392776489258,1.812095046043396,0.0832751989364624,2.740572929382324,0.820892333984375,0.7960205078125,0.512939453125,0.1038842499256134,1.08285653591156
year,NLL,Cov90,0.28,0.02,0.2,0.2,0.4,0.5,2.0,0.85,1.7288198471069336,4.469392776489258,1.9121969938278198,0.18337714672088623,2.740572929382324,0.820892333984375,0.803558349609375,0.512939453125,0.005388285033404827,1.1260087490081787
year,NLL,Cov90,0.28,0.05,0.0,0.0,0.4,0.25,1.0,-1.0,1.7288198471069336,4.469392776489258,2.0731287002563477,0.34430885314941406,2.740572929382324,0.820892333984375,0.7540283203125,0.512939453125,0.9599032402038574,0.011730454862117767
year,NLL,Cov90,0.28,0.05,0.0,0.0,0.4,0.25,1.0,0.85,1.7288198471069336,4.469392776489258,2.073279857635498,0.34446001052856445,2.740572929382324,0.820892333984375,0.75341796875,0.512939453125,0.9310640096664429,0.01178011391311884
year,NLL,Cov90,0.28,0.05,0.0,0.0,0.4,0.25,2.0,-1.0,1.7288198471069336,4.469392776489258,2.0826995372772217,0.3538796901702881,2.740572929382324,0.820892333984375,0.753448486328125,0.512939453125,0.9229216575622559,0.011753476224839687
year,NLL,Cov90,0.28,0.05,0.0,0.0,0.4,0.25,2.0,0.85,1.7288198471069336,4.469392776489258,2.0874085426330566,0.35858869552612305,2.740572929382324,0.820892333984375,0.753021240234375,0.512939453125,0.8091486692428589,0.011878186836838722
year,NLL,Cov90,0.28,0.05,0.0,0.0,0.4,0.5,1.0,-1.0,1.7288198471069336,4.469392776489258,1.7785582542419434,0.049738407135009766,2.740572929382324,0.820892333984375,0.782470703125,0.512939453125,0.9652230143547058,0.010123023763298988
year,NLL,Cov90,0.28,0.05,0.0,0.0,0.4,0.5,1.0,0.85,1.7288198471069336,4.469392776489258,1.7938737869262695,0.06505393981933594,2.740572929382324,0.820892333984375,0.779296875,0.512939453125,0.9484268426895142,0.01041074376553297
year,NLL,Cov90,0.28,0.05,0.0,0.0,0.4,0.5,2.0,-1.0,1.7288198471069336,4.469392776489258,1.7798733711242676,0.051053524017333984,2.740572929382324,0.820892333984375,0.7825927734375,0.512939453125,0.9327788352966309,0.010169245302677155
year,NLL,Cov90,0.28,0.05,0.0,0.0,0.4,0.5,2.0,0.85,1.7288198471069336,4.469392776489258,1.7850422859191895,0.05622243881225586,2.740572929382324,0.820892333984375,0.779388427734375,0.512939453125,0.8520114421844482,0.010378002189099789
year,NLL,Cov90,0.28,0.05,0.0,0.1,0.4,0.25,1.0,-1.0,1.7288198471069336,4.469392776489258,2.1727609634399414,0.4439411163330078,2.740572929382324,0.820892333984375,0.76239013671875,0.512939453125,0.3816433846950531,0.6410641670227051
year,NLL,Cov90,0.28,0.05,0.0,0.1,0.4,0.25,1.0,0.85,1.7288198471069336,4.469392776489258,2.4118285179138184,0.6830086708068848,2.740572929382324,0.820892333984375,0.751129150390625,0.512939453125,0.08272769302129745,0.6802144050598145
year,NLL,Cov90,0.28,0.05,0.0,0.1,0.4,0.25,2.0,-1.0,1.7288198471069336,4.469392776489258,2.2685184478759766,0.539698600769043,2.740572929382324,0.820892333984375,0.75616455078125,0.512939453125,0.23659619688987732,0.6625878214836121
year,NLL,Cov90,0.28,0.05,0.0,0.1,0.4,0.25,2.0,0.85,1.7288198471069336,4.469392776489258,2.4539263248443604,0.7251064777374268,2.740572929382324,0.820892333984375,0.753143310546875,0.512939453125,0.017674505710601807,0.6917676329612732
year,NLL,Cov90,0.28,0.05,0.0,0.1,0.4,0.5,1.0,-1.0,1.7288198471069336,4.469392776489258,1.805853247642517,0.0770334005355835,2.740572929382324,0.820892333984375,0.791900634765625,0.512939453125,0.4199647009372711,0.5514678955078125
year,NLL,Cov90,0.28,0.05,0.0,0.1,0.4,0.5,1.0,0.85,1.7288198471069336,4.469392776489258,2.119506359100342,0.3906865119934082,2.740572929382324,0.820892333984375,0.77520751953125,0.512939453125,0.0956382229924202,0.6160485744476318
year,NLL,Cov90,0.28,0.05,0.0,0.1,0.4,0.5,2.0,-1.0,1.7288198471069336,4.469392776489258,1.908026933670044,0.17920708656311035,2.740572929382324,0.820892333984375,0.783905029296875,0.512939453125,0.266239732503891,0.5758869051933289
year,NLL,Cov90,0.28,0.05,0.0,0.1,0.4,0.5,2.0,0.85,1.7288198471069336,4.469392776489258,2.22341251373291,0.49459266662597656,2.740572929382324,0.820892333984375,0.774932861328125,0.512939453125,0.02452002465724945,0.6096656918525696
year,NLL,Cov90,0.28,0.05,0.0,0.2,0.4,0.25,1.0,-1.0,1.7288198471069336,4.469392776489258,2.1463773250579834,0.4175574779510498,2.740572929382324,0.820892333984375,0.768524169921875,0.512939453125,0.21482804417610168,1.059393286705017
year,NLL,Cov90,0.28,0.05,0.0,0.2,0.4,0.25,1.0,0.85,1.7288198471069336,4.469392776489258,2.347257375717163,0.6184375286102295,2.740572929382324,0.820892333984375,0.758758544921875,0.512939453125,0.01731232926249504,1.1006317138671875
year,NLL,Cov90,0.28,0.05,0.0,0.2,0.4,0.25,2.0,-1.0,1.7288198471069336,4.469392776489258,2.3312857151031494,0.6024658679962158,2.740572929382324,0.820892333984375,0.7608642578125,0.512939453125,0.10943788290023804,1.1001654863357544
year,NLL,Cov90,0.28,0.05,0.0,0.2,0.4,0.25,2.0,0.85,1.7288198471069336,4.469392776489258,2.299184799194336,0.5703649520874023,2.740572929382324,0.820892333984375,0.76776123046875,0.512939453125,0.0017876169877126813,1.0694456100463867
year,NLL,Cov90,0.28,0.05,0.0,0.2,0.4,0.5,1.0,-1.0,1.7288198471069336,4.469392776489258,1.7090944051742554,-0.019725441932678223,2.740572929382324,0.820892333984375,0.803619384765625,0.512939453125,0.2548031806945801,0.874627411365509
year,NLL,Cov90,0.28,0.05,0.0,0.2,0.4,0.5,1.0,0.85,1.7288198471069336,4.469392776489258,2.111532688140869,0.38271284103393555,2.740572929382324,0.820892333984375,0.783660888671875,0.512939453125,0.028447914868593216,0.9898187518119812
year,NLL,Cov90,0.28,0.05,0.0,0.2,0.4,0.5,2.0,-1.0,1.7288198471069336,4.469392776489258,1.92061185836792,0.19179201126098633,2.740572929382324,0.820892333984375,0.79168701171875,0.512939453125,0.13004153966903687,0.9449242353439331
year,NLL,Cov90,0.28,0.05,0.0,0.2,0.4,0.5,2.0,0.85,1.7288198471069336,4.469392776489258,2.065070152282715,0.33625030517578125,2.740572929382324,0.820892333984375,0.793914794921875,0.512939453125,0.005185536574572325,0.9689888954162598
year,NLL,Cov90,0.28,0.05,0.1,0.0,0.4,0.25,1.0,-1.0,1.7288198471069336,4.469392776489258,2.193028450012207,0.46420860290527344,2.740572929382324,0.820892333984375,0.75872802734375,0.512939453125,0.535136878490448,0.3230588436126709
year,NLL,Cov90,0.28,0.05,0.1,0.0,0.4,0.25,1.0,0.85,1.7288198471069336,4.469392776489258,2.509808301925659,0.7809884548187256,2.740572929382324,0.820892333984375,0.749481201171875,0.512939453125,0.1636219620704651,0.3598848283290863
year,NLL,Cov90,0.28,0.05,0.1,0.0,0.4,0.25,2.0,-1.0,1.7288198471069336,4.469392776489258,2.2161383628845215,0.4873185157775879,2.740572929382324,0.820892333984375,0.7613525390625,0.512939453125,0.37635403871536255,0.31956666707992554
year,NLL,Cov90,0.28,0.05,0.1,0.0,0.4,0.25,2.0,0.85,1.7288198471069336,4.469392776489258,2.5575850009918213,0.8287651538848877,2.740572929382324,0.820892333984375,0.7530517578125,0.512939453125,0.06006105616688728,0.3427429497241974
year,NLL,Cov90,0.28,0.05,0.1,0.0,0.4,0.5,1.0,-1.0,1.7288198471069336,4.469392776489258,1.8364193439483643,0.10759949684143066,2.740572929382324,0.820892333984375,0.78253173828125,0.512939453125,0.5656765699386597,0.2867072522640228
year,NLL,Cov90,0.28,0.05,0.1,0.0,0.4,0.5,1.0,0.85,1.7288198471069336,4.469392776489258,2.298924446105957,0.5701045989990234,2.740572929382324,0.820892333984375,0.764984130859375,0.512939453125,0.18110251426696777,0.3220774531364441
year,NLL,Cov90,0.28,0.05,0.1,0.0,0.4,0.5,2.0,-1.0,1.7288198471069336,4.469392776489258,1.9704716205596924,0.2416517734527588,2.740572929382324,0.820892333984375,0.77783203125,0.512939453125,0.40251681208610535,0.293373703956604
year,NLL,Cov90,0.28,0.05,0.1,0.0,0.4,0.5,2.0,0.85,1.7288198471069336,4.469392776489258,2.424598455429077,0.6957786083221436,2.740572929382324,0.820892333984375,0.765289306640625,0.512939453125,0.07568863034248352,0.32253772020339966
year,NLL,Cov90,0.28,0.05,0.1,0.1,0.4,0.25,1.0,-1.0,1.7288198471069336,4.469392776489258,2.171823740005493,0.44300389289855957,2.740572929382324,0.820892333984375,0.7607421875,0.512939453125,0.30287253856658936,0.8552002310752869
year,NLL,Cov90,0.28,0.05,0.1,0.1,0.4,0.25,1.0,0.85,1.7288198471069336,4.469392776489258,2.4925544261932373,0.7637345790863037,2.740572929382324,0.820892333984375,0.75152587890625,0.512939453125,0.04744364693760872,0.9308204054832458
year,NLL,Cov90,0.28,0.05,0.1,0.1,0.4,0.25,2.0,-1.0,1.7288198471069336,4.469392776489258,2.2845892906188965,0.5557694435119629,2.740572929382324,0.820892333984375,0.75689697265625,0.512939453125,0.17898689210414886,0.8808835744857788
year,NLL,Cov90,0.28,0.05,0.1,0.1,0.4,0.25,2.0,0.85,1.7288198471069336,4.469392776489258,2.5948190689086914,0.8659992218017578,2.740572929382324,0.820892333984375,0.748626708984375,0.512939453125,0.013866775669157505,0.9536446928977966
year,NLL,Cov90,0.28,0.05,0.1,0.1,0.4,0.5,1.0,-1.0,1.7288198471069336,4.469392776489258,1.7448530197143555,0.016033172607421875,2.740572929382324,0.820892333984375,0.7979736328125,0.512939453125,0.3491431176662445,0.700462818145752
year,NLL,Cov90,0.28,0.05,0.1,0.1,0.4,0.5,1.0,0.85,1.7288198471069336,4.469392776489258,2.1688380241394043,0.4400181770324707,2.740572929382324,0.820892333984375,0.77679443359375,0.512939453125,0.05017877370119095,0.8253083229064941
year,NLL,Cov90,0.28,0.05,0.1,0.1,0.4,0.5,2.0,-1.0,1.7288198471069336,4.469392776489258,1.8999876976013184,0.17116785049438477,2.740572929382324,0.820892333984375,0.786102294921875,0.512939453125,0.2085932493209839,0.7436833381652832
year,NLL,Cov90,0.28,0.05,0.1,0.1,0.4,0.5,2.0,0.85,1.7288198471069336,4.469392776489258,2.3030471801757812,0.5742273330688477,2.740572929382324,0.820892333984375,0.77392578125,0.512939453125,0.00890615675598383,0.8307621479034424
year,NLL,Cov90,0.28,0.05,0.1,0.2,0.4,0.25,1.0,-1.0,1.7288198471069336,4.469392776489258,2.0919079780578613,0.36308813095092773,2.740572929382324,0.820892333984375,0.767669677734375,0.512939453125,0.1996990591287613,1.172472596168518
year,NLL,Cov90,0.28,0.05,0.1,0.2,0.4,0.25,1.0,0.85,1.7288198471069336,4.469392776489258,2.481325387954712,0.7525055408477783,2.740572929382324,0.820892333984375,0.753143310546875,0.512939453125,0.01387825794517994,1.2698142528533936
year,NLL,Cov90,0.28,0.05,0.1,0.2,0.4,0.25,2.0,-1.0,1.7288198471069336,4.469392776489258,2.237863540649414,0.5090436935424805,2.740572929382324,0.820892333984375,0.75958251953125,0.512939453125,0.09654378145933151,1.230771541595459
year,NLL,Cov90,0.28,0.05,0.1,0.2,0.4,0.25,2.0,0.85,1.7288198471069336,4.469392776489258,2.516352415084839,0.7875325679779053,2.740572929382324,0.820892333984375,0.753570556640625,0.512939453125,0.0033886218443512917,1.3042044639587402
year,NLL,Cov90,0.28,0.05,0.1,0.2,0.4,0.5,1.0,-1.0,1.7288198471069336,4.469392776489258,1.691087245941162,-0.037732601165771484,2.740572929382324,0.820892333984375,0.8077392578125,0.512939453125,0.2486620992422104,0.9492719173431396
year,NLL,Cov90,0.28,0.05,0.1,0.2,0.4,0.5,1.0,0.85,1.7288198471069336,4.469392776489258,2.3103690147399902,0.5815491676330566,2.740572929382324,0.820892333984375,0.781524658203125,0.512939453125,0.02282145619392395,1.1418726444244385
year,NLL,Cov90,0.28,0.05,0.1,0.2,0.4,0.5,2.0,-1.0,1.7288198471069336,4.469392776489258,1.855366587638855,0.1265467405319214,2.740572929382324,0.820892333984375,0.794952392578125,0.512939453125,0.1252751499414444,1.0264933109283447
year,NLL,Cov90,0.28,0.05,0.1,0.2,0.4,0.5,2.0,0.85,1.7288198471069336,4.469392776489258,2.2230279445648193,0.49420809745788574,2.740572929382324,0.820892333984375,0.789703369140625,0.512939453125,0.005254788789898157,1.1197495460510254
year,NLL,Cov90,0.28,0.05,0.2,0.0,0.4,0.25,1.0,-1.0,1.7288198471069336,4.469392776489258,2.1365363597869873,0.4077165126800537,2.740572929382324,0.820892333984375,0.7662353515625,0.512939453125,0.38450920581817627,0.5451878905296326
year,NLL,Cov90,0.28,0.05,0.2,0.0,0.4,0.25,1.0,0.85,1.7288198471069336,4.469392776489258,2.5098772048950195,0.7810573577880859,2.740572929382324,0.820892333984375,0.751983642578125,0.512939453125,0.06845767796039581,0.6166332960128784
year,NLL,Cov90,0.28,0.05,0.2,0.0,0.4,0.25,2.0,-1.0,1.7288198471069336,4.469392776489258,2.196719169616699,0.4678993225097656,2.740572929382324,0.820892333984375,0.7642822265625,0.512939453125,0.2409355789422989,0.5513348579406738
year,NLL,Cov90,0.28,0.05,0.2,0.0,0.4,0.25,2.0,0.85,1.7288198471069336,4.469392776489258,2.5253419876098633,0.7965221405029297,2.740572929382324,0.820892333984375,0.753082275390625,0.512939453125,0.019254609942436218,0.6013262271881104
year,NLL,Cov90,0.28,0.05,0.2,0.0,0.4,0.5,1.0,-1.0,1.7288198471069336,4.469392776489258,1.7771410942077637,0.04832124710083008,2.740572929382324,0.820892333984375,0.7921142578125,0.512939453125,0.4233754575252533,0.4615843594074249
year,NLL,Cov90,0.28,0.05,0.2,0.0,0.4,0.5,1.0,0.85,1.7288198471069336,4.469392776489258,2.3192362785339355,0.590416431427002,2.740572929382324,0.820892333984375,0.768585205078125,0.512939453125,0.0936206728219986,0.5671191215515137
year,NLL,Cov90,0.28,0.05,0.2,0.0,0.4,0.5,2.0,-1.0,1.7288198471069336,4.469392776489258,1.9475910663604736,0.21877121925354004,2.740572929382324,0.820892333984375,0.785125732421875,0.512939453125,0.2656475007534027,0.49255451560020447
year,NLL,Cov90,0.28,0.05,0.2,0.0,0.4,0.5,2.0,0.85,1.7288198471069336,4.469392776489258,2.3835811614990234,0.6547613143920898,2.740572929382324,0.820892333984375,0.770599365234375,0.512939453125,0.02609931118786335,0.5607699155807495
year,NLL,Cov90,0.28,0.05,0.2,0.1,0.4,0.25,1.0,-1.0,1.7288198471069336,4.469392776489258,2.0255208015441895,0.29670095443725586,2.740572929382324,0.820892333984375,0.770751953125,0.512939453125,0.2518864870071411,0.9611024856567383
year,NLL,Cov90,0.28,0.05,0.2,0.1,0.4,0.25,1.0,0.85,1.7288198471069336,4.469392776489258,2.373826503753662,0.6450066566467285,2.740572929382324,0.820892333984375,0.75634765625,0.512939453125,0.017469828948378563,1.059562087059021
year,NLL,Cov90,0.28,0.05,0.2,0.1,0.4,0.25,2.0,-1.0,1.7288198471069336,4.469392776489258,2.140941619873047,0.4121217727661133,2.740572929382324,0.820892333984375,0.762664794921875,0.512939453125,0.13481636345386505,0.9986584186553955
year,NLL,Cov90,0.28,0.05,0.2,0.1,0.4,0.25,2.0,0.85,1.7288198471069336,4.469392776489258,2.466822385787964,0.7380025386810303,2.740572929382324,0.820892333984375,0.757720947265625,0.512939453125,0.001728766248561442,1.0494182109832764
year,NLL,Cov90,0.28,0.05,0.2,0.1,0.4,0.5,1.0,-1.0,1.7288198471069336,4.469392776489258,1.678609848022461,-0.050209999084472656,2.740572929382324,0.820892333984375,0.804412841796875,0.512939453125,0.298220157623291,0.7809610962867737
year,NLL,Cov90,0.28,0.05,0.2,0.1,0.4,0.5,1.0,0.85,1.7288198471069336,4.469392776489258,2.2265377044677734,0.49771785736083984,2.740572929382324,0.820892333984375,0.775482177734375,0.512939453125,0.022518236190080643,0.9684444069862366
year,NLL,Cov90,0.28,0.05,0.2,0.1,0.4,0.5,2.0,-1.0,1.7288198471069336,4.469392776489258,1.8204759359359741,0.09165608882904053,2.740572929382324,0.820892333984375,0.791229248046875,0.512939453125,0.16437704861164093,0.8436779975891113
year,NLL,Cov90,0.28,0.05,0.2,0.1,0.4,0.5,2.0,0.85,1.7288198471069336,4.469392776489258,2.242269992828369,0.5134501457214355,2.740572929382324,0.820892333984375,0.786376953125,0.512939453125,0.0,0.9388586282730103
year,NLL,Cov90,0.28,0.05,0.2,0.2,0.4,0.25,1.0,-1.0,1.7288198471069336,4.469392776489258,2.0571417808532715,0.3283219337463379,2.740572929382324,0.820892333984375,0.772369384765625,0.512939453125,0.17225567996501923,1.2371251583099365
year,NLL,Cov90,0.28,0.05,0.2,0.2,0.4,0.25,1.0,0.85,1.7288198471069336,4.469392776489258,2.509995698928833,0.7811758518218994,2.740572929382324,0.820892333984375,0.75787353515625,0.512939453125,0.01058247685432434,1.3828456401824951
year,NLL,Cov90,0.28,0.05,0.2,0.2,0.4,0.25,2.0,-1.0,1.7288198471069336,4.469392776489258,2.2749507427215576,0.546130895614624,2.740572929382324,0.820892333984375,0.761016845703125,0.512939453125,0.07722985744476318,1.3181861639022827
year,NLL,Cov90,0.28,0.05,0.2,0.2,0.4,0.25,2.0,0.85,1.7288198471069336,4.469392776489258,2.428292751312256,0.6994729042053223,2.740572929382324,0.820892333984375,0.766937255859375,0.512939453125,0.0017119764816015959,1.3516185283660889
year,NLL,Cov90,0.28,0.05,0.2,0.2,0.4,0.5,1.0,-1.0,1.7288198471069336,4.469392776489258,1.5815725326538086,-0.147247314453125,2.740572929382324,0.820892333984375,0.8140869140625,0.512939453125,0.22343823313713074,0.9687930345535278
year,NLL,Cov90,0.28,0.05,0.2,0.2,0.4,0.5,1.0,0.85,1.7288198471069336,4.469392776489258,2.149163246154785,0.42034339904785156,2.740572929382324,0.820892333984375,0.78985595703125,0.512939453125,0.007147017400711775,1.1734821796417236
year,NLL,Cov90,0.28,0.05,0.2,0.2,0.4,0.5,2.0,-1.0,1.7288198471069336,4.469392776489258,1.821134328842163,0.09231448173522949,2.740572929382324,0.820892333984375,0.7962646484375,0.512939453125,0.10325436294078827,1.0915789604187012
year,NLL,Cov90,0.28,0.05,0.2,0.2,0.4,0.5,2.0,0.85,1.7288198471069336,4.469392776489258,2.0668115615844727,0.33799171447753906,2.740572929382324,0.820892333984375,0.797698974609375,0.512939453125,0.005230914801359177,1.1822437047958374
year,NLL,Cov90,0.28,0.1,0.0,0.0,0.4,0.25,1.0,-1.0,1.7288198471069336,4.469392776489258,2.0878231525421143,0.35900330543518066,2.740572929382324,0.820892333984375,0.75274658203125,0.512939453125,0.8554438352584839,0.04772495850920677
year,NLL,Cov90,0.28,0.1,0.0,0.0,0.4,0.25,1.0,0.85,1.7288198471069336,4.469392776489258,2.107769250869751,0.3789494037628174,2.740572929382324,0.820892333984375,0.75506591796875,0.512939453125,0.5929059982299805,0.048053134232759476
year,NLL,Cov90,0.28,0.1,0.0,0.0,0.4,0.25,2.0,-1.0,1.7288198471069336,4.469392776489258,2.090013027191162,0.3611931800842285,2.740572929382324,0.820892333984375,0.752655029296875,0.512939453125,0.749871551990509,0.04761017486453056
year,NLL,Cov90,0.28,0.1,0.0,0.0,0.4,0.25,2.0,0.85,1.7288198471069336,4.469392776489258,2.2150092124938965,0.4861893653869629,2.740572929382324,0.820892333984375,0.748443603515625,0.512939453125,0.36862045526504517,0.050009146332740784
year,NLL,Cov90,0.28,0.1,0.0,0.0,0.4,0.5,1.0,-1.0,1.7288198471069336,4.469392776489258,1.765068769454956,0.03624892234802246,2.740572929382324,0.820892333984375,0.784088134765625,0.512939453125,0.8739405274391174,0.04093020036816597
year,NLL,Cov90,0.28,0.1,0.0,0.0,0.4,0.5,1.0,0.85,1.7288198471069336,4.469392776489258,1.785642385482788,0.05682253837585449,2.740572929382324,0.820892333984375,0.780426025390625,0.512939453125,0.6460753679275513,0.04240996763110161
year,NLL,Cov90,0.28,0.1,0.0,0.0,0.4,0.5,2.0,-1.0,1.7288198471069336,4.469392776489258,1.7684992551803589,0.03967940807342529,2.740572929382324,0.820892333984375,0.783233642578125,0.512939453125,0.7773913741111755,0.041216373443603516
year,NLL,Cov90,0.28,0.1,0.0,0.0,0.4,0.5,2.0,0.85,1.7288198471069336,4.469392776489258,1.807746171951294,0.07892632484436035,2.740572929382324,0.820892333984375,0.7811279296875,0.512939453125,0.4219683110713959,0.04247414320707321
year,NLL,Cov90,0.28,0.1,0.0,0.1,0.4,0.25,1.0,-1.0,1.7288198471069336,4.469392776489258,2.0901718139648438,0.36135196685791016,2.740572929382324,0.820892333984375,0.767120361328125,0.512939453125,0.3686426281929016,0.6491255760192871
year,NLL,Cov90,0.28,0.1,0.0,0.1,0.4,0.25,1.0,0.85,1.7288198471069336,4.469392776489258,2.3796916007995605,0.650871753692627,2.740572929382324,0.820892333984375,0.75592041015625,0.512939453125,0.06169997155666351,0.6840236783027649
year,NLL,Cov90,0.28,0.1,0.0,0.1,0.4,0.25,2.0,-1.0,1.7288198471069336,4.469392776489258,2.2406184673309326,0.511798620223999,2.740572929382324,0.820892333984375,0.759124755859375,0.512939453125,0.22183865308761597,0.6778856515884399
year,NLL,Cov90,0.28,0.1,0.0,0.1,0.4,0.25,2.0,0.85,1.7288198471069336,4.469392776489258,2.4735474586486816,0.744727611541748,2.740572929382324,0.820892333984375,0.7523193359375,0.512939453125,0.0210515558719635,0.7011846303939819
year,NLL,Cov90,0.28,0.1,0.0,0.1,0.4,0.5,1.0,-1.0,1.7288198471069336,4.469392776489258,1.793445348739624,0.06462550163269043,2.740572929382324,0.820892333984375,0.79345703125,0.512939453125,0.40227100253105164,0.5661576390266418
year,NLL,Cov90,0.28,0.1,0.0,0.1,0.4,0.5,1.0,0.85,1.7288198471069336,4.469392776489258,2.1246817111968994,0.3958618640899658,2.740572929382324,0.820892333984375,0.77593994140625,0.512939453125,0.08266440033912659,0.629889726638794
year,NLL,Cov90,0.28,0.05,0.2,0.2,0.4,0.25,2.0,0.85,1.7288198471069336,4.469392776489258,2.428292751312256,0.6994729042053223,2.740572929382324,0.820892333984375,0.766937255859375,0.512939453125,0.0017119764816015959,1.3516185283660889
year,NLL,Cov90,0.28,0.1,0.0,0.1,0.4,0.5,2.0,-1.0,1.7288198471069336,4.469392776489258,1.8917691707611084,0.1629493236541748,2.740572929382324,0.820892333984375,0.785797119140625,0.512939453125,0.24975313246250153,0.5893443822860718
year,NLL,Cov90,0.28,0.05,0.2,0.2,0.4,0.5,1.0,-1.0,1.7288198471069336,4.469392776489258,1.5815725326538086,-0.147247314453125,2.740572929382324,0.820892333984375,0.8140869140625,0.512939453125,0.22343823313713074,0.9687930345535278
year,NLL,Cov90,0.28,0.1,0.0,0.1,0.4,0.5,2.0,0.85,1.7288198471069336,4.469392776489258,2.1225838661193848,0.39376401901245117,2.740572929382324,0.820892333984375,0.7803955078125,0.512939453125,0.028385519981384277,0.615131139755249
year,NLL,Cov90,0.28,0.05,0.2,0.2,0.4,0.5,1.0,0.85,1.7288198471069336,4.469392776489258,2.149163246154785,0.42034339904785156,2.740572929382324,0.820892333984375,0.78985595703125,0.512939453125,0.007147017400711775,1.1734821796417236
year,NLL,Cov90,0.28,0.1,0.0,0.2,0.4,0.25,1.0,-1.0,1.7288198471069336,4.469392776489258,2.1645989418029785,0.4357790946960449,2.740572929382324,0.820892333984375,0.7677001953125,0.512939453125,0.21332281827926636,1.0832455158233643
year,NLL,Cov90,0.28,0.05,0.2,0.2,0.4,0.5,2.0,-1.0,1.7288198471069336,4.469392776489258,1.821134328842163,0.09231448173522949,2.740572929382324,0.820892333984375,0.7962646484375,0.512939453125,0.10325436294078827,1.0915789604187012
year,NLL,Cov90,0.28,0.1,0.0,0.2,0.4,0.25,1.0,0.85,1.7288198471069336,4.469392776489258,2.337851047515869,0.6090312004089355,2.740572929382324,0.820892333984375,0.76275634765625,0.512939453125,0.0123617984354496,1.10230553150177
year,NLL,Cov90,0.28,0.05,0.2,0.2,0.4,0.5,2.0,0.85,1.7288198471069336,4.469392776489258,2.0668115615844727,0.33799171447753906,2.740572929382324,0.820892333984375,0.797698974609375,0.512939453125,0.005230914801359177,1.1822437047958374
year,NLL,Cov90,0.28,0.1,0.0,0.2,0.4,0.25,2.0,-1.0,1.7288198471069336,4.469392776489258,2.3253135681152344,0.5964937210083008,2.740572929382324,0.820892333984375,0.76031494140625,0.512939453125,0.10756203532218933,1.1228151321411133
year,NLL,Cov90,0.28,0.1,0.0,0.0,0.4,0.25,1.0,-1.0,1.7288198471069336,4.469392776489258,2.0878231525421143,0.35900330543518066,2.740572929382324,0.820892333984375,0.75274658203125,0.512939453125,0.8554438352584839,0.04772495850920677
year,NLL,Cov90,0.28,0.1,0.0,0.2,0.4,0.25,2.0,0.85,1.7288198471069336,4.469392776489258,2.2618517875671387,0.5330319404602051,2.740572929382324,0.820892333984375,0.772979736328125,0.512939453125,0.0068851495161652565,1.0727951526641846
year,NLL,Cov90,0.28,0.1,0.0,0.0,0.4,0.25,1.0,0.85,1.7288198471069336,4.469392776489258,2.107769250869751,0.3789494037628174,2.740572929382324,0.820892333984375,0.75506591796875,0.512939453125,0.5929059982299805,0.048053134232759476
year,NLL,Cov90,0.28,0.1,0.0,0.2,0.4,0.5,1.0,-1.0,1.7288198471069336,4.469392776489258,1.7209129333496094,-0.007906913757324219,2.740572929382324,0.820892333984375,0.80364990234375,0.512939453125,0.250455379486084,0.8935481309890747
year,NLL,Cov90,0.28,0.1,0.0,0.0,0.4,0.25,2.0,-1.0,1.7288198471069336,4.469392776489258,2.090013027191162,0.3611931800842285,2.740572929382324,0.820892333984375,0.752655029296875,0.512939453125,0.749871551990509,0.04761017486453056
year,NLL,Cov90,0.28,0.1,0.0,0.2,0.4,0.5,1.0,0.85,1.7288198471069336,4.469392776489258,2.137913942337036,0.40909409523010254,2.740572929382324,0.820892333984375,0.7833251953125,0.512939453125,0.01773207262158394,1.0225050449371338
year,NLL,Cov90,0.28,0.1,0.0,0.0,0.4,0.25,2.0,0.85,1.7288198471069336,4.469392776489258,2.2150092124938965,0.4861893653869629,2.740572929382324,0.820892333984375,0.748443603515625,0.512939453125,0.36862045526504517,0.050009146332740784
year,NLL,Cov90,0.28,0.1,0.0,0.2,0.4,0.5,2.0,-1.0,1.7288198471069336,4.469392776489258,1.8654327392578125,0.1366128921508789,2.740572929382324,0.820892333984375,0.793701171875,0.512939453125,0.13179713487625122,0.9517727494239807
year,NLL,Cov90,0.28,0.1,0.0,0.0,0.4,0.5,1.0,-1.0,1.7288198471069336,4.469392776489258,1.765068769454956,0.03624892234802246,2.740572929382324,0.820892333984375,0.784088134765625,0.512939453125,0.8739405274391174,0.04093020036816597
year,NLL,Cov90,0.28,0.1,0.0,0.2,0.4,0.5,2.0,0.85,1.7288198471069336,4.469392776489258,1.9972684383392334,0.2684485912322998,2.740572929382324,0.820892333984375,0.799713134765625,0.512939453125,0.008893739432096481,0.9329094886779785
year,NLL,Cov90,0.28,0.1,0.0,0.0,0.4,0.5,1.0,0.85,1.7288198471069336,4.469392776489258,1.785642385482788,0.05682253837585449,2.740572929382324,0.820892333984375,0.780426025390625,0.512939453125,0.6460753679275513,0.04240996763110161
year,NLL,Cov90,0.28,0.1,0.1,0.0,0.4,0.25,1.0,-1.0,1.7288198471069336,4.469392776489258,2.1396474838256836,0.41082763671875,2.740572929382324,0.820892333984375,0.761383056640625,0.512939453125,0.4972058832645416,0.35496777296066284
year,NLL,Cov90,0.28,0.1,0.0,0.0,0.4,0.5,2.0,-1.0,1.7288198471069336,4.469392776489258,1.7684992551803589,0.03967940807342529,2.740572929382324,0.820892333984375,0.783233642578125,0.512939453125,0.7773913741111755,0.041216373443603516
year,NLL,Cov90,0.28,0.1,0.1,0.0,0.4,0.25,1.0,0.85,1.7288198471069336,4.469392776489258,2.4129767417907715,0.6841568946838379,2.740572929382324,0.820892333984375,0.75439453125,0.512939453125,0.11441191285848618,0.3629683256149292
year,NLL,Cov90,0.28,0.1,0.0,0.0,0.4,0.5,2.0,0.85,1.7288198471069336,4.469392776489258,1.807746171951294,0.07892632484436035,2.740572929382324,0.820892333984375,0.7811279296875,0.512939453125,0.4219683110713959,0.04247414320707321
year,NLL,Cov90,0.28,0.1,0.1,0.0,0.4,0.25,2.0,-1.0,1.7288198471069336,4.469392776489258,2.235959053039551,0.5071392059326172,2.740572929382324,0.820892333984375,0.760406494140625,0.512939453125,0.33523890376091003,0.35142746567726135
year,NLL,Cov90,0.28,0.1,0.0,0.1,0.4,0.25,1.0,-1.0,1.7288198471069336,4.469392776489258,2.0901718139648438,0.36135196685791016,2.740572929382324,0.820892333984375,0.767120361328125,0.512939453125,0.3686426281929016,0.6491255760192871
year,NLL,Cov90,0.28,0.1,0.1,0.0,0.4,0.25,2.0,0.85,1.7288198471069336,4.469392776489258,2.5107502937316895,0.7819304466247559,2.740572929382324,0.820892333984375,0.75048828125,0.512939453125,0.026504449546337128,0.3915430009365082
year,NLL,Cov90,0.28,0.1,0.0,0.1,0.4,0.25,1.0,0.85,1.7288198471069336,4.469392776489258,2.3796916007995605,0.650871753692627,2.740572929382324,0.820892333984375,0.75592041015625,0.512939453125,0.06169997155666351,0.6840236783027649
year,NLL,Cov90,0.28,0.1,0.1,0.0,0.4,0.5,1.0,-1.0,1.7288198471069336,4.469392776489258,1.814902424812317,0.0860825777053833,2.740572929382324,0.820892333984375,0.784088134765625,0.512939453125,0.528673529624939,0.3163279592990875
year,NLL,Cov90,0.28,0.1,0.0,0.1,0.4,0.25,2.0,-1.0,1.7288198471069336,4.469392776489258,2.2406184673309326,0.511798620223999,2.740572929382324,0.820892333984375,0.759124755859375,0.512939453125,0.22183865308761597,0.6778856515884399
year,NLL,Cov90,0.28,0.1,0.1,0.0,0.4,0.5,1.0,0.85,1.7288198471069336,4.469392776489258,2.2390544414520264,0.5102345943450928,2.740572929382324,0.820892333984375,0.7684326171875,0.512939453125,0.14196109771728516,0.34293174743652344
year,NLL,Cov90,0.28,0.1,0.0,0.1,0.4,0.25,2.0,0.85,1.7288198471069336,4.469392776489258,2.4735474586486816,0.744727611541748,2.740572929382324,0.820892333984375,0.7523193359375,0.512939453125,0.0210515558719635,0.7011846303939819
year,NLL,Cov90,0.28,0.1,0.1,0.0,0.4,0.5,2.0,-1.0,1.7288198471069336,4.469392776489258,1.9211716651916504,0.1923518180847168,2.740572929382324,0.820892333984375,0.78082275390625,0.512939453125,0.36619776487350464,0.3138432204723358
year,NLL,Cov90,0.28,0.1,0.0,0.1,0.4,0.5,1.0,-1.0,1.7288198471069336,4.469392776489258,1.793445348739624,0.06462550163269043,2.740572929382324,0.820892333984375,0.79345703125,0.512939453125,0.40227100253105164,0.5661576390266418
year,NLL,Cov90,0.28,0.1,0.1,0.0,0.4,0.5,2.0,0.85,1.7288198471069336,4.469392776489258,2.20228910446167,0.47346925735473633,2.740572929382324,0.820892333984375,0.775299072265625,0.512939453125,0.04247290641069412,0.31842273473739624
year,NLL,Cov90,0.28,0.1,0.0,0.1,0.4,0.5,1.0,0.85,1.7288198471069336,4.469392776489258,2.1246817111968994,0.3958618640899658,2.740572929382324,0.820892333984375,0.77593994140625,0.512939453125,0.08266440033912659,0.629889726638794
year,NLL,Cov90,0.28,0.1,0.1,0.1,0.4,0.25,1.0,-1.0,1.7288198471069336,4.469392776489258,2.1601407527923584,0.4313209056854248,2.740572929382324,0.820892333984375,0.761688232421875,0.512939453125,0.2912115454673767,0.8763407468795776
year,NLL,Cov90,0.28,0.1,0.0,0.1,0.4,0.5,2.0,-1.0,1.7288198471069336,4.469392776489258,1.8917691707611084,0.1629493236541748,2.740572929382324,0.820892333984375,0.785797119140625,0.512939453125,0.24975313246250153,0.5893443822860718
year,NLL,Cov90,0.28,0.1,0.1,0.1,0.4,0.25,1.0,0.85,1.7288198471069336,4.469392776489258,2.449275016784668,0.7204551696777344,2.740572929382324,0.820892333984375,0.75244140625,0.512939453125,0.02634993940591812,0.9513055086135864
year,NLL,Cov90,0.28,0.1,0.0,0.1,0.4,0.5,2.0,0.85,1.7288198471069336,4.469392776489258,2.1225838661193848,0.39376401901245117,2.740572929382324,0.820892333984375,0.7803955078125,0.512939453125,0.028385519981384277,0.615131139755249
year,NLL,Cov90,0.28,0.1,0.1,0.1,0.4,0.25,2.0,-1.0,1.7288198471069336,4.469392776489258,2.2765820026397705,0.5477621555328369,2.740572929382324,0.820892333984375,0.75726318359375,0.512939453125,0.1672886461019516,0.9087780714035034
year,NLL,Cov90,0.28,0.1,0.0,0.2,0.4,0.25,1.0,-1.0,1.7288198471069336,4.469392776489258,2.1645989418029785,0.4357790946960449,2.740572929382324,0.820892333984375,0.7677001953125,0.512939453125,0.21332281827926636,1.0832455158233643
year,NLL,Cov90,0.28,0.1,0.0,0.2,0.4,0.25,1.0,0.85,1.7288198471069336,4.469392776489258,2.337851047515869,0.6090312004089355,2.740572929382324,0.820892333984375,0.76275634765625,0.512939453125,0.0123617984354496,1.10230553150177
year,NLL,Cov90,0.28,0.1,0.1,0.1,0.4,0.25,2.0,0.85,1.7288198471069336,4.469392776489258,2.4707584381103516,0.741938591003418,2.740572929382324,0.820892333984375,0.754180908203125,0.512939453125,0.006961708422750235,0.9463602304458618
year,NLL,Cov90,0.28,0.1,0.0,0.2,0.4,0.25,2.0,-1.0,1.7288198471069336,4.469392776489258,2.3253135681152344,0.5964937210083008,2.740572929382324,0.820892333984375,0.76031494140625,0.512939453125,0.10756203532218933,1.1228151321411133
year,NLL,Cov90,0.28,0.1,0.1,0.1,0.4,0.5,1.0,-1.0,1.7288198471069336,4.469392776489258,1.7270019054412842,-0.001817941665649414,2.740572929382324,0.820892333984375,0.797943115234375,0.512939453125,0.3383388817310333,0.716976523399353
year,NLL,Cov90,0.28,0.1,0.0,0.2,0.4,0.25,2.0,0.85,1.7288198471069336,4.469392776489258,2.2618517875671387,0.5330319404602051,2.740572929382324,0.820892333984375,0.772979736328125,0.512939453125,0.0068851495161652565,1.0727951526641846
year,NLL,Cov90,0.28,0.1,0.1,0.1,0.4,0.5,1.0,0.85,1.7288198471069336,4.469392776489258,2.2759389877319336,0.547119140625,2.740572929382324,0.820892333984375,0.772918701171875,0.512939453125,0.04021025821566582,0.8600800037384033
year,NLL,Cov90,0.28,0.1,0.0,0.2,0.4,0.5,1.0,-1.0,1.7288198471069336,4.469392776489258,1.7209129333496094,-0.007906913757324219,2.740572929382324,0.820892333984375,0.80364990234375,0.512939453125,0.250455379486084,0.8935481309890747
year,NLL,Cov90,0.28,0.1,0.1,0.1,0.4,0.5,2.0,-1.0,1.7288198471069336,4.469392776489258,1.8996083736419678,0.17078852653503418,2.740572929382324,0.820892333984375,0.78741455078125,0.512939453125,0.19840764999389648,0.761447548866272
year,NLL,Cov90,0.28,0.1,0.0,0.2,0.4,0.5,1.0,0.85,1.7288198471069336,4.469392776489258,2.137913942337036,0.40909409523010254,2.740572929382324,0.820892333984375,0.7833251953125,0.512939453125,0.01773207262158394,1.0225050449371338
year,NLL,Cov90,0.28,0.1,0.1,0.1,0.4,0.5,2.0,0.85,1.7288198471069336,4.469392776489258,2.273855447769165,0.5450356006622314,2.740572929382324,0.820892333984375,0.7760009765625,0.512939453125,0.005547995679080486,0.8322516679763794
year,NLL,Cov90,0.28,0.1,0.0,0.2,0.4,0.5,2.0,-1.0,1.7288198471069336,4.469392776489258,1.8654327392578125,0.1366128921508789,2.740572929382324,0.820892333984375,0.793701171875,0.512939453125,0.13179713487625122,0.9517727494239807
year,NLL,Cov90,0.28,0.1,0.1,0.2,0.4,0.25,1.0,-1.0,1.7288198471069336,4.469392776489258,2.060866355895996,0.3320465087890625,2.740572929382324,0.820892333984375,0.768310546875,0.512939453125,0.19233478605747223,1.1879053115844727
year,NLL,Cov90,0.28,0.1,0.0,0.2,0.4,0.5,2.0,0.85,1.7288198471069336,4.469392776489258,1.9972684383392334,0.2684485912322998,2.740572929382324,0.820892333984375,0.799713134765625,0.512939453125,0.008893739432096481,0.9329094886779785
year,NLL,Cov90,0.28,0.1,0.1,0.2,0.4,0.25,1.0,0.85,1.7288198471069336,4.469392776489258,2.4548707008361816,0.726050853729248,2.740572929382324,0.820892333984375,0.752716064453125,0.512939453125,0.012365343980491161,1.2952804565429688
year,NLL,Cov90,0.28,0.1,0.1,0.0,0.4,0.25,1.0,-1.0,1.7288198471069336,4.469392776489258,2.1396474838256836,0.41082763671875,2.740572929382324,0.820892333984375,0.761383056640625,0.512939453125,0.4972058832645416,0.35496777296066284
year,NLL,Cov90,0.28,0.1,0.1,0.2,0.4,0.25,2.0,-1.0,1.7288198471069336,4.469392776489258,2.2452211380004883,0.5164012908935547,2.740572929382324,0.820892333984375,0.7607421875,0.512939453125,0.09103943407535553,1.2530481815338135
year,NLL,Cov90,0.28,0.1,0.1,0.0,0.4,0.25,1.0,0.85,1.7288198471069336,4.469392776489258,2.4129767417907715,0.6841568946838379,2.740572929382324,0.820892333984375,0.75439453125,0.512939453125,0.11441191285848618,0.3629683256149292
year,NLL,Cov90,0.28,0.1,0.1,0.2,0.4,0.25,2.0,0.85,1.7288198471069336,4.469392776489258,2.237607479095459,0.5087876319885254,2.740572929382324,0.820892333984375,0.7666015625,0.512939453125,0.005208892747759819,1.2540181875228882
year,NLL,Cov90,0.28,0.1,0.1,0.0,0.4,0.25,2.0,-1.0,1.7288198471069336,4.469392776489258,2.235959053039551,0.5071392059326172,2.740572929382324,0.820892333984375,0.760406494140625,0.512939453125,0.33523890376091003,0.35142746567726135
year,NLL,Cov90,0.28,0.1,0.1,0.2,0.4,0.5,1.0,-1.0,1.7288198471069336,4.469392776489258,1.6678245067596436,-0.06099534034729004,2.740572929382324,0.820892333984375,0.809783935546875,0.512939453125,0.2435731589794159,0.9564628601074219
year,NLL,Cov90,0.28,0.1,0.1,0.0,0.4,0.25,2.0,0.85,1.7288198471069336,4.469392776489258,2.5107502937316895,0.7819304466247559,2.740572929382324,0.820892333984375,0.75048828125,0.512939453125,0.026504449546337128,0.3915430009365082
year,NLL,Cov90,0.28,0.1,0.1,0.2,0.4,0.5,1.0,0.85,1.7288198471069336,4.469392776489258,2.2042341232299805,0.4754142761230469,2.740572929382324,0.820892333984375,0.781097412109375,0.512939453125,0.019247587770223618,1.1785284280776978
year,NLL,Cov90,0.28,0.1,0.1,0.0,0.4,0.5,1.0,-1.0,1.7288198471069336,4.469392776489258,1.814902424812317,0.0860825777053833,2.740572929382324,0.820892333984375,0.784088134765625,0.512939453125,0.528673529624939,0.3163279592990875
year,NLL,Cov90,0.28,0.1,0.1,0.2,0.4,0.5,2.0,-1.0,1.7288198471069336,4.469392776489258,1.825926423072815,0.09710657596588135,2.740572929382324,0.820892333984375,0.796844482421875,0.512939453125,0.11924882233142853,1.036560297012329
year,NLL,Cov90,0.28,0.1,0.1,0.0,0.4,0.5,1.0,0.85,1.7288198471069336,4.469392776489258,2.2390544414520264,0.5102345943450928,2.740572929382324,0.820892333984375,0.7684326171875,0.512939453125,0.14196109771728516,0.34293174743652344
year,NLL,Cov90,0.28,0.1,0.1,0.2,0.4,0.5,2.0,0.85,1.7288198471069336,4.469392776489258,2.002856969833374,0.27403712272644043,2.740572929382324,0.820892333984375,0.797607421875,0.512939453125,0.0036033731885254383,1.086808443069458
year,NLL,Cov90,0.28,0.1,0.1,0.0,0.4,0.5,2.0,-1.0,1.7288198471069336,4.469392776489258,1.9211716651916504,0.1923518180847168,2.740572929382324,0.820892333984375,0.78082275390625,0.512939453125,0.36619776487350464,0.3138432204723358
year,NLL,Cov90,0.28,0.1,0.2,0.0,0.4,0.25,1.0,-1.0,1.7288198471069336,4.469392776489258,2.0708022117614746,0.341982364654541,2.740572929382324,0.820892333984375,0.769683837890625,0.512939453125,0.36776667833328247,0.5570883750915527
year,NLL,Cov90,0.28,0.1,0.1,0.0,0.4,0.5,2.0,0.85,1.7288198471069336,4.469392776489258,2.20228910446167,0.47346925735473633,2.740572929382324,0.820892333984375,0.775299072265625,0.512939453125,0.04247290641069412,0.31842273473739624
year,NLL,Cov90,0.28,0.1,0.2,0.0,0.4,0.25,1.0,0.85,1.7288198471069336,4.469392776489258,2.494680643081665,0.7658607959747314,2.740572929382324,0.820892333984375,0.75592041015625,0.512939453125,0.061420686542987823,0.6223404407501221
year,NLL,Cov90,0.28,0.1,0.1,0.1,0.4,0.25,1.0,-1.0,1.7288198471069336,4.469392776489258,2.1601407527923584,0.4313209056854248,2.740572929382324,0.820892333984375,0.761688232421875,0.512939453125,0.2912115454673767,0.8763407468795776
year,NLL,Cov90,0.28,0.1,0.2,0.0,0.4,0.25,2.0,-1.0,1.7288198471069336,4.469392776489258,2.212841033935547,0.4840211868286133,2.740572929382324,0.820892333984375,0.763153076171875,0.512939453125,0.2204778492450714,0.5858215093612671
year,NLL,Cov90,0.28,0.1,0.1,0.1,0.4,0.25,1.0,0.85,1.7288198471069336,4.469392776489258,2.449275016784668,0.7204551696777344,2.740572929382324,0.820892333984375,0.75244140625,0.512939453125,0.02634993940591812,0.9513055086135864
year,NLL,Cov90,0.28,0.1,0.2,0.0,0.4,0.25,2.0,0.85,1.7288198471069336,4.469392776489258,2.401216983795166,0.6723971366882324,2.740572929382324,0.820892333984375,0.759246826171875,0.512939453125,0.014396732673048973,0.5978456139564514
year,NLL,Cov90,0.28,0.1,0.1,0.1,0.4,0.25,2.0,-1.0,1.7288198471069336,4.469392776489258,2.2765820026397705,0.5477621555328369,2.740572929382324,0.820892333984375,0.75726318359375,0.512939453125,0.1672886461019516,0.9087780714035034
year,NLL,Cov90,0.28,0.1,0.2,0.0,0.4,0.5,1.0,-1.0,1.7288198471069336,4.469392776489258,1.7780544757843018,0.049234628677368164,2.740572929382324,0.820892333984375,0.79296875,0.512939453125,0.4012562930583954,0.49033302068710327
year,NLL,Cov90,0.28,0.1,0.1,0.1,0.4,0.25,2.0,0.85,1.7288198471069336,4.469392776489258,2.4707584381103516,0.741938591003418,2.740572929382324,0.820892333984375,0.754180908203125,0.512939453125,0.006961708422750235,0.9463602304458618
year,NLL,Cov90,0.28,0.1,0.2,0.0,0.4,0.5,1.0,0.85,1.7288198471069336,4.469392776489258,2.2369003295898438,0.5080804824829102,2.740572929382324,0.820892333984375,0.773345947265625,0.512939453125,0.07417309284210205,0.5702667832374573
year,NLL,Cov90,0.28,0.1,0.1,0.1,0.4,0.5,1.0,-1.0,1.7288198471069336,4.469392776489258,1.7270019054412842,-0.001817941665649414,2.740572929382324,0.820892333984375,0.797943115234375,0.512939453125,0.3383388817310333,0.716976523399353
year,NLL,Cov90,0.28,0.1,0.2,0.0,0.4,0.5,2.0,-1.0,1.7288198471069336,4.469392776489258,1.9346576929092407,0.20583784580230713,2.740572929382324,0.820892333984375,0.786041259765625,0.512939453125,0.2482365071773529,0.5132082104682922
year,NLL,Cov90,0.28,0.1,0.1,0.1,0.4,0.5,1.0,0.85,1.7288198471069336,4.469392776489258,2.2759389877319336,0.547119140625,2.740572929382324,0.820892333984375,0.772918701171875,0.512939453125,0.04021025821566582,0.8600800037384033
year,NLL,Cov90,0.28,0.1,0.2,0.0,0.4,0.5,2.0,0.85,1.7288198471069336,4.469392776489258,2.23563551902771,0.5068156719207764,2.740572929382324,0.820892333984375,0.777130126953125,0.512939453125,0.028115766122937202,0.5543593168258667
year,NLL,Cov90,0.28,0.1,0.1,0.1,0.4,0.5,2.0,-1.0,1.7288198471069336,4.469392776489258,1.8996083736419678,0.17078852653503418,2.740572929382324,0.820892333984375,0.78741455078125,0.512939453125,0.19840764999389648,0.761447548866272
year,NLL,Cov90,0.28,0.1,0.2,0.1,0.4,0.25,1.0,-1.0,1.7288198471069336,4.469392776489258,1.9896050691604614,0.26078522205352783,2.740572929382324,0.820892333984375,0.770416259765625,0.512939453125,0.24374641478061676,0.9723488092422485
year,NLL,Cov90,0.28,0.1,0.1,0.1,0.4,0.5,2.0,0.85,1.7288198471069336,4.469392776489258,2.273855447769165,0.5450356006622314,2.740572929382324,0.820892333984375,0.7760009765625,0.512939453125,0.005547995679080486,0.8322516679763794
year,NLL,Cov90,0.28,0.1,0.2,0.1,0.4,0.25,1.0,0.85,1.7288198471069336,4.469392776489258,2.2961955070495605,0.567375659942627,2.740572929382324,0.820892333984375,0.7603759765625,0.512939453125,0.017270516604185104,1.0650362968444824
year,NLL,Cov90,0.28,0.1,0.1,0.2,0.4,0.25,1.0,-1.0,1.7288198471069336,4.469392776489258,2.060866355895996,0.3320465087890625,2.740572929382324,0.820892333984375,0.768310546875,0.512939453125,0.19233478605747223,1.1879053115844727
year,NLL,Cov90,0.28,0.1,0.2,0.1,0.4,0.25,2.0,-1.0,1.7288198471069336,4.469392776489258,2.160615921020508,0.4317960739135742,2.740572929382324,0.820892333984375,0.761138916015625,0.512939453125,0.12734965980052948,1.0268383026123047
year,NLL,Cov90,0.28,0.1,0.1,0.2,0.4,0.25,1.0,0.85,1.7288198471069336,4.469392776489258,2.4548707008361816,0.726050853729248,2.740572929382324,0.820892333984375,0.752716064453125,0.512939453125,0.012365343980491161,1.2952804565429688
year,NLL,Cov90,0.28,0.1,0.2,0.1,0.4,0.25,2.0,0.85,1.7288198471069336,4.469392776489258,2.374305248260498,0.6454854011535645,2.740572929382324,0.820892333984375,0.7657470703125,0.512939453125,0.0017855232581496239,1.0477895736694336
year,NLL,Cov90,0.28,0.1,0.1,0.2,0.4,0.25,2.0,-1.0,1.7288198471069336,4.469392776489258,2.2452211380004883,0.5164012908935547,2.740572929382324,0.820892333984375,0.7607421875,0.512939453125,0.09103943407535553,1.2530481815338135
year,NLL,Cov90,0.28,0.1,0.2,0.1,0.4,0.5,1.0,-1.0,1.7288198471069336,4.469392776489258,1.6617064476013184,-0.06711339950561523,2.740572929382324,0.820892333984375,0.805419921875,0.512939453125,0.2895367443561554,0.7942571043968201
year,NLL,Cov90,0.28,0.1,0.1,0.2,0.4,0.25,2.0,0.85,1.7288198471069336,4.469392776489258,2.237607479095459,0.5087876319885254,2.740572929382324,0.820892333984375,0.7666015625,0.512939453125,0.005208892747759819,1.2540181875228882
year,NLL,Cov90,0.28,0.1,0.2,0.1,0.4,0.5,1.0,0.85,1.7288198471069336,4.469392776489258,2.164853811264038,0.4360339641571045,2.740572929382324,0.820892333984375,0.778839111328125,0.512939453125,0.022489381954073906,0.9713549017906189
year,NLL,Cov90,0.28,0.1,0.1,0.2,0.4,0.5,1.0,-1.0,1.7288198471069336,4.469392776489258,1.6678245067596436,-0.06099534034729004,2.740572929382324,0.820892333984375,0.809783935546875,0.512939453125,0.2435731589794159,0.9564628601074219
year,NLL,Cov90,0.28,0.1,0.1,0.2,0.4,0.5,1.0,0.85,1.7288198471069336,4.469392776489258,2.2042341232299805,0.4754142761230469,2.740572929382324,0.820892333984375,0.781097412109375,0.512939453125,0.019247587770223618,1.1785284280776978
year,NLL,Cov90,0.28,0.1,0.2,0.1,0.4,0.5,2.0,-1.0,1.7288198471069336,4.469392776489258,1.8535001277923584,0.1246802806854248,2.740572929382324,0.820892333984375,0.7916259765625,0.512939453125,0.15631434321403503,0.8662539124488831
year,NLL,Cov90,0.28,0.1,0.1,0.2,0.4,0.5,2.0,-1.0,1.7288198471069336,4.469392776489258,1.825926423072815,0.09710657596588135,2.740572929382324,0.820892333984375,0.796844482421875,0.512939453125,0.11924882233142853,1.036560297012329
year,NLL,Cov90,0.28,0.1,0.2,0.1,0.4,0.5,2.0,0.85,1.7288198471069336,4.469392776489258,2.1389031410217285,0.4100832939147949,2.740572929382324,0.820892333984375,0.797576904296875,0.512939453125,0.0035685598850250244,0.9305707216262817
year,NLL,Cov90,0.28,0.1,0.1,0.2,0.4,0.5,2.0,0.85,1.7288198471069336,4.469392776489258,2.002856969833374,0.27403712272644043,2.740572929382324,0.820892333984375,0.797607421875,0.512939453125,0.0036033731885254383,1.086808443069458
year,NLL,Cov90,0.28,0.1,0.2,0.2,0.4,0.25,1.0,-1.0,1.7288198471069336,4.469392776489258,2.064924716949463,0.3361048698425293,2.740572929382324,0.820892333984375,0.7718505859375,0.512939453125,0.1668483316898346,1.250572919845581
year,NLL,Cov90,0.28,0.1,0.2,0.0,0.4,0.25,1.0,-1.0,1.7288198471069336,4.469392776489258,2.0708022117614746,0.341982364654541,2.740572929382324,0.820892333984375,0.769683837890625,0.512939453125,0.36776667833328247,0.5570883750915527
year,NLL,Cov90,0.28,0.1,0.2,0.2,0.4,0.25,1.0,0.85,1.7288198471069336,4.469392776489258,2.4977526664733887,0.7689328193664551,2.740572929382324,0.820892333984375,0.758148193359375,0.512939453125,0.008746123872697353,1.3811123371124268
year,NLL,Cov90,0.28,0.1,0.2,0.0,0.4,0.25,1.0,0.85,1.7288198471069336,4.469392776489258,2.494680643081665,0.7658607959747314,2.740572929382324,0.820892333984375,0.75592041015625,0.512939453125,0.061420686542987823,0.6223404407501221
year,NLL,Cov90,0.28,0.1,0.2,0.2,0.4,0.25,2.0,-1.0,1.7288198471069336,4.469392776489258,2.2250235080718994,0.4962036609649658,2.740572929382324,0.820892333984375,0.762054443359375,0.512939453125,0.0755881667137146,1.3213340044021606
year,NLL,Cov90,0.28,0.1,0.2,0.0,0.4,0.25,2.0,-1.0,1.7288198471069336,4.469392776489258,2.212841033935547,0.4840211868286133,2.740572929382324,0.820892333984375,0.763153076171875,0.512939453125,0.2204778492450714,0.5858215093612671
year,NLL,Cov90,0.28,0.1,0.2,0.2,0.4,0.25,2.0,0.85,1.7288198471069336,4.469392776489258,2.3731377124786377,0.6443178653717041,2.740572929382324,0.820892333984375,0.76519775390625,0.512939453125,0.0,1.362968921661377
year,NLL,Cov90,0.28,0.1,0.2,0.0,0.4,0.25,2.0,0.85,1.7288198471069336,4.469392776489258,2.401216983795166,0.6723971366882324,2.740572929382324,0.820892333984375,0.759246826171875,0.512939453125,0.014396732673048973,0.5978456139564514
year,NLL,Cov90,0.28,0.1,0.2,0.2,0.4,0.5,1.0,-1.0,1.7288198471069336,4.469392776489258,1.5973304510116577,-0.13148939609527588,2.740572929382324,0.820892333984375,0.813140869140625,0.512939453125,0.215457946062088,0.9764222502708435
year,NLL,Cov90,0.28,0.1,0.2,0.0,0.4,0.5,1.0,-1.0,1.7288198471069336,4.469392776489258,1.7780544757843018,0.049234628677368164,2.740572929382324,0.820892333984375,0.79296875,0.512939453125,0.4012562930583954,0.49033302068710327
year,NLL,Cov90,0.28,0.1,0.2,0.2,0.4,0.5,1.0,0.85,1.7288198471069336,4.469392776489258,2.176833391189575,0.4480135440826416,2.740572929382324,0.820892333984375,0.788970947265625,0.512939453125,0.015690820291638374,1.2131929397583008
year,NLL,Cov90,0.28,0.1,0.2,0.0,0.4,0.5,1.0,0.85,1.7288198471069336,4.469392776489258,2.2369003295898438,0.5080804824829102,2.740572929382324,0.820892333984375,0.773345947265625,0.512939453125,0.07417309284210205,0.5702667832374573
year,NLL,Cov90,0.28,0.1,0.2,0.2,0.4,0.5,2.0,-1.0,1.7288198471069336,4.469392776489258,1.7885003089904785,0.05968046188354492,2.740572929382324,0.820892333984375,0.798492431640625,0.512939453125,0.09967633336782455,1.092076301574707
year,NLL,Cov90,0.28,0.1,0.2,0.0,0.4,0.5,2.0,-1.0,1.7288198471069336,4.469392776489258,1.9346576929092407,0.20583784580230713,2.740572929382324,0.820892333984375,0.786041259765625,0.512939453125,0.2482365071773529,0.5132082104682922
year,NLL,Cov90,0.28,0.1,0.2,0.2,0.4,0.5,2.0,0.85,1.7288198471069336,4.469392776489258,2.125248432159424,0.39642858505249023,2.740572929382324,0.820892333984375,0.792327880859375,0.512939453125,0.003411404322832823,1.2286882400512695
year,NLL,Cov90,0.28,0.1,0.2,0.0,0.4,0.5,2.0,0.85,1.7288198471069336,4.469392776489258,2.23563551902771,0.5068156719207764,2.740572929382324,0.820892333984375,0.777130126953125,0.512939453125,0.028115766122937202,0.5543593168258667
year,NLL,Cov90,0.28,0.1,0.2,0.1,0.4,0.25,1.0,-1.0,1.7288198471069336,4.469392776489258,1.9896050691604614,0.26078522205352783,2.740572929382324,0.820892333984375,0.770416259765625,0.512939453125,0.24374641478061676,0.9723488092422485
year,NLL,Cov90,0.28,0.1,0.2,0.1,0.4,0.25,1.0,0.85,1.7288198471069336,4.469392776489258,2.2961955070495605,0.567375659942627,2.740572929382324,0.820892333984375,0.7603759765625,0.512939453125,0.017270516604185104,1.0650362968444824
year,NLL,Cov90,0.28,0.1,0.2,0.1,0.4,0.25,2.0,-1.0,1.7288198471069336,4.469392776489258,2.160615921020508,0.4317960739135742,2.740572929382324,0.820892333984375,0.761138916015625,0.512939453125,0.12734965980052948,1.0268383026123047
higgs_public,NLL_OOD,Cov90_OOD,0.12,0.02,0.0,0.0,0.4,0.25,1.0,-1.0,3.374948740005493,239.6820068359375,4.06919002532959,0.6942412853240967,236.307058095932,0.6650390625,0.655029296875,0.2352294921875,0.9864954948425293,0.0016647595912218094
year,NLL,Cov90,0.28,0.1,0.2,0.1,0.4,0.25,2.0,0.85,1.7288198471069336,4.469392776489258,2.374305248260498,0.6454854011535645,2.740572929382324,0.820892333984375,0.7657470703125,0.512939453125,0.0017855232581496239,1.0477895736694336
higgs_public,NLL_OOD,Cov90_OOD,0.12,0.02,0.0,0.0,0.4,0.25,1.0,0.85,3.374948740005493,239.6820068359375,4.06919002532959,0.6942412853240967,236.307058095932,0.6650390625,0.655029296875,0.2352294921875,0.9838006496429443,0.0016647595912218094
higgs_public,NLL_OOD,Cov90_OOD,0.12,0.02,0.0,0.0,0.4,0.25,2.0,-1.0,3.374948740005493,239.6820068359375,4.074219703674316,0.6992709636688232,236.307058095932,0.6650390625,0.6517333984375,0.2352294921875,0.9736737012863159,0.0016647595912218094
year,NLL,Cov90,0.28,0.1,0.2,0.1,0.4,0.5,1.0,-1.0,1.7288198471069336,4.469392776489258,1.6617064476013184,-0.06711339950561523,2.740572929382324,0.820892333984375,0.805419921875,0.512939453125,0.2895367443561554,0.7942571043968201
higgs_public,NLL_OOD,Cov90_OOD,0.12,0.02,0.0,0.0,0.4,0.25,2.0,0.85,3.374948740005493,239.6820068359375,4.064940452575684,0.6899917125701904,236.307058095932,0.6650390625,0.652587890625,0.2352294921875,0.9552574753761292,0.0016647595912218094
higgs_public,NLL_OOD,Cov90_OOD,0.12,0.02,0.0,0.0,0.4,0.5,1.0,-1.0,3.374948740005493,239.6820068359375,3.8832955360412598,0.5083467960357666,236.307058095932,0.6650390625,0.658203125,0.2352294921875,0.9864954948425293,0.0016647595912218094
year,NLL,Cov90,0.28,0.1,0.2,0.1,0.4,0.5,1.0,0.85,1.7288198471069336,4.469392776489258,2.164853811264038,0.4360339641571045,2.740572929382324,0.820892333984375,0.778839111328125,0.512939453125,0.022489381954073906,0.9713549017906189
higgs_public,NLL_OOD,Cov90_OOD,0.12,0.02,0.0,0.0,0.4,0.5,1.0,0.85,3.374948740005493,239.6820068359375,3.8832955360412598,0.5083467960357666,236.307058095932,0.6650390625,0.658203125,0.2352294921875,0.9838006496429443,0.0016647595912218094
higgs_public,NLL_OOD,Cov90_OOD,0.12,0.02,0.0,0.0,0.4,0.5,2.0,-1.0,3.374948740005493,239.6820068359375,3.903198719024658,0.528249979019165,236.307058095932,0.6650390625,0.6585693359375,0.2352294921875,0.9736737012863159,0.0016647595912218094
higgs_public,NLL_OOD,Cov90_OOD,0.12,0.02,0.0,0.0,0.4,0.5,2.0,0.85,3.374948740005493,239.6820068359375,3.8970837593078613,0.5221350193023682,236.307058095932,0.6650390625,0.65869140625,0.2352294921875,0.9552574753761292,0.0016647595912218094
year,NLL,Cov90,0.28,0.1,0.2,0.1,0.4,0.5,2.0,-1.0,1.7288198471069336,4.469392776489258,1.8535001277923584,0.1246802806854248,2.740572929382324,0.820892333984375,0.7916259765625,0.512939453125,0.15631434321403503,0.8662539124488831
higgs_public,NLL_OOD,Cov90_OOD,0.12,0.02,0.0,0.1,0.4,0.25,1.0,-1.0,3.374948740005493,239.6820068359375,4.30172061920166,0.926771879196167,236.307058095932,0.6650390625,0.637939453125,0.2352294921875,0.4483754336833954,0.3535543978214264
higgs_public,NLL_OOD,Cov90_OOD,0.12,0.02,0.0,0.1,0.4,0.25,1.0,0.85,3.374948740005493,239.6820068359375,4.469396114349365,1.094447374343872,236.307058095932,0.6650390625,0.6416015625,0.2352294921875,0.2050645500421524,0.3535543978214264
year,NLL,Cov90,0.28,0.1,0.2,0.1,0.4,0.5,2.0,0.85,1.7288198471069336,4.469392776489258,2.1389031410217285,0.4100832939147949,2.740572929382324,0.820892333984375,0.797576904296875,0.512939453125,0.0035685598850250244,0.9305707216262817
higgs_public,NLL_OOD,Cov90_OOD,0.12,0.02,0.0,0.1,0.4,0.25,2.0,-1.0,3.374948740005493,239.6820068359375,4.36302375793457,0.9880750179290771,236.307058095932,0.6650390625,0.6353759765625,0.2352294921875,0.33579373359680176,0.3535543978214264
higgs_public,NLL_OOD,Cov90_OOD,0.12,0.02,0.0,0.1,0.4,0.25,2.0,0.85,3.374948740005493,239.6820068359375,4.490920066833496,1.115971326828003,236.307058095932,0.6650390625,0.6424560546875,0.2352294921875,0.1300649493932724,0.3535543978214264
year,NLL,Cov90,0.28,0.1,0.2,0.2,0.4,0.25,1.0,-1.0,1.7288198471069336,4.469392776489258,2.064924716949463,0.3361048698425293,2.740572929382324,0.820892333984375,0.7718505859375,0.512939453125,0.1668483316898346,1.250572919845581
higgs_public,NLL_OOD,Cov90_OOD,0.12,0.02,0.0,0.1,0.4,0.5,1.0,-1.0,3.374948740005493,239.6820068359375,3.858933448791504,0.48398470878601074,236.307058095932,0.6650390625,0.64990234375,0.2352294921875,0.4483754336833954,0.3535543978214264
higgs_public,NLL_OOD,Cov90_OOD,0.12,0.02,0.0,0.1,0.4,0.5,1.0,0.85,3.374948740005493,239.6820068359375,4.065662384033203,0.69071364402771,236.307058095932,0.6650390625,0.651123046875,0.2352294921875,0.2050645500421524,0.3535543978214264
year,NLL,Cov90,0.28,0.1,0.2,0.2,0.4,0.25,1.0,0.85,1.7288198471069336,4.469392776489258,2.4977526664733887,0.7689328193664551,2.740572929382324,0.820892333984375,0.758148193359375,0.512939453125,0.008746123872697353,1.3811123371124268
higgs_public,NLL_OOD,Cov90_OOD,0.12,0.02,0.0,0.1,0.4,0.5,2.0,-1.0,3.374948740005493,239.6820068359375,3.9771900177001953,0.6022412776947021,236.307058095932,0.6650390625,0.6453857421875,0.2352294921875,0.33579373359680176,0.3535543978214264
higgs_public,NLL_OOD,Cov90_OOD,0.12,0.02,0.0,0.1,0.4,0.5,2.0,0.85,3.374948740005493,239.6820068359375,4.15134334564209,0.7763946056365967,236.307058095932,0.6650390625,0.6495361328125,0.2352294921875,0.1300649493932724,0.3535543978214264
year,NLL,Cov90,0.28,0.1,0.2,0.2,0.4,0.25,2.0,-1.0,1.7288198471069336,4.469392776489258,2.2250235080718994,0.4962036609649658,2.740572929382324,0.820892333984375,0.762054443359375,0.512939453125,0.0755881667137146,1.3213340044021606
higgs_public,NLL_OOD,Cov90_OOD,0.12,0.02,0.0,0.2,0.4,0.25,1.0,-1.0,3.374948740005493,239.6820068359375,4.097661018371582,0.7227122783660889,236.307058095932,0.6650390625,0.630859375,0.2352294921875,0.27288660407066345,0.7102287411689758
higgs_public,NLL_OOD,Cov90_OOD,0.12,0.02,0.0,0.2,0.4,0.25,1.0,0.85,3.374948740005493,239.6820068359375,4.508975982666016,1.1340272426605225,236.307058095932,0.6650390625,0.6351318359375,0.2352294921875,0.08534201979637146,0.7102287411689758
year,NLL,Cov90,0.28,0.1,0.2,0.2,0.4,0.25,2.0,0.85,1.7288198471069336,4.469392776489258,2.3731377124786377,0.6443178653717041,2.740572929382324,0.820892333984375,0.76519775390625,0.512939453125,0.0,1.362968921661377
higgs_public,NLL_OOD,Cov90_OOD,0.12,0.02,0.0,0.2,0.4,0.25,2.0,-1.0,3.374948740005493,239.6820068359375,4.24000358581543,0.8650548458099365,236.307058095932,0.6650390625,0.6278076171875,0.2352294921875,0.18193106353282928,0.7102287411689758
higgs_public,NLL_OOD,Cov90_OOD,0.12,0.02,0.0,0.2,0.4,0.25,2.0,0.85,3.374948740005493,239.6820068359375,4.643148422241211,1.2681996822357178,236.307058095932,0.6650390625,0.6373291015625,0.2352294921875,0.043532148003578186,0.7102287411689758
year,NLL,Cov90,0.28,0.1,0.2,0.2,0.4,0.5,1.0,-1.0,1.7288198471069336,4.469392776489258,1.5973304510116577,-0.13148939609527588,2.740572929382324,0.820892333984375,0.813140869140625,0.512939453125,0.215457946062088,0.9764222502708435
higgs_public,NLL_OOD,Cov90_OOD,0.12,0.02,0.0,0.2,0.4,0.5,1.0,-1.0,3.374948740005493,239.6820068359375,3.7064599990844727,0.3315112590789795,236.307058095932,0.6650390625,0.640380859375,0.2352294921875,0.27288660407066345,0.7102287411689758
higgs_public,NLL_OOD,Cov90_OOD,0.12,0.02,0.0,0.2,0.4,0.5,1.0,0.85,3.374948740005493,239.6820068359375,4.058425426483154,0.6834766864776611,236.307058095932,0.6650390625,0.6390380859375,0.2352294921875,0.08534201979637146,0.7102287411689758
higgs_public,NLL_OOD,Cov90_OOD,0.12,0.02,0.0,0.2,0.4,0.5,2.0,-1.0,3.374948740005493,239.6820068359375,3.8869996070861816,0.5120508670806885,236.307058095932,0.6650390625,0.635986328125,0.2352294921875,0.18193106353282928,0.7102287411689758
year,NLL,Cov90,0.28,0.1,0.2,0.2,0.4,0.5,1.0,0.85,1.7288198471069336,4.469392776489258,2.176833391189575,0.4480135440826416,2.740572929382324,0.820892333984375,0.788970947265625,0.512939453125,0.015690820291638374,1.2131929397583008
higgs_public,NLL_OOD,Cov90_OOD,0.12,0.02,0.0,0.2,0.4,0.5,2.0,0.85,3.374948740005493,239.6820068359375,4.19804573059082,0.8230969905853271,236.307058095932,0.6650390625,0.650390625,0.2352294921875,0.043532148003578186,0.7102287411689758
higgs_public,NLL_OOD,Cov90_OOD,0.12,0.02,0.1,0.0,0.4,0.25,1.0,-1.0,3.374948740005493,239.6820068359375,4.385408401489258,1.0104596614837646,236.307058095932,0.6650390625,0.6337890625,0.2352294921875,0.6012628674507141,0.1544828861951828
year,NLL,Cov90,0.28,0.1,0.2,0.2,0.4,0.5,2.0,-1.0,1.7288198471069336,4.469392776489258,1.7885003089904785,0.05968046188354492,2.740572929382324,0.820892333984375,0.798492431640625,0.512939453125,0.09967633336782455,1.092076301574707
higgs_public,NLL_OOD,Cov90_OOD,0.12,0.02,0.1,0.0,0.4,0.25,1.0,0.85,3.374948740005493,239.6820068359375,4.4883036613464355,1.1133549213409424,236.307058095932,0.6650390625,0.635009765625,0.2352294921875,0.29829174280166626,0.1544828861951828
higgs_public,NLL_OOD,Cov90_OOD,0.12,0.02,0.1,0.0,0.4,0.25,2.0,-1.0,3.374948740005493,239.6820068359375,4.311744689941406,0.9367959499359131,236.307058095932,0.6650390625,0.6343994140625,0.2352294921875,0.4704403281211853,0.1544828861951828
year,NLL,Cov90,0.28,0.1,0.2,0.2,0.4,0.5,2.0,0.85,1.7288198471069336,4.469392776489258,2.125248432159424,0.39642858505249023,2.740572929382324,0.820892333984375,0.792327880859375,0.512939453125,0.003411404322832823,1.2286882400512695
higgs_public,NLL_OOD,Cov90_OOD,0.12,0.02,0.1,0.0,0.4,0.25,2.0,0.85,3.374948740005493,239.6820068359375,4.405821323394775,1.0308725833892822,236.307058095932,0.6650390625,0.6455078125,0.2352294921875,0.17270587384700775,0.1544828861951828
higgs_public,NLL_OOD,Cov90_OOD,0.12,0.02,0.1,0.0,0.4,0.5,1.0,-1.0,3.374948740005493,239.6820068359375,4.024140357971191,0.6491916179656982,236.307058095932,0.6650390625,0.63427734375,0.2352294921875,0.6012628674507141,0.1544828861951828
higgs_public,NLL_OOD,Cov90_OOD,0.12,0.02,0.1,0.0,0.4,0.5,1.0,0.85,3.374948740005493,239.6820068359375,4.201229095458984,0.8262803554534912,236.307058095932,0.6650390625,0.6351318359375,0.2352294921875,0.29829174280166626,0.1544828861951828
higgs_public,NLL_OOD,Cov90_OOD,0.12,0.02,0.1,0.0,0.4,0.5,2.0,-1.0,3.374948740005493,239.6820068359375,4.097707271575928,0.7227585315704346,236.307058095932,0.6650390625,0.6341552734375,0.2352294921875,0.4704403281211853,0.1544828861951828
higgs_public,NLL_OOD,Cov90_OOD,0.12,0.02,0.1,0.0,0.4,0.5,2.0,0.85,3.374948740005493,239.6820068359375,4.092473030090332,0.7175242900848389,236.307058095932,0.6650390625,0.6455078125,0.2352294921875,0.17270587384700775,0.1544828861951828
higgs_public,NLL_OOD,Cov90_OOD,0.12,0.02,0.1,0.1,0.4,0.25,1.0,-1.0,3.374948740005493,239.6820068359375,4.048142910003662,0.673194169998169,236.307058095932,0.6650390625,0.632568359375,0.2352294921875,0.3693779706954956,0.4239770174026489
higgs_public,NLL_OOD,Cov90_OOD,0.12,0.02,0.1,0.1,0.4,0.25,1.0,0.85,3.374948740005493,239.6820068359375,4.385990142822266,1.0110414028167725,236.307058095932,0.6650390625,0.6400146484375,0.2352294921875,0.11272302269935608,0.4239770174026489
higgs_public,NLL_OOD,Cov90_OOD,0.12,0.02,0.1,0.1,0.4,0.25,2.0,-1.0,3.374948740005493,239.6820068359375,4.153687000274658,0.778738260269165,236.307058095932,0.6650390625,0.6353759765625,0.2352294921875,0.25143730640411377,0.4239770174026489
higgs_public,NLL_OOD,Cov90_OOD,0.12,0.02,0.0,0.0,0.4,0.25,1.0,-1.0,3.1961498260498047,257.9444274902344,4.1444807052612305,0.9483308792114258,254.74827766418457,0.67626953125,0.66455078125,0.2197265625,0.9860512614250183,0.0017206247430294752
higgs_public,NLL_OOD,Cov90_OOD,0.12,0.02,0.1,0.1,0.4,0.25,2.0,0.85,3.374948740005493,239.6820068359375,4.276505947113037,0.901557207107544,236.307058095932,0.6650390625,0.649658203125,0.2352294921875,0.051605742424726486,0.4239770174026489
higgs_public,NLL_OOD,Cov90_OOD,0.12,0.02,0.0,0.0,0.4,0.25,1.0,0.85,3.1961498260498047,257.9444274902344,4.1444807052612305,0.9483308792114258,254.74827766418457,0.67626953125,0.66455078125,0.2197265625,0.9829380512237549,0.0017206247430294752
higgs_public,NLL_OOD,Cov90_OOD,0.12,0.02,0.1,0.1,0.4,0.5,1.0,-1.0,3.374948740005493,239.6820068359375,3.6920387744903564,0.3170900344848633,236.307058095932,0.6650390625,0.6429443359375,0.2352294921875,0.3693779706954956,0.4239770174026489
higgs_public,NLL_OOD,Cov90_OOD,0.12,0.02,0.0,0.0,0.4,0.25,2.0,-1.0,3.1961498260498047,257.9444274902344,4.130855083465576,0.9347052574157715,254.74827766418457,0.67626953125,0.6634521484375,0.2197265625,0.9728226065635681,0.0017206247430294752
higgs_public,NLL_OOD,Cov90_OOD,0.12,0.02,0.1,0.1,0.4,0.5,1.0,0.85,3.374948740005493,239.6820068359375,4.013864040374756,0.6389153003692627,236.307058095932,0.6650390625,0.6527099609375,0.2352294921875,0.11272302269935608,0.4239770174026489
higgs_public,NLL_OOD,Cov90_OOD,0.12,0.02,0.0,0.0,0.4,0.25,2.0,0.85,3.1961498260498047,257.9444274902344,4.138571739196777,0.9424219131469727,254.74827766418457,0.67626953125,0.664794921875,0.2197265625,0.9533265233039856,0.0017206247430294752
higgs_public,NLL_OOD,Cov90_OOD,0.12,0.02,0.1,0.1,0.4,0.5,2.0,-1.0,3.374948740005493,239.6820068359375,3.8259527683258057,0.4510040283203125,236.307058095932,0.6650390625,0.6422119140625,0.2352294921875,0.25143730640411377,0.4239770174026489
higgs_public,NLL_OOD,Cov90_OOD,0.12,0.02,0.0,0.0,0.4,0.5,1.0,-1.0,3.1961498260498047,257.9444274902344,3.769343137741089,0.5731933116912842,254.74827766418457,0.67626953125,0.6806640625,0.2197265625,0.9860512614250183,0.0017206247430294752
higgs_public,NLL_OOD,Cov90_OOD,0.12,0.02,0.1,0.1,0.4,0.5,2.0,0.85,3.374948740005493,239.6820068359375,3.9602785110473633,0.5853297710418701,236.307058095932,0.6650390625,0.6597900390625,0.2352294921875,0.051605742424726486,0.4239770174026489
higgs_public,NLL_OOD,Cov90_OOD,0.12,0.02,0.0,0.0,0.4,0.5,1.0,0.85,3.1961498260498047,257.9444274902344,3.769343137741089,0.5731933116912842,254.74827766418457,0.67626953125,0.6806640625,0.2197265625,0.9829380512237549,0.0017206247430294752
higgs_public,NLL_OOD,Cov90_OOD,0.12,0.02,0.1,0.2,0.4,0.25,1.0,-1.0,3.374948740005493,239.6820068359375,3.931581497192383,0.5566327571868896,236.307058095932,0.6650390625,0.617919921875,0.2352294921875,0.25370943546295166,0.6918666362762451
higgs_public,NLL_OOD,Cov90_OOD,0.12,0.02,0.0,0.0,0.4,0.5,2.0,-1.0,3.1961498260498047,257.9444274902344,3.7481040954589844,0.5519542694091797,254.74827766418457,0.67626953125,0.6829833984375,0.2197265625,0.9728226065635681,0.0017206247430294752
higgs_public,NLL_OOD,Cov90_OOD,0.12,0.02,0.1,0.2,0.4,0.25,1.0,0.85,3.374948740005493,239.6820068359375,4.310767650604248,0.9358189105987549,236.307058095932,0.6650390625,0.6431884765625,0.2352294921875,0.0571720227599144,0.6918666362762451
higgs_public,NLL_OOD,Cov90_OOD,0.12,0.02,0.0,0.0,0.4,0.5,2.0,0.85,3.1961498260498047,257.9444274902344,3.74157977104187,0.5454299449920654,254.74827766418457,0.67626953125,0.6834716796875,0.2197265625,0.9533265233039856,0.0017206247430294752
higgs_public,NLL_OOD,Cov90_OOD,0.12,0.02,0.1,0.2,0.4,0.25,2.0,-1.0,3.374948740005493,239.6820068359375,4.091398239135742,0.716449499130249,236.307058095932,0.6650390625,0.6163330078125,0.2352294921875,0.1584903746843338,0.6918666362762451
higgs_public,NLL_OOD,Cov90_OOD,0.12,0.02,0.0,0.1,0.4,0.25,1.0,-1.0,3.1961498260498047,257.9444274902344,4.26929235458374,1.0731425285339355,254.74827766418457,0.67626953125,0.64990234375,0.2197265625,0.44455578923225403,0.36049434542655945
higgs_public,NLL_OOD,Cov90_OOD,0.12,0.02,0.0,0.1,0.4,0.25,1.0,0.85,3.1961498260498047,257.9444274902344,4.414374828338623,1.2182250022888184,254.74827766418457,0.67626953125,0.6429443359375,0.2197265625,0.20330171287059784,0.36049434542655945
higgs_public,NLL_OOD,Cov90_OOD,0.12,0.02,0.1,0.2,0.4,0.25,2.0,0.85,3.374948740005493,239.6820068359375,4.388388633728027,1.0134398937225342,236.307058095932,0.6650390625,0.656005859375,0.2352294921875,0.022555820643901825,0.6918666362762451
higgs_public,NLL_OOD,Cov90_OOD,0.12,0.02,0.0,0.1,0.4,0.25,2.0,-1.0,3.1961498260498047,257.9444274902344,4.417632102966309,1.221482276916504,254.74827766418457,0.67626953125,0.6451416015625,0.2197265625,0.33151692152023315,0.36049434542655945
higgs_public,NLL_OOD,Cov90_OOD,0.12,0.02,0.1,0.2,0.4,0.5,1.0,-1.0,3.374948740005493,239.6820068359375,3.55206036567688,0.17711162567138672,236.307058095932,0.6650390625,0.6353759765625,0.2352294921875,0.25370943546295166,0.6918666362762451
higgs_public,NLL_OOD,Cov90_OOD,0.12,0.02,0.0,0.1,0.4,0.25,2.0,0.85,3.1961498260498047,257.9444274902344,4.45489501953125,1.2587451934814453,254.74827766418457,0.67626953125,0.64599609375,0.2197265625,0.12534195184707642,0.36049434542655945
higgs_public,NLL_OOD,Cov90_OOD,0.12,0.02,0.1,0.2,0.4,0.5,1.0,0.85,3.374948740005493,239.6820068359375,4.039218425750732,0.6642696857452393,236.307058095932,0.6650390625,0.6444091796875,0.2352294921875,0.0571720227599144,0.6918666362762451
higgs_public,NLL_OOD,Cov90_OOD,0.12,0.02,0.0,0.1,0.4,0.5,1.0,-1.0,3.1961498260498047,257.9444274902344,3.8489809036254883,0.6528310775756836,254.74827766418457,0.67626953125,0.6610107421875,0.2197265625,0.44455578923225403,0.36049434542655945
higgs_public,NLL_OOD,Cov90_OOD,0.12,0.02,0.1,0.2,0.4,0.5,2.0,-1.0,3.374948740005493,239.6820068359375,3.7301766872406006,0.3552279472351074,236.307058095932,0.6650390625,0.6339111328125,0.2352294921875,0.1584903746843338,0.6918666362762451
higgs_public,NLL_OOD,Cov90_OOD,0.12,0.02,0.0,0.1,0.4,0.5,1.0,0.85,3.1961498260498047,257.9444274902344,3.9909558296203613,0.7948060035705566,254.74827766418457,0.67626953125,0.6563720703125,0.2197265625,0.20330171287059784,0.36049434542655945
higgs_public,NLL_OOD,Cov90_OOD,0.12,0.02,0.1,0.2,0.4,0.5,2.0,0.85,3.374948740005493,239.6820068359375,4.045292377471924,0.6703436374664307,236.307058095932,0.6650390625,0.6549072265625,0.2352294921875,0.022555820643901825,0.6918666362762451
higgs_public,NLL_OOD,Cov90_OOD,0.12,0.02,0.0,0.1,0.4,0.5,2.0,-1.0,3.1961498260498047,257.9444274902344,3.9572601318359375,0.7611103057861328,254.74827766418457,0.67626953125,0.6591796875,0.2197265625,0.33151692152023315,0.36049434542655945
higgs_public,NLL_OOD,Cov90_OOD,0.12,0.02,0.2,0.0,0.4,0.25,1.0,-1.0,3.374948740005493,239.6820068359375,4.229143142700195,0.8541944026947021,236.307058095932,0.6650390625,0.6212158203125,0.2352294921875,0.4504133462905884,0.31583625078201294
higgs_public,NLL_OOD,Cov90_OOD,0.12,0.02,0.0,0.1,0.4,0.5,2.0,0.85,3.1961498260498047,257.9444274902344,4.005122184753418,0.8089723587036133,254.74827766418457,0.67626953125,0.657958984375,0.2197265625,0.12534195184707642,0.36049434542655945
higgs_public,NLL_OOD,Cov90_OOD,0.12,0.02,0.2,0.0,0.4,0.25,1.0,0.85,3.374948740005493,239.6820068359375,4.6076507568359375,1.2327020168304443,236.307058095932,0.6650390625,0.6290283203125,0.2352294921875,0.14168450236320496,0.31583625078201294
higgs_public,NLL_OOD,Cov90_OOD,0.12,0.02,0.0,0.2,0.4,0.25,1.0,-1.0,3.1961498260498047,257.9444274902344,4.087569236755371,0.8914194107055664,254.74827766418457,0.67626953125,0.6407470703125,0.2197265625,0.27032119035720825,0.7238612174987793
higgs_public,NLL_OOD,Cov90_OOD,0.12,0.02,0.2,0.0,0.4,0.25,2.0,-1.0,3.374948740005493,239.6820068359375,4.367685317993164,0.9927365779876709,236.307058095932,0.6650390625,0.6241455078125,0.2352294921875,0.31511184573173523,0.31583625078201294
higgs_public,NLL_OOD,Cov90_OOD,0.12,0.02,0.0,0.2,0.4,0.25,1.0,0.85,3.1961498260498047,257.9444274902344,4.384405136108398,1.1882553100585938,254.74827766418457,0.67626953125,0.6339111328125,0.2197265625,0.08137091249227524,0.7238612174987793
higgs_public,NLL_OOD,Cov90_OOD,0.12,0.02,0.2,0.0,0.4,0.25,2.0,0.85,3.374948740005493,239.6820068359375,4.523507118225098,1.1485583782196045,236.307058095932,0.6650390625,0.6373291015625,0.2352294921875,0.06301558762788773,0.31583625078201294
higgs_public,NLL_OOD,Cov90_OOD,0.12,0.02,0.0,0.2,0.4,0.25,2.0,-1.0,3.1961498260498047,257.9444274902344,4.256629943847656,1.0604801177978516,254.74827766418457,0.67626953125,0.6392822265625,0.2197265625,0.17949223518371582,0.7238612174987793
higgs_public,NLL_OOD,Cov90_OOD,0.12,0.02,0.2,0.0,0.4,0.5,1.0,-1.0,3.374948740005493,239.6820068359375,3.928107738494873,0.5531589984893799,236.307058095932,0.6650390625,0.6201171875,0.2352294921875,0.4504133462905884,0.31583625078201294
higgs_public,NLL_OOD,Cov90_OOD,0.12,0.02,0.0,0.2,0.4,0.25,2.0,0.85,3.1961498260498047,257.9444274902344,4.436062335968018,1.239912509918213,254.74827766418457,0.67626953125,0.629150390625,0.2197265625,0.04108184948563576,0.7238612174987793
higgs_public,NLL_OOD,Cov90_OOD,0.12,0.02,0.2,0.0,0.4,0.5,1.0,0.85,3.374948740005493,239.6820068359375,4.266426086425781,0.8914773464202881,236.307058095932,0.6650390625,0.6290283203125,0.2352294921875,0.14168450236320496,0.31583625078201294
higgs_public,NLL_OOD,Cov90_OOD,0.12,0.02,0.0,0.2,0.4,0.5,1.0,-1.0,3.1961498260498047,257.9444274902344,3.5769989490509033,0.38084912300109863,254.74827766418457,0.67626953125,0.6502685546875,0.2197265625,0.27032119035720825,0.7238612174987793
higgs_public,NLL_OOD,Cov90_OOD,0.12,0.02,0.2,0.0,0.4,0.5,2.0,-1.0,3.374948740005493,239.6820068359375,4.029998302459717,0.6550495624542236,236.307058095932,0.6650390625,0.6214599609375,0.2352294921875,0.31511184573173523,0.31583625078201294
higgs_public,NLL_OOD,Cov90_OOD,0.12,0.02,0.0,0.2,0.4,0.5,1.0,0.85,3.1961498260498047,257.9444274902344,4.039457321166992,0.8433074951171875,254.74827766418457,0.67626953125,0.642578125,0.2197265625,0.08137091249227524,0.7238612174987793
higgs_public,NLL_OOD,Cov90_OOD,0.12,0.02,0.2,0.0,0.4,0.5,2.0,0.85,3.374948740005493,239.6820068359375,4.106009483337402,0.7310607433319092,236.307058095932,0.6650390625,0.6370849609375,0.2352294921875,0.06301558762788773,0.31583625078201294
higgs_public,NLL_OOD,Cov90_OOD,0.12,0.02,0.0,0.2,0.4,0.5,2.0,-1.0,3.1961498260498047,257.9444274902344,3.773503541946411,0.5773537158966064,254.74827766418457,0.67626953125,0.6451416015625,0.2197265625,0.17949223518371582,0.7238612174987793
higgs_public,NLL_OOD,Cov90_OOD,0.12,0.02,0.2,0.1,0.4,0.25,1.0,-1.0,3.374948740005493,239.6820068359375,4.01744270324707,0.6424939632415771,236.307058095932,0.6650390625,0.6121826171875,0.2352294921875,0.32292440533638,0.4976207911968231
higgs_public,NLL_OOD,Cov90_OOD,0.12,0.02,0.0,0.2,0.4,0.5,2.0,0.85,3.1961498260498047,257.9444274902344,4.067523002624512,0.871373176574707,254.74827766418457,0.67626953125,0.6383056640625,0.2197265625,0.04108184948563576,0.7238612174987793
higgs_public,NLL_OOD,Cov90_OOD,0.12,0.02,0.1,0.0,0.4,0.25,1.0,-1.0,3.1961498260498047,257.9444274902344,4.013550281524658,0.8174004554748535,254.74827766418457,0.67626953125,0.6473388671875,0.2197265625,0.5965523719787598,0.1594536453485489
higgs_public,NLL_OOD,Cov90_OOD,0.12,0.02,0.2,0.1,0.4,0.25,1.0,0.85,3.374948740005493,239.6820068359375,4.328507423400879,0.9535586833953857,236.307058095932,0.6650390625,0.6285400390625,0.2352294921875,0.06812261790037155,0.4976207911968231
higgs_public,NLL_OOD,Cov90_OOD,0.12,0.02,0.1,0.0,0.4,0.25,1.0,0.85,3.1961498260498047,257.9444274902344,4.200653076171875,1.0045032501220703,254.74827766418457,0.67626953125,0.650146484375,0.2197265625,0.2922009527683258,0.1594536453485489
higgs_public,NLL_OOD,Cov90_OOD,0.12,0.02,0.2,0.1,0.4,0.25,2.0,-1.0,3.374948740005493,239.6820068359375,4.138418197631836,0.7634694576263428,236.307058095932,0.6650390625,0.6168212890625,0.2352294921875,0.2029041051864624,0.4976207911968231
higgs_public,NLL_OOD,Cov90_OOD,0.12,0.02,0.1,0.0,0.4,0.25,2.0,-1.0,3.1961498260498047,257.9444274902344,4.156655788421631,0.9605059623718262,254.74827766418457,0.67626953125,0.6441650390625,0.2197265625,0.46539509296417236,0.1594536453485489
higgs_public,NLL_OOD,Cov90_OOD,0.12,0.02,0.2,0.1,0.4,0.25,2.0,0.85,3.374948740005493,239.6820068359375,4.350088596343994,0.975139856338501,236.307058095932,0.6650390625,0.6492919921875,0.2352294921875,0.025311684235930443,0.4976207911968231
higgs_public,NLL_OOD,Cov90_OOD,0.12,0.02,0.1,0.0,0.4,0.25,2.0,0.85,3.1961498260498047,257.9444274902344,4.101512908935547,0.9053630828857422,254.74827766418457,0.67626953125,0.6563720703125,0.2197265625,0.16818806529045105,0.1594536453485489
higgs_public,NLL_OOD,Cov90_OOD,0.12,0.02,0.2,0.1,0.4,0.5,1.0,-1.0,3.374948740005493,239.6820068359375,3.702143907546997,0.3271951675415039,236.307058095932,0.6650390625,0.617431640625,0.2352294921875,0.32292440533638,0.4976207911968231
higgs_public,NLL_OOD,Cov90_OOD,0.12,0.02,0.1,0.0,0.4,0.5,1.0,-1.0,3.1961498260498047,257.9444274902344,3.7398643493652344,0.5437145233154297,254.74827766418457,0.67626953125,0.645751953125,0.2197265625,0.5965523719787598,0.1594536453485489
higgs_public,NLL_OOD,Cov90_OOD,0.12,0.02,0.2,0.1,0.4,0.5,1.0,0.85,3.374948740005493,239.6820068359375,4.101865291595459,0.7269165515899658,236.307058095932,0.6650390625,0.63037109375,0.2352294921875,0.06812261790037155,0.4976207911968231
higgs_public,NLL_OOD,Cov90_OOD,0.12,0.02,0.1,0.0,0.4,0.5,1.0,0.85,3.1961498260498047,257.9444274902344,3.863631248474121,0.6674814224243164,254.74827766418457,0.67626953125,0.649658203125,0.2197265625,0.2922009527683258,0.1594536453485489
higgs_public,NLL_OOD,Cov90_OOD,0.12,0.02,0.2,0.1,0.4,0.5,2.0,-1.0,3.374948740005493,239.6820068359375,3.8753974437713623,0.5004487037658691,236.307058095932,0.6650390625,0.6168212890625,0.2352294921875,0.2029041051864624,0.4976207911968231
higgs_public,NLL_OOD,Cov90_OOD,0.12,0.02,0.1,0.0,0.4,0.5,2.0,-1.0,3.1961498260498047,257.9444274902344,3.808030366897583,0.6118805408477783,254.74827766418457,0.67626953125,0.643310546875,0.2197265625,0.46539509296417236,0.1594536453485489
higgs_public,NLL_OOD,Cov90_OOD,0.12,0.02,0.2,0.1,0.4,0.5,2.0,0.85,3.374948740005493,239.6820068359375,4.184589385986328,0.809640645980835,236.307058095932,0.6650390625,0.6435546875,0.2352294921875,0.025311684235930443,0.4976207911968231
higgs_public,NLL_OOD,Cov90_OOD,0.12,0.02,0.1,0.0,0.4,0.5,2.0,0.85,3.1961498260498047,257.9444274902344,3.874866247177124,0.6787164211273193,254.74827766418457,0.67626953125,0.654296875,0.2197265625,0.16818806529045105,0.1594536453485489
higgs_public,NLL_OOD,Cov90_OOD,0.12,0.02,0.2,0.2,0.4,0.25,1.0,-1.0,3.374948740005493,239.6820068359375,4.024003982543945,0.6490552425384521,236.307058095932,0.6650390625,0.5992431640625,0.2352294921875,0.24581938982009888,0.6677898168563843
higgs_public,NLL_OOD,Cov90_OOD,0.12,0.02,0.1,0.1,0.4,0.25,1.0,-1.0,3.1961498260498047,257.9444274902344,4.007782936096191,0.8116331100463867,254.74827766418457,0.67626953125,0.630859375,0.2197265625,0.3662252128124237,0.43562114238739014
higgs_public,NLL_OOD,Cov90_OOD,0.12,0.02,0.2,0.2,0.4,0.25,1.0,0.85,3.374948740005493,239.6820068359375,4.358868598937988,0.9839198589324951,236.307058095932,0.6650390625,0.620361328125,0.2352294921875,0.036444034427404404,0.6677898168563843
higgs_public,NLL_OOD,Cov90_OOD,0.12,0.02,0.1,0.1,0.4,0.25,1.0,0.85,3.1961498260498047,257.9444274902344,4.333224773406982,1.1370749473571777,254.74827766418457,0.67626953125,0.62548828125,0.2197265625,0.11086805164813995,0.43562114238739014
higgs_public,NLL_OOD,Cov90_OOD,0.12,0.02,0.2,0.2,0.4,0.25,2.0,-1.0,3.374948740005493,239.6820068359375,4.204875946044922,0.8299272060394287,236.307058095932,0.6650390625,0.599609375,0.2352294921875,0.14292290806770325,0.6677898168563843
higgs_public,NLL_OOD,Cov90_OOD,0.12,0.02,0.1,0.1,0.4,0.25,2.0,-1.0,3.1961498260498047,257.9444274902344,4.125331401824951,0.9291815757751465,254.74827766418457,0.67626953125,0.627685546875,0.2197265625,0.24868151545524597,0.43562114238739014
higgs_public,NLL_OOD,Cov90_OOD,0.12,0.02,0.2,0.2,0.4,0.25,2.0,0.85,3.374948740005493,239.6820068359375,4.47311544418335,1.0981667041778564,236.307058095932,0.6650390625,0.6312255859375,0.2352294921875,0.011738027445971966,0.6677898168563843
higgs_public,NLL_OOD,Cov90_OOD,0.12,0.02,0.1,0.1,0.4,0.25,2.0,0.85,3.1961498260498047,257.9444274902344,4.107809066772461,0.9116592407226562,254.74827766418457,0.67626953125,0.6387939453125,0.2197265625,0.05014493688941002,0.43562114238739014
higgs_public,NLL_OOD,Cov90_OOD,0.12,0.02,0.1,0.1,0.4,0.5,1.0,-1.0,3.1961498260498047,257.9444274902344,3.630808115005493,0.4346582889556885,254.74827766418457,0.67626953125,0.632568359375,0.2197265625,0.3662252128124237,0.43562114238739014
higgs_public,NLL_OOD,Cov90_OOD,0.12,0.02,0.2,0.2,0.4,0.5,1.0,-1.0,3.374948740005493,239.6820068359375,3.6197361946105957,0.24478745460510254,236.307058095932,0.6650390625,0.6129150390625,0.2352294921875,0.24581938982009888,0.6677898168563843
higgs_public,NLL_OOD,Cov90_OOD,0.12,0.02,0.1,0.1,0.4,0.5,1.0,0.85,3.1961498260498047,257.9444274902344,3.95797061920166,0.7618207931518555,254.74827766418457,0.67626953125,0.6396484375,0.2197265625,0.11086805164813995,0.43562114238739014
higgs_public,NLL_OOD,Cov90_OOD,0.12,0.02,0.2,0.2,0.4,0.5,1.0,0.85,3.374948740005493,239.6820068359375,4.011388778686523,0.6364400386810303,236.307058095932,0.6650390625,0.631103515625,0.2352294921875,0.036444034427404404,0.6677898168563843
higgs_public,NLL_OOD,Cov90_OOD,0.12,0.02,0.1,0.1,0.4,0.5,2.0,-1.0,3.1961498260498047,257.9444274902344,3.7457423210144043,0.5495924949645996,254.74827766418457,0.67626953125,0.6343994140625,0.2197265625,0.24868151545524597,0.43562114238739014
higgs_public,NLL_OOD,Cov90_OOD,0.12,0.02,0.2,0.2,0.4,0.5,2.0,-1.0,3.374948740005493,239.6820068359375,3.7945632934570312,0.4196145534515381,236.307058095932,0.6650390625,0.61083984375,0.2352294921875,0.14292290806770325,0.6677898168563843
higgs_public,NLL_OOD,Cov90_OOD,0.12,0.02,0.1,0.1,0.4,0.5,2.0,0.85,3.1961498260498047,257.9444274902344,3.9296693801879883,0.7335195541381836,254.74827766418457,0.67626953125,0.6461181640625,0.2197265625,0.05014493688941002,0.43562114238739014
higgs_public,NLL_OOD,Cov90_OOD,0.12,0.02,0.2,0.2,0.4,0.5,2.0,0.85,3.374948740005493,239.6820068359375,4.109352111816406,0.7344033718109131,236.307058095932,0.6650390625,0.6654052734375,0.2352294921875,0.011738027445971966,0.6677898168563843
higgs_public,NLL_OOD,Cov90_OOD,0.12,0.02,0.1,0.2,0.4,0.25,1.0,-1.0,3.1961498260498047,257.9444274902344,3.8573927879333496,0.6612429618835449,254.74827766418457,0.67626953125,0.6180419921875,0.2197265625,0.25224846601486206,0.7073482871055603
higgs_public,NLL_OOD,Cov90_OOD,0.12,0.05,0.0,0.0,0.4,0.25,1.0,-1.0,3.374948740005493,239.6820068359375,4.025692939758301,0.6507441997528076,236.307058095932,0.6650390625,0.6563720703125,0.2352294921875,0.9249882698059082,0.010468087159097195
higgs_public,NLL_OOD,Cov90_OOD,0.12,0.02,0.1,0.2,0.4,0.25,1.0,0.85,3.1961498260498047,257.9444274902344,4.399876594543457,1.2037267684936523,254.74827766418457,0.67626953125,0.6156005859375,0.2197265625,0.055208027362823486,0.7073482871055603
higgs_public,NLL_OOD,Cov90_OOD,0.12,0.05,0.0,0.0,0.4,0.25,1.0,0.85,3.374948740005493,239.6820068359375,4.072234630584717,0.6972858905792236,236.307058095932,0.6650390625,0.656005859375,0.2352294921875,0.8183001279830933,0.010468087159097195
higgs_public,NLL_OOD,Cov90_OOD,0.12,0.02,0.1,0.2,0.4,0.25,2.0,-1.0,3.1961498260498047,257.9444274902344,4.00643253326416,0.8102827072143555,254.74827766418457,0.67626953125,0.617431640625,0.2197265625,0.15699920058250427,0.7073482871055603
higgs_public,NLL_OOD,Cov90_OOD,0.12,0.05,0.0,0.0,0.4,0.25,2.0,-1.0,3.374948740005493,239.6820068359375,4.070404052734375,0.6954553127288818,236.307058095932,0.6650390625,0.6553955078125,0.2352294921875,0.8668777942657471,0.010468087159097195
higgs_public,NLL_OOD,Cov90_OOD,0.12,0.02,0.1,0.2,0.4,0.25,2.0,0.85,3.1961498260498047,257.9444274902344,4.309121131896973,1.112971305847168,254.74827766418457,0.67626953125,0.6326904296875,0.2197265625,0.021882155910134315,0.7073482871055603
higgs_public,NLL_OOD,Cov90_OOD,0.12,0.05,0.0,0.0,0.4,0.25,2.0,0.85,3.374948740005493,239.6820068359375,4.015682220458984,0.6407334804534912,236.307058095932,0.6650390625,0.6629638671875,0.2352294921875,0.6773691177368164,0.010468087159097195
higgs_public,NLL_OOD,Cov90_OOD,0.12,0.02,0.1,0.2,0.4,0.5,1.0,-1.0,3.1961498260498047,257.9444274902344,3.523848056793213,0.3276982307434082,254.74827766418457,0.67626953125,0.623779296875,0.2197265625,0.25224846601486206,0.7073482871055603
higgs_public,NLL_OOD,Cov90_OOD,0.12,0.05,0.0,0.0,0.4,0.5,1.0,-1.0,3.374948740005493,239.6820068359375,3.8454394340515137,0.4704906940460205,236.307058095932,0.6650390625,0.6605224609375,0.2352294921875,0.9249882698059082,0.010468087159097195
higgs_public,NLL_OOD,Cov90_OOD,0.12,0.02,0.1,0.2,0.4,0.5,1.0,0.85,3.1961498260498047,257.9444274902344,3.949554443359375,0.7534046173095703,254.74827766418457,0.67626953125,0.6197509765625,0.2197265625,0.055208027362823486,0.7073482871055603
higgs_public,NLL_OOD,Cov90_OOD,0.12,0.05,0.0,0.0,0.4,0.5,1.0,0.85,3.374948740005493,239.6820068359375,3.8438100814819336,0.46886134147644043,236.307058095932,0.6650390625,0.659912109375,0.2352294921875,0.8183001279830933,0.010468087159097195
higgs_public,NLL_OOD,Cov90_OOD,0.12,0.02,0.1,0.2,0.4,0.5,2.0,-1.0,3.1961498260498047,257.9444274902344,3.6586415767669678,0.4624917507171631,254.74827766418457,0.67626953125,0.622314453125,0.2197265625,0.15699920058250427,0.7073482871055603
higgs_public,NLL_OOD,Cov90_OOD,0.12,0.05,0.0,0.0,0.4,0.5,2.0,-1.0,3.374948740005493,239.6820068359375,3.8704841136932373,0.49553537368774414,236.307058095932,0.6650390625,0.6605224609375,0.2352294921875,0.8668777942657471,0.010468087159097195
higgs_public,NLL_OOD,Cov90_OOD,0.12,0.02,0.1,0.2,0.4,0.5,2.0,0.85,3.1961498260498047,257.9444274902344,3.8941807746887207,0.698030948638916,254.74827766418457,0.67626953125,0.64599609375,0.2197265625,0.021882155910134315,0.7073482871055603
higgs_public,NLL_OOD,Cov90_OOD,0.12,0.05,0.0,0.0,0.4,0.5,2.0,0.85,3.374948740005493,239.6820068359375,3.8431007862091064,0.4681520462036133,236.307058095932,0.6650390625,0.661865234375,0.2352294921875,0.6773691177368164,0.010468087159097195
higgs_public,NLL_OOD,Cov90_OOD,0.12,0.02,0.2,0.0,0.4,0.25,1.0,-1.0,3.1961498260498047,257.9444274902344,4.042654037475586,0.8465042114257812,254.74827766418457,0.67626953125,0.630126953125,0.2197265625,0.445535272359848,0.3278123736381531
higgs_public,NLL_OOD,Cov90_OOD,0.12,0.05,0.0,0.1,0.4,0.25,1.0,-1.0,3.374948740005493,239.6820068359375,4.257516384124756,0.8825676441192627,236.307058095932,0.6650390625,0.63720703125,0.2352294921875,0.4364432096481323,0.3615970015525818
higgs_public,NLL_OOD,Cov90_OOD,0.12,0.02,0.2,0.0,0.4,0.25,1.0,0.85,3.1961498260498047,257.9444274902344,4.1713666915893555,0.9752168655395508,254.74827766418457,0.67626953125,0.6380615234375,0.2197265625,0.13837993144989014,0.3278123736381531
higgs_public,NLL_OOD,Cov90_OOD,0.12,0.05,0.0,0.1,0.4,0.25,1.0,0.85,3.374948740005493,239.6820068359375,4.430487155914307,1.0555384159088135,236.307058095932,0.6650390625,0.6444091796875,0.2352294921875,0.19237235188484192,0.3615970015525818
higgs_public,NLL_OOD,Cov90_OOD,0.12,0.02,0.2,0.0,0.4,0.25,2.0,-1.0,3.1961498260498047,257.9444274902344,4.112483024597168,0.9163331985473633,254.74827766418457,0.67626953125,0.6328125,0.2197265625,0.31045296788215637,0.3278123736381531
higgs_public,NLL_OOD,Cov90_OOD,0.12,0.05,0.0,0.1,0.4,0.25,2.0,-1.0,3.374948740005493,239.6820068359375,4.37014102935791,0.995192289352417,236.307058095932,0.6650390625,0.635986328125,0.2352294921875,0.3226114809513092,0.3615970015525818
higgs_public,NLL_OOD,Cov90_OOD,0.12,0.02,0.2,0.0,0.4,0.25,2.0,0.85,3.1961498260498047,257.9444274902344,3.939173936843872,0.7430241107940674,254.74827766418457,0.67626953125,0.649658203125,0.2197265625,0.06225148215889931,0.3278123736381531
higgs_public,NLL_OOD,Cov90_OOD,0.12,0.05,0.0,0.1,0.4,0.25,2.0,0.85,3.374948740005493,239.6820068359375,4.430074214935303,1.0551254749298096,236.307058095932,0.6650390625,0.6484375,0.2352294921875,0.11522044241428375,0.3615970015525818
higgs_public,NLL_OOD,Cov90_OOD,0.12,0.02,0.2,0.0,0.4,0.5,1.0,-1.0,3.1961498260498047,257.9444274902344,3.7258238792419434,0.5296740531921387,254.74827766418457,0.67626953125,0.630126953125,0.2197265625,0.445535272359848,0.3278123736381531
higgs_public,NLL_OOD,Cov90_OOD,0.12,0.05,0.0,0.1,0.4,0.5,1.0,-1.0,3.374948740005493,239.6820068359375,3.848501205444336,0.4735524654388428,236.307058095932,0.6650390625,0.64892578125,0.2352294921875,0.4364432096481323,0.3615970015525818
higgs_public,NLL_OOD,Cov90_OOD,0.12,0.02,0.2,0.0,0.4,0.5,1.0,0.85,3.1961498260498047,257.9444274902344,3.8907368183135986,0.694586992263794,254.74827766418457,0.67626953125,0.636962890625,0.2197265625,0.13837993144989014,0.3278123736381531
higgs_public,NLL_OOD,Cov90_OOD,0.12,0.05,0.0,0.1,0.4,0.5,1.0,0.85,3.374948740005493,239.6820068359375,4.04013729095459,0.6651885509490967,236.307058095932,0.6650390625,0.6524658203125,0.2352294921875,0.19237235188484192,0.3615970015525818
higgs_public,NLL_OOD,Cov90_OOD,0.12,0.02,0.2,0.0,0.4,0.5,2.0,-1.0,3.1961498260498047,257.9444274902344,3.7668297290802,0.5706799030303955,254.74827766418457,0.67626953125,0.6280517578125,0.2197265625,0.31045296788215637,0.3278123736381531
higgs_public,NLL_OOD,Cov90_OOD,0.12,0.05,0.0,0.1,0.4,0.5,2.0,-1.0,3.374948740005493,239.6820068359375,3.9718053340911865,0.5968565940856934,236.307058095932,0.6650390625,0.6461181640625,0.2352294921875,0.3226114809513092,0.3615970015525818
higgs_public,NLL_OOD,Cov90_OOD,0.12,0.02,0.2,0.0,0.4,0.5,2.0,0.85,3.1961498260498047,257.9444274902344,3.8344359397888184,0.6382861137390137,254.74827766418457,0.67626953125,0.6451416015625,0.2197265625,0.06225148215889931,0.3278123736381531
higgs_public,NLL_OOD,Cov90_OOD,0.12,0.05,0.0,0.1,0.4,0.5,2.0,0.85,3.374948740005493,239.6820068359375,4.132826805114746,0.7578780651092529,236.307058095932,0.6650390625,0.6541748046875,0.2352294921875,0.11522044241428375,0.3615970015525818
higgs_public,NLL_OOD,Cov90_OOD,0.12,0.02,0.2,0.1,0.4,0.25,1.0,-1.0,3.1961498260498047,257.9444274902344,4.034275531768799,0.8381257057189941,254.74827766418457,0.67626953125,0.610595703125,0.2197265625,0.3207069933414459,0.5120062828063965
higgs_public,NLL_OOD,Cov90_OOD,0.12,0.05,0.0,0.2,0.4,0.25,1.0,-1.0,3.374948740005493,239.6820068359375,4.111302852630615,0.7363541126251221,236.307058095932,0.6650390625,0.6319580078125,0.2352294921875,0.26694148778915405,0.7167869806289673
higgs_public,NLL_OOD,Cov90_OOD,0.12,0.02,0.2,0.1,0.4,0.25,1.0,0.85,3.1961498260498047,257.9444274902344,4.378389358520508,1.1822395324707031,254.74827766418457,0.67626953125,0.6219482421875,0.2197265625,0.06663547456264496,0.5120062828063965
higgs_public,NLL_OOD,Cov90_OOD,0.12,0.05,0.0,0.2,0.4,0.25,1.0,0.85,3.374948740005493,239.6820068359375,4.458234786987305,1.0832860469818115,236.307058095932,0.6650390625,0.6378173828125,0.2352294921875,0.0800425335764885,0.7167869806289673
higgs_public,NLL_OOD,Cov90_OOD,0.12,0.02,0.2,0.1,0.4,0.25,2.0,-1.0,3.1961498260498047,257.9444274902344,4.16347599029541,0.9673261642456055,254.74827766418457,0.67626953125,0.611572265625,0.2197265625,0.20138928294181824,0.5120062828063965
higgs_public,NLL_OOD,Cov90_OOD,0.12,0.05,0.0,0.2,0.4,0.25,2.0,-1.0,3.374948740005493,239.6820068359375,4.216545581817627,0.8415968418121338,236.307058095932,0.6650390625,0.6302490234375,0.2352294921875,0.17638950049877167,0.7167869806289673
higgs_public,NLL_OOD,Cov90_OOD,0.12,0.02,0.2,0.1,0.4,0.25,2.0,0.85,3.1961498260498047,257.9444274902344,4.172255992889404,0.9761061668395996,254.74827766418457,0.67626953125,0.6375732421875,0.2197265625,0.02578500472009182,0.5120062828063965
higgs_public,NLL_OOD,Cov90_OOD,0.12,0.02,0.2,0.1,0.4,0.5,1.0,-1.0,3.1961498260498047,257.9444274902344,3.6722617149353027,0.47611188888549805,254.74827766418457,0.67626953125,0.6099853515625,0.2197265625,0.3207069933414459,0.5120062828063965
higgs_public,NLL_OOD,Cov90_OOD,0.12,0.05,0.0,0.2,0.4,0.25,2.0,0.85,3.374948740005493,239.6820068359375,4.634673595428467,1.2597248554229736,236.307058095932,0.6650390625,0.63330078125,0.2352294921875,0.03993328660726547,0.7167869806289673
higgs_public,NLL_OOD,Cov90_OOD,0.12,0.02,0.2,0.1,0.4,0.5,1.0,0.85,3.1961498260498047,257.9444274902344,4.139988899230957,0.9438390731811523,254.74827766418457,0.67626953125,0.6241455078125,0.2197265625,0.06663547456264496,0.5120062828063965
higgs_public,NLL_OOD,Cov90_OOD,0.12,0.05,0.0,0.2,0.4,0.5,1.0,-1.0,3.374948740005493,239.6820068359375,3.7035841941833496,0.32863545417785645,236.307058095932,0.6650390625,0.63916015625,0.2352294921875,0.26694148778915405,0.7167869806289673
higgs_public,NLL_OOD,Cov90_OOD,0.12,0.02,0.2,0.1,0.4,0.5,2.0,-1.0,3.1961498260498047,257.9444274902344,3.8070271015167236,0.610877275466919,254.74827766418457,0.67626953125,0.6080322265625,0.2197265625,0.20138928294181824,0.5120062828063965
higgs_public,NLL_OOD,Cov90_OOD,0.12,0.05,0.0,0.2,0.4,0.5,1.0,0.85,3.374948740005493,239.6820068359375,4.066381931304932,0.6914331912994385,236.307058095932,0.6650390625,0.6422119140625,0.2352294921875,0.0800425335764885,0.7167869806289673
higgs_public,NLL_OOD,Cov90_OOD,0.12,0.02,0.2,0.1,0.4,0.5,2.0,0.85,3.1961498260498047,257.9444274902344,4.005516052246094,0.8093662261962891,254.74827766418457,0.67626953125,0.640869140625,0.2197265625,0.02578500472009182,0.5120062828063965
higgs_public,NLL_OOD,Cov90_OOD,0.12,0.05,0.0,0.2,0.4,0.5,2.0,-1.0,3.374948740005493,239.6820068359375,3.8964896202087402,0.5215408802032471,236.307058095932,0.6650390625,0.6358642578125,0.2352294921875,0.17638950049877167,0.7167869806289673
higgs_public,NLL_OOD,Cov90_OOD,0.12,0.02,0.2,0.2,0.4,0.25,1.0,-1.0,3.1961498260498047,257.9444274902344,3.900033473968506,0.7038836479187012,254.74827766418457,0.67626953125,0.599365234375,0.2197265625,0.24442684650421143,0.6848215460777283
higgs_public,NLL_OOD,Cov90_OOD,0.12,0.05,0.0,0.2,0.4,0.5,2.0,0.85,3.374948740005493,239.6820068359375,4.191435813903809,0.8164870738983154,236.307058095932,0.6650390625,0.6453857421875,0.2352294921875,0.03993328660726547,0.7167869806289673
higgs_public,NLL_OOD,Cov90_OOD,0.12,0.02,0.2,0.2,0.4,0.25,1.0,0.85,3.1961498260498047,257.9444274902344,4.347888946533203,1.1517391204833984,254.74827766418457,0.67626953125,0.620361328125,0.2197265625,0.036653175950050354,0.6848215460777283
higgs_public,NLL_OOD,Cov90_OOD,0.12,0.05,0.1,0.0,0.4,0.25,1.0,-1.0,3.374948740005493,239.6820068359375,4.280359745025635,0.9054110050201416,236.307058095932,0.6650390625,0.63330078125,0.2352294921875,0.5826297998428345,0.16123780608177185
higgs_public,NLL_OOD,Cov90_OOD,0.12,0.02,0.2,0.2,0.4,0.25,2.0,-1.0,3.1961498260498047,257.9444274902344,4.038736820220947,0.8425869941711426,254.74827766418457,0.67626953125,0.6053466796875,0.2197265625,0.14224612712860107,0.6848215460777283
higgs_public,NLL_OOD,Cov90_OOD,0.12,0.05,0.1,0.0,0.4,0.25,1.0,0.85,3.374948740005493,239.6820068359375,4.455340385437012,1.0803916454315186,236.307058095932,0.6650390625,0.6397705078125,0.2352294921875,0.27324992418289185,0.16123780608177185
higgs_public,NLL_OOD,Cov90_OOD,0.12,0.02,0.2,0.2,0.4,0.25,2.0,0.85,3.1961498260498047,257.9444274902344,4.379826068878174,1.1836762428283691,254.74827766418457,0.67626953125,0.6243896484375,0.2197265625,0.01232930738478899,0.6848215460777283
higgs_public,NLL_OOD,Cov90_OOD,0.12,0.05,0.1,0.0,0.4,0.25,2.0,-1.0,3.374948740005493,239.6820068359375,4.273395538330078,0.898446798324585,236.307058095932,0.6650390625,0.6328125,0.2352294921875,0.44876551628112793,0.16123780608177185
higgs_public,NLL_OOD,Cov90_OOD,0.12,0.02,0.2,0.2,0.4,0.5,1.0,-1.0,3.1961498260498047,257.9444274902344,3.5984458923339844,0.4022960662841797,254.74827766418457,0.67626953125,0.6021728515625,0.2197265625,0.24442684650421143,0.6848215460777283
higgs_public,NLL_OOD,Cov90_OOD,0.12,0.05,0.1,0.0,0.4,0.25,2.0,0.85,3.374948740005493,239.6820068359375,4.365975856781006,0.9910271167755127,236.307058095932,0.6650390625,0.6453857421875,0.2352294921875,0.15186752378940582,0.16123780608177185
higgs_public,NLL_OOD,Cov90_OOD,0.12,0.02,0.2,0.2,0.4,0.5,1.0,0.85,3.1961498260498047,257.9444274902344,4.029709339141846,0.833559513092041,254.74827766418457,0.67626953125,0.6224365234375,0.2197265625,0.036653175950050354,0.6848215460777283
higgs_public,NLL_OOD,Cov90_OOD,0.12,0.05,0.1,0.0,0.4,0.5,1.0,-1.0,3.374948740005493,239.6820068359375,4.056613445281982,0.6816647052764893,236.307058095932,0.6650390625,0.6343994140625,0.2352294921875,0.5826297998428345,0.16123780608177185
higgs_public,NLL_OOD,Cov90_OOD,0.12,0.02,0.2,0.2,0.4,0.5,2.0,-1.0,3.1961498260498047,257.9444274902344,3.7628867626190186,0.5667369365692139,254.74827766418457,0.67626953125,0.60302734375,0.2197265625,0.14224612712860107,0.6848215460777283
higgs_public,NLL_OOD,Cov90_OOD,0.12,0.05,0.1,0.0,0.4,0.5,1.0,0.85,3.374948740005493,239.6820068359375,4.164149284362793,0.7892005443572998,236.307058095932,0.6650390625,0.635498046875,0.2352294921875,0.27324992418289185,0.16123780608177185
higgs_public,NLL_OOD,Cov90_OOD,0.12,0.02,0.2,0.2,0.4,0.5,2.0,0.85,3.1961498260498047,257.9444274902344,3.9464468955993652,0.7502970695495605,254.74827766418457,0.67626953125,0.6427001953125,0.2197265625,0.01232930738478899,0.6848215460777283
higgs_public,NLL_OOD,Cov90_OOD,0.12,0.05,0.1,0.0,0.4,0.5,2.0,-1.0,3.374948740005493,239.6820068359375,4.092367649078369,0.717418909072876,236.307058095932,0.6650390625,0.634765625,0.2352294921875,0.44876551628112793,0.16123780608177185
higgs_public,NLL_OOD,Cov90_OOD,0.12,0.05,0.0,0.0,0.4,0.25,1.0,-1.0,3.1961498260498047,257.9444274902344,4.053475856781006,0.8573260307312012,254.74827766418457,0.67626953125,0.665283203125,0.2197265625,0.9228845834732056,0.01078049372881651
higgs_public,NLL_OOD,Cov90_OOD,0.12,0.05,0.1,0.0,0.4,0.5,2.0,0.85,3.374948740005493,239.6820068359375,4.075262069702148,0.7003133296966553,236.307058095932,0.6650390625,0.651123046875,0.2352294921875,0.15186752378940582,0.16123780608177185
higgs_public,NLL_OOD,Cov90_OOD,0.12,0.05,0.0,0.0,0.4,0.25,1.0,0.85,3.1961498260498047,257.9444274902344,4.06132698059082,0.8651771545410156,254.74827766418457,0.67626953125,0.668212890625,0.2197265625,0.8124582767486572,0.01078049372881651
higgs_public,NLL_OOD,Cov90_OOD,0.12,0.05,0.1,0.1,0.4,0.25,1.0,-1.0,3.374948740005493,239.6820068359375,4.048491954803467,0.6735432147979736,236.307058095932,0.6650390625,0.6373291015625,0.2352294921875,0.36112290620803833,0.43042176961898804
higgs_public,NLL_OOD,Cov90_OOD,0.12,0.05,0.0,0.0,0.4,0.25,2.0,-1.0,3.1961498260498047,257.9444274902344,4.072110176086426,0.8759603500366211,254.74827766418457,0.67626953125,0.66455078125,0.2197265625,0.8632777333259583,0.01078049372881651
higgs_public,NLL_OOD,Cov90_OOD,0.12,0.05,0.0,0.0,0.4,0.25,2.0,0.85,3.1961498260498047,257.9444274902344,4.118893146514893,0.9227433204650879,254.74827766418457,0.67626953125,0.66748046875,0.2197265625,0.6680684089660645,0.01078049372881651
higgs_public,NLL_OOD,Cov90_OOD,0.12,0.05,0.1,0.1,0.4,0.25,1.0,0.85,3.374948740005493,239.6820068359375,4.358268737792969,0.9833199977874756,236.307058095932,0.6650390625,0.632568359375,0.2352294921875,0.10707017034292221,0.43042176961898804
higgs_public,NLL_OOD,Cov90_OOD,0.12,0.05,0.0,0.0,0.4,0.5,1.0,-1.0,3.1961498260498047,257.9444274902344,3.700730323791504,0.5045804977416992,254.74827766418457,0.67626953125,0.68359375,0.2197265625,0.9228845834732056,0.01078049372881651
higgs_public,NLL_OOD,Cov90_OOD,0.12,0.05,0.1,0.1,0.4,0.25,2.0,-1.0,3.374948740005493,239.6820068359375,4.13505220413208,0.7601034641265869,236.307058095932,0.6650390625,0.6351318359375,0.2352294921875,0.2435770332813263,0.43042176961898804
higgs_public,NLL_OOD,Cov90_OOD,0.12,0.05,0.0,0.0,0.4,0.5,1.0,0.85,3.1961498260498047,257.9444274902344,3.7233800888061523,0.5272302627563477,254.74827766418457,0.67626953125,0.6820068359375,0.2197265625,0.8124582767486572,0.01078049372881651
higgs_public,NLL_OOD,Cov90_OOD,0.12,0.05,0.1,0.1,0.4,0.25,2.0,0.85,3.374948740005493,239.6820068359375,4.30552864074707,0.9305799007415771,236.307058095932,0.6650390625,0.64697265625,0.2352294921875,0.047163158655166626,0.43042176961898804
higgs_public,NLL_OOD,Cov90_OOD,0.12,0.05,0.0,0.0,0.4,0.5,2.0,-1.0,3.1961498260498047,257.9444274902344,3.699275493621826,0.5031256675720215,254.74827766418457,0.67626953125,0.68359375,0.2197265625,0.8632777333259583,0.01078049372881651
higgs_public,NLL_OOD,Cov90_OOD,0.12,0.05,0.1,0.1,0.4,0.5,1.0,-1.0,3.374948740005493,239.6820068359375,3.6935112476348877,0.31856250762939453,236.307058095932,0.6650390625,0.6448974609375,0.2352294921875,0.36112290620803833,0.43042176961898804
higgs_public,NLL_OOD,Cov90_OOD,0.12,0.05,0.0,0.0,0.4,0.5,2.0,0.85,3.1961498260498047,257.9444274902344,3.748309373855591,0.5521595478057861,254.74827766418457,0.67626953125,0.6806640625,0.2197265625,0.6680684089660645,0.01078049372881651
higgs_public,NLL_OOD,Cov90_OOD,0.12,0.05,0.1,0.1,0.4,0.5,1.0,0.85,3.374948740005493,239.6820068359375,4.020293235778809,0.6453444957733154,236.307058095932,0.6650390625,0.6483154296875,0.2352294921875,0.10707017034292221,0.43042176961898804
higgs_public,NLL_OOD,Cov90_OOD,0.12,0.05,0.0,0.1,0.4,0.25,1.0,-1.0,3.1961498260498047,257.9444274902344,4.297032356262207,1.1008825302124023,254.74827766418457,0.67626953125,0.6502685546875,0.2197265625,0.4319668412208557,0.36848559975624084
higgs_public,NLL_OOD,Cov90_OOD,0.12,0.05,0.1,0.1,0.4,0.5,2.0,-1.0,3.374948740005493,239.6820068359375,3.8157143592834473,0.4407656192779541,236.307058095932,0.6650390625,0.646728515625,0.2352294921875,0.2435770332813263,0.43042176961898804
higgs_public,NLL_OOD,Cov90_OOD,0.12,0.05,0.0,0.1,0.4,0.25,1.0,0.85,3.1961498260498047,257.9444274902344,4.46237850189209,1.2662286758422852,254.74827766418457,0.67626953125,0.64208984375,0.2197265625,0.1873217076063156,0.36848559975624084
higgs_public,NLL_OOD,Cov90_OOD,0.12,0.05,0.1,0.1,0.4,0.5,2.0,0.85,3.374948740005493,239.6820068359375,3.935643196105957,0.5606944561004639,236.307058095932,0.6650390625,0.6578369140625,0.2352294921875,0.047163158655166626,0.43042176961898804
higgs_public,NLL_OOD,Cov90_OOD,0.12,0.05,0.0,0.1,0.4,0.25,2.0,-1.0,3.1961498260498047,257.9444274902344,4.298342227935791,1.1021924018859863,254.74827766418457,0.67626953125,0.646484375,0.2197265625,0.3174498975276947,0.36848559975624084
higgs_public,NLL_OOD,Cov90_OOD,0.12,0.05,0.1,0.2,0.4,0.25,1.0,-1.0,3.374948740005493,239.6820068359375,3.9052717685699463,0.5303230285644531,236.307058095932,0.6650390625,0.6181640625,0.2352294921875,0.24926280975341797,0.6975883841514587
higgs_public,NLL_OOD,Cov90_OOD,0.12,0.05,0.0,0.1,0.4,0.25,2.0,0.85,3.1961498260498047,257.9444274902344,4.494410514831543,1.2982606887817383,254.74827766418457,0.67626953125,0.647216796875,0.2197265625,0.1098833903670311,0.36848559975624084
higgs_public,NLL_OOD,Cov90_OOD,0.12,0.05,0.1,0.2,0.4,0.25,1.0,0.85,3.374948740005493,239.6820068359375,4.349656581878662,0.974707841873169,236.307058095932,0.6650390625,0.6324462890625,0.2352294921875,0.05427079275250435,0.6975883841514587
higgs_public,NLL_OOD,Cov90_OOD,0.12,0.05,0.0,0.1,0.4,0.5,1.0,-1.0,3.1961498260498047,257.9444274902344,3.802671432495117,0.6065216064453125,254.74827766418457,0.67626953125,0.6627197265625,0.2197265625,0.4319668412208557,0.36848559975624084
higgs_public,NLL_OOD,Cov90_OOD,0.12,0.05,0.1,0.2,0.4,0.25,2.0,-1.0,3.374948740005493,239.6820068359375,4.032649517059326,0.657700777053833,236.307058095932,0.6650390625,0.6265869140625,0.2352294921875,0.15480434894561768,0.6975883841514587
higgs_public,NLL_OOD,Cov90_OOD,0.12,0.05,0.0,0.1,0.4,0.5,1.0,0.85,3.1961498260498047,257.9444274902344,3.990487813949585,0.7943379878997803,254.74827766418457,0.67626953125,0.657470703125,0.2197265625,0.1873217076063156,0.36848559975624084
higgs_public,NLL_OOD,Cov90_OOD,0.12,0.05,0.0,0.1,0.4,0.5,2.0,-1.0,3.1961498260498047,257.9444274902344,3.91025972366333,0.7141098976135254,254.74827766418457,0.67626953125,0.6619873046875,0.2197265625,0.3174498975276947,0.36848559975624084
higgs_public,NLL_OOD,Cov90_OOD,0.12,0.05,0.1,0.2,0.4,0.25,2.0,0.85,3.374948740005493,239.6820068359375,4.228401184082031,0.8534524440765381,236.307058095932,0.6650390625,0.654541015625,0.2352294921875,0.021125581115484238,0.6975883841514587
higgs_public,NLL_OOD,Cov90_OOD,0.12,0.05,0.0,0.1,0.4,0.5,2.0,0.85,3.1961498260498047,257.9444274902344,4.00879430770874,0.8126444816589355,254.74827766418457,0.67626953125,0.6575927734375,0.2197265625,0.1098833903670311,0.36848559975624084
higgs_public,NLL_OOD,Cov90_OOD,0.12,0.05,0.1,0.2,0.4,0.5,1.0,-1.0,3.374948740005493,239.6820068359375,3.559948682785034,0.18499994277954102,236.307058095932,0.6650390625,0.6351318359375,0.2352294921875,0.24926280975341797,0.6975883841514587
higgs_public,NLL_OOD,Cov90_OOD,0.12,0.05,0.0,0.2,0.4,0.25,1.0,-1.0,3.1961498260498047,257.9444274902344,4.105926513671875,0.9097766876220703,254.74827766418457,0.67626953125,0.636962890625,0.2197265625,0.26405882835388184,0.7306674718856812
higgs_public,NLL_OOD,Cov90_OOD,0.12,0.05,0.1,0.2,0.4,0.5,1.0,0.85,3.374948740005493,239.6820068359375,3.962777614593506,0.5878288745880127,236.307058095932,0.6650390625,0.650146484375,0.2352294921875,0.05427079275250435,0.6975883841514587
higgs_public,NLL_OOD,Cov90_OOD,0.12,0.05,0.0,0.2,0.4,0.25,1.0,0.85,3.1961498260498047,257.9444274902344,4.414043426513672,1.2178936004638672,254.74827766418457,0.67626953125,0.6324462890625,0.2197265625,0.07565883547067642,0.7306674718856812
higgs_public,NLL_OOD,Cov90_OOD,0.12,0.05,0.1,0.2,0.4,0.5,2.0,-1.0,3.374948740005493,239.6820068359375,3.6987836360931396,0.3238348960876465,236.307058095932,0.6650390625,0.6334228515625,0.2352294921875,0.15480434894561768,0.6975883841514587
higgs_public,NLL_OOD,Cov90_OOD,0.12,0.05,0.0,0.2,0.4,0.25,2.0,-1.0,3.1961498260498047,257.9444274902344,4.231293678283691,1.0351438522338867,254.74827766418457,0.67626953125,0.6343994140625,0.2197265625,0.17337840795516968,0.7306674718856812
higgs_public,NLL_OOD,Cov90_OOD,0.12,0.05,0.1,0.2,0.4,0.5,2.0,0.85,3.374948740005493,239.6820068359375,4.063637733459473,0.6886889934539795,236.307058095932,0.6650390625,0.65576171875,0.2352294921875,0.021125581115484238,0.6975883841514587
higgs_public,NLL_OOD,Cov90_OOD,0.12,0.05,0.0,0.2,0.4,0.25,2.0,0.85,3.1961498260498047,257.9444274902344,4.503303527832031,1.3071537017822266,254.74827766418457,0.67626953125,0.632568359375,0.2197265625,0.03700709342956543,0.7306674718856812
higgs_public,NLL_OOD,Cov90_OOD,0.12,0.05,0.2,0.0,0.4,0.25,1.0,-1.0,3.374948740005493,239.6820068359375,4.257174015045166,0.8822252750396729,236.307058095932,0.6650390625,0.6231689453125,0.2352294921875,0.4415186941623688,0.32000377774238586
higgs_public,NLL_OOD,Cov90_OOD,0.12,0.05,0.0,0.2,0.4,0.5,1.0,-1.0,3.1961498260498047,257.9444274902344,3.578484296798706,0.38233447074890137,254.74827766418457,0.67626953125,0.6495361328125,0.2197265625,0.26405882835388184,0.7306674718856812
higgs_public,NLL_OOD,Cov90_OOD,0.12,0.05,0.2,0.0,0.4,0.25,1.0,0.85,3.374948740005493,239.6820068359375,4.447961330413818,1.0730125904083252,236.307058095932,0.6650390625,0.6312255859375,0.2352294921875,0.13430996239185333,0.32000377774238586
higgs_public,NLL_OOD,Cov90_OOD,0.12,0.05,0.0,0.2,0.4,0.5,1.0,0.85,3.1961498260498047,257.9444274902344,3.9608116149902344,0.7646617889404297,254.74827766418457,0.67626953125,0.6427001953125,0.2197265625,0.07565883547067642,0.7306674718856812
higgs_public,NLL_OOD,Cov90_OOD,0.12,0.05,0.2,0.0,0.4,0.25,2.0,-1.0,3.374948740005493,239.6820068359375,4.3925700187683105,1.0176212787628174,236.307058095932,0.6650390625,0.625,0.2352294921875,0.3060382008552551,0.32000377774238586
higgs_public,NLL_OOD,Cov90_OOD,0.12,0.05,0.0,0.2,0.4,0.5,2.0,-1.0,3.1961498260498047,257.9444274902344,3.751354217529297,0.5552043914794922,254.74827766418457,0.67626953125,0.6446533203125,0.2197265625,0.17337840795516968,0.7306674718856812
higgs_public,NLL_OOD,Cov90_OOD,0.12,0.05,0.2,0.0,0.4,0.25,2.0,0.85,3.374948740005493,239.6820068359375,4.457406520843506,1.0824577808380127,236.307058095932,0.6650390625,0.642333984375,0.2352294921875,0.05956590548157692,0.32000377774238586
higgs_public,NLL_OOD,Cov90_OOD,0.12,0.05,0.0,0.2,0.4,0.5,2.0,0.85,3.1961498260498047,257.9444274902344,4.153567314147949,0.9574174880981445,254.74827766418457,0.67626953125,0.6356201171875,0.2197265625,0.03700709342956543,0.7306674718856812
higgs_public,NLL_OOD,Cov90_OOD,0.12,0.05,0.2,0.0,0.4,0.5,1.0,-1.0,3.374948740005493,239.6820068359375,3.8812246322631836,0.5062758922576904,236.307058095932,0.6650390625,0.62109375,0.2352294921875,0.4415186941623688,0.32000377774238586
higgs_public,NLL_OOD,Cov90_OOD,0.12,0.05,0.1,0.0,0.4,0.25,1.0,-1.0,3.1961498260498047,257.9444274902344,4.001664161682129,0.8055143356323242,254.74827766418457,0.67626953125,0.651123046875,0.2197265625,0.5776054859161377,0.16630901396274567
higgs_public,NLL_OOD,Cov90_OOD,0.12,0.05,0.2,0.0,0.4,0.5,1.0,0.85,3.374948740005493,239.6820068359375,4.226913928985596,0.8519651889801025,236.307058095932,0.6650390625,0.6300048828125,0.2352294921875,0.13430996239185333,0.32000377774238586
higgs_public,NLL_OOD,Cov90_OOD,0.12,0.05,0.1,0.0,0.4,0.25,1.0,0.85,3.1961498260498047,257.9444274902344,4.134799480438232,0.9386496543884277,254.74827766418457,0.67626953125,0.64794921875,0.2197265625,0.26419922709465027,0.16630901396274567
higgs_public,NLL_OOD,Cov90_OOD,0.12,0.05,0.1,0.0,0.4,0.25,2.0,-1.0,3.1961498260498047,257.9444274902344,4.101019859313965,0.9048700332641602,254.74827766418457,0.67626953125,0.6484375,0.2197265625,0.44323667883872986,0.16630901396274567
higgs_public,NLL_OOD,Cov90_OOD,0.12,0.05,0.2,0.0,0.4,0.5,2.0,-1.0,3.374948740005493,239.6820068359375,4.032927989959717,0.6579792499542236,236.307058095932,0.6650390625,0.6229248046875,0.2352294921875,0.3060382008552551,0.32000377774238586
higgs_public,NLL_OOD,Cov90_OOD,0.12,0.05,0.1,0.0,0.4,0.25,2.0,0.85,3.1961498260498047,257.9444274902344,4.12421178817749,0.9280619621276855,254.74827766418457,0.67626953125,0.655029296875,0.2197265625,0.14953577518463135,0.16630901396274567
higgs_public,NLL_OOD,Cov90_OOD,0.12,0.05,0.2,0.0,0.4,0.5,2.0,0.85,3.374948740005493,239.6820068359375,4.171921730041504,0.7969729900360107,236.307058095932,0.6650390625,0.6380615234375,0.2352294921875,0.05956590548157692,0.32000377774238586
higgs_public,NLL_OOD,Cov90_OOD,0.12,0.05,0.1,0.0,0.4,0.5,1.0,-1.0,3.1961498260498047,257.9444274902344,3.6909899711608887,0.494840145111084,254.74827766418457,0.67626953125,0.645263671875,0.2197265625,0.5776054859161377,0.16630901396274567
higgs_public,NLL_OOD,Cov90_OOD,0.12,0.05,0.2,0.1,0.4,0.25,1.0,-1.0,3.374948740005493,239.6820068359375,4.047225475311279,0.6722767353057861,236.307058095932,0.6650390625,0.615234375,0.2352294921875,0.3171669840812683,0.5020149350166321
higgs_public,NLL_OOD,Cov90_OOD,0.12,0.05,0.1,0.0,0.4,0.5,1.0,0.85,3.1961498260498047,257.9444274902344,3.9333882331848145,0.7372384071350098,254.74827766418457,0.67626953125,0.6435546875,0.2197265625,0.26419922709465027,0.16630901396274567
higgs_public,NLL_OOD,Cov90_OOD,0.12,0.05,0.2,0.1,0.4,0.25,1.0,0.85,3.374948740005493,239.6820068359375,4.389826774597168,1.0148780345916748,236.307058095932,0.6650390625,0.6240234375,0.2352294921875,0.06421324610710144,0.5020149350166321
higgs_public,NLL_OOD,Cov90_OOD,0.12,0.05,0.1,0.0,0.4,0.5,2.0,-1.0,3.1961498260498047,257.9444274902344,3.792222499847412,0.5960726737976074,254.74827766418457,0.67626953125,0.643798828125,0.2197265625,0.44323667883872986,0.16630901396274567
higgs_public,NLL_OOD,Cov90_OOD,0.12,0.05,0.2,0.1,0.4,0.25,2.0,-1.0,3.374948740005493,239.6820068359375,4.14210319519043,0.7671544551849365,236.307058095932,0.6650390625,0.6090087890625,0.2352294921875,0.19787022471427917,0.5020149350166321
higgs_public,NLL_OOD,Cov90_OOD,0.12,0.05,0.1,0.0,0.4,0.5,2.0,0.85,3.1961498260498047,257.9444274902344,3.8518872261047363,0.6557374000549316,254.74827766418457,0.67626953125,0.6536865234375,0.2197265625,0.14953577518463135,0.16630901396274567
higgs_public,NLL_OOD,Cov90_OOD,0.12,0.05,0.2,0.1,0.4,0.25,2.0,0.85,3.374948740005493,239.6820068359375,4.492495536804199,1.117546796798706,236.307058095932,0.6650390625,0.6339111328125,0.2352294921875,0.02314990758895874,0.5020149350166321
higgs_public,NLL_OOD,Cov90_OOD,0.12,0.05,0.1,0.1,0.4,0.25,1.0,-1.0,3.1961498260498047,257.9444274902344,4.004489898681641,0.8083400726318359,254.74827766418457,0.67626953125,0.6285400390625,0.2197265625,0.35785117745399475,0.44217178225517273
higgs_public,NLL_OOD,Cov90_OOD,0.12,0.05,0.2,0.1,0.4,0.5,1.0,-1.0,3.374948740005493,239.6820068359375,3.6852054595947266,0.3102567195892334,236.307058095932,0.6650390625,0.6195068359375,0.2352294921875,0.3171669840812683,0.5020149350166321
higgs_public,NLL_OOD,Cov90_OOD,0.12,0.05,0.1,0.1,0.4,0.25,1.0,0.85,3.1961498260498047,257.9444274902344,4.218018531799316,1.0218687057495117,254.74827766418457,0.67626953125,0.6270751953125,0.2197265625,0.10326111316680908,0.44217178225517273
higgs_public,NLL_OOD,Cov90_OOD,0.12,0.05,0.2,0.1,0.4,0.5,1.0,0.85,3.374948740005493,239.6820068359375,4.088967800140381,0.7140190601348877,236.307058095932,0.6650390625,0.630859375,0.2352294921875,0.06421324610710144,0.5020149350166321
higgs_public,NLL_OOD,Cov90_OOD,0.12,0.05,0.1,0.1,0.4,0.25,2.0,-1.0,3.1961498260498047,257.9444274902344,4.10971736907959,0.9135675430297852,254.74827766418457,0.67626953125,0.6280517578125,0.2197265625,0.2405957579612732,0.44217178225517273
higgs_public,NLL_OOD,Cov90_OOD,0.12,0.05,0.2,0.1,0.4,0.5,2.0,-1.0,3.374948740005493,239.6820068359375,3.8522391319274902,0.47729039192199707,236.307058095932,0.6650390625,0.6175537109375,0.2352294921875,0.19787022471427917,0.5020149350166321
higgs_public,NLL_OOD,Cov90_OOD,0.12,0.05,0.1,0.1,0.4,0.25,2.0,0.85,3.1961498260498047,257.9444274902344,4.149744987487793,0.9535951614379883,254.74827766418457,0.67626953125,0.6456298828125,0.2197265625,0.04602963849902153,0.44217178225517273
higgs_public,NLL_OOD,Cov90_OOD,0.12,0.05,0.2,0.1,0.4,0.5,2.0,0.85,3.374948740005493,239.6820068359375,4.134711265563965,0.7597625255584717,236.307058095932,0.6650390625,0.63427734375,0.2352294921875,0.02314990758895874,0.5020149350166321
higgs_public,NLL_OOD,Cov90_OOD,0.12,0.05,0.1,0.1,0.4,0.5,1.0,-1.0,3.1961498260498047,257.9444274902344,3.6000771522521973,0.4039273262023926,254.74827766418457,0.67626953125,0.63330078125,0.2197265625,0.35785117745399475,0.44217178225517273
higgs_public,NLL_OOD,Cov90_OOD,0.12,0.05,0.2,0.2,0.4,0.25,1.0,-1.0,3.374948740005493,239.6820068359375,3.9972870349884033,0.6223382949829102,236.307058095932,0.6650390625,0.6043701171875,0.2352294921875,0.24193093180656433,0.6718266606330872
higgs_public,NLL_OOD,Cov90_OOD,0.12,0.05,0.1,0.1,0.4,0.5,1.0,0.85,3.1961498260498047,257.9444274902344,3.9761152267456055,0.7799654006958008,254.74827766418457,0.67626953125,0.641845703125,0.2197265625,0.10326111316680908,0.44217178225517273
higgs_public,NLL_OOD,Cov90_OOD,0.12,0.05,0.2,0.2,0.4,0.25,1.0,0.85,3.374948740005493,239.6820068359375,4.257954120635986,0.8830053806304932,236.307058095932,0.6650390625,0.6224365234375,0.2352294921875,0.034495092928409576,0.6718266606330872
higgs_public,NLL_OOD,Cov90_OOD,0.12,0.05,0.1,0.1,0.4,0.5,2.0,-1.0,3.1961498260498047,257.9444274902344,3.739572763442993,0.5434229373931885,254.74827766418457,0.67626953125,0.635498046875,0.2197265625,0.2405957579612732,0.44217178225517273
higgs_public,NLL_OOD,Cov90_OOD,0.12,0.05,0.1,0.1,0.4,0.5,2.0,0.85,3.1961498260498047,257.9444274902344,3.886995315551758,0.6908454895019531,254.74827766418457,0.67626953125,0.65966796875,0.2197265625,0.04602963849902153,0.44217178225517273
higgs_public,NLL_OOD,Cov90_OOD,0.12,0.05,0.2,0.2,0.4,0.25,2.0,-1.0,3.374948740005493,239.6820068359375,4.202202796936035,0.827254056930542,236.307058095932,0.6650390625,0.60400390625,0.2352294921875,0.13983534276485443,0.6718266606330872
higgs_public,NLL_OOD,Cov90_OOD,0.12,0.05,0.1,0.2,0.4,0.25,1.0,-1.0,3.1961498260498047,257.9444274902344,3.8136987686157227,0.617548942565918,254.74827766418457,0.67626953125,0.6168212890625,0.2197265625,0.2475758194923401,0.7128453254699707
higgs_public,NLL_OOD,Cov90_OOD,0.12,0.05,0.2,0.2,0.4,0.25,2.0,0.85,3.374948740005493,239.6820068359375,4.415228366851807,1.0402796268463135,236.307058095932,0.6650390625,0.6363525390625,0.2352294921875,0.010671781376004219,0.6718266606330872
higgs_public,NLL_OOD,Cov90_OOD,0.12,0.05,0.1,0.2,0.4,0.25,1.0,0.85,3.1961498260498047,257.9444274902344,4.274237155914307,1.078087329864502,254.74827766418457,0.67626953125,0.6292724609375,0.2197265625,0.051646582782268524,0.7128453254699707
higgs_public,NLL_OOD,Cov90_OOD,0.12,0.05,0.2,0.2,0.4,0.5,1.0,-1.0,3.374948740005493,239.6820068359375,3.6017866134643555,0.2268378734588623,236.307058095932,0.6650390625,0.61181640625,0.2352294921875,0.24193093180656433,0.6718266606330872
higgs_public,NLL_OOD,Cov90_OOD,0.12,0.05,0.1,0.2,0.4,0.25,2.0,-1.0,3.1961498260498047,257.9444274902344,3.9903182983398438,0.7941684722900391,254.74827766418457,0.67626953125,0.6192626953125,0.2197265625,0.1529550701379776,0.7128453254699707
higgs_public,NLL_OOD,Cov90_OOD,0.12,0.05,0.2,0.2,0.4,0.5,1.0,0.85,3.374948740005493,239.6820068359375,3.9195809364318848,0.5446321964263916,236.307058095932,0.6650390625,0.6343994140625,0.2352294921875,0.034495092928409576,0.6718266606330872
higgs_public,NLL_OOD,Cov90_OOD,0.12,0.05,0.1,0.2,0.4,0.25,2.0,0.85,3.1961498260498047,257.9444274902344,4.216641902923584,1.0204920768737793,254.74827766418457,0.67626953125,0.633544921875,0.2197265625,0.019915932789444923,0.7128453254699707
higgs_public,NLL_OOD,Cov90_OOD,0.12,0.05,0.2,0.2,0.4,0.5,2.0,-1.0,3.374948740005493,239.6820068359375,3.7581870555877686,0.3832383155822754,236.307058095932,0.6650390625,0.6131591796875,0.2352294921875,0.13983534276485443,0.6718266606330872
higgs_public,NLL_OOD,Cov90_OOD,0.12,0.05,0.1,0.2,0.4,0.5,1.0,-1.0,3.1961498260498047,257.9444274902344,3.5042359828948975,0.3080861568450928,254.74827766418457,0.67626953125,0.6263427734375,0.2197265625,0.2475758194923401,0.7128453254699707
higgs_public,NLL_OOD,Cov90_OOD,0.12,0.05,0.2,0.2,0.4,0.5,2.0,0.85,3.374948740005493,239.6820068359375,3.8817431926727295,0.5067944526672363,236.307058095932,0.6650390625,0.6649169921875,0.2352294921875,0.010671781376004219,0.6718266606330872
higgs_public,NLL_OOD,Cov90_OOD,0.12,0.05,0.1,0.2,0.4,0.5,1.0,0.85,3.1961498260498047,257.9444274902344,3.943326473236084,0.7471766471862793,254.74827766418457,0.67626953125,0.62939453125,0.2197265625,0.051646582782268524,0.7128453254699707
higgs_public,NLL_OOD,Cov90_OOD,0.12,0.1,0.0,0.0,0.4,0.25,1.0,-1.0,3.374948740005493,239.6820068359375,4.050727844238281,0.6757791042327881,236.307058095932,0.6650390625,0.65771484375,0.2352294921875,0.7765622138977051,0.042731329798698425
higgs_public,NLL_OOD,Cov90_OOD,0.12,0.05,0.1,0.2,0.4,0.5,2.0,-1.0,3.1961498260498047,257.9444274902344,3.6432933807373047,0.4471435546875,254.74827766418457,0.67626953125,0.62451171875,0.2197265625,0.1529550701379776,0.7128453254699707
higgs_public,NLL_OOD,Cov90_OOD,0.12,0.1,0.0,0.0,0.4,0.25,1.0,0.85,3.374948740005493,239.6820068359375,4.090821743011475,0.7158730030059814,236.307058095932,0.6650390625,0.65771484375,0.2352294921875,0.5070730447769165,0.042731329798698425
higgs_public,NLL_OOD,Cov90_OOD,0.12,0.05,0.1,0.2,0.4,0.5,2.0,0.85,3.1961498260498047,257.9444274902344,4.052702903747559,0.8565530776977539,254.74827766418457,0.67626953125,0.6365966796875,0.2197265625,0.019915932789444923,0.7128453254699707
higgs_public,NLL_OOD,Cov90_OOD,0.12,0.1,0.0,0.0,0.4,0.25,2.0,-1.0,3.374948740005493,239.6820068359375,4.025053977966309,0.6501052379608154,236.307058095932,0.6650390625,0.657958984375,0.2352294921875,0.6594113111495972,0.042731329798698425
higgs_public,NLL_OOD,Cov90_OOD,0.12,0.05,0.2,0.0,0.4,0.25,1.0,-1.0,3.1961498260498047,257.9444274902344,4.01963996887207,0.8234901428222656,254.74827766418457,0.67626953125,0.6336669921875,0.2197265625,0.4363647997379303,0.33194854855537415
higgs_public,NLL_OOD,Cov90_OOD,0.12,0.1,0.0,0.0,0.4,0.25,2.0,0.85,3.374948740005493,239.6820068359375,4.098546981811523,0.7235982418060303,236.307058095932,0.6650390625,0.6566162109375,0.2352294921875,0.3457908630371094,0.042731329798698425
higgs_public,NLL_OOD,Cov90_OOD,0.12,0.05,0.2,0.0,0.4,0.25,1.0,0.85,3.1961498260498047,257.9444274902344,4.083954811096191,0.8878049850463867,254.74827766418457,0.67626953125,0.6373291015625,0.2197265625,0.13127177953720093,0.33194854855537415
higgs_public,NLL_OOD,Cov90_OOD,0.12,0.1,0.0,0.0,0.4,0.5,1.0,-1.0,3.374948740005493,239.6820068359375,3.8065602779388428,0.4316115379333496,236.307058095932,0.6650390625,0.66455078125,0.2352294921875,0.7765622138977051,0.042731329798698425
higgs_public,NLL_OOD,Cov90_OOD,0.12,0.05,0.2,0.0,0.4,0.25,2.0,-1.0,3.1961498260498047,257.9444274902344,4.130906105041504,0.9347562789916992,254.74827766418457,0.67626953125,0.631591796875,0.2197265625,0.30104056000709534,0.33194854855537415
higgs_public,NLL_OOD,Cov90_OOD,0.12,0.1,0.0,0.0,0.4,0.5,1.0,0.85,3.374948740005493,239.6820068359375,3.871790647506714,0.4968419075012207,236.307058095932,0.6650390625,0.6619873046875,0.2352294921875,0.5070730447769165,0.042731329798698425
higgs_public,NLL_OOD,Cov90_OOD,0.12,0.05,0.2,0.0,0.4,0.25,2.0,0.85,3.1961498260498047,257.9444274902344,4.015693664550781,0.8195438385009766,254.74827766418457,0.67626953125,0.6502685546875,0.2197265625,0.057911042124032974,0.33194854855537415
higgs_public,NLL_OOD,Cov90_OOD,0.12,0.1,0.0,0.0,0.4,0.5,2.0,-1.0,3.374948740005493,239.6820068359375,3.8094310760498047,0.4344823360443115,236.307058095932,0.6650390625,0.662841796875,0.2352294921875,0.6594113111495972,0.042731329798698425
higgs_public,NLL_OOD,Cov90_OOD,0.12,0.05,0.2,0.0,0.4,0.5,1.0,-1.0,3.1961498260498047,257.9444274902344,3.7016220092773438,0.5054721832275391,254.74827766418457,0.67626953125,0.6309814453125,0.2197265625,0.4363647997379303,0.33194854855537415
higgs_public,NLL_OOD,Cov90_OOD,0.12,0.1,0.0,0.0,0.4,0.5,2.0,0.85,3.374948740005493,239.6820068359375,3.8683478832244873,0.49339914321899414,236.307058095932,0.6650390625,0.660400390625,0.2352294921875,0.3457908630371094,0.042731329798698425
higgs_public,NLL_OOD,Cov90_OOD,0.12,0.05,0.2,0.0,0.4,0.5,1.0,0.85,3.1961498260498047,257.9444274902344,3.8692305088043213,0.6730806827545166,254.74827766418457,0.67626953125,0.6402587890625,0.2197265625,0.13127177953720093,0.33194854855537415
higgs_public,NLL_OOD,Cov90_OOD,0.12,0.1,0.0,0.1,0.4,0.25,1.0,-1.0,3.374948740005493,239.6820068359375,4.254470348358154,0.8795216083526611,236.307058095932,0.6650390625,0.64013671875,0.2352294921875,0.39911386370658875,0.39033740758895874
higgs_public,NLL_OOD,Cov90_OOD,0.12,0.05,0.2,0.0,0.4,0.5,2.0,-1.0,3.1961498260498047,257.9444274902344,3.8000380992889404,0.6038882732391357,254.74827766418457,0.67626953125,0.6317138671875,0.2197265625,0.30104056000709534,0.33194854855537415
higgs_public,NLL_OOD,Cov90_OOD,0.12,0.1,0.0,0.1,0.4,0.25,1.0,0.85,3.374948740005493,239.6820068359375,4.378617286682129,1.0036685466766357,236.307058095932,0.6650390625,0.6436767578125,0.2352294921875,0.15072543919086456,0.39033740758895874
higgs_public,NLL_OOD,Cov90_OOD,0.12,0.05,0.2,0.0,0.4,0.5,2.0,0.85,3.1961498260498047,257.9444274902344,3.8737828731536865,0.6776330471038818,254.74827766418457,0.67626953125,0.6431884765625,0.2197265625,0.057911042124032974,0.33194854855537415
higgs_public,NLL_OOD,Cov90_OOD,0.12,0.1,0.0,0.1,0.4,0.25,2.0,-1.0,3.374948740005493,239.6820068359375,4.280040740966797,0.9050920009613037,236.307058095932,0.6650390625,0.6385498046875,0.2352294921875,0.2839108109474182,0.39033740758895874
higgs_public,NLL_OOD,Cov90_OOD,0.12,0.05,0.2,0.1,0.4,0.25,1.0,-1.0,3.1961498260498047,257.9444274902344,4.0267815589904785,0.8306317329406738,254.74827766418457,0.67626953125,0.60888671875,0.2197265625,0.3148901164531708,0.5165377855300903
higgs_public,NLL_OOD,Cov90_OOD,0.12,0.05,0.2,0.1,0.4,0.25,1.0,0.85,3.1961498260498047,257.9444274902344,4.311832904815674,1.1156830787658691,254.74827766418457,0.67626953125,0.625244140625,0.2197265625,0.06375790387392044,0.5165377855300903
higgs_public,NLL_OOD,Cov90_OOD,0.12,0.1,0.0,0.1,0.4,0.25,2.0,0.85,3.374948740005493,239.6820068359375,4.456866264343262,1.0819175243377686,236.307058095932,0.6650390625,0.646240234375,0.2352294921875,0.08046676218509674,0.39033740758895874
higgs_public,NLL_OOD,Cov90_OOD,0.12,0.05,0.2,0.1,0.4,0.25,2.0,-1.0,3.1961498260498047,257.9444274902344,4.1728515625,0.9767017364501953,254.74827766418457,0.67626953125,0.609619140625,0.2197265625,0.1963731348514557,0.5165377855300903
higgs_public,NLL_OOD,Cov90_OOD,0.12,0.1,0.0,0.1,0.4,0.5,1.0,-1.0,3.374948740005493,239.6820068359375,3.787024974822998,0.4120762348175049,236.307058095932,0.6650390625,0.6524658203125,0.2352294921875,0.39911386370658875,0.39033740758895874
higgs_public,NLL_OOD,Cov90_OOD,0.12,0.05,0.2,0.1,0.4,0.25,2.0,0.85,3.1961498260498047,257.9444274902344,4.126673698425293,0.9305238723754883,254.74827766418457,0.67626953125,0.6378173828125,0.2197265625,0.025085629895329475,0.5165377855300903
higgs_public,NLL_OOD,Cov90_OOD,0.12,0.1,0.0,0.1,0.4,0.5,1.0,0.85,3.374948740005493,239.6820068359375,4.049847602844238,0.6748988628387451,236.307058095932,0.6650390625,0.6519775390625,0.2352294921875,0.15072543919086456,0.39033740758895874
higgs_public,NLL_OOD,Cov90_OOD,0.12,0.05,0.2,0.1,0.4,0.5,1.0,-1.0,3.1961498260498047,257.9444274902344,3.6340813636779785,0.43793153762817383,254.74827766418457,0.67626953125,0.6094970703125,0.2197265625,0.3148901164531708,0.5165377855300903
higgs_public,NLL_OOD,Cov90_OOD,0.12,0.1,0.0,0.1,0.4,0.5,2.0,-1.0,3.374948740005493,239.6820068359375,3.921123504638672,0.5461747646331787,236.307058095932,0.6650390625,0.6492919921875,0.2352294921875,0.2839108109474182,0.39033740758895874
higgs_public,NLL_OOD,Cov90_OOD,0.12,0.05,0.2,0.1,0.4,0.5,1.0,0.85,3.1961498260498047,257.9444274902344,4.073541641235352,0.8773918151855469,254.74827766418457,0.67626953125,0.625732421875,0.2197265625,0.06375790387392044,0.5165377855300903
higgs_public,NLL_OOD,Cov90_OOD,0.12,0.1,0.0,0.1,0.4,0.5,2.0,0.85,3.374948740005493,239.6820068359375,4.067312240600586,0.6923635005950928,236.307058095932,0.6650390625,0.6566162109375,0.2352294921875,0.08046676218509674,0.39033740758895874
higgs_public,NLL_OOD,Cov90_OOD,0.12,0.05,0.2,0.1,0.4,0.5,2.0,-1.0,3.1961498260498047,257.9444274902344,3.7854151725769043,0.5892653465270996,254.74827766418457,0.67626953125,0.609130859375,0.2197265625,0.1963731348514557,0.5165377855300903
higgs_public,NLL_OOD,Cov90_OOD,0.12,0.1,0.0,0.2,0.4,0.25,1.0,-1.0,3.374948740005493,239.6820068359375,4.089552879333496,0.7146041393280029,236.307058095932,0.6650390625,0.63232421875,0.2352294921875,0.24851682782173157,0.7404050827026367
higgs_public,NLL_OOD,Cov90_OOD,0.12,0.05,0.2,0.1,0.4,0.5,2.0,0.85,3.1961498260498047,257.9444274902344,3.932292938232422,0.7361431121826172,254.74827766418457,0.67626953125,0.648681640625,0.2197265625,0.025085629895329475,0.5165377855300903
higgs_public,NLL_OOD,Cov90_OOD,0.12,0.1,0.0,0.2,0.4,0.25,1.0,0.85,3.374948740005493,239.6820068359375,4.468809604644775,1.0938608646392822,236.307058095932,0.6650390625,0.642333984375,0.2352294921875,0.06660990417003632,0.7404050827026367
higgs_public,NLL_OOD,Cov90_OOD,0.12,0.05,0.2,0.2,0.4,0.25,1.0,-1.0,3.1961498260498047,257.9444274902344,3.894667148590088,0.6985173225402832,254.74827766418457,0.67626953125,0.599853515625,0.2197265625,0.24063485860824585,0.6887669563293457
higgs_public,NLL_OOD,Cov90_OOD,0.12,0.1,0.0,0.2,0.4,0.25,2.0,-1.0,3.374948740005493,239.6820068359375,4.22641658782959,0.8514678478240967,236.307058095932,0.6650390625,0.6312255859375,0.2352294921875,0.15967074036598206,0.7404050827026367
higgs_public,NLL_OOD,Cov90_OOD,0.12,0.05,0.2,0.2,0.4,0.25,1.0,0.85,3.1961498260498047,257.9444274902344,4.241086006164551,1.044936180114746,254.74827766418457,0.67626953125,0.62109375,0.2197265625,0.034912511706352234,0.6887669563293457
higgs_public,NLL_OOD,Cov90_OOD,0.12,0.1,0.0,0.2,0.4,0.25,2.0,0.85,3.374948740005493,239.6820068359375,4.761950969696045,1.3870022296905518,236.307058095932,0.6650390625,0.6373291015625,0.2352294921875,0.029657592996954918,0.7404050827026367
higgs_public,NLL_OOD,Cov90_OOD,0.12,0.05,0.2,0.2,0.4,0.25,2.0,-1.0,3.1961498260498047,257.9444274902344,4.127384662628174,0.9312348365783691,254.74827766418457,0.67626953125,0.6036376953125,0.2197265625,0.1391899585723877,0.6887669563293457
higgs_public,NLL_OOD,Cov90_OOD,0.12,0.1,0.0,0.2,0.4,0.5,1.0,-1.0,3.374948740005493,239.6820068359375,3.679041624069214,0.3040928840637207,236.307058095932,0.6650390625,0.6417236328125,0.2352294921875,0.24851682782173157,0.7404050827026367
higgs_public,NLL_OOD,Cov90_OOD,0.12,0.05,0.2,0.2,0.4,0.25,2.0,0.85,3.1961498260498047,257.9444274902344,4.3148908615112305,1.1187410354614258,254.74827766418457,0.67626953125,0.619873046875,0.2197265625,0.011673028580844402,0.6887669563293457
higgs_public,NLL_OOD,Cov90_OOD,0.12,0.1,0.0,0.2,0.4,0.5,1.0,0.85,3.374948740005493,239.6820068359375,4.040933609008789,0.6659848690032959,236.307058095932,0.6650390625,0.6448974609375,0.2352294921875,0.06660990417003632,0.7404050827026367
higgs_public,NLL_OOD,Cov90_OOD,0.12,0.05,0.2,0.2,0.4,0.5,1.0,-1.0,3.1961498260498047,257.9444274902344,3.580838918685913,0.3846890926361084,254.74827766418457,0.67626953125,0.60400390625,0.2197265625,0.24063485860824585,0.6887669563293457
higgs_public,NLL_OOD,Cov90_OOD,0.12,0.1,0.0,0.2,0.4,0.5,2.0,-1.0,3.374948740005493,239.6820068359375,3.827207565307617,0.452258825302124,236.307058095932,0.6650390625,0.635009765625,0.2352294921875,0.15967074036598206,0.7404050827026367
higgs_public,NLL_OOD,Cov90_OOD,0.12,0.05,0.2,0.2,0.4,0.5,1.0,0.85,3.1961498260498047,257.9444274902344,4.026686668395996,0.8305368423461914,254.74827766418457,0.67626953125,0.63037109375,0.2197265625,0.034912511706352234,0.6887669563293457
higgs_public,NLL_OOD,Cov90_OOD,0.12,0.1,0.0,0.2,0.4,0.5,2.0,0.85,3.374948740005493,239.6820068359375,4.0662713050842285,0.6913225650787354,236.307058095932,0.6650390625,0.6552734375,0.2352294921875,0.029657592996954918,0.7404050827026367
higgs_public,NLL_OOD,Cov90_OOD,0.12,0.05,0.2,0.2,0.4,0.5,2.0,-1.0,3.1961498260498047,257.9444274902344,3.744229793548584,0.5480799674987793,254.74827766418457,0.67626953125,0.60400390625,0.2197265625,0.1391899585723877,0.6887669563293457
higgs_public,NLL_OOD,Cov90_OOD,0.12,0.1,0.1,0.0,0.4,0.25,1.0,-1.0,3.374948740005493,239.6820068359375,4.328021049499512,0.9530723094940186,236.307058095932,0.6650390625,0.63720703125,0.2352294921875,0.5285962224006653,0.1858302354812622
higgs_public,NLL_OOD,Cov90_OOD,0.12,0.05,0.2,0.2,0.4,0.5,2.0,0.85,3.1961498260498047,257.9444274902344,4.141790390014648,0.9456405639648438,254.74827766418457,0.67626953125,0.6280517578125,0.2197265625,0.011673028580844402,0.6887669563293457
higgs_public,NLL_OOD,Cov90_OOD,0.12,0.1,0.1,0.0,0.4,0.25,1.0,0.85,3.374948740005493,239.6820068359375,4.2970075607299805,0.9220588207244873,236.307058095932,0.6650390625,0.6396484375,0.2352294921875,0.21172741055488586,0.1858302354812622
higgs_public,NLL_OOD,Cov90_OOD,0.12,0.1,0.0,0.0,0.4,0.25,1.0,-1.0,3.1961498260498047,257.9444274902344,4.014891624450684,0.8187417984008789,254.74827766418457,0.67626953125,0.6739501953125,0.2197265625,0.7712198495864868,0.043738000094890594
higgs_public,NLL_OOD,Cov90_OOD,0.12,0.1,0.1,0.0,0.4,0.25,2.0,-1.0,3.374948740005493,239.6820068359375,4.280000686645508,0.9050519466400146,236.307058095932,0.6650390625,0.6337890625,0.2352294921875,0.39019742608070374,0.1858302354812622
higgs_public,NLL_OOD,Cov90_OOD,0.12,0.1,0.0,0.0,0.4,0.25,1.0,0.85,3.1961498260498047,257.9444274902344,4.0896172523498535,0.8934674263000488,254.74827766418457,0.67626953125,0.6746826171875,0.2197265625,0.49315595626831055,0.043738000094890594
higgs_public,NLL_OOD,Cov90_OOD,0.12,0.1,0.1,0.0,0.4,0.25,2.0,0.85,3.374948740005493,239.6820068359375,4.3545074462890625,0.9795587062835693,236.307058095932,0.6650390625,0.6470947265625,0.2352294921875,0.10752380639314651,0.1858302354812622
higgs_public,NLL_OOD,Cov90_OOD,0.12,0.1,0.0,0.0,0.4,0.25,2.0,-1.0,3.1961498260498047,257.9444274902344,4.023965358734131,0.8278155326843262,254.74827766418457,0.67626953125,0.6689453125,0.2197265625,0.6511958837509155,0.043738000094890594
higgs_public,NLL_OOD,Cov90_OOD,0.12,0.1,0.1,0.0,0.4,0.5,1.0,-1.0,3.374948740005493,239.6820068359375,3.9185328483581543,0.5435841083526611,236.307058095932,0.6650390625,0.636962890625,0.2352294921875,0.5285962224006653,0.1858302354812622
higgs_public,NLL_OOD,Cov90_OOD,0.12,0.1,0.0,0.0,0.4,0.25,2.0,0.85,3.1961498260498047,257.9444274902344,4.0608673095703125,0.8647174835205078,254.74827766418457,0.67626953125,0.6708984375,0.2197265625,0.3273557722568512,0.043738000094890594
higgs_public,NLL_OOD,Cov90_OOD,0.12,0.1,0.1,0.0,0.4,0.5,1.0,0.85,3.374948740005493,239.6820068359375,4.099015712738037,0.724066972732544,236.307058095932,0.6650390625,0.6441650390625,0.2352294921875,0.21172741055488586,0.1858302354812622
higgs_public,NLL_OOD,Cov90_OOD,0.12,0.1,0.0,0.0,0.4,0.5,1.0,-1.0,3.1961498260498047,257.9444274902344,3.6843299865722656,0.48818016052246094,254.74827766418457,0.67626953125,0.68359375,0.2197265625,0.7712198495864868,0.043738000094890594
higgs_public,NLL_OOD,Cov90_OOD,0.12,0.1,0.1,0.0,0.4,0.5,2.0,-1.0,3.374948740005493,239.6820068359375,4.030362129211426,0.6554133892059326,236.307058095932,0.6650390625,0.635009765625,0.2352294921875,0.39019742608070374,0.1858302354812622
higgs_public,NLL_OOD,Cov90_OOD,0.12,0.1,0.0,0.0,0.4,0.5,1.0,0.85,3.1961498260498047,257.9444274902344,3.716156482696533,0.5200066566467285,254.74827766418457,0.67626953125,0.682861328125,0.2197265625,0.49315595626831055,0.043738000094890594
higgs_public,NLL_OOD,Cov90_OOD,0.12,0.1,0.1,0.0,0.4,0.5,2.0,0.85,3.374948740005493,239.6820068359375,3.9733970165252686,0.5984482765197754,236.307058095932,0.6650390625,0.6512451171875,0.2352294921875,0.10752380639314651,0.1858302354812622
higgs_public,NLL_OOD,Cov90_OOD,0.12,0.1,0.0,0.0,0.4,0.5,2.0,-1.0,3.1961498260498047,257.9444274902344,3.6349968910217285,0.43884706497192383,254.74827766418457,0.67626953125,0.6832275390625,0.2197265625,0.6511958837509155,0.043738000094890594
higgs_public,NLL_OOD,Cov90_OOD,0.12,0.1,0.1,0.1,0.4,0.25,1.0,-1.0,3.374948740005493,239.6820068359375,3.984631061553955,0.6096823215484619,236.307058095932,0.6650390625,0.6353759765625,0.2352294921875,0.33522704243659973,0.453006386756897
higgs_public,NLL_OOD,Cov90_OOD,0.12,0.1,0.0,0.0,0.4,0.5,2.0,0.85,3.1961498260498047,257.9444274902344,3.739706039428711,0.5435562133789062,254.74827766418457,0.67626953125,0.680908203125,0.2197265625,0.3273557722568512,0.043738000094890594
higgs_public,NLL_OOD,Cov90_OOD,0.12,0.1,0.1,0.1,0.4,0.25,1.0,0.85,3.374948740005493,239.6820068359375,4.426724433898926,1.0517756938934326,236.307058095932,0.6650390625,0.6318359375,0.2352294921875,0.08786222338676453,0.453006386756897
higgs_public,NLL_OOD,Cov90_OOD,0.12,0.1,0.0,0.1,0.4,0.25,1.0,-1.0,3.1961498260498047,257.9444274902344,4.181679725646973,0.985529899597168,254.74827766418457,0.67626953125,0.654052734375,0.2197265625,0.3934538960456848,0.3974173367023468
higgs_public,NLL_OOD,Cov90_OOD,0.12,0.1,0.1,0.1,0.4,0.25,2.0,-1.0,3.374948740005493,239.6820068359375,4.138936519622803,0.7639877796173096,236.307058095932,0.6650390625,0.63671875,0.2352294921875,0.21986281871795654,0.453006386756897
higgs_public,NLL_OOD,Cov90_OOD,0.12,0.1,0.0,0.1,0.4,0.25,1.0,0.85,3.1961498260498047,257.9444274902344,4.355807304382324,1.1596574783325195,254.74827766418457,0.67626953125,0.6492919921875,0.2197265625,0.14378836750984192,0.3974173367023468
higgs_public,NLL_OOD,Cov90_OOD,0.12,0.1,0.1,0.1,0.4,0.25,2.0,0.85,3.374948740005493,239.6820068359375,4.375792026519775,1.0008432865142822,236.307058095932,0.6650390625,0.6513671875,0.2352294921875,0.037988774478435516,0.453006386756897
higgs_public,NLL_OOD,Cov90_OOD,0.12,0.1,0.0,0.1,0.4,0.25,2.0,-1.0,3.1961498260498047,257.9444274902344,4.271934986114502,1.0757851600646973,254.74827766418457,0.67626953125,0.64892578125,0.2197265625,0.2776000499725342,0.3974173367023468
higgs_public,NLL_OOD,Cov90_OOD,0.12,0.1,0.1,0.1,0.4,0.5,1.0,-1.0,3.374948740005493,239.6820068359375,3.621385097503662,0.24643635749816895,236.307058095932,0.6650390625,0.64892578125,0.2352294921875,0.33522704243659973,0.453006386756897
higgs_public,NLL_OOD,Cov90_OOD,0.12,0.1,0.0,0.1,0.4,0.25,2.0,0.85,3.1961498260498047,257.9444274902344,4.435305595397949,1.2391557693481445,254.74827766418457,0.67626953125,0.648193359375,0.2197265625,0.07672905176877975,0.3974173367023468
higgs_public,NLL_OOD,Cov90_OOD,0.12,0.1,0.1,0.1,0.4,0.5,1.0,0.85,3.374948740005493,239.6820068359375,4.03553581237793,0.6605870723724365,236.307058095932,0.6650390625,0.649169921875,0.2352294921875,0.08786222338676453,0.453006386756897
higgs_public,NLL_OOD,Cov90_OOD,0.12,0.1,0.0,0.1,0.4,0.5,1.0,-1.0,3.1961498260498047,257.9444274902344,3.709591865539551,0.5134420394897461,254.74827766418457,0.67626953125,0.6656494140625,0.2197265625,0.3934538960456848,0.3974173367023468
higgs_public,NLL_OOD,Cov90_OOD,0.12,0.1,0.1,0.1,0.4,0.5,2.0,-1.0,3.374948740005493,239.6820068359375,3.8129916191101074,0.43804287910461426,236.307058095932,0.6650390625,0.6480712890625,0.2352294921875,0.21986281871795654,0.453006386756897
higgs_public,NLL_OOD,Cov90_OOD,0.12,0.1,0.0,0.1,0.4,0.5,1.0,0.85,3.1961498260498047,257.9444274902344,3.982215166091919,0.7860653400421143,254.74827766418457,0.67626953125,0.6590576171875,0.2197265625,0.14378836750984192,0.3974173367023468
higgs_public,NLL_OOD,Cov90_OOD,0.12,0.1,0.1,0.1,0.4,0.5,2.0,0.85,3.374948740005493,239.6820068359375,4.02651309967041,0.651564359664917,236.307058095932,0.6650390625,0.6629638671875,0.2352294921875,0.037988774478435516,0.453006386756897
higgs_public,NLL_OOD,Cov90_OOD,0.12,0.1,0.0,0.1,0.4,0.5,2.0,-1.0,3.1961498260498047,257.9444274902344,3.8475403785705566,0.651390552520752,254.74827766418457,0.67626953125,0.6641845703125,0.2197265625,0.2776000499725342,0.3974173367023468
higgs_public,NLL_OOD,Cov90_OOD,0.12,0.1,0.1,0.2,0.4,0.25,1.0,-1.0,3.374948740005493,239.6820068359375,3.8873939514160156,0.5124452114105225,236.307058095932,0.6650390625,0.62451171875,0.2352294921875,0.2346266359090805,0.7172010540962219
higgs_public,NLL_OOD,Cov90_OOD,0.12,0.1,0.0,0.1,0.4,0.5,2.0,0.85,3.1961498260498047,257.9444274902344,4.002254009246826,0.8061041831970215,254.74827766418457,0.67626953125,0.6651611328125,0.2197265625,0.07672905176877975,0.3974173367023468
higgs_public,NLL_OOD,Cov90_OOD,0.12,0.1,0.1,0.2,0.4,0.25,1.0,0.85,3.374948740005493,239.6820068359375,4.257266521453857,0.8823177814483643,236.307058095932,0.6650390625,0.641845703125,0.2352294921875,0.04613938182592392,0.7172010540962219
higgs_public,NLL_OOD,Cov90_OOD,0.12,0.1,0.0,0.2,0.4,0.25,1.0,-1.0,3.1961498260498047,257.9444274902344,4.082688808441162,0.8865389823913574,254.74827766418457,0.67626953125,0.6380615234375,0.2197265625,0.24478648602962494,0.7547016143798828
higgs_public,NLL_OOD,Cov90_OOD,0.12,0.1,0.1,0.2,0.4,0.25,2.0,-1.0,3.374948740005493,239.6820068359375,4.011199951171875,0.6362512111663818,236.307058095932,0.6650390625,0.6260986328125,0.2352294921875,0.1427454799413681,0.7172010540962219
higgs_public,NLL_OOD,Cov90_OOD,0.12,0.1,0.0,0.2,0.4,0.25,1.0,0.85,3.1961498260498047,257.9444274902344,4.3311357498168945,1.1349859237670898,254.74827766418457,0.67626953125,0.632568359375,0.2197265625,0.059961698949337006,0.7547016143798828
higgs_public,NLL_OOD,Cov90_OOD,0.12,0.1,0.1,0.2,0.4,0.25,2.0,0.85,3.374948740005493,239.6820068359375,4.337371349334717,0.9624226093292236,236.307058095932,0.6650390625,0.6522216796875,0.2352294921875,0.018255768343806267,0.7172010540962219
higgs_public,NLL_OOD,Cov90_OOD,0.12,0.1,0.0,0.2,0.4,0.25,2.0,-1.0,3.1961498260498047,257.9444274902344,4.221286773681641,1.025136947631836,254.74827766418457,0.67626953125,0.636962890625,0.2197265625,0.15552914142608643,0.7547016143798828
higgs_public,NLL_OOD,Cov90_OOD,0.12,0.1,0.0,0.2,0.4,0.25,2.0,0.85,3.1961498260498047,257.9444274902344,4.564703941345215,1.3685541152954102,254.74827766418457,0.67626953125,0.6312255859375,0.2197265625,0.027900870889425278,0.7547016143798828
higgs_public,NLL_OOD,Cov90_OOD,0.12,0.1,0.1,0.2,0.4,0.5,1.0,-1.0,3.374948740005493,239.6820068359375,3.5161917209625244,0.14124298095703125,236.307058095932,0.6650390625,0.637451171875,0.2352294921875,0.2346266359090805,0.7172010540962219
higgs_public,NLL_OOD,Cov90_OOD,0.12,0.1,0.0,0.2,0.4,0.5,1.0,-1.0,3.1961498260498047,257.9444274902344,3.5459113121032715,0.3497614860534668,254.74827766418457,0.67626953125,0.655029296875,0.2197265625,0.24478648602962494,0.7547016143798828
higgs_public,NLL_OOD,Cov90_OOD,0.12,0.1,0.1,0.2,0.4,0.5,1.0,0.85,3.374948740005493,239.6820068359375,4.010785102844238,0.6358363628387451,236.307058095932,0.6650390625,0.64453125,0.2352294921875,0.04613938182592392,0.7172010540962219
higgs_public,NLL_OOD,Cov90_OOD,0.12,0.1,0.0,0.2,0.4,0.5,1.0,0.85,3.1961498260498047,257.9444274902344,3.9421420097351074,0.7459921836853027,254.74827766418457,0.67626953125,0.6484375,0.2197265625,0.059961698949337006,0.7547016143798828
higgs_public,NLL_OOD,Cov90_OOD,0.12,0.1,0.1,0.2,0.4,0.5,2.0,-1.0,3.374948740005493,239.6820068359375,3.722929000854492,0.347980260848999,236.307058095932,0.6650390625,0.6373291015625,0.2352294921875,0.1427454799413681,0.7172010540962219
higgs_public,NLL_OOD,Cov90_OOD,0.12,0.1,0.0,0.2,0.4,0.5,2.0,-1.0,3.1961498260498047,257.9444274902344,3.745060682296753,0.5489108562469482,254.74827766418457,0.67626953125,0.6461181640625,0.2197265625,0.15552914142608643,0.7547016143798828
higgs_public,NLL_OOD,Cov90_OOD,0.12,0.1,0.1,0.2,0.4,0.5,2.0,0.85,3.374948740005493,239.6820068359375,3.9845707416534424,0.6096220016479492,236.307058095932,0.6650390625,0.6632080078125,0.2352294921875,0.018255768343806267,0.7172010540962219
higgs_public,NLL_OOD,Cov90_OOD,0.12,0.1,0.0,0.2,0.4,0.5,2.0,0.85,3.1961498260498047,257.9444274902344,4.0947370529174805,0.8985872268676758,254.74827766418457,0.67626953125,0.64111328125,0.2197265625,0.027900870889425278,0.7547016143798828
higgs_public,NLL_OOD,Cov90_OOD,0.12,0.1,0.2,0.0,0.4,0.25,1.0,-1.0,3.374948740005493,239.6820068359375,4.2188262939453125,0.8438775539398193,236.307058095932,0.6650390625,0.628662109375,0.2352294921875,0.4135512709617615,0.33553797006607056
higgs_public,NLL_OOD,Cov90_OOD,0.12,0.1,0.1,0.0,0.4,0.25,1.0,-1.0,3.1961498260498047,257.9444274902344,3.9371752738952637,0.741025447845459,254.74827766418457,0.67626953125,0.65283203125,0.2197265625,0.522269606590271,0.19132089614868164
higgs_public,NLL_OOD,Cov90_OOD,0.12,0.1,0.2,0.0,0.4,0.25,1.0,0.85,3.374948740005493,239.6820068359375,4.448445796966553,1.0734970569610596,236.307058095932,0.6650390625,0.63330078125,0.2352294921875,0.11146003007888794,0.33553797006607056
higgs_public,NLL_OOD,Cov90_OOD,0.12,0.1,0.1,0.0,0.4,0.25,1.0,0.85,3.1961498260498047,257.9444274902344,4.087658882141113,0.8915090560913086,254.74827766418457,0.67626953125,0.6502685546875,0.2197265625,0.203447625041008,0.19132089614868164
higgs_public,NLL_OOD,Cov90_OOD,0.12,0.1,0.2,0.0,0.4,0.25,2.0,-1.0,3.374948740005493,239.6820068359375,4.3291850090026855,0.9542362689971924,236.307058095932,0.6650390625,0.6251220703125,0.2352294921875,0.27863171696662903,0.33553797006607056
higgs_public,NLL_OOD,Cov90_OOD,0.12,0.1,0.1,0.0,0.4,0.25,2.0,-1.0,3.1961498260498047,257.9444274902344,4.064723968505859,0.8685741424560547,254.74827766418457,0.67626953125,0.6513671875,0.2197265625,0.3831486403942108,0.19132089614868164
higgs_public,NLL_OOD,Cov90_OOD,0.12,0.1,0.2,0.0,0.4,0.25,2.0,0.85,3.374948740005493,239.6820068359375,4.426692008972168,1.0517432689666748,236.307058095932,0.6650390625,0.6446533203125,0.2352294921875,0.047150228172540665,0.33553797006607056
higgs_public,NLL_OOD,Cov90_OOD,0.12,0.1,0.1,0.0,0.4,0.25,2.0,0.85,3.1961498260498047,257.9444274902344,4.055301189422607,0.8591513633728027,254.74827766418457,0.67626953125,0.6529541015625,0.2197265625,0.10335532575845718,0.19132089614868164
higgs_public,NLL_OOD,Cov90_OOD,0.12,0.1,0.2,0.0,0.4,0.5,1.0,-1.0,3.374948740005493,239.6820068359375,3.884659767150879,0.5097110271453857,236.307058095932,0.6650390625,0.6221923828125,0.2352294921875,0.4135512709617615,0.33553797006607056
higgs_public,NLL_OOD,Cov90_OOD,0.12,0.1,0.1,0.0,0.4,0.5,1.0,-1.0,3.1961498260498047,257.9444274902344,3.6542317867279053,0.4580819606781006,254.74827766418457,0.67626953125,0.6463623046875,0.2197265625,0.522269606590271,0.19132089614868164
higgs_public,NLL_OOD,Cov90_OOD,0.12,0.1,0.2,0.0,0.4,0.5,1.0,0.85,3.374948740005493,239.6820068359375,4.186310291290283,0.81136155128479,236.307058095932,0.6650390625,0.635009765625,0.2352294921875,0.11146003007888794,0.33553797006607056
higgs_public,NLL_OOD,Cov90_OOD,0.12,0.1,0.1,0.0,0.4,0.5,1.0,0.85,3.1961498260498047,257.9444274902344,3.819873094558716,0.6237232685089111,254.74827766418457,0.67626953125,0.6480712890625,0.2197265625,0.203447625041008,0.19132089614868164
higgs_public,NLL_OOD,Cov90_OOD,0.12,0.1,0.2,0.0,0.4,0.5,2.0,-1.0,3.374948740005493,239.6820068359375,3.9802937507629395,0.6053450107574463,236.307058095932,0.6650390625,0.6240234375,0.2352294921875,0.27863171696662903,0.33553797006607056
higgs_public,NLL_OOD,Cov90_OOD,0.12,0.1,0.1,0.0,0.4,0.5,2.0,-1.0,3.1961498260498047,257.9444274902344,3.7057690620422363,0.5096192359924316,254.74827766418457,0.67626953125,0.6436767578125,0.2197265625,0.3831486403942108,0.19132089614868164
higgs_public,NLL_OOD,Cov90_OOD,0.12,0.1,0.2,0.0,0.4,0.5,2.0,0.85,3.374948740005493,239.6820068359375,4.133559703826904,0.7586109638214111,236.307058095932,0.6650390625,0.64111328125,0.2352294921875,0.047150228172540665,0.33553797006607056
higgs_public,NLL_OOD,Cov90_OOD,0.12,0.1,0.1,0.0,0.4,0.5,2.0,0.85,3.1961498260498047,257.9444274902344,3.8083813190460205,0.6122314929962158,254.74827766418457,0.67626953125,0.658447265625,0.2197265625,0.10335532575845718,0.19132089614868164
higgs_public,NLL_OOD,Cov90_OOD,0.12,0.1,0.2,0.1,0.4,0.25,1.0,-1.0,3.374948740005493,239.6820068359375,3.9585368633270264,0.5835881233215332,236.307058095932,0.6650390625,0.6146240234375,0.2352294921875,0.2989146113395691,0.5173529982566833
higgs_public,NLL_OOD,Cov90_OOD,0.12,0.1,0.1,0.1,0.4,0.25,1.0,-1.0,3.1961498260498047,257.9444274902344,3.9456257820129395,0.7494759559631348,254.74827766418457,0.67626953125,0.6304931640625,0.2197265625,0.33119282126426697,0.465021550655365
higgs_public,NLL_OOD,Cov90_OOD,0.12,0.1,0.2,0.1,0.4,0.25,1.0,0.85,3.374948740005493,239.6820068359375,4.362359046936035,0.987410306930542,236.307058095932,0.6650390625,0.6295166015625,0.2352294921875,0.05508314073085785,0.5173529982566833
higgs_public,NLL_OOD,Cov90_OOD,0.12,0.1,0.1,0.1,0.4,0.25,1.0,0.85,3.1961498260498047,257.9444274902344,4.250197410583496,1.0540475845336914,254.74827766418457,0.67626953125,0.6275634765625,0.2197265625,0.08423513174057007,0.465021550655365
higgs_public,NLL_OOD,Cov90_OOD,0.12,0.1,0.2,0.1,0.4,0.25,2.0,-1.0,3.374948740005493,239.6820068359375,4.205039978027344,0.8300912380218506,236.307058095932,0.6650390625,0.6141357421875,0.2352294921875,0.1822655200958252,0.5173529982566833
higgs_public,NLL_OOD,Cov90_OOD,0.12,0.1,0.1,0.1,0.4,0.25,2.0,-1.0,3.1961498260498047,257.9444274902344,4.043160915374756,0.8470110893249512,254.74827766418457,0.67626953125,0.6328125,0.2197265625,0.21583515405654907,0.465021550655365
higgs_public,NLL_OOD,Cov90_OOD,0.12,0.1,0.2,0.1,0.4,0.25,2.0,0.85,3.374948740005493,239.6820068359375,4.520195007324219,1.1452462673187256,236.307058095932,0.6650390625,0.6375732421875,0.2352294921875,0.018694251775741577,0.5173529982566833
higgs_public,NLL_OOD,Cov90_OOD,0.12,0.1,0.1,0.1,0.4,0.25,2.0,0.85,3.1961498260498047,257.9444274902344,4.2250823974609375,1.0289325714111328,254.74827766418457,0.67626953125,0.6385498046875,0.2197265625,0.037005964666604996,0.465021550655365
higgs_public,NLL_OOD,Cov90_OOD,0.12,0.1,0.2,0.1,0.4,0.5,1.0,-1.0,3.374948740005493,239.6820068359375,3.6409707069396973,0.2660219669342041,236.307058095932,0.6650390625,0.620849609375,0.2352294921875,0.2989146113395691,0.5173529982566833
higgs_public,NLL_OOD,Cov90_OOD,0.12,0.1,0.1,0.1,0.4,0.5,1.0,-1.0,3.1961498260498047,257.9444274902344,3.560920238494873,0.36477041244506836,254.74827766418457,0.67626953125,0.63720703125,0.2197265625,0.33119282126426697,0.465021550655365
higgs_public,NLL_OOD,Cov90_OOD,0.12,0.1,0.2,0.1,0.4,0.5,1.0,0.85,3.374948740005493,239.6820068359375,4.066603660583496,0.6916549205780029,236.307058095932,0.6650390625,0.634033203125,0.2352294921875,0.05508314073085785,0.5173529982566833
higgs_public,NLL_OOD,Cov90_OOD,0.12,0.1,0.1,0.1,0.4,0.5,1.0,0.85,3.1961498260498047,257.9444274902344,3.9418158531188965,0.7456660270690918,254.74827766418457,0.67626953125,0.6376953125,0.2197265625,0.08423513174057007,0.465021550655365
higgs_public,NLL_OOD,Cov90_OOD,0.12,0.1,0.2,0.1,0.4,0.5,2.0,-1.0,3.374948740005493,239.6820068359375,3.828636407852173,0.4536876678466797,236.307058095932,0.6650390625,0.6226806640625,0.2352294921875,0.1822655200958252,0.5173529982566833
higgs_public,NLL_OOD,Cov90_OOD,0.12,0.1,0.1,0.1,0.4,0.5,2.0,-1.0,3.1961498260498047,257.9444274902344,3.703455924987793,0.5073060989379883,254.74827766418457,0.67626953125,0.638916015625,0.2197265625,0.21583515405654907,0.465021550655365
higgs_public,NLL_OOD,Cov90_OOD,0.12,0.1,0.2,0.1,0.4,0.5,2.0,0.85,3.374948740005493,239.6820068359375,4.124707221984863,0.7497584819793701,236.307058095932,0.6650390625,0.649658203125,0.2352294921875,0.018694251775741577,0.5173529982566833
higgs_public,NLL_OOD,Cov90_OOD,0.12,0.1,0.1,0.1,0.4,0.5,2.0,0.85,3.1961498260498047,257.9444274902344,4.00731086730957,0.8111610412597656,254.74827766418457,0.67626953125,0.64794921875,0.2197265625,0.037005964666604996,0.465021550655365
higgs_public,NLL_OOD,Cov90_OOD,0.12,0.1,0.2,0.2,0.4,0.25,1.0,-1.0,3.374948740005493,239.6820068359375,3.9718446731567383,0.5968959331512451,236.307058095932,0.6650390625,0.603759765625,0.2352294921875,0.22940802574157715,0.6860018968582153
higgs_public,NLL_OOD,Cov90_OOD,0.12,0.1,0.1,0.2,0.4,0.25,1.0,-1.0,3.1961498260498047,257.9444274902344,3.776373863220215,0.5802240371704102,254.74827766418457,0.67626953125,0.6214599609375,0.2197265625,0.23195421695709229,0.7323341369628906
higgs_public,NLL_OOD,Cov90_OOD,0.12,0.1,0.1,0.2,0.4,0.25,1.0,0.85,3.1961498260498047,257.9444274902344,4.240281105041504,1.0441312789916992,254.74827766418457,0.67626953125,0.629638671875,0.2197265625,0.04433510825037956,0.7323341369628906
higgs_public,NLL_OOD,Cov90_OOD,0.12,0.1,0.2,0.2,0.4,0.25,1.0,0.85,3.374948740005493,239.6820068359375,4.215049743652344,0.8401010036468506,236.307058095932,0.6650390625,0.6431884765625,0.2352294921875,0.030159350484609604,0.6860018968582153
higgs_public,NLL_OOD,Cov90_OOD,0.12,0.1,0.1,0.2,0.4,0.25,2.0,-1.0,3.1961498260498047,257.9444274902344,3.9797112941741943,0.7835614681243896,254.74827766418457,0.67626953125,0.61962890625,0.2197265625,0.13975054025650024,0.7323341369628906
higgs_public,NLL_OOD,Cov90_OOD,0.12,0.1,0.2,0.2,0.4,0.25,2.0,-1.0,3.374948740005493,239.6820068359375,4.13252067565918,0.7575719356536865,236.307058095932,0.6650390625,0.6060791015625,0.2352294921875,0.13000008463859558,0.6860018968582153
higgs_public,NLL_OOD,Cov90_OOD,0.12,0.1,0.1,0.2,0.4,0.25,2.0,0.85,3.1961498260498047,257.9444274902344,4.305205345153809,1.109055519104004,254.74827766418457,0.67626953125,0.6431884765625,0.2197265625,0.016486376523971558,0.7323341369628906
higgs_public,NLL_OOD,Cov90_OOD,0.12,0.1,0.2,0.2,0.4,0.25,2.0,0.85,3.374948740005493,239.6820068359375,4.255466461181641,0.8805177211761475,236.307058095932,0.6650390625,0.649169921875,0.2352294921875,0.009498645551502705,0.6860018968582153
higgs_public,NLL_OOD,Cov90_OOD,0.12,0.1,0.1,0.2,0.4,0.5,1.0,-1.0,3.1961498260498047,257.9444274902344,3.4664993286132812,0.27034950256347656,254.74827766418457,0.67626953125,0.62841796875,0.2197265625,0.23195421695709229,0.7323341369628906
higgs_public,NLL_OOD,Cov90_OOD,0.12,0.1,0.2,0.2,0.4,0.5,1.0,-1.0,3.374948740005493,239.6820068359375,3.5778770446777344,0.2029283046722412,236.307058095932,0.6650390625,0.615478515625,0.2352294921875,0.22940802574157715,0.6860018968582153
higgs_public,NLL_OOD,Cov90_OOD,0.12,0.1,0.1,0.2,0.4,0.5,1.0,0.85,3.1961498260498047,257.9444274902344,4.0934858322143555,0.8973360061645508,254.74827766418457,0.67626953125,0.61767578125,0.2197265625,0.04433510825037956,0.7323341369628906
higgs_public,NLL_OOD,Cov90_OOD,0.12,0.1,0.2,0.2,0.4,0.5,1.0,0.85,3.374948740005493,239.6820068359375,3.9332568645477295,0.5583081245422363,236.307058095932,0.6650390625,0.6351318359375,0.2352294921875,0.030159350484609604,0.6860018968582153
higgs_public,NLL_OOD,Cov90_OOD,0.12,0.1,0.1,0.2,0.4,0.5,2.0,-1.0,3.1961498260498047,257.9444274902344,3.5995612144470215,0.4034113883972168,254.74827766418457,0.67626953125,0.6280517578125,0.2197265625,0.13975054025650024,0.7323341369628906
higgs_public,NLL_OOD,Cov90_OOD,0.12,0.1,0.2,0.2,0.4,0.5,2.0,-1.0,3.374948740005493,239.6820068359375,3.751422882080078,0.37647414207458496,236.307058095932,0.6650390625,0.6143798828125,0.2352294921875,0.13000008463859558,0.6860018968582153
higgs_public,NLL_OOD,Cov90_OOD,0.12,0.1,0.1,0.2,0.4,0.5,2.0,0.85,3.1961498260498047,257.9444274902344,3.959960460662842,0.7638106346130371,254.74827766418457,0.67626953125,0.6455078125,0.2197265625,0.016486376523971558,0.7323341369628906
higgs_public,NLL_OOD,Cov90_OOD,0.12,0.1,0.2,0.2,0.4,0.5,2.0,0.85,3.374948740005493,239.6820068359375,3.983304262161255,0.6083555221557617,236.307058095932,0.6650390625,0.654052734375,0.2352294921875,0.009498645551502705,0.6860018968582153
higgs_public,NLL_OOD,Cov90_OOD,0.12,0.1,0.2,0.0,0.4,0.25,1.0,-1.0,3.1961498260498047,257.9444274902344,3.937415838241577,0.7412660121917725,254.74827766418457,0.67626953125,0.6343994140625,0.2197265625,0.4074515700340271,0.347517728805542
higgs_public,NLL_OOD,Cov90_OOD,0.18,0.02,0.0,0.0,0.4,0.25,1.0,-1.0,3.374948740005493,239.6820068359375,4.096187591552734,0.7212388515472412,236.307058095932,0.6650390625,0.6553955078125,0.2352294921875,0.9909172058105469,0.0016647595912218094
higgs_public,NLL_OOD,Cov90_OOD,0.12,0.1,0.2,0.0,0.4,0.25,1.0,0.85,3.1961498260498047,257.9444274902344,4.093902111053467,0.8977522850036621,254.74827766418457,0.67626953125,0.6368408203125,0.2197265625,0.10828189551830292,0.347517728805542
higgs_public,NLL_OOD,Cov90_OOD,0.18,0.02,0.0,0.0,0.4,0.25,1.0,0.85,3.374948740005493,239.6820068359375,4.096187591552734,0.7212388515472412,236.307058095932,0.6650390625,0.6553955078125,0.2352294921875,0.9902500510215759,0.0016647595912218094
higgs_public,NLL_OOD,Cov90_OOD,0.12,0.1,0.2,0.0,0.4,0.25,2.0,-1.0,3.1961498260498047,257.9444274902344,4.094714164733887,0.898564338684082,254.74827766418457,0.67626953125,0.6353759765625,0.2197265625,0.2728002071380615,0.347517728805542
higgs_public,NLL_OOD,Cov90_OOD,0.18,0.02,0.0,0.0,0.4,0.25,2.0,-1.0,3.374948740005493,239.6820068359375,4.057002067565918,0.6820533275604248,236.307058095932,0.6650390625,0.653076171875,0.2352294921875,0.9821494817733765,0.0016647595912218094
higgs_public,NLL_OOD,Cov90_OOD,0.12,0.1,0.2,0.0,0.4,0.25,2.0,0.85,3.1961498260498047,257.9444274902344,4.116809368133545,0.9206595420837402,254.74827766418457,0.67626953125,0.6461181640625,0.2197265625,0.046263422816991806,0.347517728805542
higgs_public,NLL_OOD,Cov90_OOD,0.18,0.02,0.0,0.0,0.4,0.25,2.0,0.85,3.374948740005493,239.6820068359375,4.060046195983887,0.6850974559783936,236.307058095932,0.6650390625,0.652587890625,0.2352294921875,0.9750368595123291,0.0016647595912218094
higgs_public,NLL_OOD,Cov90_OOD,0.12,0.1,0.2,0.0,0.4,0.5,1.0,-1.0,3.1961498260498047,257.9444274902344,3.6499805450439453,0.4538307189941406,254.74827766418457,0.67626953125,0.6337890625,0.2197265625,0.4074515700340271,0.347517728805542
higgs_public,NLL_OOD,Cov90_OOD,0.18,0.02,0.0,0.0,0.4,0.5,1.0,-1.0,3.374948740005493,239.6820068359375,3.878884792327881,0.5039360523223877,236.307058095932,0.6650390625,0.657958984375,0.2352294921875,0.9909172058105469,0.0016647595912218094
higgs_public,NLL_OOD,Cov90_OOD,0.12,0.1,0.2,0.0,0.4,0.5,1.0,0.85,3.1961498260498047,257.9444274902344,3.8382349014282227,0.642085075378418,254.74827766418457,0.67626953125,0.63916015625,0.2197265625,0.10828189551830292,0.347517728805542
higgs_public,NLL_OOD,Cov90_OOD,0.18,0.02,0.0,0.0,0.4,0.5,1.0,0.85,3.374948740005493,239.6820068359375,3.878884792327881,0.5039360523223877,236.307058095932,0.6650390625,0.657958984375,0.2352294921875,0.9902500510215759,0.0016647595912218094
higgs_public,NLL_OOD,Cov90_OOD,0.12,0.1,0.2,0.0,0.4,0.5,2.0,-1.0,3.1961498260498047,257.9444274902344,3.741455078125,0.5453052520751953,254.74827766418457,0.67626953125,0.6329345703125,0.2197265625,0.2728002071380615,0.347517728805542
higgs_public,NLL_OOD,Cov90_OOD,0.18,0.02,0.0,0.0,0.4,0.5,2.0,-1.0,3.374948740005493,239.6820068359375,3.8886609077453613,0.5137121677398682,236.307058095932,0.6650390625,0.6573486328125,0.2352294921875,0.9821494817733765,0.0016647595912218094
higgs_public,NLL_OOD,Cov90_OOD,0.12,0.1,0.2,0.0,0.4,0.5,2.0,0.85,3.1961498260498047,257.9444274902344,3.8831682205200195,0.6870183944702148,254.74827766418457,0.67626953125,0.6485595703125,0.2197265625,0.046263422816991806,0.347517728805542
higgs_public,NLL_OOD,Cov90_OOD,0.18,0.02,0.0,0.0,0.4,0.5,2.0,0.85,3.374948740005493,239.6820068359375,3.8887016773223877,0.5137529373168945,236.307058095932,0.6650390625,0.6573486328125,0.2352294921875,0.9750368595123291,0.0016647595912218094
higgs_public,NLL_OOD,Cov90_OOD,0.12,0.1,0.2,0.1,0.4,0.25,1.0,-1.0,3.1961498260498047,257.9444274902344,3.9745965003967285,0.7784466743469238,254.74827766418457,0.67626953125,0.6131591796875,0.2197265625,0.29619520902633667,0.5322036743164062
higgs_public,NLL_OOD,Cov90_OOD,0.18,0.02,0.0,0.1,0.4,0.25,1.0,-1.0,3.374948740005493,239.6820068359375,4.185222625732422,0.8102738857269287,236.307058095932,0.6650390625,0.640625,0.2352294921875,0.5177974700927734,0.3535543978214264
higgs_public,NLL_OOD,Cov90_OOD,0.12,0.1,0.2,0.1,0.4,0.25,1.0,0.85,3.1961498260498047,257.9444274902344,4.303007125854492,1.1068572998046875,254.74827766418457,0.67626953125,0.636474609375,0.2197265625,0.056228816509246826,0.5322036743164062
higgs_public,NLL_OOD,Cov90_OOD,0.18,0.02,0.0,0.1,0.4,0.25,1.0,0.85,3.374948740005493,239.6820068359375,4.447795391082764,1.0728466510772705,236.307058095932,0.6650390625,0.63720703125,0.2352294921875,0.2609117925167084,0.3535543978214264
higgs_public,NLL_OOD,Cov90_OOD,0.12,0.1,0.2,0.1,0.4,0.25,2.0,-1.0,3.1961498260498047,257.9444274902344,4.1305060386657715,0.9343562126159668,254.74827766418457,0.67626953125,0.614990234375,0.2197265625,0.18042320013046265,0.5322036743164062
higgs_public,NLL_OOD,Cov90_OOD,0.18,0.02,0.0,0.1,0.4,0.25,2.0,-1.0,3.374948740005493,239.6820068359375,4.391694068908691,1.0167453289031982,236.307058095932,0.6650390625,0.635009765625,0.2352294921875,0.40035074949264526,0.3535543978214264
higgs_public,NLL_OOD,Cov90_OOD,0.12,0.1,0.2,0.1,0.4,0.25,2.0,0.85,3.1961498260498047,257.9444274902344,4.14832878112793,0.952178955078125,254.74827766418457,0.67626953125,0.643310546875,0.2197265625,0.02063724398612976,0.5322036743164062
higgs_public,NLL_OOD,Cov90_OOD,0.18,0.02,0.0,0.1,0.4,0.25,2.0,0.85,3.374948740005493,239.6820068359375,4.4899516105651855,1.1150028705596924,236.307058095932,0.6650390625,0.6397705078125,0.2352294921875,0.17109109461307526,0.3535543978214264
higgs_public,NLL_OOD,Cov90_OOD,0.12,0.1,0.2,0.1,0.4,0.5,1.0,-1.0,3.1961498260498047,257.9444274902344,3.600358724594116,0.4042088985443115,254.74827766418457,0.67626953125,0.61328125,0.2197265625,0.29619520902633667,0.5322036743164062
higgs_public,NLL_OOD,Cov90_OOD,0.18,0.02,0.0,0.1,0.4,0.5,1.0,-1.0,3.374948740005493,239.6820068359375,3.7867355346679688,0.4117867946624756,236.307058095932,0.6650390625,0.65283203125,0.2352294921875,0.5177974700927734,0.3535543978214264
higgs_public,NLL_OOD,Cov90_OOD,0.12,0.1,0.2,0.1,0.4,0.5,1.0,0.85,3.1961498260498047,257.9444274902344,4.005986213684082,0.8098363876342773,254.74827766418457,0.67626953125,0.630126953125,0.2197265625,0.056228816509246826,0.5322036743164062
higgs_public,NLL_OOD,Cov90_OOD,0.18,0.02,0.0,0.1,0.4,0.5,1.0,0.85,3.374948740005493,239.6820068359375,4.100384712219238,0.7254359722137451,236.307058095932,0.6650390625,0.6439208984375,0.2352294921875,0.2609117925167084,0.3535543978214264
higgs_public,NLL_OOD,Cov90_OOD,0.12,0.1,0.2,0.1,0.4,0.5,2.0,-1.0,3.1961498260498047,257.9444274902344,3.739922523498535,0.5437726974487305,254.74827766418457,0.67626953125,0.6134033203125,0.2197265625,0.18042320013046265,0.5322036743164062
higgs_public,NLL_OOD,Cov90_OOD,0.18,0.02,0.0,0.1,0.4,0.5,2.0,-1.0,3.374948740005493,239.6820068359375,3.9541194438934326,0.5791707038879395,236.307058095932,0.6650390625,0.64697265625,0.2352294921875,0.40035074949264526,0.3535543978214264
higgs_public,NLL_OOD,Cov90_OOD,0.12,0.1,0.2,0.1,0.4,0.5,2.0,0.85,3.1961498260498047,257.9444274902344,3.8787176609039307,0.682567834854126,254.74827766418457,0.67626953125,0.655517578125,0.2197265625,0.02063724398612976,0.5322036743164062
higgs_public,NLL_OOD,Cov90_OOD,0.18,0.02,0.0,0.1,0.4,0.5,2.0,0.85,3.374948740005493,239.6820068359375,4.1067891120910645,0.7318403720855713,236.307058095932,0.6650390625,0.6510009765625,0.2352294921875,0.17109109461307526,0.3535543978214264
higgs_public,NLL_OOD,Cov90_OOD,0.12,0.1,0.2,0.2,0.4,0.25,1.0,-1.0,3.1961498260498047,257.9444274902344,3.8587656021118164,0.6626157760620117,254.74827766418457,0.67626953125,0.6026611328125,0.2197265625,0.22779932618141174,0.7029112577438354
higgs_public,NLL_OOD,Cov90_OOD,0.18,0.02,0.0,0.2,0.4,0.25,1.0,-1.0,3.374948740005493,239.6820068359375,3.977094888687134,0.6021461486816406,236.307058095932,0.6650390625,0.63525390625,0.2352294921875,0.33514395356178284,0.7102287411689758
higgs_public,NLL_OOD,Cov90_OOD,0.12,0.1,0.2,0.2,0.4,0.25,1.0,0.85,3.1961498260498047,257.9444274902344,4.295814514160156,1.0996646881103516,254.74827766418457,0.67626953125,0.6060791015625,0.2197265625,0.030173741281032562,0.7029112577438354
higgs_public,NLL_OOD,Cov90_OOD,0.18,0.02,0.0,0.2,0.4,0.25,1.0,0.85,3.374948740005493,239.6820068359375,4.462430953979492,1.087482213973999,236.307058095932,0.6650390625,0.6331787109375,0.2352294921875,0.11865314841270447,0.7102287411689758
higgs_public,NLL_OOD,Cov90_OOD,0.12,0.1,0.2,0.2,0.4,0.25,2.0,-1.0,3.1961498260498047,257.9444274902344,4.033867835998535,0.8377180099487305,254.74827766418457,0.67626953125,0.6051025390625,0.2197265625,0.12899115681648254,0.7029112577438354
higgs_public,NLL_OOD,Cov90_OOD,0.18,0.02,0.0,0.2,0.4,0.25,2.0,-1.0,3.374948740005493,239.6820068359375,4.181540489196777,0.8065917491912842,236.307058095932,0.6650390625,0.6300048828125,0.2352294921875,0.23259760439395905,0.7102287411689758
higgs_public,NLL_OOD,Cov90_OOD,0.12,0.1,0.2,0.2,0.4,0.25,2.0,0.85,3.1961498260498047,257.9444274902344,4.351633071899414,1.1554832458496094,254.74827766418457,0.67626953125,0.624755859375,0.2197265625,0.010654407553374767,0.7029112577438354
higgs_public,NLL_OOD,Cov90_OOD,0.18,0.02,0.0,0.2,0.4,0.25,2.0,0.85,3.374948740005493,239.6820068359375,4.43988561630249,1.064936876296997,236.307058095932,0.6650390625,0.6419677734375,0.2352294921875,0.06540751457214355,0.7102287411689758
higgs_public,NLL_OOD,Cov90_OOD,0.12,0.1,0.2,0.2,0.4,0.5,1.0,-1.0,3.1961498260498047,257.9444274902344,3.5411453247070312,0.34499549865722656,254.74827766418457,0.67626953125,0.6070556640625,0.2197265625,0.22779932618141174,0.7029112577438354
higgs_public,NLL_OOD,Cov90_OOD,0.18,0.02,0.0,0.2,0.4,0.5,1.0,-1.0,3.374948740005493,239.6820068359375,3.5835354328155518,0.2085866928100586,236.307058095932,0.6650390625,0.6405029296875,0.2352294921875,0.33514395356178284,0.7102287411689758
higgs_public,NLL_OOD,Cov90_OOD,0.12,0.1,0.2,0.2,0.4,0.5,1.0,0.85,3.1961498260498047,257.9444274902344,4.026218414306641,0.8300685882568359,254.74827766418457,0.67626953125,0.6298828125,0.2197265625,0.030173741281032562,0.7029112577438354
higgs_public,NLL_OOD,Cov90_OOD,0.18,0.02,0.0,0.2,0.4,0.5,1.0,0.85,3.374948740005493,239.6820068359375,4.074949264526367,0.700000524520874,236.307058095932,0.6650390625,0.6397705078125,0.2352294921875,0.11865314841270447,0.7102287411689758
higgs_public,NLL_OOD,Cov90_OOD,0.12,0.1,0.2,0.2,0.4,0.5,2.0,-1.0,3.1961498260498047,257.9444274902344,3.7363224029541016,0.5401725769042969,254.74827766418457,0.67626953125,0.60693359375,0.2197265625,0.12899115681648254,0.7029112577438354
higgs_public,NLL_OOD,Cov90_OOD,0.18,0.02,0.0,0.2,0.4,0.5,2.0,-1.0,3.374948740005493,239.6820068359375,3.7826943397521973,0.4077455997467041,236.307058095932,0.6650390625,0.637451171875,0.2352294921875,0.23259760439395905,0.7102287411689758
higgs_public,NLL_OOD,Cov90_OOD,0.12,0.1,0.2,0.2,0.4,0.5,2.0,0.85,3.1961498260498047,257.9444274902344,3.9740476608276367,0.777897834777832,254.74827766418457,0.67626953125,0.6336669921875,0.2197265625,0.010654407553374767,0.7029112577438354
higgs_public,NLL_OOD,Cov90_OOD,0.18,0.02,0.0,0.2,0.4,0.5,2.0,0.85,3.374948740005493,239.6820068359375,4.135294437408447,0.7603456974029541,236.307058095932,0.6650390625,0.6495361328125,0.2352294921875,0.06540751457214355,0.7102287411689758
higgs_public,NLL_OOD,Cov90_OOD,0.18,0.02,0.0,0.0,0.4,0.25,1.0,-1.0,3.1961498260498047,257.9444274902344,4.0849199295043945,0.8887701034545898,254.74827766418457,0.67626953125,0.6695556640625,0.2197265625,0.9906165599822998,0.0017206247430294752
higgs_public,NLL_OOD,Cov90_OOD,0.18,0.02,0.1,0.0,0.4,0.25,1.0,-1.0,3.374948740005493,239.6820068359375,4.315974235534668,0.9410254955291748,236.307058095932,0.6650390625,0.6353759765625,0.2352294921875,0.6718714833259583,0.1544828861951828
higgs_public,NLL_OOD,Cov90_OOD,0.18,0.02,0.0,0.0,0.4,0.25,1.0,0.85,3.1961498260498047,257.9444274902344,4.0849199295043945,0.8887701034545898,254.74827766418457,0.67626953125,0.6695556640625,0.2197265625,0.9897735714912415,0.0017206247430294752
higgs_public,NLL_OOD,Cov90_OOD,0.18,0.02,0.1,0.0,0.4,0.25,1.0,0.85,3.374948740005493,239.6820068359375,4.481863021850586,1.1069142818450928,236.307058095932,0.6650390625,0.634033203125,0.2352294921875,0.3870156407356262,0.1544828861951828
higgs_public,NLL_OOD,Cov90_OOD,0.18,0.02,0.0,0.0,0.4,0.25,2.0,-1.0,3.1961498260498047,257.9444274902344,4.108112335205078,0.9119625091552734,254.74827766418457,0.67626953125,0.66455078125,0.2197265625,0.9815657734870911,0.0017206247430294752
higgs_public,NLL_OOD,Cov90_OOD,0.18,0.02,0.0,0.0,0.4,0.25,2.0,0.85,3.1961498260498047,257.9444274902344,4.108083248138428,0.911933422088623,254.74827766418457,0.67626953125,0.6650390625,0.2197265625,0.97410649061203,0.0017206247430294752
higgs_public,NLL_OOD,Cov90_OOD,0.18,0.02,0.1,0.0,0.4,0.25,2.0,-1.0,3.374948740005493,239.6820068359375,4.295376777648926,0.9204280376434326,236.307058095932,0.6650390625,0.63427734375,0.2352294921875,0.5480483770370483,0.1544828861951828
higgs_public,NLL_OOD,Cov90_OOD,0.18,0.02,0.0,0.0,0.4,0.5,1.0,-1.0,3.1961498260498047,257.9444274902344,3.7650275230407715,0.5688776969909668,254.74827766418457,0.67626953125,0.6815185546875,0.2197265625,0.9906165599822998,0.0017206247430294752
higgs_public,NLL_OOD,Cov90_OOD,0.18,0.02,0.1,0.0,0.4,0.25,2.0,0.85,3.374948740005493,239.6820068359375,4.415305137634277,1.0403563976287842,236.307058095932,0.6650390625,0.6370849609375,0.2352294921875,0.2398347705602646,0.1544828861951828
higgs_public,NLL_OOD,Cov90_OOD,0.18,0.02,0.0,0.0,0.4,0.5,1.0,0.85,3.1961498260498047,257.9444274902344,3.7650275230407715,0.5688776969909668,254.74827766418457,0.67626953125,0.6815185546875,0.2197265625,0.9897735714912415,0.0017206247430294752
higgs_public,NLL_OOD,Cov90_OOD,0.18,0.02,0.1,0.0,0.4,0.5,1.0,-1.0,3.374948740005493,239.6820068359375,3.965820789337158,0.590872049331665,236.307058095932,0.6650390625,0.63720703125,0.2352294921875,0.6718714833259583,0.1544828861951828
higgs_public,NLL_OOD,Cov90_OOD,0.18,0.02,0.0,0.0,0.4,0.5,2.0,-1.0,3.1961498260498047,257.9444274902344,3.734325885772705,0.5381760597229004,254.74827766418457,0.67626953125,0.6822509765625,0.2197265625,0.9815657734870911,0.0017206247430294752
higgs_public,NLL_OOD,Cov90_OOD,0.18,0.02,0.1,0.0,0.4,0.5,1.0,0.85,3.374948740005493,239.6820068359375,4.165288925170898,0.7903401851654053,236.307058095932,0.6650390625,0.637451171875,0.2352294921875,0.3870156407356262,0.1544828861951828
higgs_public,NLL_OOD,Cov90_OOD,0.18,0.02,0.0,0.0,0.4,0.5,2.0,0.85,3.1961498260498047,257.9444274902344,3.71871280670166,0.5225629806518555,254.74827766418457,0.67626953125,0.6824951171875,0.2197265625,0.97410649061203,0.0017206247430294752
higgs_public,NLL_OOD,Cov90_OOD,0.18,0.02,0.1,0.0,0.4,0.5,2.0,-1.0,3.374948740005493,239.6820068359375,4.0319929122924805,0.6570441722869873,236.307058095932,0.6650390625,0.6337890625,0.2352294921875,0.5480483770370483,0.1544828861951828
higgs_public,NLL_OOD,Cov90_OOD,0.18,0.02,0.0,0.1,0.4,0.25,1.0,-1.0,3.1961498260498047,257.9444274902344,4.179385662078857,0.9832358360290527,254.74827766418457,0.67626953125,0.6517333984375,0.2197265625,0.514464259147644,0.36049434542655945
higgs_public,NLL_OOD,Cov90_OOD,0.18,0.02,0.1,0.0,0.4,0.5,2.0,0.85,3.374948740005493,239.6820068359375,4.130349159240723,0.7554004192352295,236.307058095932,0.6650390625,0.6392822265625,0.2352294921875,0.2398347705602646,0.1544828861951828
higgs_public,NLL_OOD,Cov90_OOD,0.18,0.02,0.0,0.1,0.4,0.25,1.0,0.85,3.1961498260498047,257.9444274902344,4.41834831237793,1.222198486328125,254.74827766418457,0.67626953125,0.644775390625,0.2197265625,0.25739777088165283,0.36049434542655945
higgs_public,NLL_OOD,Cov90_OOD,0.18,0.02,0.1,0.1,0.4,0.25,1.0,-1.0,3.374948740005493,239.6820068359375,3.934985637664795,0.5600368976593018,236.307058095932,0.6650390625,0.635498046875,0.2352294921875,0.4443204998970032,0.4239770174026489
higgs_public,NLL_OOD,Cov90_OOD,0.18,0.02,0.0,0.1,0.4,0.25,2.0,-1.0,3.1961498260498047,257.9444274902344,4.249542236328125,1.0533924102783203,254.74827766418457,0.67626953125,0.645751953125,0.2197265625,0.39625266194343567,0.36049434542655945
higgs_public,NLL_OOD,Cov90_OOD,0.18,0.02,0.1,0.1,0.4,0.25,1.0,0.85,3.374948740005493,239.6820068359375,4.272520065307617,0.897571325302124,236.307058095932,0.6650390625,0.634033203125,0.2352294921875,0.16378390789031982,0.4239770174026489
higgs_public,NLL_OOD,Cov90_OOD,0.18,0.02,0.0,0.1,0.4,0.25,2.0,0.85,3.1961498260498047,257.9444274902344,4.497889518737793,1.3017396926879883,254.74827766418457,0.67626953125,0.6444091796875,0.2197265625,0.16839852929115295,0.36049434542655945
higgs_public,NLL_OOD,Cov90_OOD,0.18,0.02,0.1,0.1,0.4,0.25,2.0,-1.0,3.374948740005493,239.6820068359375,4.0909104347229,0.7159616947174072,236.307058095932,0.6650390625,0.6328125,0.2352294921875,0.31839966773986816,0.4239770174026489
higgs_public,NLL_OOD,Cov90_OOD,0.18,0.02,0.0,0.1,0.4,0.5,1.0,-1.0,3.1961498260498047,257.9444274902344,3.705904960632324,0.5097551345825195,254.74827766418457,0.67626953125,0.66357421875,0.2197265625,0.514464259147644,0.36049434542655945
higgs_public,NLL_OOD,Cov90_OOD,0.18,0.02,0.1,0.1,0.4,0.25,2.0,0.85,3.374948740005493,239.6820068359375,4.357508659362793,0.9825599193572998,236.307058095932,0.6650390625,0.6446533203125,0.2352294921875,0.08371710032224655,0.4239770174026489
higgs_public,NLL_OOD,Cov90_OOD,0.18,0.02,0.0,0.1,0.4,0.5,1.0,0.85,3.1961498260498047,257.9444274902344,3.9468348026275635,0.7506849765777588,254.74827766418457,0.67626953125,0.6583251953125,0.2197265625,0.25739777088165283,0.36049434542655945
higgs_public,NLL_OOD,Cov90_OOD,0.18,0.02,0.1,0.1,0.4,0.5,1.0,-1.0,3.374948740005493,239.6820068359375,3.606984853744507,0.23203611373901367,236.307058095932,0.6650390625,0.643310546875,0.2352294921875,0.4443204998970032,0.4239770174026489
higgs_public,NLL_OOD,Cov90_OOD,0.18,0.02,0.0,0.1,0.4,0.5,2.0,-1.0,3.1961498260498047,257.9444274902344,3.8490383625030518,0.6528885364532471,254.74827766418457,0.67626953125,0.660400390625,0.2197265625,0.39625266194343567,0.36049434542655945
higgs_public,NLL_OOD,Cov90_OOD,0.18,0.02,0.1,0.1,0.4,0.5,1.0,0.85,3.374948740005493,239.6820068359375,3.9807288646698,0.6057801246643066,236.307058095932,0.6650390625,0.6453857421875,0.2352294921875,0.16378390789031982,0.4239770174026489
higgs_public,NLL_OOD,Cov90_OOD,0.18,0.02,0.0,0.1,0.4,0.5,2.0,0.85,3.1961498260498047,257.9444274902344,4.047122955322266,0.8509731292724609,254.74827766418457,0.67626953125,0.65283203125,0.2197265625,0.16839852929115295,0.36049434542655945
higgs_public,NLL_OOD,Cov90_OOD,0.18,0.02,0.1,0.1,0.4,0.5,2.0,-1.0,3.374948740005493,239.6820068359375,3.7509889602661133,0.3760402202606201,236.307058095932,0.6650390625,0.6431884765625,0.2352294921875,0.31839966773986816,0.4239770174026489
higgs_public,NLL_OOD,Cov90_OOD,0.18,0.02,0.0,0.2,0.4,0.25,1.0,-1.0,3.1961498260498047,257.9444274902344,3.9544668197631836,0.7583169937133789,254.74827766418457,0.67626953125,0.643798828125,0.2197265625,0.3325323164463043,0.7238612174987793
higgs_public,NLL_OOD,Cov90_OOD,0.18,0.02,0.1,0.1,0.4,0.5,2.0,0.85,3.374948740005493,239.6820068359375,4.004831314086914,0.6298825740814209,236.307058095932,0.6650390625,0.6553955078125,0.2352294921875,0.08371710032224655,0.4239770174026489
higgs_public,NLL_OOD,Cov90_OOD,0.18,0.02,0.0,0.2,0.4,0.25,1.0,0.85,3.1961498260498047,257.9444274902344,4.281782150268555,1.08563232421875,254.74827766418457,0.67626953125,0.635009765625,0.2197265625,0.11573918908834457,0.7238612174987793
higgs_public,NLL_OOD,Cov90_OOD,0.18,0.02,0.1,0.2,0.4,0.25,1.0,-1.0,3.374948740005493,239.6820068359375,3.780812978744507,0.40586423873901367,236.307058095932,0.6650390625,0.6282958984375,0.2352294921875,0.31998252868652344,0.6918666362762451
higgs_public,NLL_OOD,Cov90_OOD,0.18,0.02,0.0,0.2,0.4,0.25,2.0,-1.0,3.1961498260498047,257.9444274902344,4.1787943840026855,0.9826445579528809,254.74827766418457,0.67626953125,0.6376953125,0.2197265625,0.23009556531906128,0.7238612174987793
higgs_public,NLL_OOD,Cov90_OOD,0.18,0.02,0.1,0.2,0.4,0.25,1.0,0.85,3.374948740005493,239.6820068359375,4.312849998474121,0.9379012584686279,236.307058095932,0.6650390625,0.625,0.2352294921875,0.0903598815202713,0.6918666362762451
higgs_public,NLL_OOD,Cov90_OOD,0.18,0.02,0.0,0.2,0.4,0.25,2.0,0.85,3.1961498260498047,257.9444274902344,4.500994682312012,1.304844856262207,254.74827766418457,0.67626953125,0.6300048828125,0.2197265625,0.0614023432135582,0.7238612174987793
higgs_public,NLL_OOD,Cov90_OOD,0.18,0.02,0.1,0.2,0.4,0.25,2.0,-1.0,3.374948740005493,239.6820068359375,3.9980804920196533,0.6231317520141602,236.307058095932,0.6650390625,0.6162109375,0.2352294921875,0.21117280423641205,0.6918666362762451
higgs_public,NLL_OOD,Cov90_OOD,0.18,0.02,0.0,0.2,0.4,0.5,1.0,-1.0,3.1961498260498047,257.9444274902344,3.4951395988464355,0.29898977279663086,254.74827766418457,0.67626953125,0.6541748046875,0.2197265625,0.3325323164463043,0.7238612174987793
higgs_public,NLL_OOD,Cov90_OOD,0.18,0.02,0.0,0.2,0.4,0.5,1.0,0.85,3.1961498260498047,257.9444274902344,3.9705429077148438,0.7743930816650391,254.74827766418457,0.67626953125,0.6409912109375,0.2197265625,0.11573918908834457,0.7238612174987793
higgs_public,NLL_OOD,Cov90_OOD,0.18,0.02,0.1,0.2,0.4,0.25,2.0,0.85,3.374948740005493,239.6820068359375,4.388582706451416,1.0136339664459229,236.307058095932,0.6650390625,0.642333984375,0.2352294921875,0.039848312735557556,0.6918666362762451
higgs_public,NLL_OOD,Cov90_OOD,0.18,0.02,0.0,0.2,0.4,0.5,2.0,-1.0,3.1961498260498047,257.9444274902344,3.679687261581421,0.4835374355316162,254.74827766418457,0.67626953125,0.6470947265625,0.2197265625,0.23009556531906128,0.7238612174987793
higgs_public,NLL_OOD,Cov90_OOD,0.18,0.02,0.1,0.2,0.4,0.5,1.0,-1.0,3.374948740005493,239.6820068359375,3.485612630844116,0.11066389083862305,236.307058095932,0.6650390625,0.6336669921875,0.2352294921875,0.31998252868652344,0.6918666362762451
higgs_public,NLL_OOD,Cov90_OOD,0.18,0.02,0.0,0.2,0.4,0.5,2.0,0.85,3.1961498260498047,257.9444274902344,4.045675754547119,0.8495259284973145,254.74827766418457,0.67626953125,0.64404296875,0.2197265625,0.0614023432135582,0.7238612174987793
higgs_public,NLL_OOD,Cov90_OOD,0.18,0.02,0.1,0.2,0.4,0.5,1.0,0.85,3.374948740005493,239.6820068359375,3.9282684326171875,0.5533196926116943,236.307058095932,0.6650390625,0.6435546875,0.2352294921875,0.0903598815202713,0.6918666362762451
higgs_public,NLL_OOD,Cov90_OOD,0.18,0.02,0.1,0.0,0.4,0.25,1.0,-1.0,3.1961498260498047,257.9444274902344,3.9625682830810547,0.76641845703125,254.74827766418457,0.67626953125,0.650390625,0.2197265625,0.6676474213600159,0.1594536453485489
higgs_public,NLL_OOD,Cov90_OOD,0.18,0.02,0.1,0.2,0.4,0.5,2.0,-1.0,3.374948740005493,239.6820068359375,3.641779899597168,0.2668311595916748,236.307058095932,0.6650390625,0.6326904296875,0.2352294921875,0.21117280423641205,0.6918666362762451
higgs_public,NLL_OOD,Cov90_OOD,0.18,0.02,0.1,0.0,0.4,0.25,1.0,0.85,3.1961498260498047,257.9444274902344,4.112929344177246,0.9167795181274414,254.74827766418457,0.67626953125,0.646728515625,0.2197265625,0.3800477981567383,0.1594536453485489
higgs_public,NLL_OOD,Cov90_OOD,0.18,0.02,0.1,0.2,0.4,0.5,2.0,0.85,3.374948740005493,239.6820068359375,4.050154209136963,0.6752054691314697,236.307058095932,0.6650390625,0.6488037109375,0.2352294921875,0.039848312735557556,0.6918666362762451
higgs_public,NLL_OOD,Cov90_OOD,0.18,0.02,0.1,0.0,0.4,0.25,2.0,-1.0,3.1961498260498047,257.9444274902344,4.023055553436279,0.8269057273864746,254.74827766418457,0.67626953125,0.6490478515625,0.2197265625,0.5431095957756042,0.1594536453485489
higgs_public,NLL_OOD,Cov90_OOD,0.18,0.02,0.2,0.0,0.4,0.25,1.0,-1.0,3.374948740005493,239.6820068359375,4.223221778869629,0.8482730388641357,236.307058095932,0.6650390625,0.623779296875,0.2352294921875,0.5303471088409424,0.31583625078201294
higgs_public,NLL_OOD,Cov90_OOD,0.18,0.02,0.1,0.0,0.4,0.25,2.0,0.85,3.1961498260498047,257.9444274902344,4.2116193771362305,1.0154695510864258,254.74827766418457,0.67626953125,0.6466064453125,0.2197265625,0.23792630434036255,0.1594536453485489
higgs_public,NLL_OOD,Cov90_OOD,0.18,0.02,0.2,0.0,0.4,0.25,1.0,0.85,3.374948740005493,239.6820068359375,4.562223434448242,1.187274694442749,236.307058095932,0.6650390625,0.6248779296875,0.2352294921875,0.21196550130844116,0.31583625078201294
higgs_public,NLL_OOD,Cov90_OOD,0.18,0.02,0.1,0.0,0.4,0.5,1.0,-1.0,3.1961498260498047,257.9444274902344,3.6741065979003906,0.47795677185058594,254.74827766418457,0.67626953125,0.644287109375,0.2197265625,0.6676474213600159,0.1594536453485489
higgs_public,NLL_OOD,Cov90_OOD,0.18,0.02,0.2,0.0,0.4,0.25,2.0,-1.0,3.374948740005493,239.6820068359375,4.27402400970459,0.8990752696990967,236.307058095932,0.6650390625,0.6243896484375,0.2352294921875,0.3933213949203491,0.31583625078201294
higgs_public,NLL_OOD,Cov90_OOD,0.18,0.02,0.1,0.0,0.4,0.5,1.0,0.85,3.1961498260498047,257.9444274902344,3.8619678020477295,0.6658179759979248,254.74827766418457,0.67626953125,0.64306640625,0.2197265625,0.3800477981567383,0.1594536453485489
higgs_public,NLL_OOD,Cov90_OOD,0.18,0.02,0.2,0.0,0.4,0.25,2.0,0.85,3.374948740005493,239.6820068359375,4.503270149230957,1.1283214092254639,236.307058095932,0.6650390625,0.6328125,0.2352294921875,0.10319522768259048,0.31583625078201294
higgs_public,NLL_OOD,Cov90_OOD,0.18,0.02,0.1,0.0,0.4,0.5,2.0,-1.0,3.1961498260498047,257.9444274902344,3.7392897605895996,0.5431399345397949,254.74827766418457,0.67626953125,0.6456298828125,0.2197265625,0.5431095957756042,0.1594536453485489
higgs_public,NLL_OOD,Cov90_OOD,0.18,0.02,0.2,0.0,0.4,0.5,1.0,-1.0,3.374948740005493,239.6820068359375,3.838451862335205,0.4635031223297119,236.307058095932,0.6650390625,0.6212158203125,0.2352294921875,0.5303471088409424,0.31583625078201294
higgs_public,NLL_OOD,Cov90_OOD,0.18,0.02,0.1,0.0,0.4,0.5,2.0,0.85,3.1961498260498047,257.9444274902344,3.8807287216186523,0.6845788955688477,254.74827766418457,0.67626953125,0.648193359375,0.2197265625,0.23792630434036255,0.1594536453485489
higgs_public,NLL_OOD,Cov90_OOD,0.18,0.02,0.2,0.0,0.4,0.5,1.0,0.85,3.374948740005493,239.6820068359375,4.220519542694092,0.8455708026885986,236.307058095932,0.6650390625,0.6263427734375,0.2352294921875,0.21196550130844116,0.31583625078201294
higgs_public,NLL_OOD,Cov90_OOD,0.18,0.02,0.1,0.1,0.4,0.25,1.0,-1.0,3.1961498260498047,257.9444274902344,3.9121243953704834,0.7159745693206787,254.74827766418457,0.67626953125,0.6290283203125,0.2197265625,0.44111713767051697,0.43562114238739014
higgs_public,NLL_OOD,Cov90_OOD,0.18,0.02,0.2,0.0,0.4,0.5,2.0,-1.0,3.374948740005493,239.6820068359375,3.9562366008758545,0.5812878608703613,236.307058095932,0.6650390625,0.61962890625,0.2352294921875,0.3933213949203491,0.31583625078201294
higgs_public,NLL_OOD,Cov90_OOD,0.18,0.02,0.1,0.1,0.4,0.25,1.0,0.85,3.1961498260498047,257.9444274902344,4.34616756439209,1.1500177383422852,254.74827766418457,0.67626953125,0.6241455078125,0.2197265625,0.16221247613430023,0.43562114238739014
higgs_public,NLL_OOD,Cov90_OOD,0.18,0.02,0.2,0.0,0.4,0.5,2.0,0.85,3.374948740005493,239.6820068359375,4.270266532897949,0.895317792892456,236.307058095932,0.6650390625,0.6302490234375,0.2352294921875,0.10319522768259048,0.31583625078201294
higgs_public,NLL_OOD,Cov90_OOD,0.18,0.02,0.1,0.1,0.4,0.25,2.0,-1.0,3.1961498260498047,257.9444274902344,4.0638837814331055,0.8677339553833008,254.74827766418457,0.67626953125,0.6290283203125,0.2197265625,0.31536826491355896,0.43562114238739014
higgs_public,NLL_OOD,Cov90_OOD,0.18,0.02,0.2,0.1,0.4,0.25,1.0,-1.0,3.374948740005493,239.6820068359375,3.9460320472717285,0.5710833072662354,236.307058095932,0.6650390625,0.61376953125,0.2352294921875,0.4016416072845459,0.4976207911968231
higgs_public,NLL_OOD,Cov90_OOD,0.18,0.02,0.1,0.1,0.4,0.25,2.0,0.85,3.1961498260498047,257.9444274902344,4.246877193450928,1.050727367401123,254.74827766418457,0.67626953125,0.62744140625,0.2197265625,0.08196553587913513,0.43562114238739014
higgs_public,NLL_OOD,Cov90_OOD,0.18,0.02,0.2,0.1,0.4,0.25,1.0,0.85,3.374948740005493,239.6820068359375,4.320788383483887,0.9458396434783936,236.307058095932,0.6650390625,0.622802734375,0.2352294921875,0.10957545042037964,0.4976207911968231
higgs_public,NLL_OOD,Cov90_OOD,0.18,0.02,0.1,0.1,0.4,0.5,1.0,-1.0,3.1961498260498047,257.9444274902344,3.5431313514709473,0.3469815254211426,254.74827766418457,0.67626953125,0.6337890625,0.2197265625,0.44111713767051697,0.43562114238739014
higgs_public,NLL_OOD,Cov90_OOD,0.18,0.02,0.2,0.1,0.4,0.25,2.0,-1.0,3.374948740005493,239.6820068359375,4.101290225982666,0.7263414859771729,236.307058095932,0.6650390625,0.6107177734375,0.2352294921875,0.27023109793663025,0.4976207911968231
higgs_public,NLL_OOD,Cov90_OOD,0.18,0.02,0.1,0.1,0.4,0.5,1.0,0.85,3.1961498260498047,257.9444274902344,3.920109510421753,0.7239596843719482,254.74827766418457,0.67626953125,0.6357421875,0.2197265625,0.16221247613430023,0.43562114238739014
higgs_public,NLL_OOD,Cov90_OOD,0.18,0.02,0.2,0.1,0.4,0.25,2.0,0.85,3.374948740005493,239.6820068359375,4.391328811645508,1.0163800716400146,236.307058095932,0.6650390625,0.6307373046875,0.2352294921875,0.04634074866771698,0.4976207911968231
higgs_public,NLL_OOD,Cov90_OOD,0.18,0.02,0.1,0.1,0.4,0.5,2.0,-1.0,3.1961498260498047,257.9444274902344,3.7015881538391113,0.5054383277893066,254.74827766418457,0.67626953125,0.6322021484375,0.2197265625,0.31536826491355896,0.43562114238739014
higgs_public,NLL_OOD,Cov90_OOD,0.18,0.02,0.2,0.1,0.4,0.5,1.0,-1.0,3.374948740005493,239.6820068359375,3.596214771270752,0.2212660312652588,236.307058095932,0.6650390625,0.62353515625,0.2352294921875,0.4016416072845459,0.4976207911968231
higgs_public,NLL_OOD,Cov90_OOD,0.18,0.02,0.1,0.1,0.4,0.5,2.0,0.85,3.1961498260498047,257.9444274902344,3.936582565307617,0.7404327392578125,254.74827766418457,0.67626953125,0.6416015625,0.2197265625,0.08196553587913513,0.43562114238739014
higgs_public,NLL_OOD,Cov90_OOD,0.18,0.02,0.2,0.1,0.4,0.5,1.0,0.85,3.374948740005493,239.6820068359375,4.056650161743164,0.6817014217376709,236.307058095932,0.6650390625,0.623779296875,0.2352294921875,0.10957545042037964,0.4976207911968231
higgs_public,NLL_OOD,Cov90_OOD,0.18,0.02,0.1,0.2,0.4,0.25,1.0,-1.0,3.1961498260498047,257.9444274902344,3.75506329536438,0.5589134693145752,254.74827766418457,0.67626953125,0.620361328125,0.2197265625,0.3184313178062439,0.7073482871055603
higgs_public,NLL_OOD,Cov90_OOD,0.18,0.02,0.2,0.1,0.4,0.5,2.0,-1.0,3.374948740005493,239.6820068359375,3.7604808807373047,0.3855321407318115,236.307058095932,0.6650390625,0.61865234375,0.2352294921875,0.27023109793663025,0.4976207911968231
higgs_public,NLL_OOD,Cov90_OOD,0.18,0.02,0.1,0.2,0.4,0.25,1.0,0.85,3.1961498260498047,257.9444274902344,4.30565881729126,1.109508991241455,254.74827766418457,0.67626953125,0.623779296875,0.2197265625,0.08761163055896759,0.7073482871055603
higgs_public,NLL_OOD,Cov90_OOD,0.18,0.02,0.2,0.1,0.4,0.5,2.0,0.85,3.374948740005493,239.6820068359375,4.1084513664245605,0.7335026264190674,236.307058095932,0.6650390625,0.6387939453125,0.2352294921875,0.04634074866771698,0.4976207911968231
higgs_public,NLL_OOD,Cov90_OOD,0.18,0.02,0.1,0.2,0.4,0.25,2.0,-1.0,3.1961498260498047,257.9444274902344,3.9803357124328613,0.7841858863830566,254.74827766418457,0.67626953125,0.6204833984375,0.2197265625,0.20972388982772827,0.7073482871055603
higgs_public,NLL_OOD,Cov90_OOD,0.18,0.02,0.1,0.2,0.4,0.25,2.0,0.85,3.1961498260498047,257.9444274902344,4.279799461364746,1.0836496353149414,254.74827766418457,0.67626953125,0.6324462890625,0.2197265625,0.037621933966875076,0.7073482871055603
higgs_public,NLL_OOD,Cov90_OOD,0.18,0.02,0.2,0.2,0.4,0.25,1.0,-1.0,3.374948740005493,239.6820068359375,3.890167236328125,0.5152184963226318,236.307058095932,0.6650390625,0.6051025390625,0.2352294921875,0.3183757960796356,0.6677898168563843
higgs_public,NLL_OOD,Cov90_OOD,0.18,0.02,0.1,0.2,0.4,0.5,1.0,-1.0,3.1961498260498047,257.9444274902344,3.4333198070526123,0.23716998100280762,254.74827766418457,0.67626953125,0.6229248046875,0.2197265625,0.3184313178062439,0.7073482871055603
higgs_public,NLL_OOD,Cov90_OOD,0.18,0.02,0.2,0.2,0.4,0.25,1.0,0.85,3.374948740005493,239.6820068359375,4.234644412994385,0.8596956729888916,236.307058095932,0.6650390625,0.62158203125,0.2352294921875,0.06542335450649261,0.6677898168563843
higgs_public,NLL_OOD,Cov90_OOD,0.18,0.02,0.1,0.2,0.4,0.5,1.0,0.85,3.1961498260498047,257.9444274902344,3.9217894077301025,0.7256395816802979,254.74827766418457,0.67626953125,0.622802734375,0.2197265625,0.08761163055896759,0.7073482871055603
higgs_public,NLL_OOD,Cov90_OOD,0.18,0.02,0.2,0.2,0.4,0.25,2.0,-1.0,3.374948740005493,239.6820068359375,4.035837173461914,0.6608884334564209,236.307058095932,0.6650390625,0.608154296875,0.2352294921875,0.19943618774414062,0.6677898168563843
higgs_public,NLL_OOD,Cov90_OOD,0.18,0.02,0.1,0.2,0.4,0.5,2.0,-1.0,3.1961498260498047,257.9444274902344,3.5718109607696533,0.37566113471984863,254.74827766418457,0.67626953125,0.623779296875,0.2197265625,0.20972388982772827,0.7073482871055603
higgs_public,NLL_OOD,Cov90_OOD,0.18,0.02,0.2,0.2,0.4,0.25,2.0,0.85,3.374948740005493,239.6820068359375,4.406140327453613,1.0311915874481201,236.307058095932,0.6650390625,0.6204833984375,0.2352294921875,0.023656129837036133,0.6677898168563843
higgs_public,NLL_OOD,Cov90_OOD,0.18,0.02,0.1,0.2,0.4,0.5,2.0,0.85,3.1961498260498047,257.9444274902344,3.9287803173065186,0.7326304912567139,254.74827766418457,0.67626953125,0.640869140625,0.2197265625,0.037621933966875076,0.7073482871055603
higgs_public,NLL_OOD,Cov90_OOD,0.18,0.02,0.2,0.2,0.4,0.5,1.0,-1.0,3.374948740005493,239.6820068359375,3.4908971786499023,0.11594843864440918,236.307058095932,0.6650390625,0.615478515625,0.2352294921875,0.3183757960796356,0.6677898168563843
higgs_public,NLL_OOD,Cov90_OOD,0.18,0.02,0.2,0.0,0.4,0.25,1.0,-1.0,3.1961498260498047,257.9444274902344,3.987025499343872,0.7908756732940674,254.74827766418457,0.67626953125,0.6331787109375,0.2197265625,0.525596022605896,0.3278123736381531
higgs_public,NLL_OOD,Cov90_OOD,0.18,0.02,0.2,0.2,0.4,0.5,1.0,0.85,3.374948740005493,239.6820068359375,4.045738220214844,0.6707894802093506,236.307058095932,0.6650390625,0.6240234375,0.2352294921875,0.06542335450649261,0.6677898168563843
higgs_public,NLL_OOD,Cov90_OOD,0.18,0.02,0.2,0.0,0.4,0.25,1.0,0.85,3.1961498260498047,257.9444274902344,4.143491744995117,0.9473419189453125,254.74827766418457,0.67626953125,0.63330078125,0.2197265625,0.2060043066740036,0.3278123736381531
higgs_public,NLL_OOD,Cov90_OOD,0.18,0.02,0.2,0.2,0.4,0.5,2.0,-1.0,3.374948740005493,239.6820068359375,3.684276819229126,0.3093280792236328,236.307058095932,0.6650390625,0.611328125,0.2352294921875,0.19943618774414062,0.6677898168563843
higgs_public,NLL_OOD,Cov90_OOD,0.18,0.02,0.2,0.0,0.4,0.25,2.0,-1.0,3.1961498260498047,257.9444274902344,4.045950412750244,0.8498005867004395,254.74827766418457,0.67626953125,0.6336669921875,0.2197265625,0.3884531855583191,0.3278123736381531
higgs_public,NLL_OOD,Cov90_OOD,0.18,0.02,0.2,0.2,0.4,0.5,2.0,0.85,3.374948740005493,239.6820068359375,3.958143711090088,0.5831949710845947,236.307058095932,0.6650390625,0.646240234375,0.2352294921875,0.023656129837036133,0.6677898168563843
higgs_public,NLL_OOD,Cov90_OOD,0.18,0.02,0.2,0.0,0.4,0.25,2.0,0.85,3.1961498260498047,257.9444274902344,4.081772327423096,0.885622501373291,254.74827766418457,0.67626953125,0.6402587890625,0.2197265625,0.10106894373893738,0.3278123736381531
higgs_public,NLL_OOD,Cov90_OOD,0.18,0.05,0.0,0.0,0.4,0.25,1.0,-1.0,3.374948740005493,239.6820068359375,4.100629806518555,0.7256810665130615,236.307058095932,0.6650390625,0.65478515625,0.2352294921875,0.9476443529129028,0.010468087159097195
higgs_public,NLL_OOD,Cov90_OOD,0.18,0.02,0.2,0.0,0.4,0.5,1.0,-1.0,3.1961498260498047,257.9444274902344,3.66001296043396,0.4638631343841553,254.74827766418457,0.67626953125,0.630615234375,0.2197265625,0.525596022605896,0.3278123736381531
higgs_public,NLL_OOD,Cov90_OOD,0.18,0.05,0.0,0.0,0.4,0.25,1.0,0.85,3.374948740005493,239.6820068359375,4.054971694946289,0.6800229549407959,236.307058095932,0.6650390625,0.6551513671875,0.2352294921875,0.8814696073532104,0.010468087159097195
higgs_public,NLL_OOD,Cov90_OOD,0.18,0.02,0.2,0.0,0.4,0.5,1.0,0.85,3.1961498260498047,257.9444274902344,3.8847408294677734,0.6885910034179688,254.74827766418457,0.67626953125,0.6343994140625,0.2197265625,0.2060043066740036,0.3278123736381531
higgs_public,NLL_OOD,Cov90_OOD,0.18,0.05,0.0,0.0,0.4,0.25,2.0,-1.0,3.374948740005493,239.6820068359375,4.057470798492432,0.6825220584869385,236.307058095932,0.6650390625,0.658203125,0.2352294921875,0.9041482210159302,0.010468087159097195
higgs_public,NLL_OOD,Cov90_OOD,0.18,0.02,0.2,0.0,0.4,0.5,2.0,-1.0,3.1961498260498047,257.9444274902344,3.7236766815185547,0.52752685546875,254.74827766418457,0.67626953125,0.6309814453125,0.2197265625,0.3884531855583191,0.3278123736381531
higgs_public,NLL_OOD,Cov90_OOD,0.18,0.05,0.0,0.0,0.4,0.25,2.0,0.85,3.374948740005493,239.6820068359375,4.103662014007568,0.7287132740020752,236.307058095932,0.6650390625,0.65673828125,0.2352294921875,0.7630746364593506,0.010468087159097195
higgs_public,NLL_OOD,Cov90_OOD,0.18,0.02,0.2,0.0,0.4,0.5,2.0,0.85,3.1961498260498047,257.9444274902344,3.9052793979644775,0.7091295719146729,254.74827766418457,0.67626953125,0.6392822265625,0.2197265625,0.10106894373893738,0.3278123736381531
higgs_public,NLL_OOD,Cov90_OOD,0.18,0.05,0.0,0.0,0.4,0.5,1.0,-1.0,3.374948740005493,239.6820068359375,3.847393035888672,0.4724442958831787,236.307058095932,0.6650390625,0.6619873046875,0.2352294921875,0.9476443529129028,0.010468087159097195
higgs_public,NLL_OOD,Cov90_OOD,0.18,0.02,0.2,0.1,0.4,0.25,1.0,-1.0,3.1961498260498047,257.9444274902344,3.87156081199646,0.6754109859466553,254.74827766418457,0.67626953125,0.6104736328125,0.2197265625,0.39905470609664917,0.5120062828063965
higgs_public,NLL_OOD,Cov90_OOD,0.18,0.05,0.0,0.0,0.4,0.5,1.0,0.85,3.374948740005493,239.6820068359375,3.8911423683166504,0.5161936283111572,236.307058095932,0.6650390625,0.66015625,0.2352294921875,0.8814696073532104,0.010468087159097195
higgs_public,NLL_OOD,Cov90_OOD,0.18,0.02,0.2,0.1,0.4,0.25,1.0,0.85,3.1961498260498047,257.9444274902344,4.381005764007568,1.1848559379577637,254.74827766418457,0.67626953125,0.6173095703125,0.2197265625,0.10723602771759033,0.5120062828063965
higgs_public,NLL_OOD,Cov90_OOD,0.18,0.05,0.0,0.0,0.4,0.5,2.0,-1.0,3.374948740005493,239.6820068359375,3.8688344955444336,0.49388575553894043,236.307058095932,0.6650390625,0.660400390625,0.2352294921875,0.9041482210159302,0.010468087159097195
higgs_public,NLL_OOD,Cov90_OOD,0.18,0.02,0.2,0.1,0.4,0.25,2.0,-1.0,3.1961498260498047,257.9444274902344,4.094904899597168,0.8987550735473633,254.74827766418457,0.67626953125,0.6090087890625,0.2197265625,0.2683057188987732,0.5120062828063965
higgs_public,NLL_OOD,Cov90_OOD,0.18,0.05,0.0,0.0,0.4,0.5,2.0,0.85,3.374948740005493,239.6820068359375,3.8792343139648438,0.5042855739593506,236.307058095932,0.6650390625,0.65966796875,0.2352294921875,0.7630746364593506,0.010468087159097195
higgs_public,NLL_OOD,Cov90_OOD,0.18,0.02,0.2,0.1,0.4,0.25,2.0,0.85,3.1961498260498047,257.9444274902344,4.32766580581665,1.1315159797668457,254.74827766418457,0.67626953125,0.6339111328125,0.2197265625,0.04597516357898712,0.5120062828063965
higgs_public,NLL_OOD,Cov90_OOD,0.18,0.05,0.0,0.1,0.4,0.25,1.0,-1.0,3.374948740005493,239.6820068359375,4.2469072341918945,0.8719584941864014,236.307058095932,0.6650390625,0.6396484375,0.2352294921875,0.5069313645362854,0.3615970015525818
higgs_public,NLL_OOD,Cov90_OOD,0.18,0.02,0.2,0.1,0.4,0.5,1.0,-1.0,3.1961498260498047,257.9444274902344,3.6092891693115234,0.41313934326171875,254.74827766418457,0.67626953125,0.611572265625,0.2197265625,0.39905470609664917,0.5120062828063965
higgs_public,NLL_OOD,Cov90_OOD,0.18,0.05,0.0,0.1,0.4,0.25,1.0,0.85,3.374948740005493,239.6820068359375,4.4255170822143555,1.0505683422088623,236.307058095932,0.6650390625,0.6370849609375,0.2352294921875,0.24743816256523132,0.3615970015525818
higgs_public,NLL_OOD,Cov90_OOD,0.18,0.02,0.2,0.1,0.4,0.5,1.0,0.85,3.1961498260498047,257.9444274902344,4.126535415649414,0.9303855895996094,254.74827766418457,0.67626953125,0.615966796875,0.2197265625,0.10723602771759033,0.5120062828063965
higgs_public,NLL_OOD,Cov90_OOD,0.18,0.05,0.0,0.1,0.4,0.25,2.0,-1.0,3.374948740005493,239.6820068359375,4.355523586273193,0.9805748462677002,236.307058095932,0.6650390625,0.6370849609375,0.2352294921875,0.38780859112739563,0.3615970015525818
higgs_public,NLL_OOD,Cov90_OOD,0.18,0.02,0.2,0.1,0.4,0.5,2.0,-1.0,3.1961498260498047,257.9444274902344,3.738252639770508,0.5421028137207031,254.74827766418457,0.67626953125,0.60888671875,0.2197265625,0.2683057188987732,0.5120062828063965
higgs_public,NLL_OOD,Cov90_OOD,0.18,0.05,0.0,0.1,0.4,0.25,2.0,0.85,3.374948740005493,239.6820068359375,4.482229232788086,1.1072804927825928,236.307058095932,0.6650390625,0.6435546875,0.2352294921875,0.15742135047912598,0.3615970015525818
higgs_public,NLL_OOD,Cov90_OOD,0.18,0.02,0.2,0.1,0.4,0.5,2.0,0.85,3.1961498260498047,257.9444274902344,4.044304847717285,0.8481550216674805,254.74827766418457,0.67626953125,0.6326904296875,0.2197265625,0.04597516357898712,0.5120062828063965
higgs_public,NLL_OOD,Cov90_OOD,0.18,0.05,0.0,0.1,0.4,0.5,1.0,-1.0,3.374948740005493,239.6820068359375,3.7692229747772217,0.3942742347717285,236.307058095932,0.6650390625,0.65283203125,0.2352294921875,0.5069313645362854,0.3615970015525818
higgs_public,NLL_OOD,Cov90_OOD,0.18,0.02,0.2,0.2,0.4,0.25,1.0,-1.0,3.1961498260498047,257.9444274902344,3.787585735321045,0.5914359092712402,254.74827766418457,0.67626953125,0.5997314453125,0.2197265625,0.3165600299835205,0.6848215460777283
higgs_public,NLL_OOD,Cov90_OOD,0.18,0.05,0.0,0.1,0.4,0.5,1.0,0.85,3.374948740005493,239.6820068359375,4.0730743408203125,0.6981256008148193,236.307058095932,0.6650390625,0.6444091796875,0.2352294921875,0.24743816256523132,0.3615970015525818
higgs_public,NLL_OOD,Cov90_OOD,0.18,0.02,0.2,0.2,0.4,0.25,1.0,0.85,3.1961498260498047,257.9444274902344,4.301802635192871,1.1056528091430664,254.74827766418457,0.67626953125,0.6180419921875,0.2197265625,0.06455842405557632,0.6848215460777283
higgs_public,NLL_OOD,Cov90_OOD,0.18,0.05,0.0,0.1,0.4,0.5,2.0,-1.0,3.374948740005493,239.6820068359375,3.891444683074951,0.516495943069458,236.307058095932,0.6650390625,0.648681640625,0.2352294921875,0.38780859112739563,0.3615970015525818
higgs_public,NLL_OOD,Cov90_OOD,0.18,0.02,0.2,0.2,0.4,0.25,2.0,-1.0,3.1961498260498047,257.9444274902344,4.022958278656006,0.8268084526062012,254.74827766418457,0.67626953125,0.6005859375,0.2197265625,0.198346808552742,0.6848215460777283
higgs_public,NLL_OOD,Cov90_OOD,0.18,0.05,0.0,0.1,0.4,0.5,2.0,0.85,3.374948740005493,239.6820068359375,4.105423927307129,0.7304751873016357,236.307058095932,0.6650390625,0.6512451171875,0.2352294921875,0.15742135047912598,0.3615970015525818
higgs_public,NLL_OOD,Cov90_OOD,0.18,0.02,0.2,0.2,0.4,0.25,2.0,0.85,3.1961498260498047,257.9444274902344,4.353477478027344,1.157327651977539,254.74827766418457,0.67626953125,0.61328125,0.2197265625,0.024052515625953674,0.6848215460777283
higgs_public,NLL_OOD,Cov90_OOD,0.18,0.05,0.0,0.2,0.4,0.25,1.0,-1.0,3.374948740005493,239.6820068359375,3.9667439460754395,0.5917952060699463,236.307058095932,0.6650390625,0.6376953125,0.2352294921875,0.32925325632095337,0.7167869806289673
higgs_public,NLL_OOD,Cov90_OOD,0.18,0.02,0.2,0.2,0.4,0.5,1.0,-1.0,3.1961498260498047,257.9444274902344,3.491837978363037,0.2956881523132324,254.74827766418457,0.67626953125,0.6024169921875,0.2197265625,0.3165600299835205,0.6848215460777283
higgs_public,NLL_OOD,Cov90_OOD,0.18,0.05,0.0,0.2,0.4,0.25,1.0,0.85,3.374948740005493,239.6820068359375,4.427424430847168,1.0524756908416748,236.307058095932,0.6650390625,0.63427734375,0.2352294921875,0.11468745768070221,0.7167869806289673
higgs_public,NLL_OOD,Cov90_OOD,0.18,0.02,0.2,0.2,0.4,0.5,1.0,0.85,3.1961498260498047,257.9444274902344,3.9604365825653076,0.7642867565155029,254.74827766418457,0.67626953125,0.6185302734375,0.2197265625,0.06455842405557632,0.6848215460777283
higgs_public,NLL_OOD,Cov90_OOD,0.18,0.05,0.0,0.2,0.4,0.25,2.0,-1.0,3.374948740005493,239.6820068359375,4.154183387756348,0.7792346477508545,236.307058095932,0.6650390625,0.630126953125,0.2352294921875,0.22675353288650513,0.7167869806289673
higgs_public,NLL_OOD,Cov90_OOD,0.18,0.02,0.2,0.2,0.4,0.5,2.0,-1.0,3.1961498260498047,257.9444274902344,3.6858973503112793,0.4897475242614746,254.74827766418457,0.67626953125,0.60205078125,0.2197265625,0.198346808552742,0.6848215460777283
higgs_public,NLL_OOD,Cov90_OOD,0.18,0.05,0.0,0.2,0.4,0.25,2.0,0.85,3.374948740005493,239.6820068359375,4.461963653564453,1.08701491355896,236.307058095932,0.6650390625,0.641357421875,0.2352294921875,0.06106945127248764,0.7167869806289673
higgs_public,NLL_OOD,Cov90_OOD,0.18,0.02,0.2,0.2,0.4,0.5,2.0,0.85,3.1961498260498047,257.9444274902344,4.058351516723633,0.8622016906738281,254.74827766418457,0.67626953125,0.62451171875,0.2197265625,0.024052515625953674,0.6848215460777283
higgs_public,NLL_OOD,Cov90_OOD,0.18,0.05,0.0,0.2,0.4,0.5,1.0,-1.0,3.374948740005493,239.6820068359375,3.593715190887451,0.218766450881958,236.307058095932,0.6650390625,0.641357421875,0.2352294921875,0.32925325632095337,0.7167869806289673
higgs_public,NLL_OOD,Cov90_OOD,0.18,0.05,0.0,0.0,0.4,0.25,1.0,-1.0,3.1961498260498047,257.9444274902344,4.0917158126831055,0.8955659866333008,254.74827766418457,0.67626953125,0.6663818359375,0.2197265625,0.9461514353752136,0.01078049372881651
higgs_public,NLL_OOD,Cov90_OOD,0.18,0.05,0.0,0.2,0.4,0.5,1.0,0.85,3.374948740005493,239.6820068359375,4.061084270477295,0.6861355304718018,236.307058095932,0.6650390625,0.639892578125,0.2352294921875,0.11468745768070221,0.7167869806289673
higgs_public,NLL_OOD,Cov90_OOD,0.18,0.05,0.0,0.0,0.4,0.25,1.0,0.85,3.1961498260498047,257.9444274902344,4.080850601196289,0.8847007751464844,254.74827766418457,0.67626953125,0.66845703125,0.2197265625,0.8778623938560486,0.01078049372881651
higgs_public,NLL_OOD,Cov90_OOD,0.18,0.05,0.0,0.0,0.4,0.25,2.0,-1.0,3.1961498260498047,257.9444274902344,4.060706615447998,0.8645567893981934,254.74827766418457,0.67626953125,0.6649169921875,0.2197265625,0.9014975428581238,0.01078049372881651
higgs_public,NLL_OOD,Cov90_OOD,0.18,0.05,0.0,0.2,0.4,0.5,2.0,-1.0,3.374948740005493,239.6820068359375,3.7742841243743896,0.3993353843688965,236.307058095932,0.6650390625,0.638427734375,0.2352294921875,0.22675353288650513,0.7167869806289673
higgs_public,NLL_OOD,Cov90_OOD,0.18,0.05,0.0,0.0,0.4,0.25,2.0,0.85,3.1961498260498047,257.9444274902344,4.110538005828857,0.9143881797790527,254.74827766418457,0.67626953125,0.6666259765625,0.2197265625,0.7573782205581665,0.01078049372881651
higgs_public,NLL_OOD,Cov90_OOD,0.18,0.05,0.0,0.2,0.4,0.5,2.0,0.85,3.374948740005493,239.6820068359375,4.074316024780273,0.6993672847747803,236.307058095932,0.6650390625,0.6494140625,0.2352294921875,0.06106945127248764,0.7167869806289673
higgs_public,NLL_OOD,Cov90_OOD,0.18,0.05,0.0,0.0,0.4,0.5,1.0,-1.0,3.1961498260498047,257.9444274902344,3.723222255706787,0.5270724296569824,254.74827766418457,0.67626953125,0.68115234375,0.2197265625,0.9461514353752136,0.01078049372881651
higgs_public,NLL_OOD,Cov90_OOD,0.18,0.05,0.1,0.0,0.4,0.25,1.0,-1.0,3.374948740005493,239.6820068359375,4.329214096069336,0.9542653560638428,236.307058095932,0.6650390625,0.63671875,0.2352294921875,0.6558585166931152,0.16123780608177185
higgs_public,NLL_OOD,Cov90_OOD,0.18,0.05,0.0,0.0,0.4,0.5,1.0,0.85,3.1961498260498047,257.9444274902344,3.677706241607666,0.48155641555786133,254.74827766418457,0.67626953125,0.6810302734375,0.2197265625,0.8778623938560486,0.01078049372881651
higgs_public,NLL_OOD,Cov90_OOD,0.18,0.05,0.1,0.0,0.4,0.25,1.0,0.85,3.374948740005493,239.6820068359375,4.470806121826172,1.0958573818206787,236.307058095932,0.6650390625,0.633056640625,0.2352294921875,0.3607238233089447,0.16123780608177185
higgs_public,NLL_OOD,Cov90_OOD,0.18,0.05,0.0,0.0,0.4,0.5,2.0,-1.0,3.1961498260498047,257.9444274902344,3.704458475112915,0.5083086490631104,254.74827766418457,0.67626953125,0.68115234375,0.2197265625,0.9014975428581238,0.01078049372881651
higgs_public,NLL_OOD,Cov90_OOD,0.18,0.05,0.1,0.0,0.4,0.25,2.0,-1.0,3.374948740005493,239.6820068359375,4.369091987609863,0.9941432476043701,236.307058095932,0.6650390625,0.63330078125,0.2352294921875,0.527870774269104,0.16123780608177185
higgs_public,NLL_OOD,Cov90_OOD,0.18,0.05,0.0,0.0,0.4,0.5,2.0,0.85,3.1961498260498047,257.9444274902344,3.740898609161377,0.5447487831115723,254.74827766418457,0.67626953125,0.6805419921875,0.2197265625,0.7573782205581665,0.01078049372881651
higgs_public,NLL_OOD,Cov90_OOD,0.18,0.05,0.1,0.0,0.4,0.25,2.0,0.85,3.374948740005493,239.6820068359375,4.447803974151611,1.0728552341461182,236.307058095932,0.6650390625,0.6396484375,0.2352294921875,0.21567398309707642,0.16123780608177185
higgs_public,NLL_OOD,Cov90_OOD,0.18,0.05,0.0,0.1,0.4,0.25,1.0,-1.0,3.1961498260498047,257.9444274902344,4.17670202255249,0.9805521965026855,254.74827766418457,0.67626953125,0.6524658203125,0.2197265625,0.5031081438064575,0.36848559975624084
higgs_public,NLL_OOD,Cov90_OOD,0.18,0.05,0.1,0.0,0.4,0.5,1.0,-1.0,3.374948740005493,239.6820068359375,3.9924583435058594,0.6175096035003662,236.307058095932,0.6650390625,0.6361083984375,0.2352294921875,0.6558585166931152,0.16123780608177185
higgs_public,NLL_OOD,Cov90_OOD,0.18,0.05,0.0,0.1,0.4,0.25,1.0,0.85,3.1961498260498047,257.9444274902344,4.420226097106934,1.224076271057129,254.74827766418457,0.67626953125,0.6444091796875,0.2197265625,0.24153736233711243,0.36848559975624084
higgs_public,NLL_OOD,Cov90_OOD,0.18,0.05,0.1,0.0,0.4,0.5,1.0,0.85,3.374948740005493,239.6820068359375,4.162877559661865,0.7879288196563721,236.307058095932,0.6650390625,0.6361083984375,0.2352294921875,0.3607238233089447,0.16123780608177185
higgs_public,NLL_OOD,Cov90_OOD,0.18,0.05,0.0,0.1,0.4,0.25,2.0,-1.0,3.1961498260498047,257.9444274902344,4.30811071395874,1.1119608879089355,254.74827766418457,0.67626953125,0.6475830078125,0.2197265625,0.3829481303691864,0.36848559975624084
higgs_public,NLL_OOD,Cov90_OOD,0.18,0.05,0.1,0.0,0.4,0.5,2.0,-1.0,3.374948740005493,239.6820068359375,4.031956195831299,0.6570074558258057,236.307058095932,0.6650390625,0.635498046875,0.2352294921875,0.527870774269104,0.16123780608177185
higgs_public,NLL_OOD,Cov90_OOD,0.18,0.05,0.0,0.1,0.4,0.25,2.0,0.85,3.1961498260498047,257.9444274902344,4.433771133422852,1.2376213073730469,254.74827766418457,0.67626953125,0.641845703125,0.2197265625,0.15217064321041107,0.36848559975624084
higgs_public,NLL_OOD,Cov90_OOD,0.18,0.05,0.1,0.0,0.4,0.5,2.0,0.85,3.374948740005493,239.6820068359375,4.094771385192871,0.7198226451873779,236.307058095932,0.6650390625,0.64306640625,0.2352294921875,0.21567398309707642,0.16123780608177185
higgs_public,NLL_OOD,Cov90_OOD,0.18,0.05,0.0,0.1,0.4,0.5,1.0,-1.0,3.1961498260498047,257.9444274902344,3.687382936477661,0.49123311042785645,254.74827766418457,0.67626953125,0.6669921875,0.2197265625,0.5031081438064575,0.36848559975624084
higgs_public,NLL_OOD,Cov90_OOD,0.18,0.05,0.1,0.1,0.4,0.25,1.0,-1.0,3.374948740005493,239.6820068359375,3.907571792602539,0.5326230525970459,236.307058095932,0.6650390625,0.6351318359375,0.2352294921875,0.4363709092140198,0.43042176961898804
higgs_public,NLL_OOD,Cov90_OOD,0.18,0.05,0.0,0.1,0.4,0.5,1.0,0.85,3.1961498260498047,257.9444274902344,3.9512951374053955,0.7551453113555908,254.74827766418457,0.67626953125,0.656005859375,0.2197265625,0.24153736233711243,0.36848559975624084
higgs_public,NLL_OOD,Cov90_OOD,0.18,0.05,0.1,0.1,0.4,0.25,1.0,0.85,3.374948740005493,239.6820068359375,4.307042121887207,0.9320933818817139,236.307058095932,0.6650390625,0.632568359375,0.2352294921875,0.15620951354503632,0.43042176961898804
higgs_public,NLL_OOD,Cov90_OOD,0.18,0.05,0.0,0.1,0.4,0.5,2.0,-1.0,3.1961498260498047,257.9444274902344,3.8880748748779297,0.691925048828125,254.74827766418457,0.67626953125,0.6632080078125,0.2197265625,0.3829481303691864,0.36848559975624084
higgs_public,NLL_OOD,Cov90_OOD,0.18,0.05,0.1,0.1,0.4,0.25,2.0,-1.0,3.374948740005493,239.6820068359375,4.129704475402832,0.7547557353973389,236.307058095932,0.6650390625,0.6334228515625,0.2352294921875,0.3101625144481659,0.43042176961898804
higgs_public,NLL_OOD,Cov90_OOD,0.18,0.05,0.0,0.1,0.4,0.5,2.0,0.85,3.1961498260498047,257.9444274902344,4.03805685043335,0.8419070243835449,254.74827766418457,0.67626953125,0.65673828125,0.2197265625,0.15217064321041107,0.36848559975624084
higgs_public,NLL_OOD,Cov90_OOD,0.18,0.05,0.1,0.1,0.4,0.25,2.0,0.85,3.374948740005493,239.6820068359375,4.4549946784973145,1.0800459384918213,236.307058095932,0.6650390625,0.64111328125,0.2352294921875,0.07790924608707428,0.43042176961898804
higgs_public,NLL_OOD,Cov90_OOD,0.18,0.05,0.0,0.2,0.4,0.25,1.0,-1.0,3.1961498260498047,257.9444274902344,3.9534153938293457,0.757265567779541,254.74827766418457,0.67626953125,0.64208984375,0.2197265625,0.3264596164226532,0.7306674718856812
higgs_public,NLL_OOD,Cov90_OOD,0.18,0.05,0.1,0.1,0.4,0.5,1.0,-1.0,3.374948740005493,239.6820068359375,3.5977911949157715,0.22284245491027832,236.307058095932,0.6650390625,0.6441650390625,0.2352294921875,0.4363709092140198,0.43042176961898804
higgs_public,NLL_OOD,Cov90_OOD,0.18,0.05,0.0,0.2,0.4,0.25,1.0,0.85,3.1961498260498047,257.9444274902344,4.399138450622559,1.202988624572754,254.74827766418457,0.67626953125,0.633544921875,0.2197265625,0.10923266410827637,0.7306674718856812
higgs_public,NLL_OOD,Cov90_OOD,0.18,0.05,0.1,0.1,0.4,0.5,1.0,0.85,3.374948740005493,239.6820068359375,4.023841381072998,0.6488926410675049,236.307058095932,0.6650390625,0.645263671875,0.2352294921875,0.15620951354503632,0.43042176961898804
higgs_public,NLL_OOD,Cov90_OOD,0.18,0.05,0.0,0.2,0.4,0.25,2.0,-1.0,3.1961498260498047,257.9444274902344,4.171555995941162,0.9754061698913574,254.74827766418457,0.67626953125,0.635009765625,0.2197265625,0.2238222062587738,0.7306674718856812
higgs_public,NLL_OOD,Cov90_OOD,0.18,0.05,0.1,0.1,0.4,0.5,2.0,-1.0,3.374948740005493,239.6820068359375,3.7639870643615723,0.3890383243560791,236.307058095932,0.6650390625,0.6436767578125,0.2352294921875,0.3101625144481659,0.43042176961898804
higgs_public,NLL_OOD,Cov90_OOD,0.18,0.05,0.0,0.2,0.4,0.25,2.0,0.85,3.1961498260498047,257.9444274902344,4.482993125915527,1.2868432998657227,254.74827766418457,0.67626953125,0.628662109375,0.2197265625,0.05615898594260216,0.7306674718856812
higgs_public,NLL_OOD,Cov90_OOD,0.18,0.05,0.1,0.1,0.4,0.5,2.0,0.85,3.374948740005493,239.6820068359375,4.036213397979736,0.6612646579742432,236.307058095932,0.6650390625,0.6533203125,0.2352294921875,0.07790924608707428,0.43042176961898804
higgs_public,NLL_OOD,Cov90_OOD,0.18,0.05,0.0,0.2,0.4,0.5,1.0,-1.0,3.1961498260498047,257.9444274902344,3.464764356613159,0.2686145305633545,254.74827766418457,0.67626953125,0.6534423828125,0.2197265625,0.3264596164226532,0.7306674718856812
higgs_public,NLL_OOD,Cov90_OOD,0.18,0.05,0.0,0.2,0.4,0.5,1.0,0.85,3.1961498260498047,257.9444274902344,3.9990975856781006,0.8029477596282959,254.74827766418457,0.67626953125,0.6365966796875,0.2197265625,0.10923266410827637,0.7306674718856812
higgs_public,NLL_OOD,Cov90_OOD,0.18,0.05,0.1,0.2,0.4,0.25,1.0,-1.0,3.374948740005493,239.6820068359375,3.8533546924591064,0.4784059524536133,236.307058095932,0.6650390625,0.623046875,0.2352294921875,0.3153287470340729,0.6975883841514587
higgs_public,NLL_OOD,Cov90_OOD,0.18,0.05,0.0,0.2,0.4,0.5,2.0,-1.0,3.1961498260498047,257.9444274902344,3.659266948699951,0.4631171226501465,254.74827766418457,0.67626953125,0.6475830078125,0.2197265625,0.2238222062587738,0.7306674718856812
higgs_public,NLL_OOD,Cov90_OOD,0.18,0.05,0.1,0.2,0.4,0.25,1.0,0.85,3.374948740005493,239.6820068359375,4.3149824142456055,0.9400336742401123,236.307058095932,0.6650390625,0.62744140625,0.2352294921875,0.08625464886426926,0.6975883841514587
higgs_public,NLL_OOD,Cov90_OOD,0.18,0.05,0.0,0.2,0.4,0.5,2.0,0.85,3.1961498260498047,257.9444274902344,4.045759201049805,0.849609375,254.74827766418457,0.67626953125,0.644287109375,0.2197265625,0.05615898594260216,0.7306674718856812
higgs_public,NLL_OOD,Cov90_OOD,0.18,0.05,0.1,0.2,0.4,0.25,2.0,-1.0,3.374948740005493,239.6820068359375,3.952012777328491,0.577064037322998,236.307058095932,0.6650390625,0.6239013671875,0.2352294921875,0.20699527859687805,0.6975883841514587
higgs_public,NLL_OOD,Cov90_OOD,0.18,0.05,0.1,0.0,0.4,0.25,1.0,-1.0,3.1961498260498047,257.9444274902344,3.9658937454223633,0.7697439193725586,254.74827766418457,0.67626953125,0.6519775390625,0.2197265625,0.6513738632202148,0.16630901396274567
higgs_public,NLL_OOD,Cov90_OOD,0.18,0.05,0.1,0.2,0.4,0.25,2.0,0.85,3.374948740005493,239.6820068359375,4.317780494689941,0.9428317546844482,236.307058095932,0.6650390625,0.6416015625,0.2352294921875,0.03754090890288353,0.6975883841514587
higgs_public,NLL_OOD,Cov90_OOD,0.18,0.05,0.1,0.0,0.4,0.25,1.0,0.85,3.1961498260498047,257.9444274902344,4.178558826446533,0.9824090003967285,254.74827766418457,0.67626953125,0.6484375,0.2197265625,0.353240966796875,0.16630901396274567
higgs_public,NLL_OOD,Cov90_OOD,0.18,0.05,0.1,0.2,0.4,0.5,1.0,-1.0,3.374948740005493,239.6820068359375,3.4830307960510254,0.10808205604553223,236.307058095932,0.6650390625,0.63232421875,0.2352294921875,0.3153287470340729,0.6975883841514587
higgs_public,NLL_OOD,Cov90_OOD,0.18,0.05,0.1,0.0,0.4,0.25,2.0,-1.0,3.1961498260498047,257.9444274902344,4.022504806518555,0.82635498046875,254.74827766418457,0.67626953125,0.64990234375,0.2197265625,0.5225620865821838,0.16630901396274567
higgs_public,NLL_OOD,Cov90_OOD,0.18,0.05,0.1,0.2,0.4,0.5,1.0,0.85,3.374948740005493,239.6820068359375,3.97548246383667,0.6005337238311768,236.307058095932,0.6650390625,0.644775390625,0.2352294921875,0.08625464886426926,0.6975883841514587
higgs_public,NLL_OOD,Cov90_OOD,0.18,0.05,0.1,0.0,0.4,0.25,2.0,0.85,3.1961498260498047,257.9444274902344,4.200265407562256,1.0041155815124512,254.74827766418457,0.67626953125,0.64892578125,0.2197265625,0.211079403758049,0.16630901396274567
higgs_public,NLL_OOD,Cov90_OOD,0.18,0.05,0.1,0.2,0.4,0.5,2.0,-1.0,3.374948740005493,239.6820068359375,3.616645336151123,0.24169659614562988,236.307058095932,0.6650390625,0.6348876953125,0.2352294921875,0.20699527859687805,0.6975883841514587
higgs_public,NLL_OOD,Cov90_OOD,0.18,0.05,0.1,0.0,0.4,0.5,1.0,-1.0,3.1961498260498047,257.9444274902344,3.6465682983398438,0.45041847229003906,254.74827766418457,0.67626953125,0.6435546875,0.2197265625,0.6513738632202148,0.16630901396274567
higgs_public,NLL_OOD,Cov90_OOD,0.18,0.05,0.1,0.2,0.4,0.5,2.0,0.85,3.374948740005493,239.6820068359375,4.0072021484375,0.6322534084320068,236.307058095932,0.6650390625,0.6474609375,0.2352294921875,0.03754090890288353,0.6975883841514587
higgs_public,NLL_OOD,Cov90_OOD,0.18,0.05,0.1,0.0,0.4,0.5,1.0,0.85,3.1961498260498047,257.9444274902344,3.9155073165893555,0.7193574905395508,254.74827766418457,0.67626953125,0.6456298828125,0.2197265625,0.353240966796875,0.16630901396274567
higgs_public,NLL_OOD,Cov90_OOD,0.18,0.05,0.2,0.0,0.4,0.25,1.0,-1.0,3.374948740005493,239.6820068359375,4.1905198097229,0.8155710697174072,236.307058095932,0.6650390625,0.62451171875,0.2352294921875,0.5222390294075012,0.32000377774238586
higgs_public,NLL_OOD,Cov90_OOD,0.18,0.05,0.1,0.0,0.4,0.5,2.0,-1.0,3.1961498260498047,257.9444274902344,3.7334351539611816,0.537285327911377,254.74827766418457,0.67626953125,0.642822265625,0.2197265625,0.5225620865821838,0.16630901396274567
higgs_public,NLL_OOD,Cov90_OOD,0.18,0.05,0.2,0.0,0.4,0.25,1.0,0.85,3.374948740005493,239.6820068359375,4.539041996002197,1.164093255996704,236.307058095932,0.6650390625,0.626220703125,0.2352294921875,0.20157286524772644,0.32000377774238586
higgs_public,NLL_OOD,Cov90_OOD,0.18,0.05,0.1,0.0,0.4,0.5,2.0,0.85,3.1961498260498047,257.9444274902344,3.8665549755096436,0.6704051494598389,254.74827766418457,0.67626953125,0.649658203125,0.2197265625,0.211079403758049,0.16630901396274567
higgs_public,NLL_OOD,Cov90_OOD,0.18,0.05,0.2,0.0,0.4,0.25,2.0,-1.0,3.374948740005493,239.6820068359375,4.292112350463867,0.917163610458374,236.307058095932,0.6650390625,0.6253662109375,0.2352294921875,0.38415566086769104,0.32000377774238586
higgs_public,NLL_OOD,Cov90_OOD,0.18,0.05,0.1,0.1,0.4,0.25,1.0,-1.0,3.1961498260498047,257.9444274902344,3.9174458980560303,0.7212960720062256,254.74827766418457,0.67626953125,0.6287841796875,0.2197265625,0.4330889880657196,0.44217178225517273
higgs_public,NLL_OOD,Cov90_OOD,0.18,0.05,0.2,0.0,0.4,0.25,2.0,0.85,3.374948740005493,239.6820068359375,4.462159156799316,1.0872104167938232,236.307058095932,0.6650390625,0.6357421875,0.2352294921875,0.09693892300128937,0.32000377774238586
higgs_public,NLL_OOD,Cov90_OOD,0.18,0.05,0.1,0.1,0.4,0.25,1.0,0.85,3.1961498260498047,257.9444274902344,4.352945804595947,1.1567959785461426,254.74827766418457,0.67626953125,0.6231689453125,0.2197265625,0.1524585336446762,0.44217178225517273
higgs_public,NLL_OOD,Cov90_OOD,0.18,0.05,0.2,0.0,0.4,0.5,1.0,-1.0,3.374948740005493,239.6820068359375,3.879505157470703,0.50455641746521,236.307058095932,0.6650390625,0.6220703125,0.2352294921875,0.5222390294075012,0.32000377774238586
higgs_public,NLL_OOD,Cov90_OOD,0.18,0.05,0.1,0.1,0.4,0.25,2.0,-1.0,3.1961498260498047,257.9444274902344,4.046807289123535,0.8506574630737305,254.74827766418457,0.67626953125,0.6292724609375,0.2197265625,0.30697694420814514,0.44217178225517273
higgs_public,NLL_OOD,Cov90_OOD,0.18,0.05,0.2,0.0,0.4,0.5,1.0,0.85,3.374948740005493,239.6820068359375,4.198394775390625,0.8234460353851318,236.307058095932,0.6650390625,0.629638671875,0.2352294921875,0.20157286524772644,0.32000377774238586
higgs_public,NLL_OOD,Cov90_OOD,0.18,0.05,0.1,0.1,0.4,0.25,2.0,0.85,3.1961498260498047,257.9444274902344,4.224209785461426,1.028059959411621,254.74827766418457,0.67626953125,0.633056640625,0.2197265625,0.07553096860647202,0.44217178225517273
higgs_public,NLL_OOD,Cov90_OOD,0.18,0.05,0.2,0.0,0.4,0.5,2.0,-1.0,3.374948740005493,239.6820068359375,3.922778844833374,0.5478301048278809,236.307058095932,0.6650390625,0.6212158203125,0.2352294921875,0.38415566086769104,0.32000377774238586
higgs_public,NLL_OOD,Cov90_OOD,0.18,0.05,0.1,0.1,0.4,0.5,1.0,-1.0,3.1961498260498047,257.9444274902344,3.539034366607666,0.34288454055786133,254.74827766418457,0.67626953125,0.6341552734375,0.2197265625,0.4330889880657196,0.44217178225517273
higgs_public,NLL_OOD,Cov90_OOD,0.18,0.05,0.2,0.0,0.4,0.5,2.0,0.85,3.374948740005493,239.6820068359375,4.172722339630127,0.7977735996246338,236.307058095932,0.6650390625,0.6348876953125,0.2352294921875,0.09693892300128937,0.32000377774238586
higgs_public,NLL_OOD,Cov90_OOD,0.18,0.05,0.1,0.1,0.4,0.5,1.0,0.85,3.1961498260498047,257.9444274902344,4.007553577423096,0.811403751373291,254.74827766418457,0.67626953125,0.6351318359375,0.2197265625,0.1524585336446762,0.44217178225517273
higgs_public,NLL_OOD,Cov90_OOD,0.18,0.05,0.2,0.1,0.4,0.25,1.0,-1.0,3.374948740005493,239.6820068359375,3.918706178665161,0.543757438659668,236.307058095932,0.6650390625,0.6182861328125,0.2352294921875,0.39592471718788147,0.5020149350166321
higgs_public,NLL_OOD,Cov90_OOD,0.18,0.05,0.1,0.1,0.4,0.5,2.0,-1.0,3.1961498260498047,257.9444274902344,3.666947841644287,0.4707980155944824,254.74827766418457,0.67626953125,0.634765625,0.2197265625,0.30697694420814514,0.44217178225517273
higgs_public,NLL_OOD,Cov90_OOD,0.18,0.05,0.1,0.1,0.4,0.5,2.0,0.85,3.1961498260498047,257.9444274902344,3.9950754642486572,0.7989256381988525,254.74827766418457,0.67626953125,0.6446533203125,0.2197265625,0.07553096860647202,0.44217178225517273
higgs_public,NLL_OOD,Cov90_OOD,0.18,0.05,0.2,0.1,0.4,0.25,1.0,0.85,3.374948740005493,239.6820068359375,4.330560684204102,0.9556119441986084,236.307058095932,0.6650390625,0.6195068359375,0.2352294921875,0.10564906150102615,0.5020149350166321
higgs_public,NLL_OOD,Cov90_OOD,0.18,0.05,0.1,0.2,0.4,0.25,1.0,-1.0,3.1961498260498047,257.9444274902344,3.7283811569213867,0.532231330871582,254.74827766418457,0.67626953125,0.62158203125,0.2197265625,0.3136456608772278,0.7128453254699707
higgs_public,NLL_OOD,Cov90_OOD,0.18,0.05,0.2,0.1,0.4,0.25,2.0,-1.0,3.374948740005493,239.6820068359375,4.085498809814453,0.71055006980896,236.307058095932,0.6650390625,0.6116943359375,0.2352294921875,0.26466143131256104,0.5020149350166321
higgs_public,NLL_OOD,Cov90_OOD,0.18,0.05,0.1,0.2,0.4,0.25,1.0,0.85,3.1961498260498047,257.9444274902344,4.292352676391602,1.0962028503417969,254.74827766418457,0.67626953125,0.6207275390625,0.2197265625,0.08327315747737885,0.7128453254699707
higgs_public,NLL_OOD,Cov90_OOD,0.18,0.05,0.2,0.1,0.4,0.25,2.0,0.85,3.374948740005493,239.6820068359375,4.367625713348389,0.9926769733428955,236.307058095932,0.6650390625,0.629638671875,0.2352294921875,0.04386986792087555,0.5020149350166321
higgs_public,NLL_OOD,Cov90_OOD,0.18,0.05,0.1,0.2,0.4,0.25,2.0,-1.0,3.1961498260498047,257.9444274902344,3.913473129272461,0.7173233032226562,254.74827766418457,0.67626953125,0.6204833984375,0.2197265625,0.20525605976581573,0.7128453254699707
higgs_public,NLL_OOD,Cov90_OOD,0.18,0.05,0.2,0.1,0.4,0.5,1.0,-1.0,3.374948740005493,239.6820068359375,3.582526206970215,0.20757746696472168,236.307058095932,0.6650390625,0.6221923828125,0.2352294921875,0.39592471718788147,0.5020149350166321
higgs_public,NLL_OOD,Cov90_OOD,0.18,0.05,0.1,0.2,0.4,0.25,2.0,0.85,3.1961498260498047,257.9444274902344,4.394481182098389,1.198331356048584,254.74827766418457,0.67626953125,0.6297607421875,0.2197265625,0.035409778356552124,0.7128453254699707
higgs_public,NLL_OOD,Cov90_OOD,0.18,0.05,0.2,0.1,0.4,0.5,1.0,0.85,3.374948740005493,239.6820068359375,4.024152755737305,0.6492040157318115,236.307058095932,0.6650390625,0.6270751953125,0.2352294921875,0.10564906150102615,0.5020149350166321
higgs_public,NLL_OOD,Cov90_OOD,0.18,0.05,0.1,0.2,0.4,0.5,1.0,-1.0,3.1961498260498047,257.9444274902344,3.4328627586364746,0.23671293258666992,254.74827766418457,0.67626953125,0.6226806640625,0.2197265625,0.3136456608772278,0.7128453254699707
higgs_public,NLL_OOD,Cov90_OOD,0.18,0.05,0.2,0.1,0.4,0.5,2.0,-1.0,3.374948740005493,239.6820068359375,3.7493557929992676,0.3744070529937744,236.307058095932,0.6650390625,0.6181640625,0.2352294921875,0.26466143131256104,0.5020149350166321
higgs_public,NLL_OOD,Cov90_OOD,0.18,0.05,0.1,0.2,0.4,0.5,1.0,0.85,3.1961498260498047,257.9444274902344,3.8983819484710693,0.7022321224212646,254.74827766418457,0.67626953125,0.629638671875,0.2197265625,0.08327315747737885,0.7128453254699707
higgs_public,NLL_OOD,Cov90_OOD,0.18,0.05,0.2,0.1,0.4,0.5,2.0,0.85,3.374948740005493,239.6820068359375,4.09634256362915,0.7213938236236572,236.307058095932,0.6650390625,0.637939453125,0.2352294921875,0.04386986792087555,0.5020149350166321
higgs_public,NLL_OOD,Cov90_OOD,0.18,0.05,0.1,0.2,0.4,0.5,2.0,-1.0,3.1961498260498047,257.9444274902344,3.5414905548095703,0.3453407287597656,254.74827766418457,0.67626953125,0.6258544921875,0.2197265625,0.20525605976581573,0.7128453254699707
higgs_public,NLL_OOD,Cov90_OOD,0.18,0.05,0.2,0.2,0.4,0.25,1.0,-1.0,3.374948740005493,239.6820068359375,3.89258074760437,0.517632007598877,236.307058095932,0.6650390625,0.603759765625,0.2352294921875,0.3143033981323242,0.6718266606330872
higgs_public,NLL_OOD,Cov90_OOD,0.18,0.05,0.1,0.2,0.4,0.5,2.0,0.85,3.1961498260498047,257.9444274902344,3.9191439151763916,0.7229940891265869,254.74827766418457,0.67626953125,0.64111328125,0.2197265625,0.035409778356552124,0.7128453254699707
higgs_public,NLL_OOD,Cov90_OOD,0.18,0.05,0.2,0.2,0.4,0.25,1.0,0.85,3.374948740005493,239.6820068359375,4.270491123199463,0.8955423831939697,236.307058095932,0.6650390625,0.623779296875,0.2352294921875,0.06295353174209595,0.6718266606330872
higgs_public,NLL_OOD,Cov90_OOD,0.18,0.05,0.2,0.0,0.4,0.25,1.0,-1.0,3.1961498260498047,257.9444274902344,3.892698049545288,0.6965482234954834,254.74827766418457,0.67626953125,0.636474609375,0.2197265625,0.517288088798523,0.33194854855537415
higgs_public,NLL_OOD,Cov90_OOD,0.18,0.05,0.2,0.2,0.4,0.25,2.0,-1.0,3.374948740005493,239.6820068359375,3.993403673171997,0.6184549331665039,236.307058095932,0.6650390625,0.6087646484375,0.2352294921875,0.19582147896289825,0.6718266606330872
higgs_public,NLL_OOD,Cov90_OOD,0.18,0.05,0.2,0.0,0.4,0.25,1.0,0.85,3.1961498260498047,257.9444274902344,4.1635589599609375,0.9674091339111328,254.74827766418457,0.67626953125,0.6331787109375,0.2197265625,0.19619682431221008,0.33194854855537415
higgs_public,NLL_OOD,Cov90_OOD,0.18,0.05,0.2,0.2,0.4,0.25,2.0,0.85,3.374948740005493,239.6820068359375,4.370614051818848,0.9956653118133545,236.307058095932,0.6650390625,0.6328125,0.2352294921875,0.0217069573700428,0.6718266606330872
higgs_public,NLL_OOD,Cov90_OOD,0.18,0.05,0.2,0.0,0.4,0.25,2.0,-1.0,3.1961498260498047,257.9444274902344,4.065973281860352,0.8698234558105469,254.74827766418457,0.67626953125,0.6365966796875,0.2197265625,0.37897104024887085,0.33194854855537415
higgs_public,NLL_OOD,Cov90_OOD,0.18,0.05,0.2,0.2,0.4,0.5,1.0,-1.0,3.374948740005493,239.6820068359375,3.499971628189087,0.12502288818359375,236.307058095932,0.6650390625,0.6148681640625,0.2352294921875,0.3143033981323242,0.6718266606330872
higgs_public,NLL_OOD,Cov90_OOD,0.18,0.05,0.2,0.0,0.4,0.25,2.0,0.85,3.1961498260498047,257.9444274902344,4.121381759643555,0.92523193359375,254.74827766418457,0.67626953125,0.6402587890625,0.2197265625,0.09508777409791946,0.33194854855537415
higgs_public,NLL_OOD,Cov90_OOD,0.18,0.05,0.2,0.2,0.4,0.5,1.0,0.85,3.374948740005493,239.6820068359375,4.030271530151367,0.655322790145874,236.307058095932,0.6650390625,0.626220703125,0.2352294921875,0.06295353174209595,0.6718266606330872
higgs_public,NLL_OOD,Cov90_OOD,0.18,0.05,0.2,0.0,0.4,0.5,1.0,-1.0,3.1961498260498047,257.9444274902344,3.62030291557312,0.42415308952331543,254.74827766418457,0.67626953125,0.6317138671875,0.2197265625,0.517288088798523,0.33194854855537415
higgs_public,NLL_OOD,Cov90_OOD,0.18,0.05,0.2,0.2,0.4,0.5,2.0,-1.0,3.374948740005493,239.6820068359375,3.6864805221557617,0.31153178215026855,236.307058095932,0.6650390625,0.6112060546875,0.2352294921875,0.19582147896289825,0.6718266606330872
higgs_public,NLL_OOD,Cov90_OOD,0.18,0.05,0.2,0.0,0.4,0.5,1.0,0.85,3.1961498260498047,257.9444274902344,3.8899600505828857,0.693810224533081,254.74827766418457,0.67626953125,0.634033203125,0.2197265625,0.19619682431221008,0.33194854855537415
higgs_public,NLL_OOD,Cov90_OOD,0.18,0.05,0.2,0.2,0.4,0.5,2.0,0.85,3.374948740005493,239.6820068359375,4.030576705932617,0.655627965927124,236.307058095932,0.6650390625,0.6431884765625,0.2352294921875,0.0217069573700428,0.6718266606330872
higgs_public,NLL_OOD,Cov90_OOD,0.18,0.05,0.2,0.0,0.4,0.5,2.0,-1.0,3.1961498260498047,257.9444274902344,3.750756025314331,0.5546061992645264,254.74827766418457,0.67626953125,0.63037109375,0.2197265625,0.37897104024887085,0.33194854855537415
higgs_public,NLL_OOD,Cov90_OOD,0.18,0.05,0.2,0.0,0.4,0.5,2.0,0.85,3.1961498260498047,257.9444274902344,3.899827003479004,0.7036771774291992,254.74827766418457,0.67626953125,0.638427734375,0.2197265625,0.09508777409791946,0.33194854855537415
higgs_public,NLL_OOD,Cov90_OOD,0.18,0.1,0.0,0.0,0.4,0.25,1.0,-1.0,3.374948740005493,239.6820068359375,4.003054618835449,0.628105878829956,236.307058095932,0.6650390625,0.6602783203125,0.2352294921875,0.8319462537765503,0.042731329798698425
higgs_public,NLL_OOD,Cov90_OOD,0.18,0.1,0.0,0.0,0.4,0.25,1.0,0.85,3.374948740005493,239.6820068359375,4.062389373779297,0.6874406337738037,236.307058095932,0.6650390625,0.6595458984375,0.2352294921875,0.6065970659255981,0.042731329798698425
higgs_public,NLL_OOD,Cov90_OOD,0.18,0.05,0.2,0.1,0.4,0.25,1.0,-1.0,3.1961498260498047,257.9444274902344,3.8780946731567383,0.6819448471069336,254.74827766418457,0.67626953125,0.6064453125,0.2197265625,0.39326226711273193,0.5165377855300903
higgs_public,NLL_OOD,Cov90_OOD,0.18,0.1,0.0,0.0,0.4,0.25,2.0,-1.0,3.374948740005493,239.6820068359375,4.025755882263184,0.6508071422576904,236.307058095932,0.6650390625,0.6595458984375,0.2352294921875,0.7310943603515625,0.042731329798698425
higgs_public,NLL_OOD,Cov90_OOD,0.18,0.05,0.2,0.1,0.4,0.25,1.0,0.85,3.1961498260498047,257.9444274902344,4.3510308265686035,1.1548810005187988,254.74827766418457,0.67626953125,0.6209716796875,0.2197265625,0.10375411808490753,0.5165377855300903
higgs_public,NLL_OOD,Cov90_OOD,0.18,0.05,0.2,0.1,0.4,0.25,2.0,-1.0,3.1961498260498047,257.9444274902344,4.074196815490723,0.878046989440918,254.74827766418457,0.67626953125,0.61181640625,0.2197265625,0.26269903779029846,0.5165377855300903
higgs_public,NLL_OOD,Cov90_OOD,0.18,0.1,0.0,0.0,0.4,0.25,2.0,0.85,3.374948740005493,239.6820068359375,4.12645959854126,0.7515108585357666,236.307058095932,0.6650390625,0.6536865234375,0.2352294921875,0.4357464015483856,0.042731329798698425
higgs_public,NLL_OOD,Cov90_OOD,0.18,0.1,0.0,0.0,0.4,0.5,1.0,-1.0,3.374948740005493,239.6820068359375,3.805961847305298,0.4310131072998047,236.307058095932,0.6650390625,0.6641845703125,0.2352294921875,0.8319462537765503,0.042731329798698425
higgs_public,NLL_OOD,Cov90_OOD,0.18,0.05,0.2,0.1,0.4,0.25,2.0,0.85,3.1961498260498047,257.9444274902344,4.2342329025268555,1.0380830764770508,254.74827766418457,0.67626953125,0.6378173828125,0.2197265625,0.04490949958562851,0.5165377855300903
higgs_public,NLL_OOD,Cov90_OOD,0.18,0.05,0.2,0.1,0.4,0.5,1.0,-1.0,3.1961498260498047,257.9444274902344,3.533834457397461,0.33768463134765625,254.74827766418457,0.67626953125,0.6123046875,0.2197265625,0.39326226711273193,0.5165377855300903
higgs_public,NLL_OOD,Cov90_OOD,0.18,0.1,0.0,0.0,0.4,0.5,1.0,0.85,3.374948740005493,239.6820068359375,3.8882412910461426,0.5132925510406494,236.307058095932,0.6650390625,0.660888671875,0.2352294921875,0.6065970659255981,0.042731329798698425
higgs_public,NLL_OOD,Cov90_OOD,0.18,0.1,0.0,0.0,0.4,0.5,2.0,-1.0,3.374948740005493,239.6820068359375,3.8156471252441406,0.44069838523864746,236.307058095932,0.6650390625,0.6644287109375,0.2352294921875,0.7310943603515625,0.042731329798698425
higgs_public,NLL_OOD,Cov90_OOD,0.18,0.05,0.2,0.1,0.4,0.5,1.0,0.85,3.1961498260498047,257.9444274902344,4.094393730163574,0.8982439041137695,254.74827766418457,0.67626953125,0.619384765625,0.2197265625,0.10375411808490753,0.5165377855300903
higgs_public,NLL_OOD,Cov90_OOD,0.18,0.1,0.0,0.0,0.4,0.5,2.0,0.85,3.374948740005493,239.6820068359375,3.8890719413757324,0.5141232013702393,236.307058095932,0.6650390625,0.6610107421875,0.2352294921875,0.4357464015483856,0.042731329798698425
higgs_public,NLL_OOD,Cov90_OOD,0.18,0.05,0.2,0.1,0.4,0.5,2.0,-1.0,3.1961498260498047,257.9444274902344,3.7244300842285156,0.5282802581787109,254.74827766418457,0.67626953125,0.6090087890625,0.2197265625,0.26269903779029846,0.5165377855300903
higgs_public,NLL_OOD,Cov90_OOD,0.18,0.05,0.2,0.1,0.4,0.5,2.0,0.85,3.1961498260498047,257.9444274902344,3.9212136268615723,0.7250638008117676,254.74827766418457,0.67626953125,0.64111328125,0.2197265625,0.04490949958562851,0.5165377855300903
higgs_public,NLL_OOD,Cov90_OOD,0.18,0.1,0.0,0.1,0.4,0.25,1.0,-1.0,3.374948740005493,239.6820068359375,4.114832878112793,0.7398841381072998,236.307058095932,0.6650390625,0.6429443359375,0.2352294921875,0.4718416631221771,0.39033740758895874
higgs_public,NLL_OOD,Cov90_OOD,0.18,0.05,0.2,0.2,0.4,0.25,1.0,-1.0,3.1961498260498047,257.9444274902344,3.7828586101531982,0.5867087841033936,254.74827766418457,0.67626953125,0.6021728515625,0.2197265625,0.312593549489975,0.6887669563293457
higgs_public,NLL_OOD,Cov90_OOD,0.18,0.1,0.0,0.1,0.4,0.25,1.0,0.85,3.374948740005493,239.6820068359375,4.478333473205566,1.1033847332000732,236.307058095932,0.6650390625,0.640625,0.2352294921875,0.2047731727361679,0.39033740758895874
higgs_public,NLL_OOD,Cov90_OOD,0.18,0.05,0.2,0.2,0.4,0.25,1.0,0.85,3.1961498260498047,257.9444274902344,4.237547397613525,1.0413975715637207,254.74827766418457,0.67626953125,0.61376953125,0.2197265625,0.061462659388780594,0.6887669563293457
higgs_public,NLL_OOD,Cov90_OOD,0.18,0.1,0.0,0.1,0.4,0.25,2.0,-1.0,3.374948740005493,239.6820068359375,4.268586158752441,0.8936374187469482,236.307058095932,0.6650390625,0.639404296875,0.2352294921875,0.3495277762413025,0.39033740758895874
higgs_public,NLL_OOD,Cov90_OOD,0.18,0.05,0.2,0.2,0.4,0.25,2.0,-1.0,3.1961498260498047,257.9444274902344,3.967346668243408,0.7711968421936035,254.74827766418457,0.67626953125,0.5997314453125,0.2197265625,0.19480881094932556,0.6887669563293457
higgs_public,NLL_OOD,Cov90_OOD,0.18,0.1,0.0,0.1,0.4,0.25,2.0,0.85,3.374948740005493,239.6820068359375,4.380784034729004,1.0058352947235107,236.307058095932,0.6650390625,0.6522216796875,0.2352294921875,0.11787012219429016,0.39033740758895874
higgs_public,NLL_OOD,Cov90_OOD,0.18,0.05,0.2,0.2,0.4,0.25,2.0,0.85,3.1961498260498047,257.9444274902344,4.310938358306885,1.11478853225708,254.74827766418457,0.67626953125,0.623291015625,0.2197265625,0.022547651082277298,0.6887669563293457
higgs_public,NLL_OOD,Cov90_OOD,0.18,0.1,0.0,0.1,0.4,0.5,1.0,-1.0,3.374948740005493,239.6820068359375,3.705294609069824,0.33034586906433105,236.307058095932,0.6650390625,0.655517578125,0.2352294921875,0.4718416631221771,0.39033740758895874
higgs_public,NLL_OOD,Cov90_OOD,0.18,0.05,0.2,0.2,0.4,0.5,1.0,-1.0,3.1961498260498047,257.9444274902344,3.483402967453003,0.28725314140319824,254.74827766418457,0.67626953125,0.6015625,0.2197265625,0.312593549489975,0.6887669563293457
higgs_public,NLL_OOD,Cov90_OOD,0.18,0.1,0.0,0.1,0.4,0.5,1.0,0.85,3.374948740005493,239.6820068359375,4.020274639129639,0.6453258991241455,236.307058095932,0.6650390625,0.649658203125,0.2352294921875,0.2047731727361679,0.39033740758895874
higgs_public,NLL_OOD,Cov90_OOD,0.18,0.05,0.2,0.2,0.4,0.5,1.0,0.85,3.1961498260498047,257.9444274902344,4.086694717407227,0.8905448913574219,254.74827766418457,0.67626953125,0.6141357421875,0.2197265625,0.061462659388780594,0.6887669563293457
higgs_public,NLL_OOD,Cov90_OOD,0.18,0.1,0.0,0.1,0.4,0.5,2.0,-1.0,3.374948740005493,239.6820068359375,3.847144365310669,0.4721956253051758,236.307058095932,0.6650390625,0.649658203125,0.2352294921875,0.3495277762413025,0.39033740758895874
higgs_public,NLL_OOD,Cov90_OOD,0.18,0.05,0.2,0.2,0.4,0.5,2.0,-1.0,3.1961498260498047,257.9444274902344,3.6728127002716064,0.47666287422180176,254.74827766418457,0.67626953125,0.6033935546875,0.2197265625,0.19480881094932556,0.6887669563293457
higgs_public,NLL_OOD,Cov90_OOD,0.18,0.1,0.0,0.1,0.4,0.5,2.0,0.85,3.374948740005493,239.6820068359375,4.012290000915527,0.6373412609100342,236.307058095932,0.6650390625,0.6561279296875,0.2352294921875,0.11787012219429016,0.39033740758895874
higgs_public,NLL_OOD,Cov90_OOD,0.18,0.05,0.2,0.2,0.4,0.5,2.0,0.85,3.1961498260498047,257.9444274902344,3.951275587081909,0.7551257610321045,254.74827766418457,0.67626953125,0.6328125,0.2197265625,0.022547651082277298,0.6887669563293457
higgs_public,NLL_OOD,Cov90_OOD,0.18,0.1,0.0,0.2,0.4,0.25,1.0,-1.0,3.374948740005493,239.6820068359375,3.9626755714416504,0.5877268314361572,236.307058095932,0.6650390625,0.6376953125,0.2352294921875,0.310641884803772,0.7404050827026367
higgs_public,NLL_OOD,Cov90_OOD,0.18,0.1,0.0,0.0,0.4,0.25,1.0,-1.0,3.1961498260498047,257.9444274902344,4.048816680908203,0.8526668548583984,254.74827766418457,0.67626953125,0.669677734375,0.2197265625,0.8279669284820557,0.043738000094890594
higgs_public,NLL_OOD,Cov90_OOD,0.18,0.1,0.0,0.2,0.4,0.25,1.0,0.85,3.374948740005493,239.6820068359375,4.403552532196045,1.0286037921905518,236.307058095932,0.6650390625,0.634521484375,0.2352294921875,0.09810523688793182,0.7404050827026367
higgs_public,NLL_OOD,Cov90_OOD,0.18,0.1,0.0,0.0,0.4,0.25,1.0,0.85,3.1961498260498047,257.9444274902344,4.031678199768066,0.8355283737182617,254.74827766418457,0.67626953125,0.6763916015625,0.2197265625,0.596325695514679,0.043738000094890594
higgs_public,NLL_OOD,Cov90_OOD,0.18,0.1,0.0,0.2,0.4,0.25,2.0,-1.0,3.374948740005493,239.6820068359375,4.120858192443848,0.7459094524383545,236.307058095932,0.6650390625,0.6331787109375,0.2352294921875,0.20884722471237183,0.7404050827026367
higgs_public,NLL_OOD,Cov90_OOD,0.18,0.1,0.0,0.0,0.4,0.25,2.0,-1.0,3.1961498260498047,257.9444274902344,3.9899301528930664,0.7937803268432617,254.74827766418457,0.67626953125,0.6729736328125,0.2197265625,0.7246248722076416,0.043738000094890594
higgs_public,NLL_OOD,Cov90_OOD,0.18,0.1,0.0,0.2,0.4,0.25,2.0,0.85,3.374948740005493,239.6820068359375,4.4673004150390625,1.0923516750335693,236.307058095932,0.6650390625,0.6385498046875,0.2352294921875,0.04850878566503525,0.7404050827026367
higgs_public,NLL_OOD,Cov90_OOD,0.18,0.1,0.0,0.0,0.4,0.25,2.0,0.85,3.1961498260498047,257.9444274902344,4.053584098815918,0.8574342727661133,254.74827766418457,0.67626953125,0.669677734375,0.2197265625,0.4222530722618103,0.043738000094890594
higgs_public,NLL_OOD,Cov90_OOD,0.18,0.1,0.0,0.2,0.4,0.5,1.0,-1.0,3.374948740005493,239.6820068359375,3.5454893112182617,0.17054057121276855,236.307058095932,0.6650390625,0.6441650390625,0.2352294921875,0.310641884803772,0.7404050827026367
higgs_public,NLL_OOD,Cov90_OOD,0.18,0.1,0.0,0.0,0.4,0.5,1.0,-1.0,3.1961498260498047,257.9444274902344,3.6304454803466797,0.434295654296875,254.74827766418457,0.67626953125,0.6866455078125,0.2197265625,0.8279669284820557,0.043738000094890594
higgs_public,NLL_OOD,Cov90_OOD,0.18,0.1,0.0,0.2,0.4,0.5,1.0,0.85,3.374948740005493,239.6820068359375,4.003814697265625,0.6288659572601318,236.307058095932,0.6650390625,0.6395263671875,0.2352294921875,0.09810523688793182,0.7404050827026367
higgs_public,NLL_OOD,Cov90_OOD,0.18,0.1,0.0,0.0,0.4,0.5,1.0,0.85,3.1961498260498047,257.9444274902344,3.7239949703216553,0.5278451442718506,254.74827766418457,0.67626953125,0.683349609375,0.2197265625,0.596325695514679,0.043738000094890594
higgs_public,NLL_OOD,Cov90_OOD,0.18,0.1,0.0,0.2,0.4,0.5,2.0,-1.0,3.374948740005493,239.6820068359375,3.7187016010284424,0.3437528610229492,236.307058095932,0.6650390625,0.6397705078125,0.2352294921875,0.20884722471237183,0.7404050827026367
higgs_public,NLL_OOD,Cov90_OOD,0.18,0.1,0.0,0.0,0.4,0.5,2.0,-1.0,3.1961498260498047,257.9444274902344,3.6463499069213867,0.45020008087158203,254.74827766418457,0.67626953125,0.6881103515625,0.2197265625,0.7246248722076416,0.043738000094890594
higgs_public,NLL_OOD,Cov90_OOD,0.18,0.1,0.0,0.2,0.4,0.5,2.0,0.85,3.374948740005493,239.6820068359375,4.067967891693115,0.6930191516876221,236.307058095932,0.6650390625,0.6474609375,0.2352294921875,0.04850878566503525,0.7404050827026367
higgs_public,NLL_OOD,Cov90_OOD,0.18,0.1,0.0,0.0,0.4,0.5,2.0,0.85,3.1961498260498047,257.9444274902344,3.6898574829101562,0.49370765686035156,254.74827766418457,0.67626953125,0.685302734375,0.2197265625,0.4222530722618103,0.043738000094890594
higgs_public,NLL_OOD,Cov90_OOD,0.18,0.1,0.1,0.0,0.4,0.25,1.0,-1.0,3.374948740005493,239.6820068359375,4.185466766357422,0.8105180263519287,236.307058095932,0.6650390625,0.6331787109375,0.2352294921875,0.6075018644332886,0.1858302354812622
higgs_public,NLL_OOD,Cov90_OOD,0.18,0.1,0.0,0.1,0.4,0.25,1.0,-1.0,3.1961498260498047,257.9444274902344,4.111919403076172,0.9157695770263672,254.74827766418457,0.67626953125,0.6573486328125,0.2197265625,0.46692749857902527,0.3974173367023468
higgs_public,NLL_OOD,Cov90_OOD,0.18,0.1,0.1,0.0,0.4,0.25,1.0,0.85,3.374948740005493,239.6820068359375,4.3407697677612305,0.9658210277557373,236.307058095932,0.6650390625,0.6314697265625,0.2352294921875,0.2919587194919586,0.1858302354812622
higgs_public,NLL_OOD,Cov90_OOD,0.18,0.1,0.0,0.1,0.4,0.25,1.0,0.85,3.1961498260498047,257.9444274902344,4.317198753356934,1.121048927307129,254.74827766418457,0.67626953125,0.6448974609375,0.2197265625,0.19731032848358154,0.3974173367023468
higgs_public,NLL_OOD,Cov90_OOD,0.18,0.1,0.1,0.0,0.4,0.25,2.0,-1.0,3.374948740005493,239.6820068359375,4.320084571838379,0.9451358318328857,236.307058095932,0.6650390625,0.635009765625,0.2352294921875,0.47105535864830017,0.1858302354812622
higgs_public,NLL_OOD,Cov90_OOD,0.18,0.1,0.0,0.1,0.4,0.25,2.0,-1.0,3.1961498260498047,257.9444274902344,4.209364414215088,1.0132145881652832,254.74827766418457,0.67626953125,0.648681640625,0.2197265625,0.3434780240058899,0.3974173367023468
higgs_public,NLL_OOD,Cov90_OOD,0.18,0.1,0.1,0.0,0.4,0.25,2.0,0.85,3.374948740005493,239.6820068359375,4.392495155334473,1.0175464153289795,236.307058095932,0.6650390625,0.637939453125,0.2352294921875,0.16261416673660278,0.1858302354812622
higgs_public,NLL_OOD,Cov90_OOD,0.18,0.1,0.0,0.1,0.4,0.25,2.0,0.85,3.1961498260498047,257.9444274902344,4.405093669891357,1.2089438438415527,254.74827766418457,0.67626953125,0.6492919921875,0.2197265625,0.11233104020357132,0.3974173367023468
higgs_public,NLL_OOD,Cov90_OOD,0.18,0.1,0.1,0.0,0.4,0.5,1.0,-1.0,3.374948740005493,239.6820068359375,3.8901376724243164,0.5151889324188232,236.307058095932,0.6650390625,0.637451171875,0.2352294921875,0.6075018644332886,0.1858302354812622
higgs_public,NLL_OOD,Cov90_OOD,0.18,0.1,0.0,0.1,0.4,0.5,1.0,-1.0,3.1961498260498047,257.9444274902344,3.6426024436950684,0.44645261764526367,254.74827766418457,0.67626953125,0.6676025390625,0.2197265625,0.46692749857902527,0.3974173367023468
higgs_public,NLL_OOD,Cov90_OOD,0.18,0.1,0.1,0.0,0.4,0.5,1.0,0.85,3.374948740005493,239.6820068359375,4.085417747497559,0.7104690074920654,236.307058095932,0.6650390625,0.6396484375,0.2352294921875,0.2919587194919586,0.1858302354812622
higgs_public,NLL_OOD,Cov90_OOD,0.18,0.1,0.0,0.1,0.4,0.5,1.0,0.85,3.1961498260498047,257.9444274902344,3.922699451446533,0.7265496253967285,254.74827766418457,0.67626953125,0.6588134765625,0.2197265625,0.19731032848358154,0.3974173367023468
higgs_public,NLL_OOD,Cov90_OOD,0.18,0.1,0.1,0.0,0.4,0.5,2.0,-1.0,3.374948740005493,239.6820068359375,3.991426467895508,0.6164777278900146,236.307058095932,0.6650390625,0.63623046875,0.2352294921875,0.47105535864830017,0.1858302354812622
higgs_public,NLL_OOD,Cov90_OOD,0.18,0.1,0.0,0.1,0.4,0.5,2.0,-1.0,3.1961498260498047,257.9444274902344,3.7938385009765625,0.5976886749267578,254.74827766418457,0.67626953125,0.6634521484375,0.2197265625,0.3434780240058899,0.3974173367023468
higgs_public,NLL_OOD,Cov90_OOD,0.18,0.1,0.1,0.0,0.4,0.5,2.0,0.85,3.374948740005493,239.6820068359375,4.05378532409668,0.6788365840911865,236.307058095932,0.6650390625,0.6475830078125,0.2352294921875,0.16261416673660278,0.1858302354812622
higgs_public,NLL_OOD,Cov90_OOD,0.18,0.1,0.0,0.1,0.4,0.5,2.0,0.85,3.1961498260498047,257.9444274902344,3.957542657852173,0.7613928318023682,254.74827766418457,0.67626953125,0.663330078125,0.2197265625,0.11233104020357132,0.3974173367023468
higgs_public,NLL_OOD,Cov90_OOD,0.18,0.1,0.1,0.1,0.4,0.25,1.0,-1.0,3.374948740005493,239.6820068359375,3.859355926513672,0.4844071865081787,236.307058095932,0.6650390625,0.63916015625,0.2352294921875,0.4108779728412628,0.453006386756897
higgs_public,NLL_OOD,Cov90_OOD,0.18,0.1,0.0,0.2,0.4,0.25,1.0,-1.0,3.1961498260498047,257.9444274902344,3.916407585144043,0.7202577590942383,254.74827766418457,0.67626953125,0.647705078125,0.2197265625,0.30723804235458374,0.7547016143798828
higgs_public,NLL_OOD,Cov90_OOD,0.18,0.1,0.0,0.2,0.4,0.25,1.0,0.85,3.1961498260498047,257.9444274902344,4.366532325744629,1.1703824996948242,254.74827766418457,0.67626953125,0.6324462890625,0.2197265625,0.09192889928817749,0.7547016143798828
higgs_public,NLL_OOD,Cov90_OOD,0.18,0.1,0.1,0.1,0.4,0.25,1.0,0.85,3.374948740005493,239.6820068359375,4.2567901611328125,0.8818414211273193,236.307058095932,0.6650390625,0.633056640625,0.2352294921875,0.13275736570358276,0.453006386756897
higgs_public,NLL_OOD,Cov90_OOD,0.18,0.1,0.0,0.2,0.4,0.25,2.0,-1.0,3.1961498260498047,257.9444274902344,4.06643009185791,0.8702802658081055,254.74827766418457,0.67626953125,0.6390380859375,0.2197265625,0.20491155982017517,0.7547016143798828
higgs_public,NLL_OOD,Cov90_OOD,0.18,0.1,0.1,0.1,0.4,0.25,2.0,-1.0,3.374948740005493,239.6820068359375,4.0794477462768555,0.7044990062713623,236.307058095932,0.6650390625,0.6380615234375,0.2352294921875,0.2847535014152527,0.453006386756897
higgs_public,NLL_OOD,Cov90_OOD,0.18,0.1,0.0,0.2,0.4,0.25,2.0,0.85,3.1961498260498047,257.9444274902344,4.508967399597168,1.3128175735473633,254.74827766418457,0.67626953125,0.6318359375,0.2197265625,0.04412250965833664,0.7547016143798828
higgs_public,NLL_OOD,Cov90_OOD,0.18,0.1,0.1,0.1,0.4,0.25,2.0,0.85,3.374948740005493,239.6820068359375,4.350744724273682,0.9757959842681885,236.307058095932,0.6650390625,0.6455078125,0.2352294921875,0.06384266912937164,0.453006386756897
higgs_public,NLL_OOD,Cov90_OOD,0.18,0.1,0.0,0.2,0.4,0.5,1.0,-1.0,3.1961498260498047,257.9444274902344,3.4325504302978516,0.23640060424804688,254.74827766418457,0.67626953125,0.656005859375,0.2197265625,0.30723804235458374,0.7547016143798828
higgs_public,NLL_OOD,Cov90_OOD,0.18,0.1,0.1,0.1,0.4,0.5,1.0,-1.0,3.374948740005493,239.6820068359375,3.5799553394317627,0.20500659942626953,236.307058095932,0.6650390625,0.6456298828125,0.2352294921875,0.4108779728412628,0.453006386756897
higgs_public,NLL_OOD,Cov90_OOD,0.18,0.1,0.0,0.2,0.4,0.5,1.0,0.85,3.1961498260498047,257.9444274902344,3.9656357765197754,0.7694859504699707,254.74827766418457,0.67626953125,0.640869140625,0.2197265625,0.09192889928817749,0.7547016143798828
higgs_public,NLL_OOD,Cov90_OOD,0.18,0.1,0.1,0.1,0.4,0.5,1.0,0.85,3.374948740005493,239.6820068359375,4.003578186035156,0.6286294460296631,236.307058095932,0.6650390625,0.648193359375,0.2352294921875,0.13275736570358276,0.453006386756897
higgs_public,NLL_OOD,Cov90_OOD,0.18,0.1,0.0,0.2,0.4,0.5,2.0,-1.0,3.1961498260498047,257.9444274902344,3.6226773262023926,0.4265275001525879,254.74827766418457,0.67626953125,0.651123046875,0.2197265625,0.20491155982017517,0.7547016143798828
higgs_public,NLL_OOD,Cov90_OOD,0.18,0.1,0.1,0.1,0.4,0.5,2.0,-1.0,3.374948740005493,239.6820068359375,3.6995749473571777,0.32462620735168457,236.307058095932,0.6650390625,0.648193359375,0.2352294921875,0.2847535014152527,0.453006386756897
higgs_public,NLL_OOD,Cov90_OOD,0.18,0.1,0.0,0.2,0.4,0.5,2.0,0.85,3.1961498260498047,257.9444274902344,4.0509819984436035,0.8548321723937988,254.74827766418457,0.67626953125,0.6463623046875,0.2197265625,0.04412250965833664,0.7547016143798828
higgs_public,NLL_OOD,Cov90_OOD,0.18,0.1,0.1,0.1,0.4,0.5,2.0,0.85,3.374948740005493,239.6820068359375,4.038366317749023,0.6634175777435303,236.307058095932,0.6650390625,0.653076171875,0.2352294921875,0.06384266912937164,0.453006386756897
higgs_public,NLL_OOD,Cov90_OOD,0.18,0.1,0.1,0.0,0.4,0.25,1.0,-1.0,3.1961498260498047,257.9444274902344,3.94238018989563,0.7462303638458252,254.74827766418457,0.67626953125,0.653564453125,0.2197265625,0.6019352674484253,0.19132089614868164
higgs_public,NLL_OOD,Cov90_OOD,0.18,0.1,0.1,0.2,0.4,0.25,1.0,-1.0,3.374948740005493,239.6820068359375,3.799588680267334,0.4246399402618408,236.307058095932,0.6650390625,0.627197265625,0.2352294921875,0.2999626100063324,0.7172010540962219
higgs_public,NLL_OOD,Cov90_OOD,0.18,0.1,0.1,0.0,0.4,0.25,1.0,0.85,3.1961498260498047,257.9444274902344,4.133572578430176,0.9374227523803711,254.74827766418457,0.67626953125,0.646484375,0.2197265625,0.28318309783935547,0.19132089614868164
higgs_public,NLL_OOD,Cov90_OOD,0.18,0.1,0.1,0.2,0.4,0.25,1.0,0.85,3.374948740005493,239.6820068359375,4.255948066711426,0.8809993267059326,236.307058095932,0.6650390625,0.6273193359375,0.2352294921875,0.07666618376970291,0.7172010540962219
higgs_public,NLL_OOD,Cov90_OOD,0.18,0.1,0.1,0.0,0.4,0.25,2.0,-1.0,3.1961498260498047,257.9444274902344,3.990295648574829,0.7941458225250244,254.74827766418457,0.67626953125,0.6484375,0.2197265625,0.46431243419647217,0.19132089614868164
higgs_public,NLL_OOD,Cov90_OOD,0.18,0.1,0.1,0.2,0.4,0.25,2.0,-1.0,3.374948740005493,239.6820068359375,3.9528415203094482,0.5778927803039551,236.307058095932,0.6650390625,0.625244140625,0.2352294921875,0.19326670467853546,0.7172010540962219
higgs_public,NLL_OOD,Cov90_OOD,0.18,0.1,0.1,0.0,0.4,0.25,2.0,0.85,3.1961498260498047,257.9444274902344,4.078218460083008,0.8820686340332031,254.74827766418457,0.67626953125,0.655029296875,0.2197265625,0.1564721018075943,0.19132089614868164
higgs_public,NLL_OOD,Cov90_OOD,0.18,0.1,0.1,0.2,0.4,0.25,2.0,0.85,3.374948740005493,239.6820068359375,4.166319370269775,0.7913706302642822,236.307058095932,0.6650390625,0.650634765625,0.2352294921875,0.03176283836364746,0.7172010540962219
higgs_public,NLL_OOD,Cov90_OOD,0.18,0.1,0.1,0.0,0.4,0.5,1.0,-1.0,3.1961498260498047,257.9444274902344,3.5997023582458496,0.4035525321960449,254.74827766418457,0.67626953125,0.6483154296875,0.2197265625,0.6019352674484253,0.19132089614868164
higgs_public,NLL_OOD,Cov90_OOD,0.18,0.1,0.1,0.2,0.4,0.5,1.0,-1.0,3.374948740005493,239.6820068359375,3.4366068840026855,0.06165814399719238,236.307058095932,0.6650390625,0.636962890625,0.2352294921875,0.2999626100063324,0.7172010540962219
higgs_public,NLL_OOD,Cov90_OOD,0.18,0.1,0.1,0.0,0.4,0.5,1.0,0.85,3.1961498260498047,257.9444274902344,3.8533849716186523,0.6572351455688477,254.74827766418457,0.67626953125,0.6463623046875,0.2197265625,0.28318309783935547,0.19132089614868164
higgs_public,NLL_OOD,Cov90_OOD,0.18,0.1,0.1,0.0,0.4,0.5,2.0,-1.0,3.1961498260498047,257.9444274902344,3.6657378673553467,0.469588041305542,254.74827766418457,0.67626953125,0.6453857421875,0.2197265625,0.46431243419647217,0.19132089614868164
higgs_public,NLL_OOD,Cov90_OOD,0.18,0.1,0.1,0.2,0.4,0.5,1.0,0.85,3.374948740005493,239.6820068359375,3.909715414047241,0.534766674041748,236.307058095932,0.6650390625,0.642578125,0.2352294921875,0.07666618376970291,0.7172010540962219
higgs_public,NLL_OOD,Cov90_OOD,0.18,0.1,0.1,0.0,0.4,0.5,2.0,0.85,3.1961498260498047,257.9444274902344,3.8135499954223633,0.6174001693725586,254.74827766418457,0.67626953125,0.6553955078125,0.2197265625,0.1564721018075943,0.19132089614868164
higgs_public,NLL_OOD,Cov90_OOD,0.18,0.1,0.1,0.2,0.4,0.5,2.0,-1.0,3.374948740005493,239.6820068359375,3.5994277000427246,0.22447896003723145,236.307058095932,0.6650390625,0.635986328125,0.2352294921875,0.19326670467853546,0.7172010540962219
higgs_public,NLL_OOD,Cov90_OOD,0.18,0.1,0.1,0.1,0.4,0.25,1.0,-1.0,3.1961498260498047,257.9444274902344,3.8535478115081787,0.657397985458374,254.74827766418457,0.67626953125,0.6312255859375,0.2197265625,0.407066285610199,0.465021550655365
higgs_public,NLL_OOD,Cov90_OOD,0.18,0.1,0.1,0.2,0.4,0.5,2.0,0.85,3.374948740005493,239.6820068359375,4.011873722076416,0.6369249820709229,236.307058095932,0.6650390625,0.6527099609375,0.2352294921875,0.03176283836364746,0.7172010540962219
higgs_public,NLL_OOD,Cov90_OOD,0.18,0.1,0.1,0.1,0.4,0.25,1.0,0.85,3.1961498260498047,257.9444274902344,4.287795066833496,1.0916452407836914,254.74827766418457,0.67626953125,0.623291015625,0.2197265625,0.12773455679416656,0.465021550655365
higgs_public,NLL_OOD,Cov90_OOD,0.18,0.1,0.2,0.0,0.4,0.25,1.0,-1.0,3.374948740005493,239.6820068359375,4.141747951507568,0.7667992115020752,236.307058095932,0.6650390625,0.623779296875,0.2352294921875,0.4960169792175293,0.33553797006607056
higgs_public,NLL_OOD,Cov90_OOD,0.18,0.1,0.1,0.1,0.4,0.25,2.0,-1.0,3.1961498260498047,257.9444274902344,4.023106575012207,0.8269567489624023,254.74827766418457,0.67626953125,0.627685546875,0.2197265625,0.2806556820869446,0.465021550655365
higgs_public,NLL_OOD,Cov90_OOD,0.18,0.1,0.2,0.0,0.4,0.25,1.0,0.85,3.374948740005493,239.6820068359375,4.445588111877441,1.0706393718719482,236.307058095932,0.6650390625,0.62939453125,0.2352294921875,0.17223843932151794,0.33553797006607056
higgs_public,NLL_OOD,Cov90_OOD,0.18,0.1,0.1,0.1,0.4,0.25,2.0,0.85,3.1961498260498047,257.9444274902344,4.218510150909424,1.0223603248596191,254.74827766418457,0.67626953125,0.630615234375,0.2197265625,0.06105198338627815,0.465021550655365
higgs_public,NLL_OOD,Cov90_OOD,0.18,0.1,0.2,0.0,0.4,0.25,2.0,-1.0,3.374948740005493,239.6820068359375,4.259798526763916,0.8848497867584229,236.307058095932,0.6650390625,0.6246337890625,0.2352294921875,0.3558593690395355,0.33553797006607056
higgs_public,NLL_OOD,Cov90_OOD,0.18,0.1,0.1,0.1,0.4,0.5,1.0,-1.0,3.1961498260498047,257.9444274902344,3.49776029586792,0.30161046981811523,254.74827766418457,0.67626953125,0.6357421875,0.2197265625,0.407066285610199,0.465021550655365
higgs_public,NLL_OOD,Cov90_OOD,0.18,0.1,0.2,0.0,0.4,0.25,2.0,0.85,3.374948740005493,239.6820068359375,4.3618292808532715,0.9868805408477783,236.307058095932,0.6650390625,0.6395263671875,0.2352294921875,0.0794813334941864,0.33553797006607056
higgs_public,NLL_OOD,Cov90_OOD,0.18,0.1,0.1,0.1,0.4,0.5,1.0,0.85,3.1961498260498047,257.9444274902344,3.941007614135742,0.7448577880859375,254.74827766418457,0.67626953125,0.63134765625,0.2197265625,0.12773455679416656,0.465021550655365
higgs_public,NLL_OOD,Cov90_OOD,0.18,0.1,0.2,0.0,0.4,0.5,1.0,-1.0,3.374948740005493,239.6820068359375,3.8291592597961426,0.4542105197906494,236.307058095932,0.6650390625,0.6239013671875,0.2352294921875,0.4960169792175293,0.33553797006607056
higgs_public,NLL_OOD,Cov90_OOD,0.18,0.1,0.1,0.1,0.4,0.5,2.0,-1.0,3.1961498260498047,257.9444274902344,3.6239993572235107,0.42784953117370605,254.74827766418457,0.67626953125,0.6368408203125,0.2197265625,0.2806556820869446,0.465021550655365
higgs_public,NLL_OOD,Cov90_OOD,0.18,0.1,0.2,0.0,0.4,0.5,1.0,0.85,3.374948740005493,239.6820068359375,4.178696155548096,0.8037474155426025,236.307058095932,0.6650390625,0.6331787109375,0.2352294921875,0.17223843932151794,0.33553797006607056
higgs_public,NLL_OOD,Cov90_OOD,0.18,0.1,0.1,0.1,0.4,0.5,2.0,0.85,3.1961498260498047,257.9444274902344,3.992818593978882,0.7966687679290771,254.74827766418457,0.67626953125,0.6422119140625,0.2197265625,0.06105198338627815,0.465021550655365
higgs_public,NLL_OOD,Cov90_OOD,0.18,0.1,0.2,0.0,0.4,0.5,2.0,-1.0,3.374948740005493,239.6820068359375,3.9515647888183594,0.5766160488128662,236.307058095932,0.6650390625,0.623779296875,0.2352294921875,0.3558593690395355,0.33553797006607056
higgs_public,NLL_OOD,Cov90_OOD,0.18,0.1,0.1,0.2,0.4,0.25,1.0,-1.0,3.1961498260498047,257.9444274902344,3.7066071033477783,0.5104572772979736,254.74827766418457,0.67626953125,0.62060546875,0.2197265625,0.2975379228591919,0.7323341369628906
higgs_public,NLL_OOD,Cov90_OOD,0.18,0.1,0.2,0.0,0.4,0.5,2.0,0.85,3.374948740005493,239.6820068359375,4.093656539916992,0.718707799911499,236.307058095932,0.6650390625,0.642333984375,0.2352294921875,0.0794813334941864,0.33553797006607056
higgs_public,NLL_OOD,Cov90_OOD,0.18,0.1,0.1,0.2,0.4,0.25,1.0,0.85,3.1961498260498047,257.9444274902344,4.203490734100342,1.007340908050537,254.74827766418457,0.67626953125,0.6209716796875,0.2197265625,0.07166650891304016,0.7323341369628906
higgs_public,NLL_OOD,Cov90_OOD,0.18,0.1,0.2,0.1,0.4,0.25,1.0,-1.0,3.374948740005493,239.6820068359375,3.8591856956481934,0.4842369556427002,236.307058095932,0.6650390625,0.6134033203125,0.2352294921875,0.37753719091415405,0.5173529982566833
higgs_public,NLL_OOD,Cov90_OOD,0.18,0.1,0.1,0.2,0.4,0.25,2.0,-1.0,3.1961498260498047,257.9444274902344,3.8711962699890137,0.675046443939209,254.74827766418457,0.67626953125,0.6197509765625,0.2197265625,0.1904229074716568,0.7323341369628906
higgs_public,NLL_OOD,Cov90_OOD,0.18,0.1,0.2,0.1,0.4,0.25,1.0,0.85,3.374948740005493,239.6820068359375,4.343502998352051,0.9685542583465576,236.307058095932,0.6650390625,0.6199951171875,0.2352294921875,0.09227244555950165,0.5173529982566833
higgs_public,NLL_OOD,Cov90_OOD,0.18,0.1,0.1,0.2,0.4,0.25,2.0,0.85,3.1961498260498047,257.9444274902344,4.203150749206543,1.0070009231567383,254.74827766418457,0.67626953125,0.633056640625,0.2197265625,0.0305667482316494,0.7323341369628906
higgs_public,NLL_OOD,Cov90_OOD,0.18,0.1,0.2,0.1,0.4,0.25,2.0,-1.0,3.374948740005493,239.6820068359375,4.0784125328063965,0.7034637928009033,236.307058095932,0.6650390625,0.6143798828125,0.2352294921875,0.2471769154071808,0.5173529982566833
higgs_public,NLL_OOD,Cov90_OOD,0.18,0.1,0.1,0.2,0.4,0.5,1.0,-1.0,3.1961498260498047,257.9444274902344,3.3894824981689453,0.19333267211914062,254.74827766418457,0.67626953125,0.626708984375,0.2197265625,0.2975379228591919,0.7323341369628906
higgs_public,NLL_OOD,Cov90_OOD,0.18,0.1,0.2,0.1,0.4,0.25,2.0,0.85,3.374948740005493,239.6820068359375,4.455146789550781,1.080198049545288,236.307058095932,0.6650390625,0.628662109375,0.2352294921875,0.03659272566437721,0.5173529982566833
higgs_public,NLL_OOD,Cov90_OOD,0.18,0.1,0.1,0.2,0.4,0.5,1.0,0.85,3.1961498260498047,257.9444274902344,3.8791730403900146,0.68302321434021,254.74827766418457,0.67626953125,0.627685546875,0.2197265625,0.07166650891304016,0.7323341369628906
higgs_public,NLL_OOD,Cov90_OOD,0.18,0.1,0.2,0.1,0.4,0.5,1.0,-1.0,3.374948740005493,239.6820068359375,3.5383636951446533,0.16341495513916016,236.307058095932,0.6650390625,0.6263427734375,0.2352294921875,0.37753719091415405,0.5173529982566833
higgs_public,NLL_OOD,Cov90_OOD,0.18,0.1,0.1,0.2,0.4,0.5,2.0,-1.0,3.1961498260498047,257.9444274902344,3.4903337955474854,0.29418396949768066,254.74827766418457,0.67626953125,0.6268310546875,0.2197265625,0.1904229074716568,0.7323341369628906
higgs_public,NLL_OOD,Cov90_OOD,0.18,0.1,0.2,0.1,0.4,0.5,1.0,0.85,3.374948740005493,239.6820068359375,4.054065227508545,0.6791164875030518,236.307058095932,0.6650390625,0.6259765625,0.2352294921875,0.09227244555950165,0.5173529982566833
higgs_public,NLL_OOD,Cov90_OOD,0.18,0.1,0.1,0.2,0.4,0.5,2.0,0.85,3.1961498260498047,257.9444274902344,3.9910991191864014,0.7949492931365967,254.74827766418457,0.67626953125,0.635009765625,0.2197265625,0.0305667482316494,0.7323341369628906
higgs_public,NLL_OOD,Cov90_OOD,0.18,0.1,0.2,0.1,0.4,0.5,2.0,-1.0,3.374948740005493,239.6820068359375,3.7054715156555176,0.3305227756500244,236.307058095932,0.6650390625,0.6219482421875,0.2352294921875,0.2471769154071808,0.5173529982566833
higgs_public,NLL_OOD,Cov90_OOD,0.18,0.1,0.2,0.0,0.4,0.25,1.0,-1.0,3.1961498260498047,257.9444274902344,3.8982303142547607,0.702080488204956,254.74827766418457,0.67626953125,0.6376953125,0.2197265625,0.4902752637863159,0.347517728805542
higgs_public,NLL_OOD,Cov90_OOD,0.18,0.1,0.2,0.1,0.4,0.5,2.0,0.85,3.374948740005493,239.6820068359375,4.184054374694824,0.809105634689331,236.307058095932,0.6650390625,0.635498046875,0.2352294921875,0.03659272566437721,0.5173529982566833
higgs_public,NLL_OOD,Cov90_OOD,0.18,0.1,0.2,0.0,0.4,0.25,1.0,0.85,3.1961498260498047,257.9444274902344,4.133783340454102,0.9376335144042969,254.74827766418457,0.67626953125,0.6427001953125,0.2197265625,0.16721290349960327,0.347517728805542
higgs_public,NLL_OOD,Cov90_OOD,0.18,0.1,0.2,0.2,0.4,0.25,1.0,-1.0,3.374948740005493,239.6820068359375,3.892977714538574,0.518028974533081,236.307058095932,0.6650390625,0.6046142578125,0.2352294921875,0.301075279712677,0.6860018968582153
higgs_public,NLL_OOD,Cov90_OOD,0.18,0.1,0.2,0.0,0.4,0.25,2.0,-1.0,3.1961498260498047,257.9444274902344,4.067994117736816,0.8718442916870117,254.74827766418457,0.67626953125,0.6292724609375,0.2197265625,0.3497057855129242,0.347517728805542
higgs_public,NLL_OOD,Cov90_OOD,0.18,0.1,0.2,0.2,0.4,0.25,1.0,0.85,3.374948740005493,239.6820068359375,4.184637069702148,0.8096883296966553,236.307058095932,0.6650390625,0.6248779296875,0.2352294921875,0.05508764460682869,0.6860018968582153
higgs_public,NLL_OOD,Cov90_OOD,0.18,0.1,0.2,0.0,0.4,0.25,2.0,0.85,3.1961498260498047,257.9444274902344,4.046479225158691,0.8503293991088867,254.74827766418457,0.67626953125,0.6461181640625,0.2197265625,0.07845023274421692,0.347517728805542
higgs_public,NLL_OOD,Cov90_OOD,0.18,0.1,0.2,0.2,0.4,0.25,2.0,-1.0,3.374948740005493,239.6820068359375,4.06853723526001,0.6935884952545166,236.307058095932,0.6650390625,0.601318359375,0.2352294921875,0.18423178791999817,0.6860018968582153
higgs_public,NLL_OOD,Cov90_OOD,0.18,0.1,0.2,0.0,0.4,0.5,1.0,-1.0,3.1961498260498047,257.9444274902344,3.5818004608154297,0.385650634765625,254.74827766418457,0.67626953125,0.6322021484375,0.2197265625,0.4902752637863159,0.347517728805542
higgs_public,NLL_OOD,Cov90_OOD,0.18,0.1,0.2,0.2,0.4,0.25,2.0,0.85,3.374948740005493,239.6820068359375,4.078681945800781,0.7037332057952881,236.307058095932,0.6650390625,0.6646728515625,0.2352294921875,0.018931061029434204,0.6860018968582153
higgs_public,NLL_OOD,Cov90_OOD,0.18,0.1,0.2,0.0,0.4,0.5,1.0,0.85,3.1961498260498047,257.9444274902344,3.869673728942871,0.6735239028930664,254.74827766418457,0.67626953125,0.636474609375,0.2197265625,0.16721290349960327,0.347517728805542
higgs_public,NLL_OOD,Cov90_OOD,0.18,0.1,0.2,0.0,0.4,0.5,2.0,-1.0,3.1961498260498047,257.9444274902344,3.702800750732422,0.5066509246826172,254.74827766418457,0.67626953125,0.6317138671875,0.2197265625,0.3497057855129242,0.347517728805542
higgs_public,NLL_OOD,Cov90_OOD,0.18,0.1,0.2,0.2,0.4,0.5,1.0,-1.0,3.374948740005493,239.6820068359375,3.4722843170166016,0.0973355770111084,236.307058095932,0.6650390625,0.61767578125,0.2352294921875,0.301075279712677,0.6860018968582153
higgs_public,NLL_OOD,Cov90_OOD,0.18,0.1,0.2,0.0,0.4,0.5,2.0,0.85,3.1961498260498047,257.9444274902344,3.8518872261047363,0.6557374000549316,254.74827766418457,0.67626953125,0.64697265625,0.2197265625,0.07845023274421692,0.347517728805542
higgs_public,NLL_OOD,Cov90_OOD,0.18,0.1,0.2,0.2,0.4,0.5,1.0,0.85,3.374948740005493,239.6820068359375,4.020310401916504,0.6453616619110107,236.307058095932,0.6650390625,0.6270751953125,0.2352294921875,0.05508764460682869,0.6860018968582153
higgs_public,NLL_OOD,Cov90_OOD,0.18,0.1,0.2,0.1,0.4,0.25,1.0,-1.0,3.1961498260498047,257.9444274902344,3.8767495155334473,0.6805996894836426,254.74827766418457,0.67626953125,0.6102294921875,0.2197265625,0.374520868062973,0.5322036743164062
higgs_public,NLL_OOD,Cov90_OOD,0.18,0.1,0.2,0.2,0.4,0.5,2.0,-1.0,3.374948740005493,239.6820068359375,3.6653852462768555,0.2904365062713623,236.307058095932,0.6650390625,0.61181640625,0.2352294921875,0.18423178791999817,0.6860018968582153
higgs_public,NLL_OOD,Cov90_OOD,0.18,0.1,0.2,0.1,0.4,0.25,1.0,0.85,3.1961498260498047,257.9444274902344,4.245682716369629,1.0495328903198242,254.74827766418457,0.67626953125,0.623046875,0.2197265625,0.09173642843961716,0.5322036743164062
higgs_public,NLL_OOD,Cov90_OOD,0.18,0.1,0.2,0.2,0.4,0.5,2.0,0.85,3.374948740005493,239.6820068359375,3.9116320610046387,0.5366833209991455,236.307058095932,0.6650390625,0.644775390625,0.2352294921875,0.018931061029434204,0.6860018968582153
higgs_public,NLL_OOD,Cov90_OOD,0.18,0.1,0.2,0.1,0.4,0.25,2.0,-1.0,3.1961498260498047,257.9444274902344,3.977843999862671,0.7816941738128662,254.74827766418457,0.67626953125,0.6114501953125,0.2197265625,0.2447592318058014,0.5322036743164062
higgs_public,NLL_OOD,Cov90_OOD,0.28,0.02,0.0,0.0,0.4,0.25,1.0,-1.0,3.374948740005493,239.6820068359375,4.092382907867432,0.7174341678619385,236.307058095932,0.6650390625,0.6549072265625,0.2352294921875,0.9941236972808838,0.0016647595912218094
higgs_public,NLL_OOD,Cov90_OOD,0.18,0.1,0.2,0.1,0.4,0.25,2.0,0.85,3.1961498260498047,257.9444274902344,4.250610828399658,1.0544610023498535,254.74827766418457,0.67626953125,0.643310546875,0.2197265625,0.037588369101285934,0.5322036743164062
higgs_public,NLL_OOD,Cov90_OOD,0.28,0.02,0.0,0.0,0.4,0.25,1.0,0.85,3.374948740005493,239.6820068359375,4.092382907867432,0.7174341678619385,236.307058095932,0.6650390625,0.6549072265625,0.2352294921875,0.9939975738525391,0.0016647595912218094
higgs_public,NLL_OOD,Cov90_OOD,0.18,0.1,0.2,0.1,0.4,0.5,1.0,-1.0,3.1961498260498047,257.9444274902344,3.539571762084961,0.34342193603515625,254.74827766418457,0.67626953125,0.61474609375,0.2197265625,0.374520868062973,0.5322036743164062
higgs_public,NLL_OOD,Cov90_OOD,0.28,0.02,0.0,0.0,0.4,0.25,2.0,-1.0,3.374948740005493,239.6820068359375,4.109991550445557,0.7350428104400635,236.307058095932,0.6650390625,0.6531982421875,0.2352294921875,0.988381028175354,0.0016647595912218094
higgs_public,NLL_OOD,Cov90_OOD,0.18,0.1,0.2,0.1,0.4,0.5,1.0,0.85,3.1961498260498047,257.9444274902344,3.973677635192871,0.7775278091430664,254.74827766418457,0.67626953125,0.6201171875,0.2197265625,0.09173642843961716,0.5322036743164062
higgs_public,NLL_OOD,Cov90_OOD,0.28,0.02,0.0,0.0,0.4,0.25,2.0,0.85,3.374948740005493,239.6820068359375,4.109991550445557,0.7350428104400635,236.307058095932,0.6650390625,0.6531982421875,0.2352294921875,0.9868892431259155,0.0016647595912218094
higgs_public,NLL_OOD,Cov90_OOD,0.18,0.1,0.2,0.1,0.4,0.5,2.0,-1.0,3.1961498260498047,257.9444274902344,3.6667823791503906,0.47063255310058594,254.74827766418457,0.67626953125,0.6109619140625,0.2197265625,0.2447592318058014,0.5322036743164062
higgs_public,NLL_OOD,Cov90_OOD,0.28,0.02,0.0,0.0,0.4,0.5,1.0,-1.0,3.374948740005493,239.6820068359375,3.847867488861084,0.4729187488555908,236.307058095932,0.6650390625,0.659423828125,0.2352294921875,0.9941236972808838,0.0016647595912218094
higgs_public,NLL_OOD,Cov90_OOD,0.18,0.1,0.2,0.1,0.4,0.5,2.0,0.85,3.1961498260498047,257.9444274902344,3.8947091102600098,0.6985592842102051,254.74827766418457,0.67626953125,0.6470947265625,0.2197265625,0.037588369101285934,0.5322036743164062
higgs_public,NLL_OOD,Cov90_OOD,0.28,0.02,0.0,0.0,0.4,0.5,1.0,0.85,3.374948740005493,239.6820068359375,3.847867488861084,0.4729187488555908,236.307058095932,0.6650390625,0.659423828125,0.2352294921875,0.9939975738525391,0.0016647595912218094
higgs_public,NLL_OOD,Cov90_OOD,0.18,0.1,0.2,0.2,0.4,0.25,1.0,-1.0,3.1961498260498047,257.9444274902344,3.7421460151672363,0.5459961891174316,254.74827766418457,0.67626953125,0.6015625,0.2197265625,0.29913002252578735,0.7029112577438354
higgs_public,NLL_OOD,Cov90_OOD,0.28,0.02,0.0,0.0,0.4,0.5,2.0,-1.0,3.374948740005493,239.6820068359375,3.8799197673797607,0.5049710273742676,236.307058095932,0.6650390625,0.658935546875,0.2352294921875,0.988381028175354,0.0016647595912218094
higgs_public,NLL_OOD,Cov90_OOD,0.18,0.1,0.2,0.2,0.4,0.25,1.0,0.85,3.1961498260498047,257.9444274902344,4.253283977508545,1.0571341514587402,254.74827766418457,0.67626953125,0.6190185546875,0.2197265625,0.054137393832206726,0.7029112577438354
higgs_public,NLL_OOD,Cov90_OOD,0.28,0.02,0.0,0.0,0.4,0.5,2.0,0.85,3.374948740005493,239.6820068359375,3.8799197673797607,0.5049710273742676,236.307058095932,0.6650390625,0.658935546875,0.2352294921875,0.9868892431259155,0.0016647595912218094
higgs_public,NLL_OOD,Cov90_OOD,0.18,0.1,0.2,0.2,0.4,0.25,2.0,-1.0,3.1961498260498047,257.9444274902344,3.9832353591918945,0.7870855331420898,254.74827766418457,0.67626953125,0.6011962890625,0.2197265625,0.1828678846359253,0.7029112577438354
higgs_public,NLL_OOD,Cov90_OOD,0.28,0.02,0.0,0.1,0.4,0.25,1.0,-1.0,3.374948740005493,239.6820068359375,4.089239120483398,0.7142903804779053,236.307058095932,0.6650390625,0.642822265625,0.2352294921875,0.5935810208320618,0.3535543978214264
higgs_public,NLL_OOD,Cov90_OOD,0.18,0.1,0.2,0.2,0.4,0.25,2.0,0.85,3.1961498260498047,257.9444274902344,4.235340118408203,1.0391902923583984,254.74827766418457,0.67626953125,0.61669921875,0.2197265625,0.01991475746035576,0.7029112577438354
higgs_public,NLL_OOD,Cov90_OOD,0.28,0.02,0.0,0.1,0.4,0.25,1.0,0.85,3.374948740005493,239.6820068359375,4.494570732116699,1.119621992111206,236.307058095932,0.6650390625,0.6346435546875,0.2352294921875,0.33233708143234253,0.3535543978214264
higgs_public,NLL_OOD,Cov90_OOD,0.18,0.1,0.2,0.2,0.4,0.5,1.0,-1.0,3.1961498260498047,257.9444274902344,3.452789068222046,0.2566392421722412,254.74827766418457,0.67626953125,0.6055908203125,0.2197265625,0.29913002252578735,0.7029112577438354
higgs_public,NLL_OOD,Cov90_OOD,0.28,0.02,0.0,0.1,0.4,0.25,2.0,-1.0,3.374948740005493,239.6820068359375,4.262119293212891,0.8871705532073975,236.307058095932,0.6650390625,0.638427734375,0.2352294921875,0.4746134877204895,0.3535543978214264
higgs_public,NLL_OOD,Cov90_OOD,0.18,0.1,0.2,0.2,0.4,0.5,1.0,0.85,3.1961498260498047,257.9444274902344,3.9994964599609375,0.8033466339111328,254.74827766418457,0.67626953125,0.623779296875,0.2197265625,0.054137393832206726,0.7029112577438354
higgs_public,NLL_OOD,Cov90_OOD,0.28,0.02,0.0,0.1,0.4,0.25,2.0,0.85,3.374948740005493,239.6820068359375,4.475553512573242,1.100604772567749,236.307058095932,0.6650390625,0.640625,0.2352294921875,0.22608047723770142,0.3535543978214264
higgs_public,NLL_OOD,Cov90_OOD,0.18,0.1,0.2,0.2,0.4,0.5,2.0,-1.0,3.1961498260498047,257.9444274902344,3.616222381591797,0.4200725555419922,254.74827766418457,0.67626953125,0.6085205078125,0.2197265625,0.1828678846359253,0.7029112577438354
higgs_public,NLL_OOD,Cov90_OOD,0.28,0.02,0.0,0.1,0.4,0.5,1.0,-1.0,3.374948740005493,239.6820068359375,3.6928870677948,0.31793832778930664,236.307058095932,0.6650390625,0.6553955078125,0.2352294921875,0.5935810208320618,0.3535543978214264
higgs_public,NLL_OOD,Cov90_OOD,0.18,0.1,0.2,0.2,0.4,0.5,2.0,0.85,3.1961498260498047,257.9444274902344,4.012019634246826,0.8158698081970215,254.74827766418457,0.67626953125,0.6197509765625,0.2197265625,0.01991475746035576,0.7029112577438354
higgs_public,NLL_OOD,Cov90_OOD,0.28,0.02,0.0,0.1,0.4,0.5,1.0,0.85,3.374948740005493,239.6820068359375,4.019124984741211,0.6441762447357178,236.307058095932,0.6650390625,0.6463623046875,0.2352294921875,0.33233708143234253,0.3535543978214264
higgs_public,NLL_OOD,Cov90_OOD,0.28,0.02,0.0,0.0,0.4,0.25,1.0,-1.0,3.1961498260498047,257.9444274902344,4.124365329742432,0.928215503692627,254.74827766418457,0.67626953125,0.6629638671875,0.2197265625,0.9939281940460205,0.0017206247430294752
higgs_public,NLL_OOD,Cov90_OOD,0.28,0.02,0.0,0.1,0.4,0.5,2.0,-1.0,3.374948740005493,239.6820068359375,3.842195987701416,0.46724724769592285,236.307058095932,0.6650390625,0.6514892578125,0.2352294921875,0.4746134877204895,0.3535543978214264
higgs_public,NLL_OOD,Cov90_OOD,0.28,0.02,0.0,0.0,0.4,0.25,1.0,0.85,3.1961498260498047,257.9444274902344,4.124365329742432,0.928215503692627,254.74827766418457,0.67626953125,0.6629638671875,0.2197265625,0.993803083896637,0.0017206247430294752
higgs_public,NLL_OOD,Cov90_OOD,0.28,0.02,0.0,0.1,0.4,0.5,2.0,0.85,3.374948740005493,239.6820068359375,4.055649757385254,0.6807010173797607,236.307058095932,0.6650390625,0.6478271484375,0.2352294921875,0.22608047723770142,0.3535543978214264
higgs_public,NLL_OOD,Cov90_OOD,0.28,0.02,0.0,0.0,0.4,0.25,2.0,-1.0,3.1961498260498047,257.9444274902344,4.12285041809082,0.9267005920410156,254.74827766418457,0.67626953125,0.6663818359375,0.2197265625,0.9879978895187378,0.0017206247430294752
higgs_public,NLL_OOD,Cov90_OOD,0.28,0.02,0.0,0.2,0.4,0.25,1.0,-1.0,3.374948740005493,239.6820068359375,3.822842836380005,0.4478940963745117,236.307058095932,0.6650390625,0.6400146484375,0.2352294921875,0.40912172198295593,0.7102287411689758
higgs_public,NLL_OOD,Cov90_OOD,0.28,0.02,0.0,0.0,0.4,0.25,2.0,0.85,3.1961498260498047,257.9444274902344,4.12285041809082,0.9267005920410156,254.74827766418457,0.67626953125,0.6663818359375,0.2197265625,0.9863893389701843,0.0017206247430294752
higgs_public,NLL_OOD,Cov90_OOD,0.28,0.02,0.0,0.2,0.4,0.25,1.0,0.85,3.374948740005493,239.6820068359375,4.350325107574463,0.9753763675689697,236.307058095932,0.6650390625,0.6295166015625,0.2352294921875,0.16540361940860748,0.7102287411689758
higgs_public,NLL_OOD,Cov90_OOD,0.28,0.02,0.0,0.0,0.4,0.5,1.0,-1.0,3.1961498260498047,257.9444274902344,3.7613558769226074,0.5652060508728027,254.74827766418457,0.67626953125,0.6800537109375,0.2197265625,0.9939281940460205,0.0017206247430294752
higgs_public,NLL_OOD,Cov90_OOD,0.28,0.02,0.0,0.2,0.4,0.25,2.0,-1.0,3.374948740005493,239.6820068359375,4.104357719421387,0.7294089794158936,236.307058095932,0.6650390625,0.6317138671875,0.2352294921875,0.2958437204360962,0.7102287411689758
higgs_public,NLL_OOD,Cov90_OOD,0.28,0.02,0.0,0.0,0.4,0.5,1.0,0.85,3.1961498260498047,257.9444274902344,3.7613558769226074,0.5652060508728027,254.74827766418457,0.67626953125,0.6800537109375,0.2197265625,0.993803083896637,0.0017206247430294752
higgs_public,NLL_OOD,Cov90_OOD,0.28,0.02,0.0,0.2,0.4,0.25,2.0,0.85,3.374948740005493,239.6820068359375,4.489315509796143,1.1143667697906494,236.307058095932,0.6650390625,0.635498046875,0.2352294921875,0.09769844263792038,0.7102287411689758
higgs_public,NLL_OOD,Cov90_OOD,0.28,0.02,0.0,0.0,0.4,0.5,2.0,-1.0,3.1961498260498047,257.9444274902344,3.7219631671905518,0.5258133411407471,254.74827766418457,0.67626953125,0.681884765625,0.2197265625,0.9879978895187378,0.0017206247430294752
higgs_public,NLL_OOD,Cov90_OOD,0.28,0.02,0.0,0.0,0.4,0.5,2.0,0.85,3.1961498260498047,257.9444274902344,3.7219631671905518,0.5258133411407471,254.74827766418457,0.67626953125,0.681884765625,0.2197265625,0.9863893389701843,0.0017206247430294752
higgs_public,NLL_OOD,Cov90_OOD,0.28,0.02,0.0,0.2,0.4,0.5,1.0,-1.0,3.374948740005493,239.6820068359375,3.4697024822235107,0.09475374221801758,236.307058095932,0.6650390625,0.64697265625,0.2352294921875,0.40912172198295593,0.7102287411689758
higgs_public,NLL_OOD,Cov90_OOD,0.28,0.02,0.0,0.1,0.4,0.25,1.0,-1.0,3.1961498260498047,257.9444274902344,4.122620105743408,0.9264702796936035,254.74827766418457,0.67626953125,0.6546630859375,0.2197265625,0.5907557606697083,0.36049434542655945
higgs_public,NLL_OOD,Cov90_OOD,0.28,0.02,0.0,0.2,0.4,0.5,1.0,0.85,3.374948740005493,239.6820068359375,3.9830222129821777,0.6080734729766846,236.307058095932,0.6650390625,0.6358642578125,0.2352294921875,0.16540361940860748,0.7102287411689758
higgs_public,NLL_OOD,Cov90_OOD,0.28,0.02,0.0,0.1,0.4,0.25,1.0,0.85,3.1961498260498047,257.9444274902344,4.393548488616943,1.1973986625671387,254.74827766418457,0.67626953125,0.643310546875,0.2197265625,0.32662883400917053,0.36049434542655945
higgs_public,NLL_OOD,Cov90_OOD,0.28,0.02,0.0,0.2,0.4,0.5,2.0,-1.0,3.374948740005493,239.6820068359375,3.648334264755249,0.27338552474975586,236.307058095932,0.6650390625,0.63916015625,0.2352294921875,0.2958437204360962,0.7102287411689758
higgs_public,NLL_OOD,Cov90_OOD,0.28,0.02,0.0,0.1,0.4,0.25,2.0,-1.0,3.1961498260498047,257.9444274902344,4.177822113037109,0.9816722869873047,254.74827766418457,0.67626953125,0.6507568359375,0.2197265625,0.4709729850292206,0.36049434542655945
higgs_public,NLL_OOD,Cov90_OOD,0.28,0.02,0.0,0.2,0.4,0.5,2.0,0.85,3.374948740005493,239.6820068359375,4.095505714416504,0.7205569744110107,236.307058095932,0.6650390625,0.637451171875,0.2352294921875,0.09769844263792038,0.7102287411689758
higgs_public,NLL_OOD,Cov90_OOD,0.28,0.02,0.0,0.1,0.4,0.25,2.0,0.85,3.1961498260498047,257.9444274902344,4.468137741088867,1.2719879150390625,254.74827766418457,0.67626953125,0.644775390625,0.2197265625,0.2225112020969391,0.36049434542655945
higgs_public,NLL_OOD,Cov90_OOD,0.28,0.02,0.1,0.0,0.4,0.25,1.0,-1.0,3.374948740005493,239.6820068359375,4.240480899810791,0.8655321598052979,236.307058095932,0.6650390625,0.635986328125,0.2352294921875,0.7412233948707581,0.1544828861951828
higgs_public,NLL_OOD,Cov90_OOD,0.28,0.02,0.0,0.1,0.4,0.5,1.0,-1.0,3.1961498260498047,257.9444274902344,3.6638317108154297,0.467681884765625,254.74827766418457,0.67626953125,0.6680908203125,0.2197265625,0.5907557606697083,0.36049434542655945
higgs_public,NLL_OOD,Cov90_OOD,0.28,0.02,0.1,0.0,0.4,0.25,1.0,0.85,3.374948740005493,239.6820068359375,4.433852672576904,1.0589039325714111,236.307058095932,0.6650390625,0.63134765625,0.2352294921875,0.4892217516899109,0.1544828861951828
higgs_public,NLL_OOD,Cov90_OOD,0.28,0.02,0.0,0.1,0.4,0.5,1.0,0.85,3.1961498260498047,257.9444274902344,3.9509570598602295,0.7548072338104248,254.74827766418457,0.67626953125,0.657958984375,0.2197265625,0.32662883400917053,0.36049434542655945
higgs_public,NLL_OOD,Cov90_OOD,0.28,0.02,0.1,0.0,0.4,0.25,2.0,-1.0,3.374948740005493,239.6820068359375,4.368149280548096,0.9932005405426025,236.307058095932,0.6650390625,0.6334228515625,0.2352294921875,0.6287955045700073,0.1544828861951828
higgs_public,NLL_OOD,Cov90_OOD,0.28,0.02,0.0,0.1,0.4,0.5,2.0,-1.0,3.1961498260498047,257.9444274902344,3.7788186073303223,0.5826687812805176,254.74827766418457,0.67626953125,0.6611328125,0.2197265625,0.4709729850292206,0.36049434542655945
higgs_public,NLL_OOD,Cov90_OOD,0.28,0.02,0.1,0.0,0.4,0.25,2.0,0.85,3.374948740005493,239.6820068359375,4.475981712341309,1.1010329723358154,236.307058095932,0.6650390625,0.6343994140625,0.2352294921875,0.3322750926017761,0.1544828861951828
higgs_public,NLL_OOD,Cov90_OOD,0.28,0.02,0.0,0.1,0.4,0.5,2.0,0.85,3.1961498260498047,257.9444274902344,3.99299955368042,0.7968497276306152,254.74827766418457,0.67626953125,0.6571044921875,0.2197265625,0.2225112020969391,0.36049434542655945
higgs_public,NLL_OOD,Cov90_OOD,0.28,0.02,0.1,0.0,0.4,0.5,1.0,-1.0,3.374948740005493,239.6820068359375,3.9023289680480957,0.5273802280426025,236.307058095932,0.6650390625,0.637451171875,0.2352294921875,0.7412233948707581,0.1544828861951828
higgs_public,NLL_OOD,Cov90_OOD,0.28,0.02,0.0,0.2,0.4,0.25,1.0,-1.0,3.1961498260498047,257.9444274902344,3.8129992485046387,0.616849422454834,254.74827766418457,0.67626953125,0.64892578125,0.2197265625,0.40653863549232483,0.7238612174987793
higgs_public,NLL_OOD,Cov90_OOD,0.28,0.02,0.1,0.0,0.4,0.5,1.0,0.85,3.374948740005493,239.6820068359375,4.156222343444824,0.781273603439331,236.307058095932,0.6650390625,0.6328125,0.2352294921875,0.4892217516899109,0.1544828861951828
higgs_public,NLL_OOD,Cov90_OOD,0.28,0.02,0.0,0.2,0.4,0.25,1.0,0.85,3.1961498260498047,257.9444274902344,4.3533854484558105,1.1572356224060059,254.74827766418457,0.67626953125,0.6287841796875,0.2197265625,0.16282504796981812,0.7238612174987793
higgs_public,NLL_OOD,Cov90_OOD,0.28,0.02,0.1,0.0,0.4,0.5,2.0,-1.0,3.374948740005493,239.6820068359375,3.9379634857177734,0.5630147457122803,236.307058095932,0.6650390625,0.637939453125,0.2352294921875,0.6287955045700073,0.1544828861951828
higgs_public,NLL_OOD,Cov90_OOD,0.28,0.02,0.0,0.2,0.4,0.25,2.0,-1.0,3.1961498260498047,257.9444274902344,3.989156723022461,0.7930068969726562,254.74827766418457,0.67626953125,0.6400146484375,0.2197265625,0.29325225949287415,0.7238612174987793
higgs_public,NLL_OOD,Cov90_OOD,0.28,0.02,0.1,0.0,0.4,0.5,2.0,0.85,3.374948740005493,239.6820068359375,4.191391468048096,0.8164427280426025,236.307058095932,0.6650390625,0.636474609375,0.2352294921875,0.3322750926017761,0.1544828861951828
higgs_public,NLL_OOD,Cov90_OOD,0.28,0.02,0.0,0.2,0.4,0.25,2.0,0.85,3.1961498260498047,257.9444274902344,4.365375518798828,1.1692256927490234,254.74827766418457,0.67626953125,0.628662109375,0.2197265625,0.09328053891658783,0.7238612174987793
higgs_public,NLL_OOD,Cov90_OOD,0.28,0.02,0.1,0.1,0.4,0.25,1.0,-1.0,3.374948740005493,239.6820068359375,3.845372200012207,0.47042346000671387,236.307058095932,0.6650390625,0.6370849609375,0.2352294921875,0.5275473594665527,0.4239770174026489
higgs_public,NLL_OOD,Cov90_OOD,0.28,0.02,0.0,0.2,0.4,0.5,1.0,-1.0,3.1961498260498047,257.9444274902344,3.355721950531006,0.15957212448120117,254.74827766418457,0.67626953125,0.65771484375,0.2197265625,0.40653863549232483,0.7238612174987793
higgs_public,NLL_OOD,Cov90_OOD,0.28,0.02,0.1,0.1,0.4,0.25,1.0,0.85,3.374948740005493,239.6820068359375,4.257223129272461,0.8822743892669678,236.307058095932,0.6650390625,0.6337890625,0.2352294921875,0.2345542013645172,0.4239770174026489
higgs_public,NLL_OOD,Cov90_OOD,0.28,0.02,0.0,0.2,0.4,0.5,1.0,0.85,3.1961498260498047,257.9444274902344,3.984551429748535,0.7884016036987305,254.74827766418457,0.67626953125,0.636474609375,0.2197265625,0.16282504796981812,0.7238612174987793
higgs_public,NLL_OOD,Cov90_OOD,0.28,0.02,0.1,0.1,0.4,0.25,2.0,-1.0,3.374948740005493,239.6820068359375,3.971475124359131,0.5965263843536377,236.307058095932,0.6650390625,0.632568359375,0.2352294921875,0.39754700660705566,0.4239770174026489
higgs_public,NLL_OOD,Cov90_OOD,0.28,0.02,0.0,0.2,0.4,0.5,2.0,-1.0,3.1961498260498047,257.9444274902344,3.5503973960876465,0.3542475700378418,254.74827766418457,0.67626953125,0.651611328125,0.2197265625,0.29325225949287415,0.7238612174987793
higgs_public,NLL_OOD,Cov90_OOD,0.28,0.02,0.0,0.2,0.4,0.5,2.0,0.85,3.1961498260498047,257.9444274902344,3.9483110904693604,0.7521612644195557,254.74827766418457,0.67626953125,0.642333984375,0.2197265625,0.09328053891658783,0.7238612174987793
higgs_public,NLL_OOD,Cov90_OOD,0.28,0.02,0.1,0.1,0.4,0.25,2.0,0.85,3.374948740005493,239.6820068359375,4.363007545471191,0.9880588054656982,236.307058095932,0.6650390625,0.6329345703125,0.2352294921875,0.13184180855751038,0.4239770174026489
higgs_public,NLL_OOD,Cov90_OOD,0.28,0.02,0.1,0.0,0.4,0.25,1.0,-1.0,3.1961498260498047,257.9444274902344,3.9822535514831543,0.7861037254333496,254.74827766418457,0.67626953125,0.651123046875,0.2197265625,0.7376309633255005,0.1594536453485489
higgs_public,NLL_OOD,Cov90_OOD,0.28,0.02,0.1,0.1,0.4,0.5,1.0,-1.0,3.374948740005493,239.6820068359375,3.528606653213501,0.1536579132080078,236.307058095932,0.6650390625,0.6473388671875,0.2352294921875,0.5275473594665527,0.4239770174026489
higgs_public,NLL_OOD,Cov90_OOD,0.28,0.02,0.1,0.0,0.4,0.25,1.0,0.85,3.1961498260498047,257.9444274902344,4.200229167938232,1.0040793418884277,254.74827766418457,0.67626953125,0.647705078125,0.2197265625,0.4822496175765991,0.1594536453485489
higgs_public,NLL_OOD,Cov90_OOD,0.28,0.02,0.1,0.1,0.4,0.5,1.0,0.85,3.374948740005493,239.6820068359375,3.9581236839294434,0.5831749439239502,236.307058095932,0.6650390625,0.647216796875,0.2352294921875,0.2345542013645172,0.4239770174026489
higgs_public,NLL_OOD,Cov90_OOD,0.28,0.02,0.1,0.0,0.4,0.25,2.0,-1.0,3.1961498260498047,257.9444274902344,4.044238090515137,0.848088264465332,254.74827766418457,0.67626953125,0.64990234375,0.2197265625,0.6242514848709106,0.1594536453485489
higgs_public,NLL_OOD,Cov90_OOD,0.28,0.02,0.1,0.1,0.4,0.5,2.0,-1.0,3.374948740005493,239.6820068359375,3.6457343101501465,0.2707855701446533,236.307058095932,0.6650390625,0.644287109375,0.2352294921875,0.39754700660705566,0.4239770174026489
higgs_public,NLL_OOD,Cov90_OOD,0.28,0.02,0.1,0.0,0.4,0.25,2.0,0.85,3.1961498260498047,257.9444274902344,4.271994590759277,1.0758447647094727,254.74827766418457,0.67626953125,0.6470947265625,0.2197265625,0.3245008587837219,0.1594536453485489
higgs_public,NLL_OOD,Cov90_OOD,0.28,0.02,0.1,0.1,0.4,0.5,2.0,0.85,3.374948740005493,239.6820068359375,3.940035820007324,0.565087080001831,236.307058095932,0.6650390625,0.6583251953125,0.2352294921875,0.13184180855751038,0.4239770174026489
higgs_public,NLL_OOD,Cov90_OOD,0.28,0.02,0.1,0.0,0.4,0.5,1.0,-1.0,3.1961498260498047,257.9444274902344,3.644986629486084,0.4488368034362793,254.74827766418457,0.67626953125,0.6468505859375,0.2197265625,0.7376309633255005,0.1594536453485489
higgs_public,NLL_OOD,Cov90_OOD,0.28,0.02,0.1,0.2,0.4,0.25,1.0,-1.0,3.374948740005493,239.6820068359375,3.6668343544006348,0.2918856143951416,236.307058095932,0.6650390625,0.634033203125,0.2352294921875,0.39883530139923096,0.6918666362762451
higgs_public,NLL_OOD,Cov90_OOD,0.28,0.02,0.1,0.0,0.4,0.5,1.0,0.85,3.1961498260498047,257.9444274902344,3.8683528900146484,0.6722030639648438,254.74827766418457,0.67626953125,0.6396484375,0.2197265625,0.4822496175765991,0.1594536453485489
higgs_public,NLL_OOD,Cov90_OOD,0.28,0.02,0.1,0.2,0.4,0.25,1.0,0.85,3.374948740005493,239.6820068359375,4.182278633117676,0.8073298931121826,236.307058095932,0.6650390625,0.6187744140625,0.2352294921875,0.13645517826080322,0.6918666362762451
higgs_public,NLL_OOD,Cov90_OOD,0.28,0.02,0.1,0.0,0.4,0.5,2.0,-1.0,3.1961498260498047,257.9444274902344,3.694089889526367,0.4979400634765625,254.74827766418457,0.67626953125,0.645751953125,0.2197265625,0.6242514848709106,0.1594536453485489
higgs_public,NLL_OOD,Cov90_OOD,0.28,0.02,0.1,0.2,0.4,0.25,2.0,-1.0,3.374948740005493,239.6820068359375,3.8652119636535645,0.4902632236480713,236.307058095932,0.6650390625,0.62646484375,0.2352294921875,0.27809938788414,0.6918666362762451
higgs_public,NLL_OOD,Cov90_OOD,0.28,0.02,0.1,0.0,0.4,0.5,2.0,0.85,3.1961498260498047,257.9444274902344,3.862232208251953,0.6660823822021484,254.74827766418457,0.67626953125,0.6474609375,0.2197265625,0.3245008587837219,0.1594536453485489
higgs_public,NLL_OOD,Cov90_OOD,0.28,0.02,0.1,0.2,0.4,0.25,2.0,0.85,3.374948740005493,239.6820068359375,4.341572284698486,0.9666235446929932,236.307058095932,0.6650390625,0.6348876953125,0.2352294921875,0.06848164647817612,0.6918666362762451
higgs_public,NLL_OOD,Cov90_OOD,0.28,0.02,0.1,0.1,0.4,0.25,1.0,-1.0,3.1961498260498047,257.9444274902344,3.855083465576172,0.6589336395263672,254.74827766418457,0.67626953125,0.6295166015625,0.2197265625,0.5244070291519165,0.43562114238739014
higgs_public,NLL_OOD,Cov90_OOD,0.28,0.02,0.1,0.2,0.4,0.5,1.0,-1.0,3.374948740005493,239.6820068359375,3.3599183559417725,-0.015030384063720703,236.307058095932,0.6650390625,0.6357421875,0.2352294921875,0.39883530139923096,0.6918666362762451
higgs_public,NLL_OOD,Cov90_OOD,0.28,0.02,0.1,0.1,0.4,0.25,1.0,0.85,3.1961498260498047,257.9444274902344,4.207159996032715,1.0110101699829102,254.74827766418457,0.67626953125,0.6239013671875,0.2197265625,0.23242321610450745,0.43562114238739014
higgs_public,NLL_OOD,Cov90_OOD,0.28,0.02,0.1,0.2,0.4,0.5,1.0,0.85,3.374948740005493,239.6820068359375,3.870760917663574,0.49581217765808105,236.307058095932,0.6650390625,0.6329345703125,0.2352294921875,0.13645517826080322,0.6918666362762451
higgs_public,NLL_OOD,Cov90_OOD,0.28,0.02,0.1,0.1,0.4,0.25,2.0,-1.0,3.1961498260498047,257.9444274902344,3.9472899436950684,0.7511401176452637,254.74827766418457,0.67626953125,0.6282958984375,0.2197265625,0.39435914158821106,0.43562114238739014
higgs_public,NLL_OOD,Cov90_OOD,0.28,0.02,0.1,0.2,0.4,0.5,2.0,-1.0,3.374948740005493,239.6820068359375,3.525759220123291,0.15081048011779785,236.307058095932,0.6650390625,0.635009765625,0.2352294921875,0.27809938788414,0.6918666362762451
higgs_public,NLL_OOD,Cov90_OOD,0.28,0.02,0.1,0.1,0.4,0.25,2.0,0.85,3.1961498260498047,257.9444274902344,4.302646160125732,1.1064963340759277,254.74827766418457,0.67626953125,0.6265869140625,0.2197265625,0.12904570996761322,0.43562114238739014
higgs_public,NLL_OOD,Cov90_OOD,0.28,0.02,0.1,0.2,0.4,0.5,2.0,0.85,3.374948740005493,239.6820068359375,3.9260661602020264,0.5511174201965332,236.307058095932,0.6650390625,0.65234375,0.2352294921875,0.06848164647817612,0.6918666362762451
higgs_public,NLL_OOD,Cov90_OOD,0.28,0.02,0.1,0.1,0.4,0.5,1.0,-1.0,3.1961498260498047,257.9444274902344,3.4727566242218018,0.27660679817199707,254.74827766418457,0.67626953125,0.6331787109375,0.2197265625,0.5244070291519165,0.43562114238739014
higgs_public,NLL_OOD,Cov90_OOD,0.28,0.02,0.2,0.0,0.4,0.25,1.0,-1.0,3.374948740005493,239.6820068359375,4.179811954498291,0.8048632144927979,236.307058095932,0.6650390625,0.6253662109375,0.2352294921875,0.6134123802185059,0.31583625078201294
higgs_public,NLL_OOD,Cov90_OOD,0.28,0.02,0.1,0.1,0.4,0.5,1.0,0.85,3.1961498260498047,257.9444274902344,3.9084291458129883,0.7122793197631836,254.74827766418457,0.67626953125,0.62744140625,0.2197265625,0.23242321610450745,0.43562114238739014
higgs_public,NLL_OOD,Cov90_OOD,0.28,0.02,0.2,0.0,0.4,0.25,1.0,0.85,3.374948740005493,239.6820068359375,4.49908447265625,1.1241357326507568,236.307058095932,0.6650390625,0.6231689453125,0.2352294921875,0.3032490909099579,0.31583625078201294
higgs_public,NLL_OOD,Cov90_OOD,0.28,0.02,0.1,0.1,0.4,0.5,2.0,-1.0,3.1961498260498047,257.9444274902344,3.6070010662078857,0.41085124015808105,254.74827766418457,0.67626953125,0.630615234375,0.2197265625,0.39435914158821106,0.43562114238739014
higgs_public,NLL_OOD,Cov90_OOD,0.28,0.02,0.2,0.0,0.4,0.25,2.0,-1.0,3.374948740005493,239.6820068359375,4.207666873931885,0.8327181339263916,236.307058095932,0.6650390625,0.620849609375,0.2352294921875,0.48102402687072754,0.31583625078201294
higgs_public,NLL_OOD,Cov90_OOD,0.28,0.02,0.1,0.1,0.4,0.5,2.0,0.85,3.1961498260498047,257.9444274902344,3.9108684062957764,0.7147185802459717,254.74827766418457,0.67626953125,0.64013671875,0.2197265625,0.12904570996761322,0.43562114238739014
higgs_public,NLL_OOD,Cov90_OOD,0.28,0.02,0.1,0.2,0.4,0.25,1.0,-1.0,3.1961498260498047,257.9444274902344,3.6208066940307617,0.42465686798095703,254.74827766418457,0.67626953125,0.6214599609375,0.2197265625,0.3971092700958252,0.7073482871055603
higgs_public,NLL_OOD,Cov90_OOD,0.28,0.02,0.2,0.0,0.4,0.25,2.0,0.85,3.374948740005493,239.6820068359375,4.55068826675415,1.1757395267486572,236.307058095932,0.6650390625,0.6309814453125,0.2352294921875,0.1655585616827011,0.31583625078201294
higgs_public,NLL_OOD,Cov90_OOD,0.28,0.02,0.1,0.2,0.4,0.25,1.0,0.85,3.1961498260498047,257.9444274902344,4.187570095062256,0.9914202690124512,254.74827766418457,0.67626953125,0.623291015625,0.2197265625,0.1346127986907959,0.7073482871055603
higgs_public,NLL_OOD,Cov90_OOD,0.28,0.02,0.2,0.0,0.4,0.5,1.0,-1.0,3.374948740005493,239.6820068359375,3.802215337753296,0.42726659774780273,236.307058095932,0.6650390625,0.62255859375,0.2352294921875,0.6134123802185059,0.31583625078201294
higgs_public,NLL_OOD,Cov90_OOD,0.28,0.02,0.1,0.2,0.4,0.25,2.0,-1.0,3.1961498260498047,257.9444274902344,3.821650266647339,0.6255004405975342,254.74827766418457,0.67626953125,0.6192626953125,0.2197265625,0.27661389112472534,0.7073482871055603
higgs_public,NLL_OOD,Cov90_OOD,0.28,0.02,0.2,0.0,0.4,0.5,1.0,0.85,3.374948740005493,239.6820068359375,4.17794942855835,0.8030006885528564,236.307058095932,0.6650390625,0.6204833984375,0.2352294921875,0.3032490909099579,0.31583625078201294
higgs_public,NLL_OOD,Cov90_OOD,0.28,0.02,0.1,0.2,0.4,0.25,2.0,0.85,3.1961498260498047,257.9444274902344,4.357144355773926,1.160994529724121,254.74827766418457,0.67626953125,0.625244140625,0.2197265625,0.06605417281389236,0.7073482871055603
higgs_public,NLL_OOD,Cov90_OOD,0.28,0.02,0.2,0.0,0.4,0.5,2.0,-1.0,3.374948740005493,239.6820068359375,3.9034199714660645,0.5284712314605713,236.307058095932,0.6650390625,0.620361328125,0.2352294921875,0.48102402687072754,0.31583625078201294
higgs_public,NLL_OOD,Cov90_OOD,0.28,0.02,0.1,0.2,0.4,0.5,1.0,-1.0,3.1961498260498047,257.9444274902344,3.336495876312256,0.14034605026245117,254.74827766418457,0.67626953125,0.6229248046875,0.2197265625,0.3971092700958252,0.7073482871055603
higgs_public,NLL_OOD,Cov90_OOD,0.28,0.02,0.2,0.0,0.4,0.5,2.0,0.85,3.374948740005493,239.6820068359375,4.31501579284668,0.9400670528411865,236.307058095932,0.6650390625,0.6263427734375,0.2352294921875,0.1655585616827011,0.31583625078201294
higgs_public,NLL_OOD,Cov90_OOD,0.28,0.02,0.1,0.2,0.4,0.5,1.0,0.85,3.1961498260498047,257.9444274902344,3.810542106628418,0.6143922805786133,254.74827766418457,0.67626953125,0.627197265625,0.2197265625,0.1346127986907959,0.7073482871055603
higgs_public,NLL_OOD,Cov90_OOD,0.28,0.02,0.2,0.1,0.4,0.25,1.0,-1.0,3.374948740005493,239.6820068359375,3.771052122116089,0.3961033821105957,236.307058095932,0.6650390625,0.622314453125,0.2352294921875,0.48959845304489136,0.4976207911968231
higgs_public,NLL_OOD,Cov90_OOD,0.28,0.02,0.1,0.2,0.4,0.5,2.0,-1.0,3.1961498260498047,257.9444274902344,3.485780715942383,0.2896308898925781,254.74827766418457,0.67626953125,0.6231689453125,0.2197265625,0.27661389112472534,0.7073482871055603
higgs_public,NLL_OOD,Cov90_OOD,0.28,0.02,0.2,0.1,0.4,0.25,1.0,0.85,3.374948740005493,239.6820068359375,4.3994550704956055,1.0245063304901123,236.307058095932,0.6650390625,0.613525390625,0.2352294921875,0.17210784554481506,0.4976207911968231
higgs_public,NLL_OOD,Cov90_OOD,0.28,0.02,0.1,0.2,0.4,0.5,2.0,0.85,3.1961498260498047,257.9444274902344,3.957960605621338,0.7618107795715332,254.74827766418457,0.67626953125,0.6285400390625,0.2197265625,0.06605417281389236,0.7073482871055603
higgs_public,NLL_OOD,Cov90_OOD,0.28,0.02,0.2,0.1,0.4,0.25,2.0,-1.0,3.374948740005493,239.6820068359375,3.9873907566070557,0.6124420166015625,236.307058095932,0.6650390625,0.61181640625,0.2352294921875,0.3523886203765869,0.4976207911968231
higgs_public,NLL_OOD,Cov90_OOD,0.28,0.02,0.2,0.0,0.4,0.25,1.0,-1.0,3.1961498260498047,257.9444274902344,3.9105355739593506,0.7143857479095459,254.74827766418457,0.67626953125,0.635498046875,0.2197265625,0.6089332103729248,0.3278123736381531
higgs_public,NLL_OOD,Cov90_OOD,0.28,0.02,0.2,0.1,0.4,0.25,2.0,0.85,3.374948740005493,239.6820068359375,4.340234756469727,0.9652860164642334,236.307058095932,0.6650390625,0.6259765625,0.2352294921875,0.08170238137245178,0.4976207911968231
higgs_public,NLL_OOD,Cov90_OOD,0.28,0.02,0.2,0.0,0.4,0.25,1.0,0.85,3.1961498260498047,257.9444274902344,4.169930458068848,0.973780632019043,254.74827766418457,0.67626953125,0.630615234375,0.2197265625,0.29677778482437134,0.3278123736381531
higgs_public,NLL_OOD,Cov90_OOD,0.28,0.02,0.2,0.1,0.4,0.5,1.0,-1.0,3.374948740005493,239.6820068359375,3.4922170639038086,0.11726832389831543,236.307058095932,0.6650390625,0.625244140625,0.2352294921875,0.48959845304489136,0.4976207911968231
higgs_public,NLL_OOD,Cov90_OOD,0.28,0.02,0.2,0.0,0.4,0.25,2.0,-1.0,3.1961498260498047,257.9444274902344,3.9214627742767334,0.7253129482269287,254.74827766418457,0.67626953125,0.63525390625,0.2197265625,0.47617724537849426,0.3278123736381531
higgs_public,NLL_OOD,Cov90_OOD,0.28,0.02,0.2,0.1,0.4,0.5,1.0,0.85,3.374948740005493,239.6820068359375,4.0466156005859375,0.6716668605804443,236.307058095932,0.6650390625,0.6181640625,0.2352294921875,0.17210784554481506,0.4976207911968231
higgs_public,NLL_OOD,Cov90_OOD,0.28,0.02,0.2,0.0,0.4,0.25,2.0,0.85,3.1961498260498047,257.9444274902344,4.145716667175293,0.9495668411254883,254.74827766418457,0.67626953125,0.635986328125,0.2197265625,0.1630759984254837,0.3278123736381531
higgs_public,NLL_OOD,Cov90_OOD,0.28,0.02,0.2,0.1,0.4,0.5,2.0,-1.0,3.374948740005493,239.6820068359375,3.649590015411377,0.2746412754058838,236.307058095932,0.6650390625,0.61865234375,0.2352294921875,0.3523886203765869,0.4976207911968231
higgs_public,NLL_OOD,Cov90_OOD,0.28,0.02,0.2,0.0,0.4,0.5,1.0,-1.0,3.1961498260498047,257.9444274902344,3.584155559539795,0.38800573348999023,254.74827766418457,0.67626953125,0.6318359375,0.2197265625,0.6089332103729248,0.3278123736381531
higgs_public,NLL_OOD,Cov90_OOD,0.28,0.02,0.2,0.1,0.4,0.5,2.0,0.85,3.374948740005493,239.6820068359375,4.095428943634033,0.72048020362854,236.307058095932,0.6650390625,0.6298828125,0.2352294921875,0.08170238137245178,0.4976207911968231
higgs_public,NLL_OOD,Cov90_OOD,0.28,0.02,0.2,0.0,0.4,0.5,1.0,0.85,3.1961498260498047,257.9444274902344,3.9071567058563232,0.7110068798065186,254.74827766418457,0.67626953125,0.6302490234375,0.2197265625,0.29677778482437134,0.3278123736381531
higgs_public,NLL_OOD,Cov90_OOD,0.28,0.02,0.2,0.2,0.4,0.25,1.0,-1.0,3.374948740005493,239.6820068359375,3.74650239944458,0.3715536594390869,236.307058095932,0.6650390625,0.60791015625,0.2352294921875,0.40383195877075195,0.6677898168563843
higgs_public,NLL_OOD,Cov90_OOD,0.28,0.02,0.2,0.0,0.4,0.5,2.0,-1.0,3.1961498260498047,257.9444274902344,3.6985342502593994,0.5023844242095947,254.74827766418457,0.67626953125,0.631103515625,0.2197265625,0.47617724537849426,0.3278123736381531
higgs_public,NLL_OOD,Cov90_OOD,0.28,0.02,0.2,0.2,0.4,0.25,1.0,0.85,3.374948740005493,239.6820068359375,4.163591384887695,0.7886426448822021,236.307058095932,0.6650390625,0.6163330078125,0.2352294921875,0.10999330878257751,0.6677898168563843
higgs_public,NLL_OOD,Cov90_OOD,0.28,0.02,0.2,0.0,0.4,0.5,2.0,0.85,3.1961498260498047,257.9444274902344,3.9165334701538086,0.7203836441040039,254.74827766418457,0.67626953125,0.632080078125,0.2197265625,0.1630759984254837,0.3278123736381531
higgs_public,NLL_OOD,Cov90_OOD,0.28,0.02,0.2,0.2,0.4,0.25,2.0,-1.0,3.374948740005493,239.6820068359375,4.019567489624023,0.6446187496185303,236.307058095932,0.6650390625,0.6019287109375,0.2352294921875,0.27253076434135437,0.6677898168563843
higgs_public,NLL_OOD,Cov90_OOD,0.28,0.02,0.2,0.1,0.4,0.25,1.0,-1.0,3.1961498260498047,257.9444274902344,3.799503803253174,0.6033539772033691,254.74827766418457,0.67626953125,0.6146240234375,0.2197265625,0.4867055118083954,0.5120062828063965
higgs_public,NLL_OOD,Cov90_OOD,0.28,0.02,0.2,0.2,0.4,0.25,2.0,0.85,3.374948740005493,239.6820068359375,4.29174280166626,0.9167940616607666,236.307058095932,0.6650390625,0.6297607421875,0.2352294921875,0.046146947890520096,0.6677898168563843
higgs_public,NLL_OOD,Cov90_OOD,0.28,0.02,0.2,0.1,0.4,0.25,1.0,0.85,3.1961498260498047,257.9444274902344,4.305963516235352,1.1098136901855469,254.74827766418457,0.67626953125,0.6107177734375,0.2197265625,0.170312762260437,0.5120062828063965
higgs_public,NLL_OOD,Cov90_OOD,0.28,0.02,0.2,0.2,0.4,0.5,1.0,-1.0,3.374948740005493,239.6820068359375,3.3691658973693848,-0.0057828426361083984,236.307058095932,0.6650390625,0.618896484375,0.2352294921875,0.40383195877075195,0.6677898168563843
higgs_public,NLL_OOD,Cov90_OOD,0.28,0.02,0.2,0.1,0.4,0.25,2.0,-1.0,3.1961498260498047,257.9444274902344,3.956035614013672,0.7598857879638672,254.74827766418457,0.67626953125,0.60888671875,0.2197265625,0.35002273321151733,0.5120062828063965
higgs_public,NLL_OOD,Cov90_OOD,0.28,0.02,0.2,0.1,0.4,0.25,2.0,0.85,3.1961498260498047,257.9444274902344,4.381956100463867,1.1858062744140625,254.74827766418457,0.67626953125,0.622314453125,0.2197265625,0.08067211508750916,0.5120062828063965
higgs_public,NLL_OOD,Cov90_OOD,0.28,0.02,0.2,0.2,0.4,0.5,1.0,0.85,3.374948740005493,239.6820068359375,3.9354910850524902,0.5605423450469971,236.307058095932,0.6650390625,0.6224365234375,0.2352294921875,0.10999330878257751,0.6677898168563843
higgs_public,NLL_OOD,Cov90_OOD,0.28,0.02,0.2,0.1,0.4,0.5,1.0,-1.0,3.1961498260498047,257.9444274902344,3.5066986083984375,0.3105487823486328,254.74827766418457,0.67626953125,0.61328125,0.2197265625,0.4867055118083954,0.5120062828063965
higgs_public,NLL_OOD,Cov90_OOD,0.28,0.02,0.2,0.2,0.4,0.5,2.0,-1.0,3.374948740005493,239.6820068359375,3.5859999656677246,0.21105122566223145,236.307058095932,0.6650390625,0.6126708984375,0.2352294921875,0.27253076434135437,0.6677898168563843
higgs_public,NLL_OOD,Cov90_OOD,0.28,0.02,0.2,0.1,0.4,0.5,1.0,0.85,3.1961498260498047,257.9444274902344,3.9652013778686523,0.7690515518188477,254.74827766418457,0.67626953125,0.6077880859375,0.2197265625,0.170312762260437,0.5120062828063965
higgs_public,NLL_OOD,Cov90_OOD,0.28,0.02,0.2,0.2,0.4,0.5,2.0,0.85,3.374948740005493,239.6820068359375,3.9270706176757812,0.5521218776702881,236.307058095932,0.6650390625,0.63330078125,0.2352294921875,0.046146947890520096,0.6677898168563843
higgs_public,NLL_OOD,Cov90_OOD,0.28,0.02,0.2,0.1,0.4,0.5,2.0,-1.0,3.1961498260498047,257.9444274902344,3.605013370513916,0.40886354446411133,254.74827766418457,0.67626953125,0.6116943359375,0.2197265625,0.35002273321151733,0.5120062828063965
higgs_public,NLL_OOD,Cov90_OOD,0.28,0.05,0.0,0.0,0.4,0.25,1.0,-1.0,3.374948740005493,239.6820068359375,4.064630031585693,0.6896812915802002,236.307058095932,0.6650390625,0.6561279296875,0.2352294921875,0.9651362895965576,0.010468087159097195
higgs_public,NLL_OOD,Cov90_OOD,0.28,0.02,0.2,0.1,0.4,0.5,2.0,0.85,3.1961498260498047,257.9444274902344,4.135666847229004,0.9395170211791992,254.74827766418457,0.67626953125,0.6241455078125,0.2197265625,0.08067211508750916,0.5120062828063965
higgs_public,NLL_OOD,Cov90_OOD,0.28,0.05,0.0,0.0,0.4,0.25,1.0,0.85,3.374948740005493,239.6820068359375,4.081752300262451,0.706803560256958,236.307058095932,0.6650390625,0.6551513671875,0.2352294921875,0.9318543672561646,0.010468087159097195
higgs_public,NLL_OOD,Cov90_OOD,0.28,0.02,0.2,0.2,0.4,0.25,1.0,-1.0,3.1961498260498047,257.9444274902344,3.694650650024414,0.4985008239746094,254.74827766418457,0.67626953125,0.6005859375,0.2197265625,0.4015640914440155,0.6848215460777283
higgs_public,NLL_OOD,Cov90_OOD,0.28,0.05,0.0,0.0,0.4,0.25,2.0,-1.0,3.374948740005493,239.6820068359375,4.036801338195801,0.6618525981903076,236.307058095932,0.6650390625,0.654541015625,0.2352294921875,0.9344568252563477,0.010468087159097195
higgs_public,NLL_OOD,Cov90_OOD,0.28,0.02,0.2,0.2,0.4,0.25,1.0,0.85,3.1961498260498047,257.9444274902344,4.253903865814209,1.0577540397644043,254.74827766418457,0.67626953125,0.6162109375,0.2197265625,0.1099909245967865,0.6848215460777283
higgs_public,NLL_OOD,Cov90_OOD,0.28,0.05,0.0,0.0,0.4,0.25,2.0,0.85,3.374948740005493,239.6820068359375,4.082736015319824,0.707787275314331,236.307058095932,0.6650390625,0.6552734375,0.2352294921875,0.8436931371688843,0.010468087159097195
higgs_public,NLL_OOD,Cov90_OOD,0.28,0.02,0.2,0.2,0.4,0.25,2.0,-1.0,3.1961498260498047,257.9444274902344,3.9004030227661133,0.7042531967163086,254.74827766418457,0.67626953125,0.603759765625,0.2197265625,0.2709769010543823,0.6848215460777283
higgs_public,NLL_OOD,Cov90_OOD,0.28,0.05,0.0,0.0,0.4,0.5,1.0,-1.0,3.374948740005493,239.6820068359375,3.8504133224487305,0.4754645824432373,236.307058095932,0.6650390625,0.661376953125,0.2352294921875,0.9651362895965576,0.010468087159097195
higgs_public,NLL_OOD,Cov90_OOD,0.28,0.05,0.0,0.0,0.4,0.5,1.0,0.85,3.374948740005493,239.6820068359375,3.886815309524536,0.511866569519043,236.307058095932,0.6650390625,0.6595458984375,0.2352294921875,0.9318543672561646,0.010468087159097195
higgs_public,NLL_OOD,Cov90_OOD,0.28,0.02,0.2,0.2,0.4,0.25,2.0,0.85,3.1961498260498047,257.9444274902344,4.372884273529053,1.176734447479248,254.74827766418457,0.67626953125,0.6121826171875,0.2197265625,0.04577355086803436,0.6848215460777283
higgs_public,NLL_OOD,Cov90_OOD,0.28,0.02,0.2,0.2,0.4,0.5,1.0,-1.0,3.1961498260498047,257.9444274902344,3.3990612030029297,0.202911376953125,254.74827766418457,0.67626953125,0.602294921875,0.2197265625,0.4015640914440155,0.6848215460777283
higgs_public,NLL_OOD,Cov90_OOD,0.28,0.05,0.0,0.0,0.4,0.5,2.0,-1.0,3.374948740005493,239.6820068359375,3.885514259338379,0.5105655193328857,236.307058095932,0.6650390625,0.660400390625,0.2352294921875,0.9344568252563477,0.010468087159097195
higgs_public,NLL_OOD,Cov90_OOD,0.28,0.02,0.2,0.2,0.4,0.5,1.0,0.85,3.1961498260498047,257.9444274902344,3.9085912704467773,0.7124414443969727,254.74827766418457,0.67626953125,0.6158447265625,0.2197265625,0.1099909245967865,0.6848215460777283
higgs_public,NLL_OOD,Cov90_OOD,0.28,0.05,0.0,0.0,0.4,0.5,2.0,0.85,3.374948740005493,239.6820068359375,3.8516006469726562,0.4766519069671631,236.307058095932,0.6650390625,0.6611328125,0.2352294921875,0.8436931371688843,0.010468087159097195
higgs_public,NLL_OOD,Cov90_OOD,0.28,0.02,0.2,0.2,0.4,0.5,2.0,-1.0,3.1961498260498047,257.9444274902344,3.54360294342041,0.34745311737060547,254.74827766418457,0.67626953125,0.6033935546875,0.2197265625,0.2709769010543823,0.6848215460777283
higgs_public,NLL_OOD,Cov90_OOD,0.28,0.05,0.0,0.1,0.4,0.25,1.0,-1.0,3.374948740005493,239.6820068359375,4.073192596435547,0.6982438564300537,236.307058095932,0.6650390625,0.6422119140625,0.2352294921875,0.5841094851493835,0.3615970015525818
higgs_public,NLL_OOD,Cov90_OOD,0.28,0.02,0.2,0.2,0.4,0.5,2.0,0.85,3.1961498260498047,257.9444274902344,4.125946998596191,0.9297971725463867,254.74827766418457,0.67626953125,0.6092529296875,0.2197265625,0.04577355086803436,0.6848215460777283
higgs_public,NLL_OOD,Cov90_OOD,0.28,0.05,0.0,0.1,0.4,0.25,1.0,0.85,3.374948740005493,239.6820068359375,4.430930137634277,1.0559813976287842,236.307058095932,0.6650390625,0.63623046875,0.2352294921875,0.3172305226325989,0.3615970015525818
higgs_public,NLL_OOD,Cov90_OOD,0.28,0.05,0.0,0.0,0.4,0.25,1.0,-1.0,3.1961498260498047,257.9444274902344,4.03623104095459,0.8400812149047852,254.74827766418457,0.67626953125,0.671142578125,0.2197265625,0.9641280770301819,0.01078049372881651
higgs_public,NLL_OOD,Cov90_OOD,0.28,0.05,0.0,0.1,0.4,0.25,2.0,-1.0,3.374948740005493,239.6820068359375,4.229866027832031,0.8549172878265381,236.307058095932,0.6650390625,0.637451171875,0.2352294921875,0.4630592167377472,0.3615970015525818
higgs_public,NLL_OOD,Cov90_OOD,0.28,0.05,0.0,0.0,0.4,0.25,1.0,0.85,3.1961498260498047,257.9444274902344,4.093567848205566,0.8974180221557617,254.74827766418457,0.67626953125,0.6673583984375,0.2197265625,0.9300780296325684,0.01078049372881651
higgs_public,NLL_OOD,Cov90_OOD,0.28,0.05,0.0,0.1,0.4,0.25,2.0,0.85,3.374948740005493,239.6820068359375,4.4547953605651855,1.0798466205596924,236.307058095932,0.6650390625,0.63720703125,0.2352294921875,0.21198800206184387,0.3615970015525818
higgs_public,NLL_OOD,Cov90_OOD,0.28,0.05,0.0,0.0,0.4,0.25,2.0,-1.0,3.1961498260498047,257.9444274902344,4.078722953796387,0.882573127746582,254.74827766418457,0.67626953125,0.6656494140625,0.2197265625,0.9326061606407166,0.01078049372881651
higgs_public,NLL_OOD,Cov90_OOD,0.28,0.05,0.0,0.1,0.4,0.5,1.0,-1.0,3.374948740005493,239.6820068359375,3.6612024307250977,0.2862536907196045,236.307058095932,0.6650390625,0.65576171875,0.2352294921875,0.5841094851493835,0.3615970015525818
higgs_public,NLL_OOD,Cov90_OOD,0.28,0.05,0.0,0.0,0.4,0.25,2.0,0.85,3.1961498260498047,257.9444274902344,4.081238746643066,0.8850889205932617,254.74827766418457,0.67626953125,0.6636962890625,0.2197265625,0.8394626379013062,0.01078049372881651
higgs_public,NLL_OOD,Cov90_OOD,0.28,0.05,0.0,0.1,0.4,0.5,1.0,0.85,3.374948740005493,239.6820068359375,4.020784378051758,0.6458356380462646,236.307058095932,0.6650390625,0.6485595703125,0.2352294921875,0.3172305226325989,0.3615970015525818
higgs_public,NLL_OOD,Cov90_OOD,0.28,0.05,0.0,0.0,0.4,0.5,1.0,-1.0,3.1961498260498047,257.9444274902344,3.6961464881896973,0.4999966621398926,254.74827766418457,0.67626953125,0.68310546875,0.2197265625,0.9641280770301819,0.01078049372881651
higgs_public,NLL_OOD,Cov90_OOD,0.28,0.05,0.0,0.1,0.4,0.5,2.0,-1.0,3.374948740005493,239.6820068359375,3.8112761974334717,0.4363274574279785,236.307058095932,0.6650390625,0.6512451171875,0.2352294921875,0.4630592167377472,0.3615970015525818
higgs_public,NLL_OOD,Cov90_OOD,0.28,0.05,0.0,0.0,0.4,0.5,1.0,0.85,3.1961498260498047,257.9444274902344,3.7119555473327637,0.515805721282959,254.74827766418457,0.67626953125,0.6815185546875,0.2197265625,0.9300780296325684,0.01078049372881651
higgs_public,NLL_OOD,Cov90_OOD,0.28,0.05,0.0,0.1,0.4,0.5,2.0,0.85,3.374948740005493,239.6820068359375,4.092868328094482,0.7179195880889893,236.307058095932,0.6650390625,0.6478271484375,0.2352294921875,0.21198800206184387,0.3615970015525818
higgs_public,NLL_OOD,Cov90_OOD,0.28,0.05,0.0,0.0,0.4,0.5,2.0,-1.0,3.1961498260498047,257.9444274902344,3.676363706588745,0.48021388053894043,254.74827766418457,0.67626953125,0.6826171875,0.2197265625,0.9326061606407166,0.01078049372881651
higgs_public,NLL_OOD,Cov90_OOD,0.28,0.05,0.0,0.2,0.4,0.25,1.0,-1.0,3.374948740005493,239.6820068359375,3.843848466873169,0.4688997268676758,236.307058095932,0.6650390625,0.6395263671875,0.2352294921875,0.4035579562187195,0.7167869806289673
higgs_public,NLL_OOD,Cov90_OOD,0.28,0.05,0.0,0.0,0.4,0.5,2.0,0.85,3.1961498260498047,257.9444274902344,3.714977741241455,0.5188279151916504,254.74827766418457,0.67626953125,0.6798095703125,0.2197265625,0.8394626379013062,0.01078049372881651
higgs_public,NLL_OOD,Cov90_OOD,0.28,0.05,0.0,0.2,0.4,0.25,1.0,0.85,3.374948740005493,239.6820068359375,4.380084991455078,1.005136251449585,236.307058095932,0.6650390625,0.6326904296875,0.2352294921875,0.1591748595237732,0.7167869806289673
higgs_public,NLL_OOD,Cov90_OOD,0.28,0.05,0.0,0.1,0.4,0.25,1.0,-1.0,3.1961498260498047,257.9444274902344,4.050330638885498,0.8541808128356934,254.74827766418457,0.67626953125,0.6580810546875,0.2197265625,0.580971896648407,0.36848559975624084
higgs_public,NLL_OOD,Cov90_OOD,0.28,0.05,0.0,0.2,0.4,0.25,2.0,-1.0,3.374948740005493,239.6820068359375,4.050750732421875,0.6758019924163818,236.307058095932,0.6650390625,0.6337890625,0.2352294921875,0.2898910641670227,0.7167869806289673
higgs_public,NLL_OOD,Cov90_OOD,0.28,0.05,0.0,0.1,0.4,0.25,1.0,0.85,3.1961498260498047,257.9444274902344,4.367701530456543,1.1715517044067383,254.74827766418457,0.67626953125,0.64306640625,0.2197265625,0.3107486367225647,0.36848559975624084
higgs_public,NLL_OOD,Cov90_OOD,0.28,0.05,0.0,0.2,0.4,0.25,2.0,0.85,3.374948740005493,239.6820068359375,4.478468894958496,1.103520154953003,236.307058095932,0.6650390625,0.63671875,0.2352294921875,0.09181147068738937,0.7167869806289673
higgs_public,NLL_OOD,Cov90_OOD,0.28,0.05,0.0,0.1,0.4,0.25,2.0,-1.0,3.1961498260498047,257.9444274902344,4.220484733581543,1.0243349075317383,254.74827766418457,0.67626953125,0.6531982421875,0.2197265625,0.45882391929626465,0.36848559975624084
higgs_public,NLL_OOD,Cov90_OOD,0.28,0.05,0.0,0.2,0.4,0.5,1.0,-1.0,3.374948740005493,239.6820068359375,3.4484035968780518,0.0734548568725586,236.307058095932,0.6650390625,0.6474609375,0.2352294921875,0.4035579562187195,0.7167869806289673
higgs_public,NLL_OOD,Cov90_OOD,0.28,0.05,0.0,0.1,0.4,0.25,2.0,0.85,3.1961498260498047,257.9444274902344,4.429063320159912,1.2329134941101074,254.74827766418457,0.67626953125,0.643310546875,0.2197265625,0.2073717713356018,0.36848559975624084
higgs_public,NLL_OOD,Cov90_OOD,0.28,0.05,0.0,0.2,0.4,0.5,1.0,0.85,3.374948740005493,239.6820068359375,4.022560119628906,0.6476113796234131,236.307058095932,0.6650390625,0.6351318359375,0.2352294921875,0.1591748595237732,0.7167869806289673
higgs_public,NLL_OOD,Cov90_OOD,0.28,0.05,0.0,0.1,0.4,0.5,1.0,-1.0,3.1961498260498047,257.9444274902344,3.615173578262329,0.4190237522125244,254.74827766418457,0.67626953125,0.66845703125,0.2197265625,0.580971896648407,0.36848559975624084
higgs_public,NLL_OOD,Cov90_OOD,0.28,0.05,0.0,0.2,0.4,0.5,2.0,-1.0,3.374948740005493,239.6820068359375,3.6613662242889404,0.28641748428344727,236.307058095932,0.6650390625,0.6405029296875,0.2352294921875,0.2898910641670227,0.7167869806289673
higgs_public,NLL_OOD,Cov90_OOD,0.28,0.05,0.0,0.1,0.4,0.5,1.0,0.85,3.1961498260498047,257.9444274902344,3.94763445854187,0.7514846324920654,254.74827766418457,0.67626953125,0.65380859375,0.2197265625,0.3107486367225647,0.36848559975624084
higgs_public,NLL_OOD,Cov90_OOD,0.28,0.05,0.0,0.1,0.4,0.5,2.0,-1.0,3.1961498260498047,257.9444274902344,3.753073215484619,0.5569233894348145,254.74827766418457,0.67626953125,0.662353515625,0.2197265625,0.45882391929626465,0.36848559975624084
higgs_public,NLL_OOD,Cov90_OOD,0.28,0.05,0.0,0.2,0.4,0.5,2.0,0.85,3.374948740005493,239.6820068359375,4.0538458824157715,0.6788971424102783,236.307058095932,0.6650390625,0.63623046875,0.2352294921875,0.09181147068738937,0.7167869806289673
higgs_public,NLL_OOD,Cov90_OOD,0.28,0.05,0.0,0.1,0.4,0.5,2.0,0.85,3.1961498260498047,257.9444274902344,3.98710298538208,0.7909531593322754,254.74827766418457,0.67626953125,0.6561279296875,0.2197265625,0.2073717713356018,0.36848559975624084
higgs_public,NLL_OOD,Cov90_OOD,0.28,0.05,0.1,0.0,0.4,0.25,1.0,-1.0,3.374948740005493,239.6820068359375,4.270199298858643,0.8952505588531494,236.307058095932,0.6650390625,0.6378173828125,0.2352294921875,0.7283033132553101,0.16123780608177185
higgs_public,NLL_OOD,Cov90_OOD,0.28,0.05,0.0,0.2,0.4,0.25,1.0,-1.0,3.1961498260498047,257.9444274902344,3.7791965007781982,0.5830466747283936,254.74827766418457,0.67626953125,0.649169921875,0.2197265625,0.40088629722595215,0.7306674718856812
higgs_public,NLL_OOD,Cov90_OOD,0.28,0.05,0.1,0.0,0.4,0.25,1.0,0.85,3.374948740005493,239.6820068359375,4.46384859085083,1.088899850845337,236.307058095932,0.6650390625,0.6317138671875,0.2352294921875,0.46438682079315186,0.16123780608177185
higgs_public,NLL_OOD,Cov90_OOD,0.28,0.05,0.0,0.2,0.4,0.25,1.0,0.85,3.1961498260498047,257.9444274902344,4.272029876708984,1.0758800506591797,254.74827766418457,0.67626953125,0.6275634765625,0.2197265625,0.1560257375240326,0.7306674718856812
higgs_public,NLL_OOD,Cov90_OOD,0.28,0.05,0.1,0.0,0.4,0.25,2.0,-1.0,3.374948740005493,239.6820068359375,4.280515670776367,0.905566930770874,236.307058095932,0.6650390625,0.6339111328125,0.2352294921875,0.6111119985580444,0.16123780608177185
higgs_public,NLL_OOD,Cov90_OOD,0.28,0.05,0.0,0.2,0.4,0.25,2.0,-1.0,3.1961498260498047,257.9444274902344,4.019583702087402,0.8234338760375977,254.74827766418457,0.67626953125,0.63916015625,0.2197265625,0.2870383858680725,0.7306674718856812
higgs_public,NLL_OOD,Cov90_OOD,0.28,0.05,0.1,0.0,0.4,0.25,2.0,0.85,3.374948740005493,239.6820068359375,4.441562652587891,1.0666139125823975,236.307058095932,0.6650390625,0.635009765625,0.2352294921875,0.3039160966873169,0.16123780608177185
higgs_public,NLL_OOD,Cov90_OOD,0.28,0.05,0.0,0.2,0.4,0.25,2.0,0.85,3.1961498260498047,257.9444274902344,4.467309951782227,1.2711601257324219,254.74827766418457,0.67626953125,0.6314697265625,0.2197265625,0.0868709534406662,0.7306674718856812
higgs_public,NLL_OOD,Cov90_OOD,0.28,0.05,0.1,0.0,0.4,0.5,1.0,-1.0,3.374948740005493,239.6820068359375,3.915480613708496,0.5405318737030029,236.307058095932,0.6650390625,0.63671875,0.2352294921875,0.7283033132553101,0.16123780608177185
higgs_public,NLL_OOD,Cov90_OOD,0.28,0.05,0.0,0.2,0.4,0.5,1.0,-1.0,3.1961498260498047,257.9444274902344,3.336536169052124,0.14038634300231934,254.74827766418457,0.67626953125,0.6573486328125,0.2197265625,0.40088629722595215,0.7306674718856812
higgs_public,NLL_OOD,Cov90_OOD,0.28,0.05,0.1,0.0,0.4,0.5,1.0,0.85,3.374948740005493,239.6820068359375,4.1344499588012695,0.7595012187957764,236.307058095932,0.6650390625,0.6358642578125,0.2352294921875,0.46438682079315186,0.16123780608177185
higgs_public,NLL_OOD,Cov90_OOD,0.28,0.05,0.0,0.2,0.4,0.5,1.0,0.85,3.1961498260498047,257.9444274902344,3.9642693996429443,0.7681195735931396,254.74827766418457,0.67626953125,0.63671875,0.2197265625,0.1560257375240326,0.7306674718856812
higgs_public,NLL_OOD,Cov90_OOD,0.28,0.05,0.1,0.0,0.4,0.5,2.0,-1.0,3.374948740005493,239.6820068359375,3.9564342498779297,0.5814855098724365,236.307058095932,0.6650390625,0.6378173828125,0.2352294921875,0.6111119985580444,0.16123780608177185
higgs_public,NLL_OOD,Cov90_OOD,0.28,0.05,0.0,0.2,0.4,0.5,2.0,-1.0,3.1961498260498047,257.9444274902344,3.5550122261047363,0.35886240005493164,254.74827766418457,0.67626953125,0.6527099609375,0.2197265625,0.2870383858680725,0.7306674718856812
higgs_public,NLL_OOD,Cov90_OOD,0.28,0.05,0.1,0.0,0.4,0.5,2.0,0.85,3.374948740005493,239.6820068359375,4.143801212310791,0.7688524723052979,236.307058095932,0.6650390625,0.636962890625,0.2352294921875,0.3039160966873169,0.16123780608177185
higgs_public,NLL_OOD,Cov90_OOD,0.28,0.05,0.0,0.2,0.4,0.5,2.0,0.85,3.1961498260498047,257.9444274902344,3.9838602542877197,0.787710428237915,254.74827766418457,0.67626953125,0.64208984375,0.2197265625,0.0868709534406662,0.7306674718856812
higgs_public,NLL_OOD,Cov90_OOD,0.28,0.05,0.1,0.1,0.4,0.25,1.0,-1.0,3.374948740005493,239.6820068359375,3.804084062576294,0.4291353225708008,236.307058095932,0.6650390625,0.64208984375,0.2352294921875,0.5203001499176025,0.43042176961898804
higgs_public,NLL_OOD,Cov90_OOD,0.28,0.05,0.1,0.0,0.4,0.25,1.0,-1.0,3.1961498260498047,257.9444274902344,4.0007524490356445,0.8046026229858398,254.74827766418457,0.67626953125,0.6527099609375,0.2197265625,0.7244988679885864,0.16630901396274567
higgs_public,NLL_OOD,Cov90_OOD,0.28,0.05,0.1,0.1,0.4,0.25,1.0,0.85,3.374948740005493,239.6820068359375,4.284542560577393,0.9095938205718994,236.307058095932,0.6650390625,0.630126953125,0.2352294921875,0.22596625983715057,0.43042176961898804
higgs_public,NLL_OOD,Cov90_OOD,0.28,0.05,0.1,0.0,0.4,0.25,1.0,0.85,3.1961498260498047,257.9444274902344,4.205233573913574,1.0090837478637695,254.74827766418457,0.67626953125,0.646728515625,0.2197265625,0.45657700300216675,0.16630901396274567
higgs_public,NLL_OOD,Cov90_OOD,0.28,0.05,0.1,0.1,0.4,0.25,2.0,-1.0,3.374948740005493,239.6820068359375,3.953113555908203,0.57816481590271,236.307058095932,0.6650390625,0.6356201171875,0.2352294921875,0.389365017414093,0.43042176961898804
higgs_public,NLL_OOD,Cov90_OOD,0.28,0.05,0.1,0.0,0.4,0.25,2.0,-1.0,3.1961498260498047,257.9444274902344,4.074441909790039,0.8782920837402344,254.74827766418457,0.67626953125,0.6507568359375,0.2197265625,0.6062767505645752,0.16630901396274567
higgs_public,NLL_OOD,Cov90_OOD,0.28,0.05,0.1,0.1,0.4,0.25,2.0,0.85,3.374948740005493,239.6820068359375,4.3926591873168945,1.0177104473114014,236.307058095932,0.6650390625,0.63623046875,0.2352294921875,0.12449442595243454,0.43042176961898804
higgs_public,NLL_OOD,Cov90_OOD,0.28,0.05,0.1,0.0,0.4,0.25,2.0,0.85,3.1961498260498047,257.9444274902344,4.125724792480469,0.9295749664306641,254.74827766418457,0.67626953125,0.646728515625,0.2197265625,0.297392338514328,0.16630901396274567
higgs_public,NLL_OOD,Cov90_OOD,0.28,0.05,0.1,0.1,0.4,0.5,1.0,-1.0,3.374948740005493,239.6820068359375,3.4853856563568115,0.11043691635131836,236.307058095932,0.6650390625,0.6451416015625,0.2352294921875,0.5203001499176025,0.43042176961898804
higgs_public,NLL_OOD,Cov90_OOD,0.28,0.05,0.1,0.0,0.4,0.5,1.0,-1.0,3.1961498260498047,257.9444274902344,3.617562770843506,0.42141294479370117,254.74827766418457,0.67626953125,0.6466064453125,0.2197265625,0.7244988679885864,0.16630901396274567
higgs_public,NLL_OOD,Cov90_OOD,0.28,0.05,0.1,0.1,0.4,0.5,1.0,0.85,3.374948740005493,239.6820068359375,3.9387035369873047,0.5637547969818115,236.307058095932,0.6650390625,0.650390625,0.2352294921875,0.22596625983715057,0.43042176961898804
higgs_public,NLL_OOD,Cov90_OOD,0.28,0.05,0.1,0.0,0.4,0.5,1.0,0.85,3.1961498260498047,257.9444274902344,3.8396356105804443,0.6434857845306396,254.74827766418457,0.67626953125,0.63916015625,0.2197265625,0.45657700300216675,0.16630901396274567
higgs_public,NLL_OOD,Cov90_OOD,0.28,0.05,0.1,0.1,0.4,0.5,2.0,-1.0,3.374948740005493,239.6820068359375,3.646940231323242,0.271991491317749,236.307058095932,0.6650390625,0.6439208984375,0.2352294921875,0.389365017414093,0.43042176961898804
higgs_public,NLL_OOD,Cov90_OOD,0.28,0.05,0.1,0.0,0.4,0.5,2.0,-1.0,3.1961498260498047,257.9444274902344,3.6607229709625244,0.4645731449127197,254.74827766418457,0.67626953125,0.6451416015625,0.2197265625,0.6062767505645752,0.16630901396274567
higgs_public,NLL_OOD,Cov90_OOD,0.28,0.05,0.1,0.1,0.4,0.5,2.0,0.85,3.374948740005493,239.6820068359375,4.0023722648620605,0.6274235248565674,236.307058095932,0.6650390625,0.6505126953125,0.2352294921875,0.12449442595243454,0.43042176961898804
higgs_public,NLL_OOD,Cov90_OOD,0.28,0.05,0.1,0.0,0.4,0.5,2.0,0.85,3.1961498260498047,257.9444274902344,3.876711845397949,0.6805620193481445,254.74827766418457,0.67626953125,0.646484375,0.2197265625,0.297392338514328,0.16630901396274567
higgs_public,NLL_OOD,Cov90_OOD,0.28,0.05,0.1,0.2,0.4,0.25,1.0,-1.0,3.374948740005493,239.6820068359375,3.651066780090332,0.27611804008483887,236.307058095932,0.6650390625,0.63037109375,0.2352294921875,0.3942350149154663,0.6975883841514587
higgs_public,NLL_OOD,Cov90_OOD,0.28,0.05,0.1,0.1,0.4,0.25,1.0,-1.0,3.1961498260498047,257.9444274902344,3.788027286529541,0.5918774604797363,254.74827766418457,0.67626953125,0.634033203125,0.2197265625,0.5171158313751221,0.44217178225517273
higgs_public,NLL_OOD,Cov90_OOD,0.28,0.05,0.1,0.2,0.4,0.25,1.0,0.85,3.374948740005493,239.6820068359375,4.166318893432617,0.791370153427124,236.307058095932,0.6650390625,0.6243896484375,0.2352294921875,0.13351669907569885,0.6975883841514587
higgs_public,NLL_OOD,Cov90_OOD,0.28,0.05,0.1,0.1,0.4,0.25,1.0,0.85,3.1961498260498047,257.9444274902344,4.25135612487793,1.055206298828125,254.74827766418457,0.67626953125,0.625244140625,0.2197265625,0.22448575496673584,0.44217178225517273
higgs_public,NLL_OOD,Cov90_OOD,0.28,0.05,0.1,0.1,0.4,0.25,2.0,-1.0,3.1961498260498047,257.9444274902344,3.935548782348633,0.7393989562988281,254.74827766418457,0.67626953125,0.63037109375,0.2197265625,0.3860742747783661,0.44217178225517273
higgs_public,NLL_OOD,Cov90_OOD,0.28,0.05,0.1,0.2,0.4,0.25,2.0,-1.0,3.374948740005493,239.6820068359375,3.909665584564209,0.5347168445587158,236.307058095932,0.6650390625,0.62451171875,0.2352294921875,0.2735474705696106,0.6975883841514587
higgs_public,NLL_OOD,Cov90_OOD,0.28,0.05,0.1,0.1,0.4,0.25,2.0,0.85,3.1961498260498047,257.9444274902344,4.238771438598633,1.0426216125488281,254.74827766418457,0.67626953125,0.625244140625,0.2197265625,0.11952267587184906,0.44217178225517273
higgs_public,NLL_OOD,Cov90_OOD,0.28,0.05,0.1,0.2,0.4,0.25,2.0,0.85,3.374948740005493,239.6820068359375,4.310886383056641,0.9359376430511475,236.307058095932,0.6650390625,0.629638671875,0.2352294921875,0.06554457545280457,0.6975883841514587
higgs_public,NLL_OOD,Cov90_OOD,0.28,0.05,0.1,0.1,0.4,0.5,1.0,-1.0,3.1961498260498047,257.9444274902344,3.449118137359619,0.25296831130981445,254.74827766418457,0.67626953125,0.6358642578125,0.2197265625,0.5171158313751221,0.44217178225517273
higgs_public,NLL_OOD,Cov90_OOD,0.28,0.05,0.1,0.2,0.4,0.5,1.0,-1.0,3.374948740005493,239.6820068359375,3.3568837642669678,-0.01806497573852539,236.307058095932,0.6650390625,0.635986328125,0.2352294921875,0.3942350149154663,0.6975883841514587
higgs_public,NLL_OOD,Cov90_OOD,0.28,0.05,0.1,0.1,0.4,0.5,1.0,0.85,3.1961498260498047,257.9444274902344,3.8899199962615967,0.693770170211792,254.74827766418457,0.67626953125,0.6324462890625,0.2197265625,0.22448575496673584,0.44217178225517273
higgs_public,NLL_OOD,Cov90_OOD,0.28,0.05,0.1,0.2,0.4,0.5,1.0,0.85,3.374948740005493,239.6820068359375,3.857365608215332,0.48241686820983887,236.307058095932,0.6650390625,0.633544921875,0.2352294921875,0.13351669907569885,0.6975883841514587
higgs_public,NLL_OOD,Cov90_OOD,0.28,0.05,0.1,0.1,0.4,0.5,2.0,-1.0,3.1961498260498047,257.9444274902344,3.5884926319122314,0.39234280586242676,254.74827766418457,0.67626953125,0.6334228515625,0.2197265625,0.3860742747783661,0.44217178225517273
higgs_public,NLL_OOD,Cov90_OOD,0.28,0.05,0.1,0.2,0.4,0.5,2.0,-1.0,3.374948740005493,239.6820068359375,3.5482678413391113,0.17331910133361816,236.307058095932,0.6650390625,0.6346435546875,0.2352294921875,0.2735474705696106,0.6975883841514587
higgs_public,NLL_OOD,Cov90_OOD,0.28,0.05,0.1,0.1,0.4,0.5,2.0,0.85,3.1961498260498047,257.9444274902344,3.983307123184204,0.7871572971343994,254.74827766418457,0.67626953125,0.6331787109375,0.2197265625,0.11952267587184906,0.44217178225517273
higgs_public,NLL_OOD,Cov90_OOD,0.28,0.05,0.1,0.2,0.4,0.5,2.0,0.85,3.374948740005493,239.6820068359375,3.9574949741363525,0.5825462341308594,236.307058095932,0.6650390625,0.6455078125,0.2352294921875,0.06554457545280457,0.6975883841514587
higgs_public,NLL_OOD,Cov90_OOD,0.28,0.05,0.1,0.2,0.4,0.25,1.0,-1.0,3.1961498260498047,257.9444274902344,3.63173246383667,0.43558263778686523,254.74827766418457,0.67626953125,0.623046875,0.2197265625,0.39246678352355957,0.7128453254699707
higgs_public,NLL_OOD,Cov90_OOD,0.28,0.05,0.2,0.0,0.4,0.25,1.0,-1.0,3.374948740005493,239.6820068359375,4.097440719604492,0.722491979598999,236.307058095932,0.6650390625,0.6258544921875,0.2352294921875,0.606520414352417,0.32000377774238586
higgs_public,NLL_OOD,Cov90_OOD,0.28,0.05,0.1,0.2,0.4,0.25,1.0,0.85,3.1961498260498047,257.9444274902344,4.1073808670043945,0.9112310409545898,254.74827766418457,0.67626953125,0.625732421875,0.2197265625,0.13027673959732056,0.7128453254699707
higgs_public,NLL_OOD,Cov90_OOD,0.28,0.05,0.2,0.0,0.4,0.25,1.0,0.85,3.374948740005493,239.6820068359375,4.522187232971191,1.1472384929656982,236.307058095932,0.6650390625,0.625244140625,0.2352294921875,0.29141947627067566,0.32000377774238586
higgs_public,NLL_OOD,Cov90_OOD,0.28,0.05,0.1,0.2,0.4,0.25,2.0,-1.0,3.1961498260498047,257.9444274902344,3.771894931793213,0.5757451057434082,254.74827766418457,0.67626953125,0.6190185546875,0.2197265625,0.2718721032142639,0.7128453254699707
higgs_public,NLL_OOD,Cov90_OOD,0.28,0.05,0.2,0.0,0.4,0.25,2.0,-1.0,3.374948740005493,239.6820068359375,4.206229209899902,0.8312804698944092,236.307058095932,0.6650390625,0.6248779296875,0.2352294921875,0.47237882018089294,0.32000377774238586
higgs_public,NLL_OOD,Cov90_OOD,0.28,0.05,0.1,0.2,0.4,0.25,2.0,0.85,3.1961498260498047,257.9444274902344,4.342614650726318,1.1464648246765137,254.74827766418457,0.67626953125,0.625244140625,0.2197265625,0.0626768171787262,0.7128453254699707
higgs_public,NLL_OOD,Cov90_OOD,0.28,0.05,0.2,0.0,0.4,0.25,2.0,0.85,3.374948740005493,239.6820068359375,4.500395774841309,1.1254470348358154,236.307058095932,0.6650390625,0.631591796875,0.2352294921875,0.157499760389328,0.32000377774238586
higgs_public,NLL_OOD,Cov90_OOD,0.28,0.05,0.1,0.2,0.4,0.5,1.0,-1.0,3.1961498260498047,257.9444274902344,3.3432230949401855,0.14707326889038086,254.74827766418457,0.67626953125,0.6259765625,0.2197265625,0.39246678352355957,0.7128453254699707
higgs_public,NLL_OOD,Cov90_OOD,0.28,0.05,0.2,0.0,0.4,0.5,1.0,-1.0,3.374948740005493,239.6820068359375,3.795107364654541,0.42015862464904785,236.307058095932,0.6650390625,0.6226806640625,0.2352294921875,0.606520414352417,0.32000377774238586
higgs_public,NLL_OOD,Cov90_OOD,0.28,0.05,0.1,0.2,0.4,0.5,1.0,0.85,3.1961498260498047,257.9444274902344,3.822488784790039,0.6263389587402344,254.74827766418457,0.67626953125,0.6285400390625,0.2197265625,0.13027673959732056,0.7128453254699707
higgs_public,NLL_OOD,Cov90_OOD,0.28,0.05,0.2,0.0,0.4,0.5,1.0,0.85,3.374948740005493,239.6820068359375,4.1458258628845215,0.7708771228790283,236.307058095932,0.6650390625,0.6234130859375,0.2352294921875,0.29141947627067566,0.32000377774238586
higgs_public,NLL_OOD,Cov90_OOD,0.28,0.05,0.1,0.2,0.4,0.5,2.0,-1.0,3.1961498260498047,257.9444274902344,3.487734079360962,0.2915842533111572,254.74827766418457,0.67626953125,0.6248779296875,0.2197265625,0.2718721032142639,0.7128453254699707
higgs_public,NLL_OOD,Cov90_OOD,0.28,0.05,0.2,0.0,0.4,0.5,2.0,-1.0,3.374948740005493,239.6820068359375,3.867550849914551,0.4926021099090576,236.307058095932,0.6650390625,0.622314453125,0.2352294921875,0.47237882018089294,0.32000377774238586
higgs_public,NLL_OOD,Cov90_OOD,0.28,0.05,0.1,0.2,0.4,0.5,2.0,0.85,3.1961498260498047,257.9444274902344,4.058032512664795,0.8618826866149902,254.74827766418457,0.67626953125,0.6170654296875,0.2197265625,0.0626768171787262,0.7128453254699707
higgs_public,NLL_OOD,Cov90_OOD,0.28,0.05,0.2,0.0,0.4,0.5,2.0,0.85,3.374948740005493,239.6820068359375,4.242189884185791,0.8672411441802979,236.307058095932,0.6650390625,0.6312255859375,0.2352294921875,0.157499760389328,0.32000377774238586
higgs_public,NLL_OOD,Cov90_OOD,0.28,0.05,0.2,0.0,0.4,0.25,1.0,-1.0,3.1961498260498047,257.9444274902344,3.8406729698181152,0.6445231437683105,254.74827766418457,0.67626953125,0.63818359375,0.2197265625,0.6019253730773926,0.33194854855537415
higgs_public,NLL_OOD,Cov90_OOD,0.28,0.05,0.2,0.1,0.4,0.25,1.0,-1.0,3.374948740005493,239.6820068359375,3.797494649887085,0.4225459098815918,236.307058095932,0.6650390625,0.6214599609375,0.2352294921875,0.48430919647216797,0.5020149350166321
higgs_public,NLL_OOD,Cov90_OOD,0.28,0.05,0.2,0.0,0.4,0.25,1.0,0.85,3.1961498260498047,257.9444274902344,4.1135077476501465,0.9173579216003418,254.74827766418457,0.67626953125,0.6331787109375,0.2197265625,0.2845298647880554,0.33194854855537415
higgs_public,NLL_OOD,Cov90_OOD,0.28,0.05,0.2,0.1,0.4,0.25,1.0,0.85,3.374948740005493,239.6820068359375,4.416539192199707,1.0415904521942139,236.307058095932,0.6650390625,0.613525390625,0.2352294921875,0.1672888547182083,0.5020149350166321
higgs_public,NLL_OOD,Cov90_OOD,0.28,0.05,0.2,0.0,0.4,0.25,2.0,-1.0,3.1961498260498047,257.9444274902344,3.9666972160339355,0.7705473899841309,254.74827766418457,0.67626953125,0.6353759765625,0.2197265625,0.46728357672691345,0.33194854855537415
higgs_public,NLL_OOD,Cov90_OOD,0.28,0.05,0.2,0.1,0.4,0.25,2.0,-1.0,3.374948740005493,239.6820068359375,3.958380699157715,0.5834319591522217,236.307058095932,0.6650390625,0.6114501953125,0.2352294921875,0.34660428762435913,0.5020149350166321
higgs_public,NLL_OOD,Cov90_OOD,0.28,0.05,0.2,0.0,0.4,0.25,2.0,0.85,3.1961498260498047,257.9444274902344,4.108975410461426,0.9128255844116211,254.74827766418457,0.67626953125,0.6395263671875,0.2197265625,0.1534631848335266,0.33194854855537415
higgs_public,NLL_OOD,Cov90_OOD,0.28,0.05,0.2,0.1,0.4,0.25,2.0,0.85,3.374948740005493,239.6820068359375,4.350515842437744,0.975567102432251,236.307058095932,0.6650390625,0.6190185546875,0.2352294921875,0.07819325476884842,0.5020149350166321
higgs_public,NLL_OOD,Cov90_OOD,0.28,0.05,0.2,0.0,0.4,0.5,1.0,-1.0,3.1961498260498047,257.9444274902344,3.5911591053009033,0.39500927925109863,254.74827766418457,0.67626953125,0.631103515625,0.2197265625,0.6019253730773926,0.33194854855537415
higgs_public,NLL_OOD,Cov90_OOD,0.28,0.05,0.2,0.1,0.4,0.5,1.0,-1.0,3.374948740005493,239.6820068359375,3.467740058898926,0.09279131889343262,236.307058095932,0.6650390625,0.6243896484375,0.2352294921875,0.48430919647216797,0.5020149350166321
higgs_public,NLL_OOD,Cov90_OOD,0.28,0.05,0.2,0.0,0.4,0.5,1.0,0.85,3.1961498260498047,257.9444274902344,3.853172540664673,0.6570227146148682,254.74827766418457,0.67626953125,0.630859375,0.2197265625,0.2845298647880554,0.33194854855537415
higgs_public,NLL_OOD,Cov90_OOD,0.28,0.05,0.2,0.0,0.4,0.5,2.0,-1.0,3.1961498260498047,257.9444274902344,3.6632089614868164,0.4670591354370117,254.74827766418457,0.67626953125,0.6297607421875,0.2197265625,0.46728357672691345,0.33194854855537415
higgs_public,NLL_OOD,Cov90_OOD,0.28,0.05,0.2,0.1,0.4,0.5,1.0,0.85,3.374948740005493,239.6820068359375,4.090179443359375,0.7152307033538818,236.307058095932,0.6650390625,0.6171875,0.2352294921875,0.1672888547182083,0.5020149350166321
higgs_public,NLL_OOD,Cov90_OOD,0.28,0.05,0.2,0.0,0.4,0.5,2.0,0.85,3.1961498260498047,257.9444274902344,3.908939838409424,0.7127900123596191,254.74827766418457,0.67626953125,0.6331787109375,0.2197265625,0.1534631848335266,0.33194854855537415
higgs_public,NLL_OOD,Cov90_OOD,0.28,0.05,0.2,0.1,0.4,0.5,2.0,-1.0,3.374948740005493,239.6820068359375,3.682110548019409,0.307161808013916,236.307058095932,0.6650390625,0.6204833984375,0.2352294921875,0.34660428762435913,0.5020149350166321
higgs_public,NLL_OOD,Cov90_OOD,0.28,0.05,0.2,0.1,0.4,0.25,1.0,-1.0,3.1961498260498047,257.9444274902344,3.75925350189209,0.5631036758422852,254.74827766418457,0.67626953125,0.610595703125,0.2197265625,0.4813321828842163,0.5165377855300903
higgs_public,NLL_OOD,Cov90_OOD,0.28,0.05,0.2,0.1,0.4,0.5,2.0,0.85,3.374948740005493,239.6820068359375,4.099021911621094,0.7240731716156006,236.307058095932,0.6650390625,0.63037109375,0.2352294921875,0.07819325476884842,0.5020149350166321
higgs_public,NLL_OOD,Cov90_OOD,0.28,0.05,0.2,0.1,0.4,0.25,1.0,0.85,3.1961498260498047,257.9444274902344,4.309130668640137,1.112980842590332,254.74827766418457,0.67626953125,0.6124267578125,0.2197265625,0.16471901535987854,0.5165377855300903
higgs_public,NLL_OOD,Cov90_OOD,0.28,0.05,0.2,0.2,0.4,0.25,1.0,-1.0,3.374948740005493,239.6820068359375,3.7204666137695312,0.3455178737640381,236.307058095932,0.6650390625,0.6116943359375,0.2352294921875,0.3998643755912781,0.6718266606330872
higgs_public,NLL_OOD,Cov90_OOD,0.28,0.05,0.2,0.1,0.4,0.25,2.0,-1.0,3.1961498260498047,257.9444274902344,3.9593708515167236,0.763221025466919,254.74827766418457,0.67626953125,0.608642578125,0.2197265625,0.3441711664199829,0.5165377855300903
higgs_public,NLL_OOD,Cov90_OOD,0.28,0.05,0.2,0.2,0.4,0.25,1.0,0.85,3.374948740005493,239.6820068359375,4.2993059158325195,0.9243571758270264,236.307058095932,0.6650390625,0.60693359375,0.2352294921875,0.10743999481201172,0.6718266606330872
higgs_public,NLL_OOD,Cov90_OOD,0.28,0.05,0.2,0.1,0.4,0.25,2.0,0.85,3.1961498260498047,257.9444274902344,4.335320472717285,1.1391706466674805,254.74827766418457,0.67626953125,0.618896484375,0.2197265625,0.07681074738502502,0.5165377855300903
higgs_public,NLL_OOD,Cov90_OOD,0.28,0.05,0.2,0.2,0.4,0.25,2.0,-1.0,3.374948740005493,239.6820068359375,3.9538140296936035,0.5788652896881104,236.307058095932,0.6650390625,0.603759765625,0.2352294921875,0.26854208111763,0.6718266606330872
higgs_public,NLL_OOD,Cov90_OOD,0.28,0.05,0.2,0.1,0.4,0.5,1.0,-1.0,3.1961498260498047,257.9444274902344,3.511561393737793,0.3154115676879883,254.74827766418457,0.67626953125,0.612060546875,0.2197265625,0.4813321828842163,0.5165377855300903
higgs_public,NLL_OOD,Cov90_OOD,0.28,0.05,0.2,0.2,0.4,0.25,2.0,0.85,3.374948740005493,239.6820068359375,4.209467887878418,0.8345191478729248,236.307058095932,0.6650390625,0.634521484375,0.2352294921875,0.04426145926117897,0.6718266606330872
higgs_public,NLL_OOD,Cov90_OOD,0.28,0.05,0.2,0.1,0.4,0.5,1.0,0.85,3.1961498260498047,257.9444274902344,3.9945526123046875,0.7984027862548828,254.74827766418457,0.67626953125,0.608642578125,0.2197265625,0.16471901535987854,0.5165377855300903
higgs_public,NLL_OOD,Cov90_OOD,0.28,0.05,0.2,0.2,0.4,0.5,1.0,-1.0,3.374948740005493,239.6820068359375,3.3869214057922363,0.011972665786743164,236.307058095932,0.6650390625,0.6160888671875,0.2352294921875,0.3998643755912781,0.6718266606330872
higgs_public,NLL_OOD,Cov90_OOD,0.28,0.05,0.2,0.1,0.4,0.5,2.0,-1.0,3.1961498260498047,257.9444274902344,3.596911668777466,0.40076184272766113,254.74827766418457,0.67626953125,0.6121826171875,0.2197265625,0.3441711664199829,0.5165377855300903
higgs_public,NLL_OOD,Cov90_OOD,0.28,0.05,0.2,0.2,0.4,0.5,1.0,0.85,3.374948740005493,239.6820068359375,3.9178409576416016,0.5428922176361084,236.307058095932,0.6650390625,0.6214599609375,0.2352294921875,0.10743999481201172,0.6718266606330872
higgs_public,NLL_OOD,Cov90_OOD,0.28,0.05,0.2,0.1,0.4,0.5,2.0,0.85,3.1961498260498047,257.9444274902344,4.055602073669434,0.8594522476196289,254.74827766418457,0.67626953125,0.6243896484375,0.2197265625,0.07681074738502502,0.5165377855300903
higgs_public,NLL_OOD,Cov90_OOD,0.28,0.05,0.2,0.2,0.4,0.5,2.0,-1.0,3.374948740005493,239.6820068359375,3.548203229904175,0.17325448989868164,236.307058095932,0.6650390625,0.614990234375,0.2352294921875,0.26854208111763,0.6718266606330872
higgs_public,NLL_OOD,Cov90_OOD,0.28,0.05,0.2,0.2,0.4,0.25,1.0,-1.0,3.1961498260498047,257.9444274902344,3.6753339767456055,0.4791841506958008,254.74827766418457,0.67626953125,0.604248046875,0.2197265625,0.397705614566803,0.6887669563293457
higgs_public,NLL_OOD,Cov90_OOD,0.28,0.05,0.2,0.2,0.4,0.5,2.0,0.85,3.374948740005493,239.6820068359375,3.9914727210998535,0.6165239810943604,236.307058095932,0.6650390625,0.628173828125,0.2352294921875,0.04426145926117897,0.6718266606330872
higgs_public,NLL_OOD,Cov90_OOD,0.28,0.05,0.2,0.2,0.4,0.25,1.0,0.85,3.1961498260498047,257.9444274902344,4.227505207061768,1.031355381011963,254.74827766418457,0.67626953125,0.6129150390625,0.2197265625,0.10703437030315399,0.6887669563293457
higgs_public,NLL_OOD,Cov90_OOD,0.28,0.1,0.0,0.0,0.4,0.25,1.0,-1.0,3.374948740005493,239.6820068359375,4.02903413772583,0.6540853977203369,236.307058095932,0.6650390625,0.6571044921875,0.2352294921875,0.8803370594978333,0.042731329798698425
higgs_public,NLL_OOD,Cov90_OOD,0.28,0.05,0.2,0.2,0.4,0.25,2.0,-1.0,3.1961498260498047,257.9444274902344,3.863274574279785,0.6671247482299805,254.74827766418457,0.67626953125,0.599609375,0.2197265625,0.2670900821685791,0.6887669563293457
higgs_public,NLL_OOD,Cov90_OOD,0.28,0.1,0.0,0.0,0.4,0.25,1.0,0.85,3.374948740005493,239.6820068359375,4.01646089553833,0.6415121555328369,236.307058095932,0.6650390625,0.661376953125,0.2352294921875,0.7072484493255615,0.042731329798698425
higgs_public,NLL_OOD,Cov90_OOD,0.28,0.05,0.2,0.2,0.4,0.25,2.0,0.85,3.1961498260498047,257.9444274902344,4.281849384307861,1.0856995582580566,254.74827766418457,0.67626953125,0.6146240234375,0.2197265625,0.04372309893369675,0.6887669563293457
higgs_public,NLL_OOD,Cov90_OOD,0.28,0.1,0.0,0.0,0.4,0.25,2.0,-1.0,3.374948740005493,239.6820068359375,4.029269695281982,0.6543209552764893,236.307058095932,0.6650390625,0.6580810546875,0.2352294921875,0.7988526821136475,0.042731329798698425
higgs_public,NLL_OOD,Cov90_OOD,0.28,0.05,0.2,0.2,0.4,0.5,1.0,-1.0,3.1961498260498047,257.9444274902344,3.3809773921966553,0.18482756614685059,254.74827766418457,0.67626953125,0.603515625,0.2197265625,0.397705614566803,0.6887669563293457
higgs_public,NLL_OOD,Cov90_OOD,0.28,0.1,0.0,0.0,0.4,0.25,2.0,0.85,3.374948740005493,239.6820068359375,4.027256965637207,0.6523082256317139,236.307058095932,0.6650390625,0.6575927734375,0.2352294921875,0.5441622138023376,0.042731329798698425
higgs_public,NLL_OOD,Cov90_OOD,0.28,0.05,0.2,0.2,0.4,0.5,1.0,0.85,3.1961498260498047,257.9444274902344,3.9272000789642334,0.7310502529144287,254.74827766418457,0.67626953125,0.615234375,0.2197265625,0.10703437030315399,0.6887669563293457
higgs_public,NLL_OOD,Cov90_OOD,0.28,0.1,0.0,0.0,0.4,0.5,1.0,-1.0,3.374948740005493,239.6820068359375,3.758331298828125,0.38338255882263184,236.307058095932,0.6650390625,0.6656494140625,0.2352294921875,0.8803370594978333,0.042731329798698425
higgs_public,NLL_OOD,Cov90_OOD,0.28,0.05,0.2,0.2,0.4,0.5,2.0,-1.0,3.1961498260498047,257.9444274902344,3.5496416091918945,0.35349178314208984,254.74827766418457,0.67626953125,0.601318359375,0.2197265625,0.2670900821685791,0.6887669563293457
higgs_public,NLL_OOD,Cov90_OOD,0.28,0.1,0.0,0.0,0.4,0.5,1.0,0.85,3.374948740005493,239.6820068359375,3.8411612510681152,0.46621251106262207,236.307058095932,0.6650390625,0.6644287109375,0.2352294921875,0.7072484493255615,0.042731329798698425
higgs_public,NLL_OOD,Cov90_OOD,0.28,0.05,0.2,0.2,0.4,0.5,2.0,0.85,3.1961498260498047,257.9444274902344,4.013320446014404,0.8171706199645996,254.74827766418457,0.67626953125,0.6280517578125,0.2197265625,0.04372309893369675,0.6887669563293457
higgs_public,NLL_OOD,Cov90_OOD,0.28,0.1,0.0,0.0,0.4,0.5,2.0,-1.0,3.374948740005493,239.6820068359375,3.7804596424102783,0.40551090240478516,236.307058095932,0.6650390625,0.6666259765625,0.2352294921875,0.7988526821136475,0.042731329798698425
higgs_public,NLL_OOD,Cov90_OOD,0.28,0.1,0.0,0.0,0.4,0.25,1.0,-1.0,3.1961498260498047,257.9444274902344,4.0565032958984375,0.8603534698486328,254.74827766418457,0.67626953125,0.668701171875,0.2197265625,0.8775241374969482,0.043738000094890594
higgs_public,NLL_OOD,Cov90_OOD,0.28,0.1,0.0,0.0,0.4,0.5,2.0,0.85,3.374948740005493,239.6820068359375,3.861351490020752,0.4864027500152588,236.307058095932,0.6650390625,0.6629638671875,0.2352294921875,0.5441622138023376,0.042731329798698425
higgs_public,NLL_OOD,Cov90_OOD,0.28,0.1,0.0,0.0,0.4,0.25,1.0,0.85,3.1961498260498047,257.9444274902344,4.024744033813477,0.8285942077636719,254.74827766418457,0.67626953125,0.6705322265625,0.2197265625,0.699653148651123,0.043738000094890594
higgs_public,NLL_OOD,Cov90_OOD,0.28,0.1,0.0,0.1,0.4,0.25,1.0,-1.0,3.374948740005493,239.6820068359375,4.091783046722412,0.716834306716919,236.307058095932,0.6650390625,0.6424560546875,0.2352294921875,0.5525728464126587,0.39033740758895874
higgs_public,NLL_OOD,Cov90_OOD,0.28,0.1,0.0,0.0,0.4,0.25,2.0,-1.0,3.1961498260498047,257.9444274902344,4.00538444519043,0.809234619140625,254.74827766418457,0.67626953125,0.6734619140625,0.2197265625,0.7940616607666016,0.043738000094890594
higgs_public,NLL_OOD,Cov90_OOD,0.28,0.1,0.0,0.1,0.4,0.25,1.0,0.85,3.374948740005493,239.6820068359375,4.380394458770752,1.0054457187652588,236.307058095932,0.6650390625,0.6397705078125,0.2352294921875,0.2746797800064087,0.39033740758895874
higgs_public,NLL_OOD,Cov90_OOD,0.28,0.1,0.0,0.0,0.4,0.25,2.0,0.85,3.1961498260498047,257.9444274902344,4.058704376220703,0.8625545501708984,254.74827766418457,0.67626953125,0.669677734375,0.2197265625,0.5326557159423828,0.043738000094890594
higgs_public,NLL_OOD,Cov90_OOD,0.28,0.1,0.0,0.1,0.4,0.25,2.0,-1.0,3.374948740005493,239.6820068359375,4.242905616760254,0.8679568767547607,236.307058095932,0.6650390625,0.640869140625,0.2352294921875,0.4264594316482544,0.39033740758895874
higgs_public,NLL_OOD,Cov90_OOD,0.28,0.1,0.0,0.0,0.4,0.5,1.0,-1.0,3.1961498260498047,257.9444274902344,3.6290740966796875,0.4329242706298828,254.74827766418457,0.67626953125,0.687255859375,0.2197265625,0.8775241374969482,0.043738000094890594
higgs_public,NLL_OOD,Cov90_OOD,0.28,0.1,0.0,0.1,0.4,0.25,2.0,0.85,3.374948740005493,239.6820068359375,4.400745391845703,1.02579665184021,236.307058095932,0.6650390625,0.642822265625,0.2352294921875,0.16921189427375793,0.39033740758895874
higgs_public,NLL_OOD,Cov90_OOD,0.28,0.1,0.0,0.0,0.4,0.5,1.0,0.85,3.1961498260498047,257.9444274902344,3.656749725341797,0.4605998992919922,254.74827766418457,0.67626953125,0.6842041015625,0.2197265625,0.699653148651123,0.043738000094890594
higgs_public,NLL_OOD,Cov90_OOD,0.28,0.1,0.0,0.0,0.4,0.5,2.0,-1.0,3.1961498260498047,257.9444274902344,3.595913887023926,0.3997640609741211,254.74827766418457,0.67626953125,0.685302734375,0.2197265625,0.7940616607666016,0.043738000094890594
higgs_public,NLL_OOD,Cov90_OOD,0.28,0.1,0.0,0.1,0.4,0.5,1.0,-1.0,3.374948740005493,239.6820068359375,3.64011812210083,0.2651693820953369,236.307058095932,0.6650390625,0.659912109375,0.2352294921875,0.5525728464126587,0.39033740758895874
higgs_public,NLL_OOD,Cov90_OOD,0.28,0.1,0.0,0.0,0.4,0.5,2.0,0.85,3.1961498260498047,257.9444274902344,3.6906254291534424,0.4944756031036377,254.74827766418457,0.67626953125,0.683837890625,0.2197265625,0.5326557159423828,0.043738000094890594
higgs_public,NLL_OOD,Cov90_OOD,0.28,0.1,0.0,0.1,0.4,0.5,1.0,0.85,3.374948740005493,239.6820068359375,4.002899646759033,0.62795090675354,236.307058095932,0.6650390625,0.6468505859375,0.2352294921875,0.2746797800064087,0.39033740758895874
higgs_public,NLL_OOD,Cov90_OOD,0.28,0.1,0.0,0.1,0.4,0.25,1.0,-1.0,3.1961498260498047,257.9444274902344,4.033696174621582,0.8375463485717773,254.74827766418457,0.67626953125,0.6590576171875,0.2197265625,0.5485575199127197,0.3974173367023468
higgs_public,NLL_OOD,Cov90_OOD,0.28,0.1,0.0,0.1,0.4,0.5,2.0,-1.0,3.374948740005493,239.6820068359375,3.765439033508301,0.3904902935028076,236.307058095932,0.6650390625,0.655029296875,0.2352294921875,0.4264594316482544,0.39033740758895874
higgs_public,NLL_OOD,Cov90_OOD,0.28,0.1,0.0,0.1,0.4,0.25,1.0,0.85,3.1961498260498047,257.9444274902344,4.302555084228516,1.106405258178711,254.74827766418457,0.67626953125,0.6473388671875,0.2197265625,0.2663629949092865,0.3974173367023468
higgs_public,NLL_OOD,Cov90_OOD,0.28,0.1,0.0,0.1,0.4,0.5,2.0,0.85,3.374948740005493,239.6820068359375,4.040654182434082,0.6657054424285889,236.307058095932,0.6650390625,0.6492919921875,0.2352294921875,0.16921189427375793,0.39033740758895874
higgs_public,NLL_OOD,Cov90_OOD,0.28,0.1,0.0,0.1,0.4,0.25,2.0,-1.0,3.1961498260498047,257.9444274902344,4.138976573944092,0.9428267478942871,254.74827766418457,0.67626953125,0.6553955078125,0.2197265625,0.42106276750564575,0.3974173367023468
higgs_public,NLL_OOD,Cov90_OOD,0.28,0.1,0.0,0.2,0.4,0.25,1.0,-1.0,3.374948740005493,239.6820068359375,3.8244802951812744,0.44953155517578125,236.307058095932,0.6650390625,0.6396484375,0.2352294921875,0.38551759719848633,0.7404050827026367
higgs_public,NLL_OOD,Cov90_OOD,0.28,0.1,0.0,0.1,0.4,0.25,2.0,0.85,3.1961498260498047,257.9444274902344,4.369126319885254,1.1729764938354492,254.74827766418457,0.67626953125,0.64697265625,0.2197265625,0.16233386099338531,0.3974173367023468
higgs_public,NLL_OOD,Cov90_OOD,0.28,0.1,0.0,0.2,0.4,0.25,1.0,0.85,3.374948740005493,239.6820068359375,4.37646484375,1.0015161037445068,236.307058095932,0.6650390625,0.6273193359375,0.2352294921875,0.1413605511188507,0.7404050827026367
higgs_public,NLL_OOD,Cov90_OOD,0.28,0.1,0.0,0.1,0.4,0.5,1.0,-1.0,3.1961498260498047,257.9444274902344,3.553457260131836,0.35730743408203125,254.74827766418457,0.67626953125,0.67431640625,0.2197265625,0.5485575199127197,0.3974173367023468
higgs_public,NLL_OOD,Cov90_OOD,0.28,0.1,0.0,0.2,0.4,0.25,2.0,-1.0,3.374948740005493,239.6820068359375,3.9720094203948975,0.5970606803894043,236.307058095932,0.6650390625,0.6380615234375,0.2352294921875,0.27131742238998413,0.7404050827026367
higgs_public,NLL_OOD,Cov90_OOD,0.28,0.1,0.0,0.1,0.4,0.5,1.0,0.85,3.1961498260498047,257.9444274902344,3.8863396644592285,0.6901898384094238,254.74827766418457,0.67626953125,0.6553955078125,0.2197265625,0.2663629949092865,0.3974173367023468
higgs_public,NLL_OOD,Cov90_OOD,0.28,0.1,0.0,0.2,0.4,0.25,2.0,0.85,3.374948740005493,239.6820068359375,4.44236946105957,1.0674207210540771,236.307058095932,0.6650390625,0.63671875,0.2352294921875,0.07717780768871307,0.7404050827026367
higgs_public,NLL_OOD,Cov90_OOD,0.28,0.1,0.0,0.1,0.4,0.5,2.0,-1.0,3.1961498260498047,257.9444274902344,3.674808979034424,0.47865915298461914,254.74827766418457,0.67626953125,0.66455078125,0.2197265625,0.42106276750564575,0.3974173367023468
higgs_public,NLL_OOD,Cov90_OOD,0.28,0.1,0.0,0.2,0.4,0.5,1.0,-1.0,3.374948740005493,239.6820068359375,3.4095232486724854,0.03457450866699219,236.307058095932,0.6650390625,0.6483154296875,0.2352294921875,0.38551759719848633,0.7404050827026367
higgs_public,NLL_OOD,Cov90_OOD,0.28,0.1,0.0,0.1,0.4,0.5,2.0,0.85,3.1961498260498047,257.9444274902344,3.952300786972046,0.7561509609222412,254.74827766418457,0.67626953125,0.6627197265625,0.2197265625,0.16233386099338531,0.3974173367023468
higgs_public,NLL_OOD,Cov90_OOD,0.28,0.1,0.0,0.2,0.4,0.5,1.0,0.85,3.374948740005493,239.6820068359375,3.9837355613708496,0.6087868213653564,236.307058095932,0.6650390625,0.6348876953125,0.2352294921875,0.1413605511188507,0.7404050827026367
higgs_public,NLL_OOD,Cov90_OOD,0.28,0.1,0.0,0.2,0.4,0.25,1.0,-1.0,3.1961498260498047,257.9444274902344,3.762564182281494,0.5664143562316895,254.74827766418457,0.67626953125,0.653564453125,0.2197265625,0.3824532926082611,0.7547016143798828
higgs_public,NLL_OOD,Cov90_OOD,0.28,0.1,0.0,0.2,0.4,0.5,2.0,-1.0,3.374948740005493,239.6820068359375,3.6315507888793945,0.25660204887390137,236.307058095932,0.6650390625,0.6431884765625,0.2352294921875,0.27131742238998413,0.7404050827026367
higgs_public,NLL_OOD,Cov90_OOD,0.28,0.1,0.0,0.2,0.4,0.25,1.0,0.85,3.1961498260498047,257.9444274902344,4.315858840942383,1.1197090148925781,254.74827766418457,0.67626953125,0.6292724609375,0.2197265625,0.13562719523906708,0.7547016143798828
higgs_public,NLL_OOD,Cov90_OOD,0.28,0.1,0.0,0.2,0.4,0.5,2.0,0.85,3.374948740005493,239.6820068359375,4.039713382720947,0.6647646427154541,236.307058095932,0.6650390625,0.64306640625,0.2352294921875,0.07717780768871307,0.7404050827026367
higgs_public,NLL_OOD,Cov90_OOD,0.28,0.1,0.0,0.2,0.4,0.25,2.0,-1.0,3.1961498260498047,257.9444274902344,3.9062161445617676,0.7100663185119629,254.74827766418457,0.67626953125,0.644287109375,0.2197265625,0.26770851016044617,0.7547016143798828
higgs_public,NLL_OOD,Cov90_OOD,0.28,0.1,0.1,0.0,0.4,0.25,1.0,-1.0,3.374948740005493,239.6820068359375,4.186567306518555,0.8116185665130615,236.307058095932,0.6650390625,0.6370849609375,0.2352294921875,0.6876654624938965,0.1858302354812622
higgs_public,NLL_OOD,Cov90_OOD,0.28,0.1,0.0,0.2,0.4,0.25,2.0,0.85,3.1961498260498047,257.9444274902344,4.325474739074707,1.1293249130249023,254.74827766418457,0.67626953125,0.638916015625,0.2197265625,0.07101130485534668,0.7547016143798828
higgs_public,NLL_OOD,Cov90_OOD,0.28,0.1,0.1,0.0,0.4,0.25,1.0,0.85,3.374948740005493,239.6820068359375,4.38935661315918,1.0144078731536865,236.307058095932,0.6650390625,0.632080078125,0.2352294921875,0.3910755515098572,0.1858302354812622
higgs_public,NLL_OOD,Cov90_OOD,0.28,0.1,0.0,0.2,0.4,0.5,1.0,-1.0,3.1961498260498047,257.9444274902344,3.3080501556396484,0.11190032958984375,254.74827766418457,0.67626953125,0.659912109375,0.2197265625,0.3824532926082611,0.7547016143798828
higgs_public,NLL_OOD,Cov90_OOD,0.28,0.1,0.1,0.0,0.4,0.25,2.0,-1.0,3.374948740005493,239.6820068359375,4.343622207641602,0.9686734676361084,236.307058095932,0.6650390625,0.636962890625,0.2352294921875,0.5590236186981201,0.1858302354812622
higgs_public,NLL_OOD,Cov90_OOD,0.28,0.1,0.0,0.2,0.4,0.5,1.0,0.85,3.1961498260498047,257.9444274902344,3.9661450386047363,0.7699952125549316,254.74827766418457,0.67626953125,0.6368408203125,0.2197265625,0.13562719523906708,0.7547016143798828
higgs_public,NLL_OOD,Cov90_OOD,0.28,0.1,0.1,0.0,0.4,0.25,2.0,0.85,3.374948740005493,239.6820068359375,4.292865753173828,0.917917013168335,236.307058095932,0.6650390625,0.6407470703125,0.2352294921875,0.24029138684272766,0.1858302354812622
higgs_public,NLL_OOD,Cov90_OOD,0.28,0.1,0.0,0.2,0.4,0.5,2.0,-1.0,3.1961498260498047,257.9444274902344,3.5066609382629395,0.31051111221313477,254.74827766418457,0.67626953125,0.652587890625,0.2197265625,0.26770851016044617,0.7547016143798828
higgs_public,NLL_OOD,Cov90_OOD,0.28,0.1,0.1,0.0,0.4,0.5,1.0,-1.0,3.374948740005493,239.6820068359375,3.8622114658355713,0.4872627258300781,236.307058095932,0.6650390625,0.63916015625,0.2352294921875,0.6876654624938965,0.1858302354812622
higgs_public,NLL_OOD,Cov90_OOD,0.28,0.1,0.0,0.2,0.4,0.5,2.0,0.85,3.1961498260498047,257.9444274902344,3.952173948287964,0.7560241222381592,254.74827766418457,0.67626953125,0.6484375,0.2197265625,0.07101130485534668,0.7547016143798828
higgs_public,NLL_OOD,Cov90_OOD,0.28,0.1,0.1,0.0,0.4,0.5,1.0,0.85,3.374948740005493,239.6820068359375,4.06657075881958,0.6916220188140869,236.307058095932,0.6650390625,0.6383056640625,0.2352294921875,0.3910755515098572,0.1858302354812622
higgs_public,NLL_OOD,Cov90_OOD,0.28,0.1,0.1,0.0,0.4,0.25,1.0,-1.0,3.1961498260498047,257.9444274902344,3.891876220703125,0.6957263946533203,254.74827766418457,0.67626953125,0.6561279296875,0.2197265625,0.6830176711082458,0.19132089614868164
higgs_public,NLL_OOD,Cov90_OOD,0.28,0.1,0.1,0.0,0.4,0.5,2.0,-1.0,3.374948740005493,239.6820068359375,3.9248242378234863,0.5498754978179932,236.307058095932,0.6650390625,0.637939453125,0.2352294921875,0.5590236186981201,0.1858302354812622
higgs_public,NLL_OOD,Cov90_OOD,0.28,0.1,0.1,0.0,0.4,0.25,1.0,0.85,3.1961498260498047,257.9444274902344,4.088862895965576,0.8927130699157715,254.74827766418457,0.67626953125,0.6455078125,0.2197265625,0.3807299733161926,0.19132089614868164
higgs_public,NLL_OOD,Cov90_OOD,0.28,0.1,0.1,0.0,0.4,0.5,2.0,0.85,3.374948740005493,239.6820068359375,4.07944393157959,0.7044951915740967,236.307058095932,0.6650390625,0.6416015625,0.2352294921875,0.24029138684272766,0.1858302354812622
higgs_public,NLL_OOD,Cov90_OOD,0.28,0.1,0.1,0.0,0.4,0.25,2.0,-1.0,3.1961498260498047,257.9444274902344,3.9122488498687744,0.7160990238189697,254.74827766418457,0.67626953125,0.65283203125,0.2197265625,0.5529679656028748,0.19132089614868164
higgs_public,NLL_OOD,Cov90_OOD,0.28,0.1,0.1,0.0,0.4,0.25,2.0,0.85,3.1961498260498047,257.9444274902344,4.0795745849609375,0.8834247589111328,254.74827766418457,0.67626953125,0.650146484375,0.2197265625,0.23204214870929718,0.19132089614868164
higgs_public,NLL_OOD,Cov90_OOD,0.28,0.1,0.1,0.1,0.4,0.25,1.0,-1.0,3.374948740005493,239.6820068359375,3.7763009071350098,0.4013521671295166,236.307058095932,0.6650390625,0.6444091796875,0.2352294921875,0.4966103434562683,0.453006386756897
higgs_public,NLL_OOD,Cov90_OOD,0.28,0.1,0.1,0.0,0.4,0.5,1.0,-1.0,3.1961498260498047,257.9444274902344,3.600350856781006,0.40420103073120117,254.74827766418457,0.67626953125,0.6505126953125,0.2197265625,0.6830176711082458,0.19132089614868164
higgs_public,NLL_OOD,Cov90_OOD,0.28,0.1,0.1,0.1,0.4,0.25,1.0,0.85,3.374948740005493,239.6820068359375,4.219708442687988,0.8447597026824951,236.307058095932,0.6650390625,0.6339111328125,0.2352294921875,0.19966429471969604,0.453006386756897
higgs_public,NLL_OOD,Cov90_OOD,0.28,0.1,0.1,0.0,0.4,0.5,1.0,0.85,3.1961498260498047,257.9444274902344,3.781088352203369,0.5849385261535645,254.74827766418457,0.67626953125,0.6427001953125,0.2197265625,0.3807299733161926,0.19132089614868164
higgs_public,NLL_OOD,Cov90_OOD,0.28,0.1,0.1,0.1,0.4,0.25,2.0,-1.0,3.374948740005493,239.6820068359375,3.913714647293091,0.5387659072875977,236.307058095932,0.6650390625,0.6373291015625,0.2352294921875,0.3634721040725708,0.453006386756897
higgs_public,NLL_OOD,Cov90_OOD,0.28,0.1,0.1,0.0,0.4,0.5,2.0,-1.0,3.1961498260498047,257.9444274902344,3.6600775718688965,0.4639277458190918,254.74827766418457,0.67626953125,0.6463623046875,0.2197265625,0.5529679656028748,0.19132089614868164
higgs_public,NLL_OOD,Cov90_OOD,0.28,0.1,0.1,0.1,0.4,0.25,2.0,0.85,3.374948740005493,239.6820068359375,4.313821315765381,0.9388725757598877,236.307058095932,0.6650390625,0.6348876953125,0.2352294921875,0.1036665067076683,0.453006386756897
higgs_public,NLL_OOD,Cov90_OOD,0.28,0.1,0.1,0.0,0.4,0.5,2.0,0.85,3.1961498260498047,257.9444274902344,3.831655979156494,0.6355061531066895,254.74827766418457,0.67626953125,0.6483154296875,0.2197265625,0.23204214870929718,0.19132089614868164
higgs_public,NLL_OOD,Cov90_OOD,0.28,0.1,0.1,0.1,0.4,0.5,1.0,-1.0,3.374948740005493,239.6820068359375,3.463216781616211,0.08826804161071777,236.307058095932,0.6650390625,0.649169921875,0.2352294921875,0.4966103434562683,0.453006386756897
higgs_public,NLL_OOD,Cov90_OOD,0.28,0.1,0.1,0.1,0.4,0.25,1.0,-1.0,3.1961498260498047,257.9444274902344,3.749216079711914,0.5530662536621094,254.74827766418457,0.67626953125,0.6346435546875,0.2197265625,0.4931156635284424,0.465021550655365
higgs_public,NLL_OOD,Cov90_OOD,0.28,0.1,0.1,0.1,0.4,0.5,1.0,0.85,3.374948740005493,239.6820068359375,3.921602725982666,0.5466539859771729,236.307058095932,0.6650390625,0.6549072265625,0.2352294921875,0.19966429471969604,0.453006386756897
higgs_public,NLL_OOD,Cov90_OOD,0.28,0.1,0.1,0.1,0.4,0.25,1.0,0.85,3.1961498260498047,257.9444274902344,4.238641738891602,1.0424919128417969,254.74827766418457,0.67626953125,0.6240234375,0.2197265625,0.1934129297733307,0.465021550655365
higgs_public,NLL_OOD,Cov90_OOD,0.28,0.1,0.1,0.1,0.4,0.5,2.0,-1.0,3.374948740005493,239.6820068359375,3.5979409217834473,0.2229921817779541,236.307058095932,0.6650390625,0.6468505859375,0.2352294921875,0.3634721040725708,0.453006386756897
higgs_public,NLL_OOD,Cov90_OOD,0.28,0.1,0.1,0.1,0.4,0.25,2.0,-1.0,3.1961498260498047,257.9444274902344,3.9484329223632812,0.7522830963134766,254.74827766418457,0.67626953125,0.6312255859375,0.2197265625,0.35950714349746704,0.465021550655365
higgs_public,NLL_OOD,Cov90_OOD,0.28,0.1,0.1,0.1,0.4,0.5,2.0,0.85,3.374948740005493,239.6820068359375,4.006568908691406,0.6316201686859131,236.307058095932,0.6650390625,0.6534423828125,0.2352294921875,0.1036665067076683,0.453006386756897
higgs_public,NLL_OOD,Cov90_OOD,0.28,0.1,0.1,0.1,0.4,0.25,2.0,0.85,3.1961498260498047,257.9444274902344,4.2811408042907715,1.0849909782409668,254.74827766418457,0.67626953125,0.6287841796875,0.2197265625,0.09951012581586838,0.465021550655365
higgs_public,NLL_OOD,Cov90_OOD,0.28,0.1,0.1,0.2,0.4,0.25,1.0,-1.0,3.374948740005493,239.6820068359375,3.638925075531006,0.2639763355255127,236.307058095932,0.6650390625,0.6358642578125,0.2352294921875,0.37894919514656067,0.7172010540962219
higgs_public,NLL_OOD,Cov90_OOD,0.28,0.1,0.1,0.1,0.4,0.5,1.0,-1.0,3.1961498260498047,257.9444274902344,3.414632797241211,0.21848297119140625,254.74827766418457,0.67626953125,0.63623046875,0.2197265625,0.4931156635284424,0.465021550655365
higgs_public,NLL_OOD,Cov90_OOD,0.28,0.1,0.1,0.2,0.4,0.25,1.0,0.85,3.374948740005493,239.6820068359375,4.147968769073486,0.7730200290679932,236.307058095932,0.6650390625,0.61962890625,0.2352294921875,0.11886493861675262,0.7172010540962219
higgs_public,NLL_OOD,Cov90_OOD,0.28,0.1,0.1,0.1,0.4,0.5,1.0,0.85,3.1961498260498047,257.9444274902344,3.886934518814087,0.6907846927642822,254.74827766418457,0.67626953125,0.6353759765625,0.2197265625,0.1934129297733307,0.465021550655365
higgs_public,NLL_OOD,Cov90_OOD,0.28,0.1,0.1,0.2,0.4,0.25,2.0,-1.0,3.374948740005493,239.6820068359375,3.868795394897461,0.4938466548919678,236.307058095932,0.6650390625,0.6251220703125,0.2352294921875,0.25855040550231934,0.7172010540962219
higgs_public,NLL_OOD,Cov90_OOD,0.28,0.1,0.1,0.1,0.4,0.5,2.0,-1.0,3.1961498260498047,257.9444274902344,3.516855239868164,0.3207054138183594,254.74827766418457,0.67626953125,0.6375732421875,0.2197265625,0.35950714349746704,0.465021550655365
higgs_public,NLL_OOD,Cov90_OOD,0.28,0.1,0.1,0.2,0.4,0.25,2.0,0.85,3.374948740005493,239.6820068359375,4.282745361328125,0.9077966213226318,236.307058095932,0.6650390625,0.6419677734375,0.2352294921875,0.05609941482543945,0.7172010540962219
higgs_public,NLL_OOD,Cov90_OOD,0.28,0.1,0.1,0.1,0.4,0.5,2.0,0.85,3.1961498260498047,257.9444274902344,3.9682061672210693,0.7720563411712646,254.74827766418457,0.67626953125,0.6339111328125,0.2197265625,0.09951012581586838,0.465021550655365
higgs_public,NLL_OOD,Cov90_OOD,0.28,0.1,0.1,0.2,0.4,0.5,1.0,-1.0,3.374948740005493,239.6820068359375,3.303971290588379,-0.07097744941711426,236.307058095932,0.6650390625,0.6365966796875,0.2352294921875,0.37894919514656067,0.7172010540962219
higgs_public,NLL_OOD,Cov90_OOD,0.28,0.1,0.1,0.2,0.4,0.25,1.0,-1.0,3.1961498260498047,257.9444274902344,3.5786964893341064,0.38254666328430176,254.74827766418457,0.67626953125,0.62548828125,0.2197265625,0.3767150044441223,0.7323341369628906
higgs_public,NLL_OOD,Cov90_OOD,0.28,0.1,0.1,0.2,0.4,0.5,1.0,0.85,3.374948740005493,239.6820068359375,3.8432364463806152,0.46828770637512207,236.307058095932,0.6650390625,0.636474609375,0.2352294921875,0.11886493861675262,0.7172010540962219
higgs_public,NLL_OOD,Cov90_OOD,0.28,0.1,0.1,0.2,0.4,0.25,1.0,0.85,3.1961498260498047,257.9444274902344,4.128849029541016,0.9326992034912109,254.74827766418457,0.67626953125,0.6253662109375,0.2197265625,0.11419936269521713,0.7323341369628906
higgs_public,NLL_OOD,Cov90_OOD,0.28,0.1,0.1,0.2,0.4,0.5,2.0,-1.0,3.374948740005493,239.6820068359375,3.511190176010132,0.13624143600463867,236.307058095932,0.6650390625,0.63623046875,0.2352294921875,0.25855040550231934,0.7172010540962219
higgs_public,NLL_OOD,Cov90_OOD,0.28,0.1,0.1,0.2,0.4,0.25,2.0,-1.0,3.1961498260498047,257.9444274902344,3.7643301486968994,0.5681803226470947,254.74827766418457,0.67626953125,0.623779296875,0.2197265625,0.255975604057312,0.7323341369628906
higgs_public,NLL_OOD,Cov90_OOD,0.28,0.1,0.1,0.2,0.4,0.5,2.0,0.85,3.374948740005493,239.6820068359375,4.08131742477417,0.7063686847686768,236.307058095932,0.6650390625,0.635986328125,0.2352294921875,0.05609941482543945,0.7172010540962219
higgs_public,NLL_OOD,Cov90_OOD,0.28,0.1,0.1,0.2,0.4,0.25,2.0,0.85,3.1961498260498047,257.9444274902344,4.23939323425293,1.043243408203125,254.74827766418457,0.67626953125,0.6295166015625,0.2197265625,0.05283463001251221,0.7323341369628906
higgs_public,NLL_OOD,Cov90_OOD,0.28,0.1,0.2,0.0,0.4,0.25,1.0,-1.0,3.374948740005493,239.6820068359375,4.057670593261719,0.6827218532562256,236.307058095932,0.6650390625,0.62841796875,0.2352294921875,0.5835606455802917,0.33553797006607056
higgs_public,NLL_OOD,Cov90_OOD,0.28,0.1,0.1,0.2,0.4,0.5,1.0,-1.0,3.1961498260498047,257.9444274902344,3.3015732765197754,0.1054234504699707,254.74827766418457,0.67626953125,0.6278076171875,0.2197265625,0.3767150044441223,0.7323341369628906
higgs_public,NLL_OOD,Cov90_OOD,0.28,0.1,0.2,0.0,0.4,0.25,1.0,0.85,3.374948740005493,239.6820068359375,4.446612358093262,1.0716636180877686,236.307058095932,0.6650390625,0.623291015625,0.2352294921875,0.2579452395439148,0.33553797006607056
higgs_public,NLL_OOD,Cov90_OOD,0.28,0.1,0.1,0.2,0.4,0.5,1.0,0.85,3.1961498260498047,257.9444274902344,3.775705337524414,0.5795555114746094,254.74827766418457,0.67626953125,0.6295166015625,0.2197265625,0.11419936269521713,0.7323341369628906
higgs_public,NLL_OOD,Cov90_OOD,0.28,0.1,0.2,0.0,0.4,0.25,2.0,-1.0,3.374948740005493,239.6820068359375,4.174811840057373,0.7998631000518799,236.307058095932,0.6650390625,0.62646484375,0.2352294921875,0.44490790367126465,0.33553797006607056
higgs_public,NLL_OOD,Cov90_OOD,0.28,0.1,0.1,0.2,0.4,0.5,2.0,-1.0,3.1961498260498047,257.9444274902344,3.4473860263824463,0.2512362003326416,254.74827766418457,0.67626953125,0.6275634765625,0.2197265625,0.255975604057312,0.7323341369628906
higgs_public,NLL_OOD,Cov90_OOD,0.28,0.1,0.2,0.0,0.4,0.25,2.0,0.85,3.374948740005493,239.6820068359375,4.515017509460449,1.140068769454956,236.307058095932,0.6650390625,0.6312255859375,0.2352294921875,0.1319471299648285,0.33553797006607056
higgs_public,NLL_OOD,Cov90_OOD,0.28,0.1,0.1,0.2,0.4,0.5,2.0,0.85,3.1961498260498047,257.9444274902344,3.9910550117492676,0.7949051856994629,254.74827766418457,0.67626953125,0.6241455078125,0.2197265625,0.05283463001251221,0.7323341369628906
higgs_public,NLL_OOD,Cov90_OOD,0.28,0.1,0.2,0.0,0.4,0.5,1.0,-1.0,3.374948740005493,239.6820068359375,3.751432180404663,0.3764834403991699,236.307058095932,0.6650390625,0.625244140625,0.2352294921875,0.5835606455802917,0.33553797006607056
higgs_public,NLL_OOD,Cov90_OOD,0.28,0.1,0.2,0.0,0.4,0.25,1.0,-1.0,3.1961498260498047,257.9444274902344,3.8682634830474854,0.6721136569976807,254.74827766418457,0.67626953125,0.63818359375,0.2197265625,0.5784059762954712,0.347517728805542
higgs_public,NLL_OOD,Cov90_OOD,0.28,0.1,0.2,0.0,0.4,0.5,1.0,0.85,3.374948740005493,239.6820068359375,4.186938762664795,0.8119900226593018,236.307058095932,0.6650390625,0.620849609375,0.2352294921875,0.2579452395439148,0.33553797006607056
higgs_public,NLL_OOD,Cov90_OOD,0.28,0.1,0.2,0.0,0.4,0.25,1.0,0.85,3.1961498260498047,257.9444274902344,4.111336708068848,0.915186882019043,254.74827766418457,0.67626953125,0.6319580078125,0.2197265625,0.24881456792354584,0.347517728805542
higgs_public,NLL_OOD,Cov90_OOD,0.28,0.1,0.2,0.0,0.4,0.5,2.0,-1.0,3.374948740005493,239.6820068359375,3.8045334815979004,0.4295847415924072,236.307058095932,0.6650390625,0.6240234375,0.2352294921875,0.44490790367126465,0.33553797006607056
higgs_public,NLL_OOD,Cov90_OOD,0.28,0.1,0.2,0.0,0.4,0.25,2.0,-1.0,3.1961498260498047,257.9444274902344,3.940852642059326,0.7447028160095215,254.74827766418457,0.67626953125,0.6353759765625,0.2197265625,0.4389128088951111,0.347517728805542
higgs_public,NLL_OOD,Cov90_OOD,0.28,0.1,0.2,0.0,0.4,0.25,2.0,0.85,3.1961498260498047,257.9444274902344,4.118024826049805,0.921875,254.74827766418457,0.67626953125,0.64013671875,0.2197265625,0.12891915440559387,0.347517728805542
higgs_public,NLL_OOD,Cov90_OOD,0.28,0.1,0.2,0.0,0.4,0.5,2.0,0.85,3.374948740005493,239.6820068359375,4.154116153717041,0.7791674137115479,236.307058095932,0.6650390625,0.6334228515625,0.2352294921875,0.1319471299648285,0.33553797006607056
higgs_public,NLL_OOD,Cov90_OOD,0.28,0.1,0.2,0.0,0.4,0.5,1.0,-1.0,3.1961498260498047,257.9444274902344,3.5426411628723145,0.34649133682250977,254.74827766418457,0.67626953125,0.63427734375,0.2197265625,0.5784059762954712,0.347517728805542
higgs_public,NLL_OOD,Cov90_OOD,0.28,0.1,0.2,0.1,0.4,0.25,1.0,-1.0,3.374948740005493,239.6820068359375,3.755894660949707,0.38094592094421387,236.307058095932,0.6650390625,0.623291015625,0.2352294921875,0.46702712774276733,0.5173529982566833
higgs_public,NLL_OOD,Cov90_OOD,0.28,0.1,0.2,0.0,0.4,0.5,1.0,0.85,3.1961498260498047,257.9444274902344,3.8640525341033936,0.6679027080535889,254.74827766418457,0.67626953125,0.63232421875,0.2197265625,0.24881456792354584,0.347517728805542
higgs_public,NLL_OOD,Cov90_OOD,0.28,0.1,0.2,0.1,0.4,0.25,1.0,0.85,3.374948740005493,239.6820068359375,4.391481876373291,1.0165331363677979,236.307058095932,0.6650390625,0.6119384765625,0.2352294921875,0.1491660177707672,0.5173529982566833
higgs_public,NLL_OOD,Cov90_OOD,0.28,0.1,0.2,0.0,0.4,0.5,2.0,-1.0,3.1961498260498047,257.9444274902344,3.5764636993408203,0.3803138732910156,254.74827766418457,0.67626953125,0.6314697265625,0.2197265625,0.4389128088951111,0.347517728805542
higgs_public,NLL_OOD,Cov90_OOD,0.28,0.1,0.2,0.1,0.4,0.25,2.0,-1.0,3.374948740005493,239.6820068359375,3.9456989765167236,0.5707502365112305,236.307058095932,0.6650390625,0.612060546875,0.2352294921875,0.3281661868095398,0.5173529982566833
higgs_public,NLL_OOD,Cov90_OOD,0.28,0.1,0.2,0.0,0.4,0.5,2.0,0.85,3.1961498260498047,257.9444274902344,3.853567123413086,0.6574172973632812,254.74827766418457,0.67626953125,0.638916015625,0.2197265625,0.12891915440559387,0.347517728805542
higgs_public,NLL_OOD,Cov90_OOD,0.28,0.1,0.2,0.1,0.4,0.25,2.0,0.85,3.374948740005493,239.6820068359375,4.349087715148926,0.9741389751434326,236.307058095932,0.6650390625,0.6229248046875,0.2352294921875,0.06781450659036636,0.5173529982566833
higgs_public,NLL_OOD,Cov90_OOD,0.28,0.1,0.2,0.1,0.4,0.25,1.0,-1.0,3.1961498260498047,257.9444274902344,3.7460246086120605,0.5498747825622559,254.74827766418457,0.67626953125,0.611328125,0.2197265625,0.46380048990249634,0.5322036743164062
higgs_public,NLL_OOD,Cov90_OOD,0.28,0.1,0.2,0.1,0.4,0.5,1.0,-1.0,3.374948740005493,239.6820068359375,3.4297492504119873,0.05480051040649414,236.307058095932,0.6650390625,0.629150390625,0.2352294921875,0.46702712774276733,0.5173529982566833
higgs_public,NLL_OOD,Cov90_OOD,0.28,0.1,0.2,0.1,0.4,0.25,1.0,0.85,3.1961498260498047,257.9444274902344,4.290271759033203,1.0941219329833984,254.74827766418457,0.67626953125,0.6181640625,0.2197265625,0.14734309911727905,0.5322036743164062
higgs_public,NLL_OOD,Cov90_OOD,0.28,0.1,0.2,0.1,0.4,0.5,1.0,0.85,3.374948740005493,239.6820068359375,4.060985088348389,0.6860363483428955,236.307058095932,0.6650390625,0.619140625,0.2352294921875,0.1491660177707672,0.5173529982566833
higgs_public,NLL_OOD,Cov90_OOD,0.28,0.1,0.2,0.1,0.4,0.25,2.0,-1.0,3.1961498260498047,257.9444274902344,3.907316207885742,0.7111663818359375,254.74827766418457,0.67626953125,0.611572265625,0.2197265625,0.3253185749053955,0.5322036743164062
higgs_public,NLL_OOD,Cov90_OOD,0.28,0.1,0.2,0.1,0.4,0.5,2.0,-1.0,3.374948740005493,239.6820068359375,3.6076481342315674,0.23269939422607422,236.307058095932,0.6650390625,0.623779296875,0.2352294921875,0.3281661868095398,0.5173529982566833
higgs_public,NLL_OOD,Cov90_OOD,0.28,0.1,0.2,0.1,0.4,0.25,2.0,0.85,3.1961498260498047,257.9444274902344,4.297453880310059,1.101304054260254,254.74827766418457,0.67626953125,0.627685546875,0.2197265625,0.06710565090179443,0.5322036743164062
higgs_public,NLL_OOD,Cov90_OOD,0.28,0.1,0.2,0.1,0.4,0.5,2.0,0.85,3.374948740005493,239.6820068359375,4.153544902801514,0.7785961627960205,236.307058095932,0.6650390625,0.62548828125,0.2352294921875,0.06781450659036636,0.5173529982566833
higgs_public,NLL_OOD,Cov90_OOD,0.28,0.1,0.2,0.1,0.4,0.5,1.0,-1.0,3.1961498260498047,257.9444274902344,3.453658103942871,0.2575082778930664,254.74827766418457,0.67626953125,0.6153564453125,0.2197265625,0.46380048990249634,0.5322036743164062
higgs_public,NLL_OOD,Cov90_OOD,0.28,0.1,0.2,0.2,0.4,0.25,1.0,-1.0,3.374948740005493,239.6820068359375,3.6861326694488525,0.3111839294433594,236.307058095932,0.6650390625,0.613037109375,0.2352294921875,0.3868025541305542,0.6860018968582153
higgs_public,NLL_OOD,Cov90_OOD,0.28,0.1,0.2,0.1,0.4,0.5,1.0,0.85,3.1961498260498047,257.9444274902344,3.915048360824585,0.7188985347747803,254.74827766418457,0.67626953125,0.6156005859375,0.2197265625,0.14734309911727905,0.5322036743164062
higgs_public,NLL_OOD,Cov90_OOD,0.28,0.1,0.2,0.2,0.4,0.25,1.0,0.85,3.374948740005493,239.6820068359375,4.294061660766602,0.9191129207611084,236.307058095932,0.6650390625,0.6082763671875,0.2352294921875,0.09723344445228577,0.6860018968582153
higgs_public,NLL_OOD,Cov90_OOD,0.28,0.1,0.2,0.1,0.4,0.5,2.0,-1.0,3.1961498260498047,257.9444274902344,3.5596885681152344,0.3635387420654297,254.74827766418457,0.67626953125,0.6136474609375,0.2197265625,0.3253185749053955,0.5322036743164062
higgs_public,NLL_OOD,Cov90_OOD,0.28,0.1,0.2,0.2,0.4,0.25,2.0,-1.0,3.374948740005493,239.6820068359375,3.9055662155151367,0.5306174755096436,236.307058095932,0.6650390625,0.6044921875,0.2352294921875,0.25565969944000244,0.6860018968582153
higgs_public,NLL_OOD,Cov90_OOD,0.28,0.1,0.2,0.1,0.4,0.5,2.0,0.85,3.1961498260498047,257.9444274902344,4.017509460449219,0.8213596343994141,254.74827766418457,0.67626953125,0.623779296875,0.2197265625,0.06710565090179443,0.5322036743164062
higgs_public,NLL_OOD,Cov90_OOD,0.28,0.1,0.2,0.2,0.4,0.25,2.0,0.85,3.374948740005493,239.6820068359375,4.162265300750732,0.7873165607452393,236.307058095932,0.6650390625,0.641845703125,0.2352294921875,0.03851703926920891,0.6860018968582153
higgs_public,NLL_OOD,Cov90_OOD,0.28,0.1,0.2,0.2,0.4,0.25,1.0,-1.0,3.1961498260498047,257.9444274902344,3.640686511993408,0.4445366859436035,254.74827766418457,0.67626953125,0.602783203125,0.2197265625,0.3845078647136688,0.7029112577438354
higgs_public,NLL_OOD,Cov90_OOD,0.28,0.1,0.2,0.2,0.4,0.5,1.0,-1.0,3.374948740005493,239.6820068359375,3.3572051525115967,-0.017743587493896484,236.307058095932,0.6650390625,0.616455078125,0.2352294921875,0.3868025541305542,0.6860018968582153
higgs_public,NLL_OOD,Cov90_OOD,0.28,0.1,0.2,0.2,0.4,0.25,1.0,0.85,3.1961498260498047,257.9444274902344,4.246260166168213,1.0501103401184082,254.74827766418457,0.67626953125,0.6053466796875,0.2197265625,0.0958014652132988,0.7029112577438354
higgs_public,NLL_OOD,Cov90_OOD,0.28,0.1,0.2,0.2,0.4,0.5,1.0,0.85,3.374948740005493,239.6820068359375,3.9941093921661377,0.6191606521606445,236.307058095932,0.6650390625,0.61767578125,0.2352294921875,0.09723344445228577,0.6860018968582153
higgs_public,NLL_OOD,Cov90_OOD,0.28,0.1,0.2,0.2,0.4,0.25,2.0,-1.0,3.1961498260498047,257.9444274902344,3.8308358192443848,0.6346859931945801,254.74827766418457,0.67626953125,0.6031494140625,0.2197265625,0.25392186641693115,0.7029112577438354
higgs_public,NLL_OOD,Cov90_OOD,0.28,0.1,0.2,0.2,0.4,0.5,2.0,-1.0,3.374948740005493,239.6820068359375,3.5153350830078125,0.14038634300231934,236.307058095932,0.6650390625,0.614501953125,0.2352294921875,0.25565969944000244,0.6860018968582153
higgs_public,NLL_OOD,Cov90_OOD,0.28,0.1,0.2,0.2,0.4,0.25,2.0,0.85,3.1961498260498047,257.9444274902344,4.200652122497559,1.004502296447754,254.74827766418457,0.67626953125,0.6134033203125,0.2197265625,0.038174014538526535,0.7029112577438354
higgs_public,NLL_OOD,Cov90_OOD,0.28,0.1,0.2,0.2,0.4,0.5,2.0,0.85,3.374948740005493,239.6820068359375,3.946434497833252,0.5714857578277588,236.307058095932,0.6650390625,0.634765625,0.2352294921875,0.03851703926920891,0.6860018968582153
higgs_public,NLL_OOD,Cov90_OOD,0.28,0.1,0.2,0.2,0.4,0.5,1.0,-1.0,3.1961498260498047,257.9444274902344,3.3526201248168945,0.15647029876708984,254.74827766418457,0.67626953125,0.604736328125,0.2197265625,0.3845078647136688,0.7029112577438354
higgs_public,NLL_OOD,Cov90_OOD,0.28,0.1,0.2,0.2,0.4,0.5,1.0,0.85,3.1961498260498047,257.9444274902344,3.9887728691101074,0.7926230430603027,254.74827766418457,0.67626953125,0.6097412109375,0.2197265625,0.0958014652132988,0.7029112577438354
higgs_public,NLL_OOD,Cov90_OOD,0.28,0.1,0.2,0.2,0.4,0.5,2.0,-1.0,3.1961498260498047,257.9444274902344,3.48545503616333,0.2893052101135254,254.74827766418457,0.67626953125,0.6083984375,0.2197265625,0.25392186641693115,0.7029112577438354
higgs_public,NLL_OOD,Cov90_OOD,0.28,0.1,0.2,0.2,0.4,0.5,2.0,0.85,3.1961498260498047,257.9444274902344,4.081551551818848,0.885401725769043,254.74827766418457,0.67626953125,0.619140625,0.2197265625,0.038174014538526535,0.7029112577438354
